{
  "@id": "https://data.datatourisme.fr/13/685330e6-a8e0-3a62-a6d7-7378efce4d3a",
  "dc:identifier": "6652778",
  "@type": [
    "olo:OrderedList",
    "PlaceOfInterest",
    "PointOfInterest",
    "RoadTour",
    "SportsAndLeisurePlace",
    "Tour"
  ],
  "rdfs:comment": {
    "de": [
      "Motorradtour durch die südliche Ardèche, vom Rhonetal (Viviers...) zu den Ausläufern der Cevennen (Les Vans...), über die Schluchten der Ardèche (St Martin d'Ardèche, Vallon Pont d'Arc...) und zurück über das Plateau du Coiron und Privas."
    ],
    "en": [
      "Itinerary for motorcycling through the southern Ardèche, from the Rhône valley (Viviers...) to the foothills of the Cévennes (Les Vans...), via the Ardèche gorges (St Martin d'Ardèche, Vallon Pont d'Arc...) and back via the Coiron plateau and Privas."
    ],
    "it": [
      "Itinerario in moto attraverso l'Ardèche meridionale, dalla valle del Rodano (Viviers, ecc.) ai piedi delle Cévennes (Les Vans, ecc.), passando per le gole dell'Ardèche (St Martin d'Ardèche, Vallon Pont d'Arc, ecc.) e tornando indietro attraverso l'altopiano del Coiron e Privas."
    ],
    "fr": [
      "Itinéraire pour sillonner à moto le sud Ardèche, de la vallée du Rhône (Viviers...) aux contreforts des Cévennes (Les Vans…),en passant par les gorges de l’Ardèche (St Martin d’Ardèche, Vallon Pont d’Arc…) et retour par le plateau du Coiron et Privas."
    ],
    "nl": [
      "Route voor motorrijden door de zuidelijke Ardèche, van de Rhônevallei (Viviers, etc.) naar de uitlopers van de Cevennen (Les Vans, etc.), via de kloven van de Ardèche (St Martin d'Ardèche, Vallon Pont d'Arc, etc.) en terug via het Coiron plateau en Privas."
    ],
    "es": [
      "Itinerario en moto por el sur de Ardèche, desde el valle del Ródano (Viviers, etc.) hasta las estribaciones de las Cevenas (Les Vans, etc.), pasando por las gargantas de Ardèche (St Martin d'Ardèche, Vallon Pont d'Arc, etc.) y de vuelta por la meseta de Coiron y Privas."
    ]
  },
  "rdfs:label": {
    "en": [
      "Du Coiron aux Gorges de l'Ardèche\" motorcycle tour"
    ],
    "fr": [
      "Circuit moto \"Du Coiron aux Gorges de l’Ardèche\""
    ]
  },
  "hasBeenCreatedBy": {
    "@id": "https://data.datatourisme.fr/13/26657d5f-f902-3d2a-befe-558796b99584",
    "dc:identifier": "96",
    "schema:email": [
      "ncharra@ardeche-guide.com"
    ],
    "schema:legalName": "Agence de Développement Touristique de l'Ardèche",
    "@type": [
      "schema:Organization",
      "foaf:Agent",
      "Agent"
    ],
    "foaf:homepage": [
      "https://www.ardeche-guide.com/"
    ]
  },
  "hasBeenPublishedBy": [
    {
      "@id": "https://data.datatourisme.fr/dbca899d-3f22-364b-b99d-40af1e917c58",
      "schema:legalName": "Agence de Développement Touristique de l'Ardèche - source : Apidae Tourisme",
      "@type": [
        "schema:Organization",
        "foaf:Agent",
        "Agent"
      ],
      "foaf:homepage": [
        "https://www.apidae-tourisme.com/"
      ]
    }
  ],
  "hasContact": [
    {
      "@id": "https://data.datatourisme.fr/0f3f1f83-cd1a-397e-aca3-087a8f2324f7",
      "schema:telephone": [
        "+33 4 75 64 04 66"
      ],
      "@type": [
        "foaf:Agent",
        "Agent"
      ],
      "foaf:homepage": [
        "https://www.ardeche-guide.com/"
      ]
    }
  ],
  "hasDescription": [
    {
      "@id": "https://data.datatourisme.fr/fab8c076-88a6-34cd-b42f-b0799debfd7f",
      "@type": [
        "Description"
      ],
      "hasTranslatedProperty": [
        {
          "@id": "https://data.datatourisme.fr/08cd8c19-0f08-35fe-a41d-938bf8f1eb0a",
          "dc:contributor": [
            "https://api.deepl.com/v2/translate"
          ],
          "rdf:language": [
            "de"
          ],
          "rdf:predicate": [
            "shortDescription"
          ]
        },
        {
          "@id": "https://data.datatourisme.fr/3e2417b8-fd77-332e-b89c-5a55deee447f",
          "dc:contributor": [
            "https://api.deepl.com/v2/translate"
          ],
          "rdf:language": [
            "it"
          ],
          "rdf:predicate": [
            "shortDescription"
          ]
        },
        {
          "@id": "https://data.datatourisme.fr/80603e04-6a29-380f-a926-f3384478c073",
          "dc:contributor": [
            "https://api.deepl.com/v2/translate"
          ],
          "rdf:language": [
            "nl"
          ],
          "rdf:predicate": [
            "shortDescription"
          ]
        },
        {
          "@id": "https://data.datatourisme.fr/d1b1bc9b-7230-3b54-9f84-bad5032874b3",
          "dc:contributor": [
            "https://api.deepl.com/v2/translate"
          ],
          "rdf:language": [
            "es"
          ],
          "rdf:predicate": [
            "shortDescription"
          ]
        }
      ],
      "shortDescription": {
        "de": [
          "Motorradtour durch die südliche Ardèche, vom Rhonetal (Viviers...) zu den Ausläufern der Cevennen (Les Vans...), über die Schluchten der Ardèche (St Martin d'Ardèche, Vallon Pont d'Arc...) und zurück über das Plateau du Coiron und Privas."
        ],
        "en": [
          "Itinerary for motorcycling through the southern Ardèche, from the Rhône valley (Viviers...) to the foothills of the Cévennes (Les Vans...), via the Ardèche gorges (St Martin d'Ardèche, Vallon Pont d'Arc...) and back via the Coiron plateau and Privas."
        ],
        "it": [
          "Itinerario in moto attraverso l'Ardèche meridionale, dalla valle del Rodano (Viviers, ecc.) ai piedi delle Cévennes (Les Vans, ecc.), passando per le gole dell'Ardèche (St Martin d'Ardèche, Vallon Pont d'Arc, ecc.) e tornando indietro attraverso l'altopiano del Coiron e Privas."
        ],
        "fr": [
          "Itinéraire pour sillonner à moto le sud Ardèche, de la vallée du Rhône (Viviers...) aux contreforts des Cévennes (Les Vans…),en passant par les gorges de l’Ardèche (St Martin d’Ardèche, Vallon Pont d’Arc…) et retour par le plateau du Coiron et Privas."
        ],
        "nl": [
          "Route voor motorrijden door de zuidelijke Ardèche, van de Rhônevallei (Viviers, etc.) naar de uitlopers van de Cevennen (Les Vans, etc.), via de kloven van de Ardèche (St Martin d'Ardèche, Vallon Pont d'Arc, etc.) en terug via het Coiron plateau en Privas."
        ],
        "es": [
          "Itinerario en moto por el sur de Ardèche, desde el valle del Ródano (Viviers, etc.) hasta las estribaciones de las Cevenas (Les Vans, etc.), pasando por las gargantas de Ardèche (St Martin d'Ardèche, Vallon Pont d'Arc, etc.) y de vuelta por la meseta de Coiron y Privas."
        ]
      }
    }
  ],
  "hasTranslatedProperty": [
    {
      "@id": "https://data.datatourisme.fr/1af0e350-e459-33a9-a887-af73bf851230",
      "dc:contributor": [
        "https://api.deepl.com/v2/translate"
      ],
      "rdf:language": [
        "it"
      ],
      "rdf:predicate": [
        {
          "@id": "rdfs:comment"
        }
      ]
    },
    {
      "@id": "https://data.datatourisme.fr/49f0258d-e3b3-3ba4-b12c-3396d9158dee",
      "dc:contributor": [
        "https://api.deepl.com/v2/translate"
      ],
      "rdf:language": [
        "de"
      ],
      "rdf:predicate": [
        {
          "@id": "rdfs:comment"
        }
      ]
    },
    {
      "@id": "https://data.datatourisme.fr/edfbc711-1db0-34d9-bbc3-594e62367b9e",
      "dc:contributor": [
        "https://api.deepl.com/v2/translate"
      ],
      "rdf:language": [
        "nl"
      ],
      "rdf:predicate": [
        {
          "@id": "rdfs:comment"
        }
      ]
    },
    {
      "@id": "https://data.datatourisme.fr/f1d5bb2d-64db-37cb-95d0-16652c113c61",
      "dc:contributor": [
        "https://api.deepl.com/v2/translate"
      ],
      "rdf:language": [
        "es"
      ],
      "rdf:predicate": [
        {
          "@id": "rdfs:comment"
        }
      ]
    }
  ],
  "isLocatedAt": [
    {
      "@id": "https://data.datatourisme.fr/25a5e780-5b23-33aa-8275-fac8ef44289c",
      "schema:address": [
        {
          "@id": "https://data.datatourisme.fr/258861c9-5b18-3cc2-a27d-ad00d404c1bf",
          "schema:addressLocality": "Viviers",
          "schema:postalCode": "07220",
          "@type": [
            "schema:PostalAddress",
            "PostalAddress"
          ],
          "hasAddressCity": {
            "@id": "kb:07346",
            "@type": [
              "City"
            ],
            "rdfs:label": {
              "de": [
                "Viviers"
              ],
              "pt": [
                "Viviers"
              ],
              "en": [
                "Viviers"
              ],
              "it": [
                "Viviers"
              ],
              "fr": [
                "Viviers"
              ],
              "nl": [
                "Viviers"
              ],
              "es": [
                "Viviers"
              ]
            },
            "insee": "07346",
            "isPartOfDepartment": {
              "@id": "kb:France8407",
              "@type": [
                "Department"
              ],
              "rdfs:label": {
                "de": [
                  "Ardèche"
                ],
                "pt": [
                  "Ardèche"
                ],
                "en": [
                  "Ardèche"
                ],
                "it": [
                  "Ardèche"
                ],
                "fr": [
                  "Ardèche"
                ],
                "nl": [
                  "Ardèche"
                ],
                "es": [
                  "Ardèche"
                ]
              },
              "insee": "07",
              "isPartOfRegion": {
                "@id": "kb:France84",
                "@type": [
                  "Region"
                ],
                "rdfs:label": {
                  "de": [
                    "Auvergne-Rhône-Alpes"
                  ],
                  "pt": [
                    "Auvergne-Rhône-Alpes"
                  ],
                  "en": [
                    "Auvergne-Rhône-Alpes"
                  ],
                  "it": [
                    "Auvergne-Rhône-Alpes"
                  ],
                  "fr": [
                    "Auvergne-Rhône-Alpes"
                  ],
                  "nl": [
                    "Auvergne-Rhône-Alpes"
                  ],
                  "es": [
                    "Auvergne-Rhône-Alpes"
                  ]
                },
                "insee": "84",
                "isPartOfCountry": {
                  "@id": "kb:France",
                  "@type": [
                    "schema:Country"
                  ],
                  "rdfs:label": {
                    "de": [
                      "France",
                      "Frankreich"
                    ],
                    "pt": [
                      "França",
                      "France"
                    ],
                    "en": [
                      "France"
                    ],
                    "it": [
                      "France",
                      "Francia"
                    ],
                    "fr": [
                      "France"
                    ],
                    "nl": [
                      "France",
                      "Frankrijk"
                    ],
                    "es": [
                      "France",
                      "Francia"
                    ]
                  }
                }
              }
            }
          }
        }
      ],
      "schema:geo": {
        "@id": "https://data.datatourisme.fr/64775b32-180e-3a0b-9bac-596f0a6b99ca",
        "schema:latitude": "44.480966",
        "schema:longitude": "4.69167",
        "@type": [
          "schema:GeoCoordinates"
        ]
      },
      "schema:openingHoursSpecification": [
        {
          "@id": "https://data.datatourisme.fr/f87e535a-636d-3343-ad63-8a03392e7511",
          "schema:validFrom": "2023-01-01T00:00:00",
          "schema:validThrough": "2023-12-31T23:59:59",
          "@type": [
            "schema:OpeningHoursSpecification"
          ]
        }
      ],
      "@type": [
        "schema:Place",
        "Place"
      ]
    }
  ],
  "isOwnedBy": [
    {
      "@id": "https://data.datatourisme.fr/6ef576cd-2c5c-33d6-b250-09b105230dfc",
      "schema:email": [
        "ncharra@ardeche-guide.com"
      ],
      "schema:legalName": "Agence de Développement Touristique de l'Ardèche",
      "@type": [
        "schema:Organization",
        "foaf:Agent",
        "Agent"
      ],
      "foaf:homepage": [
        "https://www.ardeche-guide.com/"
      ]
    }
  ],
  "lastUpdate": "2023-09-05",
  "lastUpdateDatatourisme": "2023-09-06T05:48:27.939Z"
}