{
  "@id": "https://data.datatourisme.fr/13/9f487f35-722b-3cf8-9575-a6d4e74cecbb",
  "dc:identifier": "5483078",
  "@type": [
    "CoveredMarket",
    "CulturalSite",
    "PlaceOfInterest",
    "PointOfInterest",
    "TechnicalHeritage"
  ],
  "rdfs:comment": {
    "de": [
      "Der Blumenmarkt auf der Île de la Cité ist einer der größten der Welt\r\nEin Spaziergang durch die Farben und Gerüche der Pflanzen wird Sie begeistern!"
    ],
    "en": [
      "The Ile de la Cité flower market is one of the largest in the world\r\nA stroll in the colors and smells of plants that will delight you!"
    ],
    "it": [
      "Il mercato dei fiori dell'Île de la Cité è uno dei più grandi al mondo\r\nUna passeggiata tra i colori e gli odori delle piante che vi incanteranno!"
    ],
    "fr": [
      "Le marché aux fleurs de l'Île de la Cité est l'un des plus vaste au monde. \r\nUne balade dans les couleurs et les odeurs végétales qui vous ravira !"
    ],
    "es": [
      "El mercado de flores de la Île de la Cité es uno de los más grandes del mundo\r\nUn paseo por los colores y los olores de las plantas que le encantará"
    ],
    "nl": [
      "De bloemenmarkt op het Île de la Cité is een van de grootste ter wereld\r\nEen wandeling door de kleuren en geuren van planten die u zullen verrukken!"
    ]
  },
  "rdfs:label": {
    "en": [
      "Marché aux fleurs Reine Elizabeth II"
    ],
    "fr": [
      "Marché aux fleurs Reine Elizabeth II"
    ]
  },
  "hasBeenCreatedBy": {
    "@id": "https://data.datatourisme.fr/13/03e0704b-5690-32de-a186-1dc3ad3316c9",
    "dc:identifier": "1019",
    "schema:email": [
      "bgeigle@visitparisregion.com",
      "hcaldo@visitparisregion.com",
      "mtanaskovic@visitparisregion.com"
    ],
    "schema:legalName": "Choose Paris Region",
    "@type": [
      "schema:Organization",
      "foaf:Agent",
      "Agent"
    ],
    "foaf:homepage": [
      "http://www.visitparisregion.com/"
    ]
  },
  "hasBeenPublishedBy": [
    {
      "@id": "https://data.datatourisme.fr/8a9feb4b-2cbd-3d2c-b507-bd6c6776b23b",
      "schema:legalName": "Apidae Tourisme Scic SA - source : Apidae Tourisme",
      "@type": [
        "schema:Organization",
        "foaf:Agent",
        "Agent"
      ],
      "foaf:homepage": [
        "https://www.apidae-tourisme.com/"
      ]
    }
  ],
  "hasDescription": [
    {
      "@id": "https://data.datatourisme.fr/0640a938-fb1e-38dc-863a-ccfe0987d3f8",
      "@type": [
        "Description"
      ],
      "hasTranslatedProperty": [
        {
          "@id": "https://data.datatourisme.fr/272dcaf0-58c1-3239-9b83-a8bda72364cf",
          "dc:contributor": [
            "https://api.deepl.com/v2/translate"
          ],
          "rdf:language": [
            "it"
          ],
          "rdf:predicate": [
            "shortDescription"
          ]
        },
        {
          "@id": "https://data.datatourisme.fr/48027b23-b8b1-3872-a751-9b8b4e3d3ab4",
          "dc:contributor": [
            "https://api.deepl.com/v2/translate"
          ],
          "rdf:language": [
            "nl"
          ],
          "rdf:predicate": [
            "shortDescription"
          ]
        },
        {
          "@id": "https://data.datatourisme.fr/b0f03d88-93db-3692-af8f-5d5712b6cde2",
          "dc:contributor": [
            "https://api.deepl.com/v2/translate"
          ],
          "rdf:language": [
            "en"
          ],
          "rdf:predicate": [
            "shortDescription"
          ]
        },
        {
          "@id": "https://data.datatourisme.fr/b4376b48-7ec6-321c-a581-6ad2189a405d",
          "dc:contributor": [
            "https://api.deepl.com/v2/translate"
          ],
          "rdf:language": [
            "es"
          ],
          "rdf:predicate": [
            "shortDescription"
          ]
        },
        {
          "@id": "https://data.datatourisme.fr/f663989a-f9c2-3513-aedb-f863a3fc791d",
          "dc:contributor": [
            "https://api.deepl.com/v2/translate"
          ],
          "rdf:language": [
            "de"
          ],
          "rdf:predicate": [
            "shortDescription"
          ]
        }
      ],
      "shortDescription": {
        "de": [
          "Der Blumenmarkt auf der Île de la Cité ist einer der größten der Welt\r\nEin Spaziergang durch die Farben und Gerüche der Pflanzen wird Sie begeistern!"
        ],
        "en": [
          "The Ile de la Cité flower market is one of the largest in the world\r\nA stroll in the colors and smells of plants that will delight you!"
        ],
        "it": [
          "Il mercato dei fiori dell'Île de la Cité è uno dei più grandi al mondo\r\nUna passeggiata tra i colori e gli odori delle piante che vi incanteranno!"
        ],
        "fr": [
          "Le marché aux fleurs de l'Île de la Cité est l'un des plus vaste au monde. \r\nUne balade dans les couleurs et les odeurs végétales qui vous ravira !"
        ],
        "es": [
          "El mercado de flores de la Île de la Cité es uno de los más grandes del mundo\r\nUn paseo por los colores y los olores de las plantas que le encantará"
        ],
        "nl": [
          "De bloemenmarkt op het Île de la Cité is een van de grootste ter wereld\r\nEen wandeling door de kleuren en geuren van planten die u zullen verrukken!"
        ]
      }
    }
  ],
  "hasTheme": [
    {
      "@id": "kb:Culture",
      "@type": [
        "CulturalTheme"
      ],
      "rdfs:label": {
        "de": [
          "Kultur"
        ],
        "pt": [
          "Cultura"
        ],
        "en": [
          "Culture"
        ],
        "it": [
          "Cultura"
        ],
        "fr": [
          "Culture"
        ],
        "nl": [
          "Cultuur"
        ],
        "es": [
          "Cultura"
        ]
      }
    }
  ],
  "hasTranslatedProperty": [
    {
      "@id": "https://data.datatourisme.fr/030b1d7b-15fd-3027-816c-ebe68c65f844",
      "dc:contributor": [
        "https://api.deepl.com/v2/translate"
      ],
      "rdf:language": [
        "it"
      ],
      "rdf:predicate": [
        {
          "@id": "rdfs:comment"
        }
      ]
    },
    {
      "@id": "https://data.datatourisme.fr/2d1983a5-2929-39e4-80b6-d503479de1ae",
      "dc:contributor": [
        "https://api.deepl.com/v2/translate"
      ],
      "rdf:language": [
        "nl"
      ],
      "rdf:predicate": [
        {
          "@id": "rdfs:comment"
        }
      ]
    },
    {
      "@id": "https://data.datatourisme.fr/c4603931-d6cd-3846-94a4-9930c90b17c9",
      "dc:contributor": [
        "https://api.deepl.com/v2/translate"
      ],
      "rdf:language": [
        "en"
      ],
      "rdf:predicate": [
        {
          "@id": "rdfs:comment"
        }
      ]
    },
    {
      "@id": "https://data.datatourisme.fr/dd7d3f76-3806-3384-9750-a267a7d8c702",
      "dc:contributor": [
        "https://api.deepl.com/v2/translate"
      ],
      "rdf:language": [
        "es"
      ],
      "rdf:predicate": [
        {
          "@id": "rdfs:comment"
        }
      ]
    },
    {
      "@id": "https://data.datatourisme.fr/decd0662-d8ba-318a-b12d-abdb81029e8c",
      "dc:contributor": [
        "https://api.deepl.com/v2/translate"
      ],
      "rdf:language": [
        "de"
      ],
      "rdf:predicate": [
        {
          "@id": "rdfs:comment"
        }
      ]
    }
  ],
  "isLocatedAt": [
    {
      "@id": "https://data.datatourisme.fr/e9be9f2c-477b-3d8b-889b-f01a9204e390",
      "schema:address": [
        {
          "@id": "https://data.datatourisme.fr/cb9d1a45-0b7c-3820-9f8b-a358d6e66c73",
          "schema:addressLocality": "Paris 4e Arrondissement",
          "schema:postalCode": "75004",
          "schema:streetAddress": [
            "Place Louis Lépine"
          ],
          "@type": [
            "schema:PostalAddress",
            "PostalAddress"
          ],
          "hasAddressCity": {
            "@id": "kb:75104",
            "@type": [
              "City"
            ],
            "rdfs:label": {
              "de": [
                "Paris 4e Arrondissement"
              ],
              "pt": [
                "Paris 4e Arrondissement"
              ],
              "en": [
                "Paris 4e Arrondissement"
              ],
              "it": [
                "Paris 4e Arrondissement"
              ],
              "fr": [
                "Paris 4e Arrondissement"
              ],
              "nl": [
                "Paris 4e Arrondissement"
              ],
              "es": [
                "Paris 4e Arrondissement"
              ]
            },
            "insee": "75104",
            "isPartOfDepartment": {
              "@id": "kb:France1175",
              "@type": [
                "Department"
              ],
              "rdfs:label": {
                "de": [
                  "Paris"
                ],
                "pt": [
                  "Paris"
                ],
                "en": [
                  "Paris"
                ],
                "it": [
                  "Paris"
                ],
                "fr": [
                  "Paris"
                ],
                "nl": [
                  "Paris"
                ],
                "es": [
                  "Paris"
                ]
              },
              "insee": "75",
              "isPartOfRegion": {
                "@id": "kb:France11",
                "@type": [
                  "Region"
                ],
                "rdfs:label": {
                  "de": [
                    "Île-de-France"
                  ],
                  "pt": [
                    "Île-de-France"
                  ],
                  "en": [
                    "Île-de-France"
                  ],
                  "it": [
                    "Île-de-France"
                  ],
                  "fr": [
                    "Île-de-France"
                  ],
                  "nl": [
                    "Île-de-France"
                  ],
                  "es": [
                    "Île-de-France"
                  ]
                },
                "insee": "11",
                "isPartOfCountry": {
                  "@id": "kb:France",
                  "@type": [
                    "schema:Country"
                  ],
                  "rdfs:label": {
                    "de": [
                      "France",
                      "Frankreich"
                    ],
                    "pt": [
                      "França",
                      "France"
                    ],
                    "en": [
                      "France"
                    ],
                    "it": [
                      "France",
                      "Francia"
                    ],
                    "fr": [
                      "France"
                    ],
                    "nl": [
                      "France",
                      "Frankrijk"
                    ],
                    "es": [
                      "France",
                      "Francia"
                    ]
                  }
                }
              }
            }
          }
        }
      ],
      "schema:geo": {
        "@id": "https://data.datatourisme.fr/12985abe-a238-3021-9c92-3d24c4f29a57",
        "schema:latitude": "48.855375",
        "schema:longitude": "2.347489",
        "@type": [
          "schema:GeoCoordinates"
        ]
      },
      "schema:openingHoursSpecification": [
        {
          "@id": "https://data.datatourisme.fr/13d7c87d-3100-3a2d-a1d1-f90ffec4eb26",
          "schema:closes": "19:30:00",
          "schema:opens": "08:00:00",
          "schema:validFrom": "2023-01-01T00:00:00",
          "schema:validThrough": "2023-12-31T23:59:59",
          "@type": [
            "schema:OpeningHoursSpecification"
          ]
        }
      ],
      "@type": [
        "schema:Place",
        "Place"
      ]
    }
  ],
  "isOwnedBy": [
    {
      "@id": "https://data.datatourisme.fr/26ecd6f0-563c-356a-b0f9-ad3ec17effc4",
      "schema:email": [
        "bgeigle@visitparisregion.com",
        "hcaldo@visitparisregion.com",
        "mtanaskovic@visitparisregion.com"
      ],
      "schema:legalName": "Comité Régional du Tourisme Paris Ile de France",
      "@type": [
        "schema:Organization",
        "foaf:Agent",
        "Agent"
      ],
      "foaf:homepage": [
        "http://www.visitparisregion.com/"
      ]
    }
  ],
  "lastUpdate": "2023-07-13",
  "lastUpdateDatatourisme": "2023-10-17T05:52:15.601Z"
}