{
  "@id": "https://data.datatourisme.fr/47/36c61363-e692-3dce-b540-e013cdf8814d",
  "dc:identifier": "PNARHA0070000069",
  "@type": [
    "schema:Landform",
    "NaturalHeritage",
    "PlaceOfInterest",
    "PointOfInterest"
  ],
  "rdfs:comment": {
    "en": [
      "If you wish to dip your feet in the Ardèche, go to the beach of Pont Cassé, located on the road between Pont-Saint-Esprit and Saint-Just d'Ardèche, a river bathing on a natural site... Possibility to eat at the \"guinguette\""
    ],
    "fr": [
      "Si vous souhaitez tremper vos pieds dans l'Ardéche, rendez-vous à la plage du Pont cassé, situé sur la route entre Pont-Saint-Esprit et Saint-Just d'Ardèche.Une baignade en rivière sur un site resté naturel ... Possibilité de se restaurer à la guinguette"
    ]
  },
  "rdfs:label": {
    "fr": [
      "Le Pont Cassé"
    ]
  },
  "availableLanguage": [
    "fr"
  ],
  "creationDate": "2022-05-20",
  "hasBeenCreatedBy": {
    "@id": "https://data.datatourisme.fr/4ab291f3-1c3e-38db-b462-38e48aa51d3b",
    "schema:legalName": "TOURISME GARD RHODANIEN",
    "@type": [
      "schema:Organization",
      "foaf:Agent",
      "Agent"
    ]
  },
  "hasBeenPublishedBy": [
    {
      "@id": "https://data.datatourisme.fr/e900ea22-f191-39f5-84c7-0f5355f1b3bf",
      "schema:address": [
        {
          "@id": "https://data.datatourisme.fr/1d2de731-15a4-3a06-9ac5-25caed1ceecc",
          "schema:addressLocality": "Nîmes",
          "schema:postOfficeBoxNumber": "122",
          "schema:postalCode": "30010",
          "schema:streetAddress": [
            "11 place du 8 mai"
          ],
          "@type": [
            "schema:PostalAddress",
            "PostalAddress"
          ],
          "cedex": "4",
          "hasAddressCity": {
            "@id": "kb:30189",
            "@type": [
              "City"
            ],
            "rdfs:label": {
              "de": [
                "Nîmes"
              ],
              "pt": [
                "Nîmes"
              ],
              "en": [
                "Nîmes"
              ],
              "it": [
                "Nîmes"
              ],
              "fr": [
                "Nîmes"
              ],
              "nl": [
                "Nîmes"
              ],
              "es": [
                "Nîmes"
              ]
            },
            "insee": "30189",
            "isPartOfDepartment": {
              "@id": "kb:France7630",
              "@type": [
                "Department"
              ],
              "rdfs:label": {
                "de": [
                  "Gard"
                ],
                "pt": [
                  "Gard"
                ],
                "en": [
                  "Gard"
                ],
                "it": [
                  "Gard"
                ],
                "fr": [
                  "Gard"
                ],
                "nl": [
                  "Gard"
                ],
                "es": [
                  "Gard"
                ]
              },
              "insee": "30",
              "isPartOfRegion": {
                "@id": "kb:France76",
                "@type": [
                  "Region"
                ],
                "rdfs:label": {
                  "de": [
                    "Occitanie"
                  ],
                  "pt": [
                    "Occitanie"
                  ],
                  "en": [
                    "Occitanie"
                  ],
                  "it": [
                    "Occitanie"
                  ],
                  "fr": [
                    "Occitanie"
                  ],
                  "nl": [
                    "Occitanie"
                  ],
                  "es": [
                    "Occitanie"
                  ]
                },
                "insee": "76",
                "isPartOfCountry": {
                  "@id": "kb:France",
                  "@type": [
                    "schema:Country"
                  ],
                  "rdfs:label": {
                    "de": [
                      "France",
                      "Frankreich"
                    ],
                    "pt": [
                      "França",
                      "France"
                    ],
                    "en": [
                      "France"
                    ],
                    "it": [
                      "France",
                      "Francia"
                    ],
                    "fr": [
                      "France"
                    ],
                    "nl": [
                      "France",
                      "Frankrijk"
                    ],
                    "es": [
                      "France",
                      "Francia"
                    ]
                  }
                }
              }
            }
          }
        }
      ],
      "schema:email": [
        "contact@tourismegard.com"
      ],
      "schema:legalName": "Gard Tourisme",
      "schema:logo": "https://www.tourismegard.com/Portals/2/Market-place/Le portail des pros du tourisme du Gard_fichiers/logo-Gard-Tourisme.jpg",
      "schema:telephone": [
        "+33 4 66 36 96 30"
      ],
      "@type": [
        "schema:Organization",
        "foaf:Agent",
        "foaf:Organization",
        "Agent",
        "Organisation"
      ],
      "rdfs:comment": {
        "de": [
          "Gard Tourismus"
        ],
        "en": [
          "Gard Tourism"
        ],
        "it": [
          "Gard Turismo"
        ],
        "fr": [
          "Gard Tourisme"
        ],
        "es": [
          "Turismo de Gard"
        ],
        "nl": [
          "Gard Toerisme"
        ]
      },
      "foaf:homepage": [
        "https://www.tourismegard.com/"
      ],
      "apeNaf": "7990Z",
      "hasTranslatedProperty": [
        {
          "@id": "https://data.datatourisme.fr/6e2e57cb-dba1-37c3-8000-0795f52d1c28",
          "dc:contributor": [
            "https://api.deepl.com/v2/translate"
          ],
          "rdf:language": [
            "it"
          ],
          "rdf:predicate": [
            {
              "@id": "rdfs:comment"
            }
          ]
        },
        {
          "@id": "https://data.datatourisme.fr/756d0049-954d-384c-8d4a-6357b6d226b7",
          "dc:contributor": [
            "https://api.deepl.com/v2/translate"
          ],
          "rdf:language": [
            "es"
          ],
          "rdf:predicate": [
            {
              "@id": "rdfs:comment"
            }
          ]
        },
        {
          "@id": "https://data.datatourisme.fr/9b2fcd16-220a-3ecf-b96a-e6efc8d223a1",
          "dc:contributor": [
            "https://api.deepl.com/v2/translate"
          ],
          "rdf:language": [
            "nl"
          ],
          "rdf:predicate": [
            {
              "@id": "rdfs:comment"
            }
          ]
        },
        {
          "@id": "https://data.datatourisme.fr/c0fecbf7-3206-3319-8afe-379170f142db",
          "dc:contributor": [
            "https://api.deepl.com/v2/translate"
          ],
          "rdf:language": [
            "en"
          ],
          "rdf:predicate": [
            {
              "@id": "rdfs:comment"
            }
          ]
        },
        {
          "@id": "https://data.datatourisme.fr/c96fa991-8ce9-3d45-a221-150b48979e66",
          "dc:contributor": [
            "https://api.deepl.com/v2/translate"
          ],
          "rdf:language": [
            "de"
          ],
          "rdf:predicate": [
            {
              "@id": "rdfs:comment"
            }
          ]
        }
      ],
      "siret": "30427598500030"
    }
  ],
  "hasContact": [
    {
      "@id": "https://data.datatourisme.fr/b89f5e3f-63f7-3773-92b2-cbb1f0d5767e",
      "schema:address": [
        {
          "@id": "https://data.datatourisme.fr/12765a1a-ecfe-398a-af47-197f5554357e",
          "schema:postalCode": "07700",
          "@type": [
            "schema:PostalAddress"
          ]
        }
      ],
      "@type": [
        "foaf:Agent",
        "Agent"
      ]
    }
  ],
  "hasDescription": [
    {
      "@id": "https://data.datatourisme.fr/0df92152-50d8-3f57-bdb1-551aa59e0cb8",
      "dc:description": {
        "en": [
          "If you wish to dip your feet in the Ardéche, go to the beach of the Pont cassé, located on the road between Pont-Saint-Esprit and Saint-Just d'Ardèche.\nPossibility to eat at the guinguette"
        ],
        "fr": [
          "Si vous souhaitez tremper vos pieds dans l'Ardéche, rendez-vous à la plage du Pont cassé, situé sur la route entre Pont-Saint-Esprit et Saint-Just d'Ardèche.Une baignade en rivière sur un site resté naturel ...\nPossibilité de se restaurer à la guinguette"
        ]
      },
      "@type": [
        "Description"
      ],
      "hasTranslatedProperty": [
        {
          "@id": "https://data.datatourisme.fr/133be4e7-cf74-337a-8dcd-ebfe8a5c43c3",
          "dc:contributor": [
            "https://api.deepl.com/v2/translate"
          ],
          "rdf:language": [
            "en"
          ],
          "rdf:predicate": [
            {
              "@id": "dc:description"
            }
          ]
        },
        {
          "@id": "https://data.datatourisme.fr/2884d0a8-8044-36f3-a8d3-0785941e7326",
          "dc:contributor": [
            "https://api.deepl.com/v2/translate"
          ],
          "rdf:language": [
            "en"
          ],
          "rdf:predicate": [
            "shortDescription"
          ]
        }
      ],
      "shortDescription": {
        "en": [
          "If you wish to dip your feet in the Ardèche, go to the beach of Pont Cassé, located on the road between Pont-Saint-Esprit and Saint-Just d'Ardèche, a river bathing on a natural site... Possibility to eat at the \"guinguette\""
        ],
        "fr": [
          "Si vous souhaitez tremper vos pieds dans l'Ardéche, rendez-vous à la plage du Pont cassé, situé sur la route entre Pont-Saint-Esprit et Saint-Just d'Ardèche.Une baignade en rivière sur un site resté naturel ... Possibilité de se restaurer à la guinguette"
        ]
      }
    }
  ],
  "hasFeature": [
    {
      "@id": "https://data.datatourisme.fr/6a48ef95-3c56-3d8f-9a3c-48289c8f87dc",
      "@type": [
        "schema:PropertyValue",
        "FeatureSpecification"
      ],
      "charged": false,
      "internetAccess": false
    }
  ],
  "hasTranslatedProperty": [
    {
      "@id": "https://data.datatourisme.fr/1d681ebb-50fb-37ac-acec-3ade4d18dc46",
      "dc:contributor": [
        "https://api.deepl.com/v2/translate"
      ],
      "rdf:language": [
        "en"
      ],
      "rdf:predicate": [
        {
          "@id": "rdfs:comment"
        }
      ]
    }
  ],
  "isLocatedAt": [
    {
      "@id": "https://data.datatourisme.fr/1ab0ffed-5f00-39e9-b1c4-b18f41a884bf",
      "schema:address": [
        {
          "@id": "https://data.datatourisme.fr/90f8949e-f656-3384-96f3-542a51ea0672",
          "schema:addressLocality": "Saint-Just-d'Ardèche",
          "schema:postalCode": "07700",
          "@type": [
            "schema:PostalAddress",
            "PostalAddress"
          ],
          "hasAddressCity": {
            "@id": "kb:07259",
            "@type": [
              "City"
            ],
            "rdfs:label": {
              "de": [
                "Saint-Just-d'Ardèche"
              ],
              "pt": [
                "Saint-Just-d'Ardèche"
              ],
              "en": [
                "Saint-Just-d'Ardèche"
              ],
              "it": [
                "Saint-Just-d'Ardèche"
              ],
              "fr": [
                "Saint-Just-d'Ardèche"
              ],
              "nl": [
                "Saint-Just-d'Ardèche"
              ],
              "es": [
                "Saint-Just-d'Ardèche"
              ]
            },
            "insee": "07259",
            "isPartOfDepartment": {
              "@id": "kb:France8407",
              "@type": [
                "Department"
              ],
              "rdfs:label": {
                "de": [
                  "Ardèche"
                ],
                "pt": [
                  "Ardèche"
                ],
                "en": [
                  "Ardèche"
                ],
                "it": [
                  "Ardèche"
                ],
                "fr": [
                  "Ardèche"
                ],
                "nl": [
                  "Ardèche"
                ],
                "es": [
                  "Ardèche"
                ]
              },
              "insee": "07",
              "isPartOfRegion": {
                "@id": "kb:France84",
                "@type": [
                  "Region"
                ],
                "rdfs:label": {
                  "de": [
                    "Auvergne-Rhône-Alpes"
                  ],
                  "pt": [
                    "Auvergne-Rhône-Alpes"
                  ],
                  "en": [
                    "Auvergne-Rhône-Alpes"
                  ],
                  "it": [
                    "Auvergne-Rhône-Alpes"
                  ],
                  "fr": [
                    "Auvergne-Rhône-Alpes"
                  ],
                  "nl": [
                    "Auvergne-Rhône-Alpes"
                  ],
                  "es": [
                    "Auvergne-Rhône-Alpes"
                  ]
                },
                "insee": "84",
                "isPartOfCountry": {
                  "@id": "kb:France",
                  "@type": [
                    "schema:Country"
                  ],
                  "rdfs:label": {
                    "de": [
                      "France",
                      "Frankreich"
                    ],
                    "pt": [
                      "França",
                      "France"
                    ],
                    "en": [
                      "France"
                    ],
                    "it": [
                      "France",
                      "Francia"
                    ],
                    "fr": [
                      "France"
                    ],
                    "nl": [
                      "France",
                      "Frankrijk"
                    ],
                    "es": [
                      "France",
                      "Francia"
                    ]
                  }
                }
              }
            }
          }
        }
      ],
      "schema:geo": {
        "@id": "https://data.datatourisme.fr/c42698d3-0c26-3817-8237-14433119a60d",
        "schema:elevation": "0",
        "schema:latitude": "44.29334",
        "schema:longitude": "4.619759",
        "@type": [
          "schema:GeoCoordinates"
        ]
      },
      "@type": [
        "schema:Place",
        "Place"
      ],
      "airConditioning": false,
      "altInsee": [
        "07259"
      ],
      "internetAccess": false,
      "noSmoking": false,
      "petsAllowed": false
    }
  ],
  "isOwnedBy": [
    {
      "@id": "https://data.datatourisme.fr/698dd9ea-089d-3ea0-8a1b-b63faf2c39d6",
      "schema:legalName": "Gard Tourisme",
      "@type": [
        "schema:Organization",
        "foaf:Agent",
        "Agent"
      ]
    }
  ],
  "lastUpdate": "2022-05-20",
  "lastUpdateDatatourisme": "2022-06-13T20:14:38.228Z",
  "reducedMobilityAccess": false
}