{
  "@id": "https://data.datatourisme.fr/13/cfe96e8e-6ce2-3059-9482-20b74242e05b",
  "dc:identifier": "784168",
  "@type": [
    "schema:LocalBusiness",
    "schema:Product",
    "EquipmentRental",
    "EquipmentRentalShop",
    "PlaceOfInterest",
    "PointOfInterest",
    "Product",
    "Rental",
    "ServiceProvider",
    "Store"
  ],
  "rdfs:comment": {
    "de": [
      "Um Paris mit dem Fahrrad zu erkunden, bietet Paris à Vélo c'est sympa geführte Touren oder Fahrradverleih für die ganze Familie an."
    ],
    "en": [
      "To discover Paris by bike, Paris à Vélo c'est sympa offers guided tours or bike rentals for the whole family."
    ],
    "it": [
      "Per scoprire Parigi in bicicletta, Paris à Vélo c'est sympa offre tour guidati o noleggio di biciclette per tutta la famiglia."
    ],
    "fr": [
      "Pour découvrir Paris à vélo, Paris à Vélo c'est sympa propose des visites guidées ou locations de vélo pour toute la famille."
    ],
    "es": [
      "Para descubrir París en bicicleta, Paris à Vélo c'est sympa ofrece visitas guiadas o alquiler de bicicletas para toda la familia."
    ],
    "nl": [
      "Om Parijs per fiets te ontdekken, biedt Paris à Vélo c'est sympa rondleidingen of fietsverhuur voor het hele gezin."
    ]
  },
  "rdfs:label": {
    "en": [
      "Paris à vélo"
    ],
    "fr": [
      "Paris à vélo"
    ]
  },
  "hasBeenCreatedBy": {
    "@id": "https://data.datatourisme.fr/13/03e0704b-5690-32de-a186-1dc3ad3316c9",
    "dc:identifier": "1019",
    "schema:email": [
      "bgeigle@visitparisregion.com",
      "hcaldo@visitparisregion.com",
      "mtanaskovic@visitparisregion.com"
    ],
    "schema:legalName": "Choose Paris Region",
    "@type": [
      "schema:Organization",
      "foaf:Agent",
      "Agent"
    ],
    "foaf:homepage": [
      "http://www.visitparisregion.com/"
    ]
  },
  "hasBeenPublishedBy": [
    {
      "@id": "https://data.datatourisme.fr/8a9feb4b-2cbd-3d2c-b507-bd6c6776b23b",
      "schema:legalName": "Apidae Tourisme Scic SA - source : Apidae Tourisme",
      "@type": [
        "schema:Organization",
        "foaf:Agent",
        "Agent"
      ],
      "foaf:homepage": [
        "https://www.apidae-tourisme.com/"
      ]
    }
  ],
  "hasContact": [
    {
      "@id": "https://data.datatourisme.fr/4e4208ef-1e62-33c0-9c08-4382167955f2",
      "schema:email": [
        "info@parisvelosympa.com"
      ],
      "schema:telephone": [
        "+33 1 48 87 60 01"
      ],
      "@type": [
        "foaf:Agent",
        "Agent"
      ],
      "foaf:homepage": [
        "https://parisavelo.fr/"
      ]
    }
  ],
  "hasDescription": [
    {
      "@id": "https://data.datatourisme.fr/d356272d-1f50-33d6-90be-b0cfab077641",
      "@type": [
        "Description"
      ],
      "hasTranslatedProperty": [
        {
          "@id": "https://data.datatourisme.fr/3517661a-beff-38cc-8c34-e51933b44993",
          "dc:contributor": [
            "https://api.deepl.com/v2/translate"
          ],
          "rdf:language": [
            "it"
          ],
          "rdf:predicate": [
            "shortDescription"
          ]
        },
        {
          "@id": "https://data.datatourisme.fr/77f5efef-2975-3073-8d5b-6b487ac303d9",
          "dc:contributor": [
            "https://api.deepl.com/v2/translate"
          ],
          "rdf:language": [
            "de"
          ],
          "rdf:predicate": [
            "shortDescription"
          ]
        },
        {
          "@id": "https://data.datatourisme.fr/93ba1522-ab88-38f3-bc6d-d5d018e4cd25",
          "dc:contributor": [
            "https://api.deepl.com/v2/translate"
          ],
          "rdf:language": [
            "en"
          ],
          "rdf:predicate": [
            "shortDescription"
          ]
        },
        {
          "@id": "https://data.datatourisme.fr/a33b2f19-8a00-3d90-ada2-59d5b1eb4d21",
          "dc:contributor": [
            "https://api.deepl.com/v2/translate"
          ],
          "rdf:language": [
            "nl"
          ],
          "rdf:predicate": [
            "shortDescription"
          ]
        },
        {
          "@id": "https://data.datatourisme.fr/e1bfcfde-4d73-34a6-a991-d4e57008b98a",
          "dc:contributor": [
            "https://api.deepl.com/v2/translate"
          ],
          "rdf:language": [
            "es"
          ],
          "rdf:predicate": [
            "shortDescription"
          ]
        }
      ],
      "shortDescription": {
        "de": [
          "Um Paris mit dem Fahrrad zu erkunden, bietet Paris à Vélo c'est sympa geführte Touren oder Fahrradverleih für die ganze Familie an."
        ],
        "en": [
          "To discover Paris by bike, Paris à Vélo c'est sympa offers guided tours or bike rentals for the whole family."
        ],
        "it": [
          "Per scoprire Parigi in bicicletta, Paris à Vélo c'est sympa offre tour guidati o noleggio di biciclette per tutta la famiglia."
        ],
        "fr": [
          "Pour découvrir Paris à vélo, Paris à Vélo c'est sympa propose des visites guidées ou locations de vélo pour toute la famille."
        ],
        "es": [
          "Para descubrir París en bicicleta, Paris à Vélo c'est sympa ofrece visitas guiadas o alquiler de bicicletas para toda la familia."
        ],
        "nl": [
          "Om Parijs per fiets te ontdekken, biedt Paris à Vélo c'est sympa rondleidingen of fietsverhuur voor het hele gezin."
        ]
      }
    }
  ],
  "hasReview": [
    {
      "@id": "https://data.datatourisme.fr/6e866798-cae5-351c-9e8d-963661217e60",
      "@type": [
        "Review"
      ],
      "hasReviewValue": {
        "@id": "kb:LabelRating_AccueilVelo",
        "@type": [
          "LabelRating"
        ],
        "rdfs:label": {
          "de": [
            "Accueil Vélo"
          ],
          "pt": [
            "Accueil Vélo"
          ],
          "en": [
            "Accueil Vélo"
          ],
          "it": [
            "Accueil Vélo"
          ],
          "fr": [
            "Accueil Vélo"
          ],
          "nl": [
            "Accueil Vélo"
          ],
          "es": [
            "Accueil Vélo"
          ]
        },
        "isCompliantWith": [
          "PlaceOfInterest"
        ]
      }
    }
  ],
  "hasTheme": [
    {
      "@id": "kb:ATV",
      "@type": [
        "SportsTheme"
      ],
      "rdfs:label": {
        "de": [
          "MTB"
        ],
        "pt": [
          "Bicicleta-todo-o-terreno (BTT)"
        ],
        "en": [
          "Atv"
        ],
        "it": [
          "Mountain bike"
        ],
        "fr": [
          "Vtt"
        ],
        "nl": [
          "Mountainbike"
        ],
        "es": [
          "BTT"
        ]
      }
    },
    {
      "@id": "kb:Bike",
      "@type": [
        "SportsTheme"
      ],
      "rdfs:label": {
        "de": [
          "Fahrrad"
        ],
        "pt": [
          "Bicicleta"
        ],
        "en": [
          "Bike"
        ],
        "it": [
          "Bicicletta"
        ],
        "fr": [
          "Vélo"
        ],
        "nl": [
          "Fiets"
        ],
        "es": [
          "Bicicleta"
        ]
      }
    },
    {
      "@id": "kb:Cycling",
      "@type": [
        "SportsTheme"
      ],
      "rdfs:label": {
        "de": [
          "Radfahren"
        ],
        "pt": [
          "Ciclismo"
        ],
        "en": [
          "Cycling"
        ],
        "it": [
          "Ciclismo"
        ],
        "fr": [
          "Cyclisme"
        ],
        "nl": [
          "Wielrennen"
        ],
        "es": [
          "Ciclismo"
        ]
      }
    },
    {
      "@id": "kb:ElectricBike",
      "@type": [
        "SportsTheme"
      ],
      "rdfs:label": {
        "de": [
          "Elektrofahrrad, Speedbike"
        ],
        "pt": [
          "Bicicleta elétrica, bicicleta de velocidade"
        ],
        "en": [
          "Electric bike"
        ],
        "it": [
          "Bicicletta elettrica, speed bike"
        ],
        "fr": [
          "Vélo électrique, speed bike"
        ],
        "nl": [
          "Elektrische fiets, speedbike"
        ],
        "es": [
          "Bicicleta eléctrica, bicicleta de velocidad"
        ]
      }
    },
    {
      "@id": "kb:ElectricallyAssistedBicycle",
      "@type": [
        "SportsTheme"
      ],
      "rdfs:label": {
        "de": [
          "Ladestation für Elektrofahrräder"
        ],
        "pt": [
          "Bicicleta elétrica"
        ],
        "en": [
          "Electrically assisted bicycle"
        ],
        "it": [
          "Bicicletta a pedalata assistita"
        ],
        "fr": [
          "Vélo à assistance électrique, VAE"
        ],
        "nl": [
          "Elektrische fiets"
        ],
        "es": [
          "Bicicleta eléctrica, VAE"
        ]
      }
    }
  ],
  "hasTranslatedProperty": [
    {
      "@id": "https://data.datatourisme.fr/08f14db3-b477-348c-ae45-1f15774205c2",
      "dc:contributor": [
        "https://api.deepl.com/v2/translate"
      ],
      "rdf:language": [
        "it"
      ],
      "rdf:predicate": [
        {
          "@id": "rdfs:comment"
        }
      ]
    },
    {
      "@id": "https://data.datatourisme.fr/1bb9911d-1369-3d40-87d0-6a1c79658ffa",
      "dc:contributor": [
        "https://api.deepl.com/v2/translate"
      ],
      "rdf:language": [
        "en"
      ],
      "rdf:predicate": [
        {
          "@id": "rdfs:comment"
        }
      ]
    },
    {
      "@id": "https://data.datatourisme.fr/c3d082ed-65df-369e-83e3-efc11ff51d7d",
      "dc:contributor": [
        "https://api.deepl.com/v2/translate"
      ],
      "rdf:language": [
        "de"
      ],
      "rdf:predicate": [
        {
          "@id": "rdfs:comment"
        }
      ]
    },
    {
      "@id": "https://data.datatourisme.fr/da3087dc-f6b3-36fd-9e1b-fb2de9186cc5",
      "dc:contributor": [
        "https://api.deepl.com/v2/translate"
      ],
      "rdf:language": [
        "es"
      ],
      "rdf:predicate": [
        {
          "@id": "rdfs:comment"
        }
      ]
    },
    {
      "@id": "https://data.datatourisme.fr/ff8e54b9-958f-37fd-954a-98fa75b3858f",
      "dc:contributor": [
        "https://api.deepl.com/v2/translate"
      ],
      "rdf:language": [
        "nl"
      ],
      "rdf:predicate": [
        {
          "@id": "rdfs:comment"
        }
      ]
    }
  ],
  "isLocatedAt": [
    {
      "@id": "https://data.datatourisme.fr/1b241cee-bf97-3814-ab59-c76f1d5d633f",
      "schema:address": [
        {
          "@id": "https://data.datatourisme.fr/0d9463f3-c336-32ec-b36e-003e2e617933",
          "schema:addressLocality": "Paris 11e Arrondissement",
          "schema:postalCode": "75011",
          "schema:streetAddress": [
            "22 rue Alphonse Baudin"
          ],
          "@type": [
            "schema:PostalAddress",
            "PostalAddress"
          ],
          "hasAddressCity": {
            "@id": "kb:75111",
            "@type": [
              "City"
            ],
            "rdfs:label": {
              "de": [
                "Paris 11e Arrondissement"
              ],
              "pt": [
                "Paris 11e Arrondissement"
              ],
              "en": [
                "Paris 11e Arrondissement"
              ],
              "it": [
                "Paris 11e Arrondissement"
              ],
              "fr": [
                "Paris 11e Arrondissement"
              ],
              "nl": [
                "Paris 11e Arrondissement"
              ],
              "es": [
                "Paris 11e Arrondissement"
              ]
            },
            "insee": "75111",
            "isPartOfDepartment": {
              "@id": "kb:France1175",
              "@type": [
                "Department"
              ],
              "rdfs:label": {
                "de": [
                  "Paris"
                ],
                "pt": [
                  "Paris"
                ],
                "en": [
                  "Paris"
                ],
                "it": [
                  "Paris"
                ],
                "fr": [
                  "Paris"
                ],
                "nl": [
                  "Paris"
                ],
                "es": [
                  "Paris"
                ]
              },
              "insee": "75",
              "isPartOfRegion": {
                "@id": "kb:France11",
                "@type": [
                  "Region"
                ],
                "rdfs:label": {
                  "de": [
                    "Île-de-France"
                  ],
                  "pt": [
                    "Île-de-France"
                  ],
                  "en": [
                    "Île-de-France"
                  ],
                  "it": [
                    "Île-de-France"
                  ],
                  "fr": [
                    "Île-de-France"
                  ],
                  "nl": [
                    "Île-de-France"
                  ],
                  "es": [
                    "Île-de-France"
                  ]
                },
                "insee": "11",
                "isPartOfCountry": {
                  "@id": "kb:France",
                  "@type": [
                    "schema:Country"
                  ],
                  "rdfs:label": {
                    "de": [
                      "France",
                      "Frankreich"
                    ],
                    "pt": [
                      "França",
                      "France"
                    ],
                    "en": [
                      "France"
                    ],
                    "it": [
                      "France",
                      "Francia"
                    ],
                    "fr": [
                      "France"
                    ],
                    "nl": [
                      "France",
                      "Frankrijk"
                    ],
                    "es": [
                      "France",
                      "Francia"
                    ]
                  }
                }
              }
            }
          }
        }
      ],
      "schema:geo": {
        "@id": "https://data.datatourisme.fr/e352f1a2-3e4e-37fa-8d64-85def5f2758a",
        "schema:latitude": "48.86113",
        "schema:longitude": "2.370355",
        "@type": [
          "schema:GeoCoordinates"
        ]
      },
      "schema:openingHoursSpecification": [
        {
          "@id": "https://data.datatourisme.fr/feca6f9b-f45d-3912-8295-d94786c49f47",
          "schema:closes": "17:00:00",
          "schema:opens": "09:30:00",
          "schema:validFrom": "2023-01-01T00:00:00",
          "schema:validThrough": "2023-12-31T23:59:59",
          "@type": [
            "schema:OpeningHoursSpecification"
          ],
          "additionalInformation": {
            "de": [
              "Je nach Saison siehe auf der Website."
            ],
            "en": [
              "Depending on the season see on the website."
            ],
            "it": [
              "A seconda della stagione, consultare il sito web."
            ],
            "fr": [
              "Selon la saison voir sur le site internet."
            ],
            "es": [
              "Según la temporada, consulte la página web."
            ],
            "nl": [
              "Afhankelijk van het seizoen, zie de website."
            ]
          },
          "hasTranslatedProperty": [
            {
              "@id": "https://data.datatourisme.fr/1a9911c2-d86e-3e92-967b-64d1a369ca88",
              "dc:contributor": [
                "https://api.deepl.com/v2/translate"
              ],
              "rdf:language": [
                "it"
              ],
              "rdf:predicate": [
                "additionalInformation"
              ]
            },
            {
              "@id": "https://data.datatourisme.fr/2286797f-a7e8-3d2c-bced-4b54fe029f6a",
              "dc:contributor": [
                "https://api.deepl.com/v2/translate"
              ],
              "rdf:language": [
                "de"
              ],
              "rdf:predicate": [
                "additionalInformation"
              ]
            },
            {
              "@id": "https://data.datatourisme.fr/9ebd26d0-36a7-3fd4-9ee2-ef2e498b961b",
              "dc:contributor": [
                "https://api.deepl.com/v2/translate"
              ],
              "rdf:language": [
                "es"
              ],
              "rdf:predicate": [
                "additionalInformation"
              ]
            },
            {
              "@id": "https://data.datatourisme.fr/a97335c6-149e-35a4-b5f9-c57f611be55e",
              "dc:contributor": [
                "https://api.deepl.com/v2/translate"
              ],
              "rdf:language": [
                "en"
              ],
              "rdf:predicate": [
                "additionalInformation"
              ]
            },
            {
              "@id": "https://data.datatourisme.fr/cd7db52d-e52a-376c-9020-c617f6e90108",
              "dc:contributor": [
                "https://api.deepl.com/v2/translate"
              ],
              "rdf:language": [
                "nl"
              ],
              "rdf:predicate": [
                "additionalInformation"
              ]
            }
          ]
        }
      ],
      "@type": [
        "schema:Place",
        "Place"
      ]
    }
  ],
  "isOwnedBy": [
    {
      "@id": "https://data.datatourisme.fr/3b8a790a-ebad-39c6-9a18-c5663001f469",
      "schema:email": [
        "bgeigle@visitparisregion.com",
        "hcaldo@visitparisregion.com",
        "mtanaskovic@visitparisregion.com"
      ],
      "schema:legalName": "Choose Paris Region",
      "@type": [
        "schema:Organization",
        "foaf:Agent",
        "Agent"
      ],
      "foaf:homepage": [
        "http://www.visitparisregion.com/"
      ]
    }
  ],
  "lastUpdate": "2023-09-22",
  "lastUpdateDatatourisme": "2023-10-02T05:53:31.703Z"
}