{
  "@id": "https://data.datatourisme.fr/47/62aa7f30-3b33-39f5-a885-a837c724745b",
  "dc:identifier": "PNARHA0070000065",
  "@type": [
    "schema:Landform",
    "NaturalHeritage",
    "PlaceOfInterest",
    "PointOfInterest"
  ],
  "rdfs:comment": {
    "en": [
      "Listed as a National Heritage site for its geological and archaeological interest, the cave of Saint-Marcel is - with its 60 km of networks - one of the largest cavities in France.  Over 400 m. of visit, following the traces of the fossil river you will discover immense rooms and galleries finely sculpted by the work of water. Magnified by a sound and light show, the sublime Gours waterfall will unveil its string of more than a hundred calcite basins in water, unique in Europe!   In 2013, the Grotte Saint-Marcel created the \"Cave Naturelle des Gorges de l'Ardèche\" - a space dedicated to the ageing of wines located 80 m. underground - and becomes the first oenotourism centre in a natural cave. Underground tastings (AOC Côtes du Rhône / Côtes du Rhône Village wines and local products) and Spéléœnologie® (caving and wine tasting in absolute darkness)... all the reasons are good to combine the pleasure of the eyes with the pleasure of the palate! Sanitary precautions: Signs reminding the barrier gestures are placed on the site (wearing of the mask is compulsory, social distance of 1 meter represented by strips on the ground and hydroalcoholic gel outside and in the cave).   The visits proposed : Self-guided tour: This new service allows visitors to discover the site independently, in small groups, at their own pace. Explanations on the remarkable points can be found all along the route. For more information, guides are present in the cave (duration: 45 min to 1 hour) Epicurean visit: Visit of the cave and tasting of wines and local products with a guide specialized in oenology (duration: 2 hours). Le petit + : \" Le chemin de la grosse pierre \", a 2.8 km discovery trail on the tracks of the fauna, flora and human occupation of the Gorges de l'Ardèche. A treasure hunt is organized to discover this path while having fun! Site classified as a Natural Heritage Site Selected by \"Les étapes savoureuses d'Ardèche\" Labelled \"Vignobles et découverte\" (Vineyards and Discovery) The visit of the Saint-Marcel Cave is done in autonomy by respecting the distances, and wearing a mask is compulsory. Explanatory panels (French/English) are placed all along the route. For children, there is also the \"story of the little drop of water\" which explains the process of formation of the cave. Guides are also present to ensure safety and answer questions. Dates and opening hours: From April 3 to July 4, 2021: every day from 10:30 am to 6 pm (last entry at 5 pm). From July 5 to September 19, 2021: daily from 10:00 am to 6:30 pm (last entry at 5:30 pm) From September 20 to October 31, 2021: daily from 12:30 pm to 5:00 pm (last entry at 4:00 pm). Prices: adult: 12.50 €, teenager (13 to 17 years old included) 9.50 €, child (5 to 12 years old included) 8 €. The accesses are every 15 minutes. Reservation is strongly recommended. TICKETING AND PROGRAMMING ON www.grotte-ardeche.com"
    ],
    "fr": [
      "Classée au Patrimoine National pour son intérêt géologique et archéologique, la grotte de Saint-Marcel est – avec ses 60 kms de réseaux - l’une des plus vastes cavités de France.  Sur 400 m. de visite, en suivant les traces de la rivière fossile vous découvrirez d’immenses salles et galeries finement sculptées par le travail de l’eau. Magnifiée par un spectacle son et lumière, la sublime cascade de Gours dévoilera son enfilade de plus de cent bassins de calcite en eau, unique en Europe !   En 2013, la Grotte Saint-Marcel créa la « Cave Naturelle des Gorges de l’Ardèche » - espace dédié au vieillissement de vins situé à 80 m. sous terre - et devient le premier pôle œno-touristique en cavité naturelle. Dégustations souterraines ( vins AOC Côtes du Rhône /Côtes du Rhône Village et produits du terroir) et Spéléœnologie® (spéléologie et dégustation de vin dans le noir absolu)… toutes les raisons sont bonnes pour allier le plaisir des yeux au plaisir du palais ! Précautions sanitaires : Des panneaux rappelant les gestes barrières sont placés sur le site (port du masque obligatoire, distanciation sociale d'1 mètre représenté par des bandes au sol et gel hydroalcoolique à l'extérieur et dans la grotte).   Les visites proposées : Visite Libre : Cette prestation inédite permet aux visiteurs de découvrir le site de manière autonome, en petit groupe, selon son propre rythme. Des explications sur les points remarquables se trouvent tout au long du parcours. Pour plus de renseignements, des guides sont présents dans la grotte.(durée : 45 min à 1h) Visite Epicurienne : Visite de la grotte et dégustation de vins et produits du terroir avec un guide spécialisé en œnologie (durée : 2h). Le petit + : « Le chemin de la grosse pierre », sentier découverte 2.8 km de balade sur les traces de la faune, de la flore et de l’occupation humaine des Gorges de l’Ardèche. Un jeu de piste est organisé pour découvrir ce chemin en s'amusant ! Site classé au Patrimoine Naturel Sélectionné par \"Les étapes savoureuses d'Ardèche\" Labellisé \"Vignobles et découverte\" La visite de la Grotte Saint-Marcel se fait en autonomie en respectant les distanciations , et port du masque obligatoire. Des panneaux explicatifs (français/anglais) sont disposés tout le long du parcours. Pour les enfants, il y a également \"l'histoire de la petite goutte d'eau\" qui explique le processus de formation de la grotte. Des guides sont également présents pour assurer la sécurité et répondre aux questions. Dates et horaires d'ouverture : Du 3 avril au 4 juillet 2021 : tous les jours de 10h30 à 18h (dernière entrée à 17h). Du 5 juillet au 19 septembre 2021 : tous les jours de 10h à 18h30 (dernière entrée à 17h30) Du 20 septembre au 31 octobre 2021 : tous les jours de 12h30 à 17h (dernière entrée à 16h). Tarifs : adulte : 12,50€, ado (13 à 17 ans inclus) 9.50 €, enfant (5 à 12 ans inclus) 8 €. Les accès se font toutes les 15 minutes. La réservation est fortement conseillée. BILLETTERIE ET PROGRAMMATION SUR www.grotte-ardeche.com"
    ]
  },
  "rdfs:label": {
    "fr": [
      "Grotte de Saint-Marcel"
    ]
  },
  "owl:sameAs": [
    "http://www.wikidata.org/entity/Q1837168"
  ],
  "availableLanguage": [
    "de",
    "en",
    "es",
    "fr",
    "it",
    "nl"
  ],
  "creationDate": "2022-05-20",
  "hasBeenCreatedBy": {
    "@id": "https://data.datatourisme.fr/4ab291f3-1c3e-38db-b462-38e48aa51d3b",
    "schema:legalName": "TOURISME GARD RHODANIEN",
    "@type": [
      "schema:Organization",
      "foaf:Agent",
      "Agent"
    ]
  },
  "hasBeenPublishedBy": [
    {
      "@id": "https://data.datatourisme.fr/e900ea22-f191-39f5-84c7-0f5355f1b3bf",
      "schema:address": [
        {
          "@id": "https://data.datatourisme.fr/1d2de731-15a4-3a06-9ac5-25caed1ceecc",
          "schema:addressLocality": "Nîmes",
          "schema:postOfficeBoxNumber": "122",
          "schema:postalCode": "30010",
          "schema:streetAddress": [
            "11 place du 8 mai"
          ],
          "@type": [
            "schema:PostalAddress",
            "PostalAddress"
          ],
          "cedex": "4",
          "hasAddressCity": {
            "@id": "kb:30189",
            "@type": [
              "City"
            ],
            "rdfs:label": {
              "de": [
                "Nîmes"
              ],
              "pt": [
                "Nîmes"
              ],
              "en": [
                "Nîmes"
              ],
              "it": [
                "Nîmes"
              ],
              "fr": [
                "Nîmes"
              ],
              "nl": [
                "Nîmes"
              ],
              "es": [
                "Nîmes"
              ]
            },
            "insee": "30189",
            "isPartOfDepartment": {
              "@id": "kb:France7630",
              "@type": [
                "Department"
              ],
              "rdfs:label": {
                "de": [
                  "Gard"
                ],
                "pt": [
                  "Gard"
                ],
                "en": [
                  "Gard"
                ],
                "it": [
                  "Gard"
                ],
                "fr": [
                  "Gard"
                ],
                "nl": [
                  "Gard"
                ],
                "es": [
                  "Gard"
                ]
              },
              "insee": "30",
              "isPartOfRegion": {
                "@id": "kb:France76",
                "@type": [
                  "Region"
                ],
                "rdfs:label": {
                  "de": [
                    "Occitanie"
                  ],
                  "pt": [
                    "Occitanie"
                  ],
                  "en": [
                    "Occitanie"
                  ],
                  "it": [
                    "Occitanie"
                  ],
                  "fr": [
                    "Occitanie"
                  ],
                  "nl": [
                    "Occitanie"
                  ],
                  "es": [
                    "Occitanie"
                  ]
                },
                "insee": "76",
                "isPartOfCountry": {
                  "@id": "kb:France",
                  "@type": [
                    "schema:Country"
                  ],
                  "rdfs:label": {
                    "de": [
                      "France",
                      "Frankreich"
                    ],
                    "pt": [
                      "França",
                      "France"
                    ],
                    "en": [
                      "France"
                    ],
                    "it": [
                      "France",
                      "Francia"
                    ],
                    "fr": [
                      "France"
                    ],
                    "nl": [
                      "France",
                      "Frankrijk"
                    ],
                    "es": [
                      "France",
                      "Francia"
                    ]
                  }
                }
              }
            }
          }
        }
      ],
      "schema:email": [
        "contact@tourismegard.com"
      ],
      "schema:legalName": "Gard Tourisme",
      "schema:logo": "https://www.tourismegard.com/Portals/2/Market-place/Le portail des pros du tourisme du Gard_fichiers/logo-Gard-Tourisme.jpg",
      "schema:telephone": [
        "+33 4 66 36 96 30"
      ],
      "@type": [
        "schema:Organization",
        "foaf:Agent",
        "foaf:Organization",
        "Agent",
        "Organisation"
      ],
      "rdfs:comment": {
        "de": [
          "Gard Tourismus"
        ],
        "en": [
          "Gard Tourism"
        ],
        "it": [
          "Gard Turismo"
        ],
        "fr": [
          "Gard Tourisme"
        ],
        "es": [
          "Turismo de Gard"
        ],
        "nl": [
          "Gard Toerisme"
        ]
      },
      "foaf:homepage": [
        "https://www.tourismegard.com/"
      ],
      "apeNaf": "7990Z",
      "hasTranslatedProperty": [
        {
          "@id": "https://data.datatourisme.fr/6e2e57cb-dba1-37c3-8000-0795f52d1c28",
          "dc:contributor": [
            "https://api.deepl.com/v2/translate"
          ],
          "rdf:language": [
            "it"
          ],
          "rdf:predicate": [
            {
              "@id": "rdfs:comment"
            }
          ]
        },
        {
          "@id": "https://data.datatourisme.fr/756d0049-954d-384c-8d4a-6357b6d226b7",
          "dc:contributor": [
            "https://api.deepl.com/v2/translate"
          ],
          "rdf:language": [
            "es"
          ],
          "rdf:predicate": [
            {
              "@id": "rdfs:comment"
            }
          ]
        },
        {
          "@id": "https://data.datatourisme.fr/9b2fcd16-220a-3ecf-b96a-e6efc8d223a1",
          "dc:contributor": [
            "https://api.deepl.com/v2/translate"
          ],
          "rdf:language": [
            "nl"
          ],
          "rdf:predicate": [
            {
              "@id": "rdfs:comment"
            }
          ]
        },
        {
          "@id": "https://data.datatourisme.fr/c0fecbf7-3206-3319-8afe-379170f142db",
          "dc:contributor": [
            "https://api.deepl.com/v2/translate"
          ],
          "rdf:language": [
            "en"
          ],
          "rdf:predicate": [
            {
              "@id": "rdfs:comment"
            }
          ]
        },
        {
          "@id": "https://data.datatourisme.fr/c96fa991-8ce9-3d45-a221-150b48979e66",
          "dc:contributor": [
            "https://api.deepl.com/v2/translate"
          ],
          "rdf:language": [
            "de"
          ],
          "rdf:predicate": [
            {
              "@id": "rdfs:comment"
            }
          ]
        }
      ],
      "siret": "30427598500030"
    }
  ],
  "hasContact": [
    {
      "@id": "https://data.datatourisme.fr/20c196a0-e3d5-3523-8dfb-e68a8aaa1cf3",
      "schema:address": [
        {
          "@id": "https://data.datatourisme.fr/84e8b7e9-63d2-3a6d-859e-da15581c6e0f",
          "schema:addressLocality": "Bidon",
          "schema:postalCode": "07700",
          "@type": [
            "schema:PostalAddress",
            "PostalAddress"
          ],
          "hasAddressCity": {
            "@id": "kb:07034",
            "@type": [
              "City"
            ],
            "rdfs:label": {
              "de": [
                "Bidon"
              ],
              "pt": [
                "Bidon"
              ],
              "en": [
                "Bidon"
              ],
              "it": [
                "Bidon"
              ],
              "fr": [
                "Bidon"
              ],
              "nl": [
                "Bidon"
              ],
              "es": [
                "Bidon"
              ]
            },
            "insee": "07034",
            "isPartOfDepartment": {
              "@id": "kb:France8407",
              "@type": [
                "Department"
              ],
              "rdfs:label": {
                "de": [
                  "Ardèche"
                ],
                "pt": [
                  "Ardèche"
                ],
                "en": [
                  "Ardèche"
                ],
                "it": [
                  "Ardèche"
                ],
                "fr": [
                  "Ardèche"
                ],
                "nl": [
                  "Ardèche"
                ],
                "es": [
                  "Ardèche"
                ]
              },
              "insee": "07",
              "isPartOfRegion": {
                "@id": "kb:France84",
                "@type": [
                  "Region"
                ],
                "rdfs:label": {
                  "de": [
                    "Auvergne-Rhône-Alpes"
                  ],
                  "pt": [
                    "Auvergne-Rhône-Alpes"
                  ],
                  "en": [
                    "Auvergne-Rhône-Alpes"
                  ],
                  "it": [
                    "Auvergne-Rhône-Alpes"
                  ],
                  "fr": [
                    "Auvergne-Rhône-Alpes"
                  ],
                  "nl": [
                    "Auvergne-Rhône-Alpes"
                  ],
                  "es": [
                    "Auvergne-Rhône-Alpes"
                  ]
                },
                "insee": "84",
                "isPartOfCountry": {
                  "@id": "kb:France",
                  "@type": [
                    "schema:Country"
                  ],
                  "rdfs:label": {
                    "de": [
                      "France",
                      "Frankreich"
                    ],
                    "pt": [
                      "França",
                      "France"
                    ],
                    "en": [
                      "France"
                    ],
                    "it": [
                      "France",
                      "Francia"
                    ],
                    "fr": [
                      "France"
                    ],
                    "nl": [
                      "France",
                      "Frankrijk"
                    ],
                    "es": [
                      "France",
                      "Francia"
                    ]
                  }
                }
              }
            }
          }
        }
      ],
      "schema:email": [
        "contact@grotte-ardeche.com"
      ],
      "schema:telephone": [
        "+33 4 75 04 38 07"
      ],
      "@type": [
        "foaf:Agent",
        "Agent"
      ],
      "foaf:homepage": [
        "http://www.grotte-ardeche.com/"
      ]
    }
  ],
  "hasDescription": [
    {
      "@id": "https://data.datatourisme.fr/9c6e12e3-5ff1-3e31-a4e2-edf96fb8e2fa",
      "dc:description": {
        "en": [
          "Listed as a National Heritage Site for its geological and archaeological interest, the Saint-Marcel cave is - with its 60 kms of networks - one of the largest caves in France.  \nOn a 400 m. visit, following the traces of the fossil river, you will discover immense rooms and galleries finely sculpted by the work of water. Magnified by a sound and light show, the sublime Gours waterfall will reveal its string of more than one hundred pools of calcite water, unique in Europe!  \nIn 2013, the Grotte Saint-Marcel created the \"Cave Naturelle des Gorges de l'Ardèche\" - a space dedicated to the ageing of wines located 80 m. underground - and became the first wine tourism centre in a natural cave. Underground tastings (AOC Côtes du Rhône /Côtes du Rhône Village wines and local products) and Spéléœnologie® (caving and wine tasting in total darkness)... all the reasons are good to combine the pleasure of the eyes with the pleasure of the palate!\nHealth precautions: Signs reminding us of the precautionary measures are placed on the site (wearing a mask is compulsory, social distance of 1 meter represented by bands on the ground and hydro-alcoholic gel outside and in the cave).  \nThe proposed visits\nSelf-guided tour: This new service allows visitors to discover the site independently, in small groups, at their own pace. Explanations on the remarkable points are found all along the route. For more information, guides are present in the cave (duration: 45 min to 1 hour)\nEpicurean visit: Visit of the cave and tasting of wines and local products with a guide specialized in oenology (duration: 2h). Le chemin de la grosse pierre\", a 2.8 km discovery trail on the traces of the fauna, flora and human occupation of the Ardèche Gorges. A treasure hunt is organized to discover this path while having fun!\nSite classified as Natural Heritage\n\nSelected by \"Les étapes savoureuses d'Ardèche\nLabelled \"Vignobles et découverte\nThe visit of the Saint-Marcel cave is done in autonomy by respecting the distances, and wearing a mask is compulsory. Explanatory panels (French/English) are placed all along the route\nFor children, there is also the \"story of the little drop of water\" which explains the formation process of the cave. Guides are also present to ensure safety and answer questions\n\nOpening dates and times\nFrom April 3 to July 4, 2021: daily from 10:30 am to 6 pm (last entry at 5 pm)\nFrom July 5 to September 19, 2021: daily from 10:00 am to 6:30 pm (last entry at 5:30 pm)\nFrom 20 September to 31 October 2021: every day from 12:30 to 17:00 (last entry at 16:00)\nPrices: adults: 12.50€, teenagers (13 to 17 years old included) 9.50€, children (5 to 12 years old included) 8€\nAccess is every 15 minutes. Reservations are strongly recommended\nTICKETING AND PROGRAMMING ON www.grotte-ardeche.com"
        ],
        "fr": [
          "Classée au Patrimoine National pour son intérêt géologique et archéologique, la grotte de Saint-Marcel est – avec ses 60 kms de réseaux - l’une des plus vastes cavités de France.  \nSur 400 m. de visite, en suivant les traces de la rivière fossile vous découvrirez d’immenses salles et galeries finement sculptées par le travail de l’eau. Magnifiée par un spectacle son et lumière, la sublime cascade de Gours dévoilera son enfilade de plus de cent bassins de calcite en eau, unique en Europe !  \nEn 2013, la Grotte Saint-Marcel créa la « Cave Naturelle des Gorges de l’Ardèche » - espace dédié au vieillissement de vins situé à 80 m. sous terre - et devient le premier pôle œno-touristique en cavité naturelle. Dégustations souterraines ( vins AOC Côtes du Rhône /Côtes du Rhône Village et produits du terroir) et Spéléœnologie® (spéléologie et dégustation de vin dans le noir absolu)… toutes les raisons sont bonnes pour allier le plaisir des yeux au plaisir du palais ! \nPrécautions sanitaires : Des panneaux rappelant les gestes barrières sont placés sur le site (port du masque obligatoire, distanciation sociale d'1 mètre représenté par des bandes au sol et gel hydroalcoolique à l'extérieur et dans la grotte).  \nLes visites proposées : \nVisite Libre : Cette prestation inédite permet aux visiteurs de découvrir le site de manière autonome, en petit groupe, selon son propre rythme. Des explications sur les points remarquables se trouvent tout au long du parcours. Pour plus de renseignements, des guides sont présents dans la grotte.(durée : 45 min à 1h) \nVisite Epicurienne : Visite de la grotte et dégustation de vins et produits du terroir avec un guide spécialisé en œnologie (durée : 2h). Le petit + : « Le chemin de la grosse pierre », sentier découverte 2.8 km de balade sur les traces de la faune, de la flore et de l’occupation humaine des Gorges de l’Ardèche. Un jeu de piste est organisé pour découvrir ce chemin en s'amusant ! \nSite classé au Patrimoine Naturel \n\nSélectionné par \"Les étapes savoureuses d'Ardèche\" \nLabellisé \"Vignobles et découverte\" \nLa visite de la Grotte Saint-Marcel se fait en autonomie en respectant les distanciations , et port du masque obligatoire. Des panneaux explicatifs (français/anglais) sont disposés tout le long du parcours. \nPour les enfants, il y a également \"l'histoire de la petite goutte d'eau\" qui explique le processus de formation de la grotte. Des guides sont également présents pour assurer la sécurité et répondre aux questions. \n\nDates et horaires d'ouverture : \nDu 3 avril au 4 juillet 2021 : tous les jours de 10h30 à 18h (dernière entrée à 17h). \nDu 5 juillet au 19 septembre 2021 : tous les jours de 10h à 18h30 (dernière entrée à 17h30) \nDu 20 septembre au 31 octobre 2021 : tous les jours de 12h30 à 17h (dernière entrée à 16h). \nTarifs : adulte : 12,50€, ado (13 à 17 ans inclus) 9.50 €, enfant (5 à 12 ans inclus) 8 €. \nLes accès se font toutes les 15 minutes. La réservation est fortement conseillée. \nBILLETTERIE ET PROGRAMMATION SUR www.grotte-ardeche.com"
        ]
      },
      "@type": [
        "Description"
      ],
      "hasTranslatedProperty": [
        {
          "@id": "https://data.datatourisme.fr/0b156c6e-f484-3005-8517-fa76785690db",
          "dc:contributor": [
            "https://api.deepl.com/v2/translate"
          ],
          "rdf:language": [
            "en"
          ],
          "rdf:predicate": [
            {
              "@id": "dc:description"
            }
          ]
        },
        {
          "@id": "https://data.datatourisme.fr/5cc9c4c8-392b-378b-b5a6-ea1074e7c5bc",
          "dc:contributor": [
            "https://api.deepl.com/v2/translate"
          ],
          "rdf:language": [
            "en"
          ],
          "rdf:predicate": [
            "shortDescription"
          ]
        }
      ],
      "shortDescription": {
        "en": [
          "Listed as a National Heritage site for its geological and archaeological interest, the cave of Saint-Marcel is - with its 60 km of networks - one of the largest cavities in France.  Over 400 m. of visit, following the traces of the fossil river you will discover immense rooms and galleries finely sculpted by the work of water. Magnified by a sound and light show, the sublime Gours waterfall will unveil its string of more than a hundred calcite basins in water, unique in Europe!   In 2013, the Grotte Saint-Marcel created the \"Cave Naturelle des Gorges de l'Ardèche\" - a space dedicated to the ageing of wines located 80 m. underground - and becomes the first oenotourism centre in a natural cave. Underground tastings (AOC Côtes du Rhône / Côtes du Rhône Village wines and local products) and Spéléœnologie® (caving and wine tasting in absolute darkness)... all the reasons are good to combine the pleasure of the eyes with the pleasure of the palate! Sanitary precautions: Signs reminding the barrier gestures are placed on the site (wearing of the mask is compulsory, social distance of 1 meter represented by strips on the ground and hydroalcoholic gel outside and in the cave).   The visits proposed : Self-guided tour: This new service allows visitors to discover the site independently, in small groups, at their own pace. Explanations on the remarkable points can be found all along the route. For more information, guides are present in the cave (duration: 45 min to 1 hour) Epicurean visit: Visit of the cave and tasting of wines and local products with a guide specialized in oenology (duration: 2 hours). Le petit + : \" Le chemin de la grosse pierre \", a 2.8 km discovery trail on the tracks of the fauna, flora and human occupation of the Gorges de l'Ardèche. A treasure hunt is organized to discover this path while having fun! Site classified as a Natural Heritage Site Selected by \"Les étapes savoureuses d'Ardèche\" Labelled \"Vignobles et découverte\" (Vineyards and Discovery) The visit of the Saint-Marcel Cave is done in autonomy by respecting the distances, and wearing a mask is compulsory. Explanatory panels (French/English) are placed all along the route. For children, there is also the \"story of the little drop of water\" which explains the process of formation of the cave. Guides are also present to ensure safety and answer questions. Dates and opening hours: From April 3 to July 4, 2021: every day from 10:30 am to 6 pm (last entry at 5 pm). From July 5 to September 19, 2021: daily from 10:00 am to 6:30 pm (last entry at 5:30 pm) From September 20 to October 31, 2021: daily from 12:30 pm to 5:00 pm (last entry at 4:00 pm). Prices: adult: 12.50 €, teenager (13 to 17 years old included) 9.50 €, child (5 to 12 years old included) 8 €. The accesses are every 15 minutes. Reservation is strongly recommended. TICKETING AND PROGRAMMING ON www.grotte-ardeche.com"
        ],
        "fr": [
          "Classée au Patrimoine National pour son intérêt géologique et archéologique, la grotte de Saint-Marcel est – avec ses 60 kms de réseaux - l’une des plus vastes cavités de France.  Sur 400 m. de visite, en suivant les traces de la rivière fossile vous découvrirez d’immenses salles et galeries finement sculptées par le travail de l’eau. Magnifiée par un spectacle son et lumière, la sublime cascade de Gours dévoilera son enfilade de plus de cent bassins de calcite en eau, unique en Europe !   En 2013, la Grotte Saint-Marcel créa la « Cave Naturelle des Gorges de l’Ardèche » - espace dédié au vieillissement de vins situé à 80 m. sous terre - et devient le premier pôle œno-touristique en cavité naturelle. Dégustations souterraines ( vins AOC Côtes du Rhône /Côtes du Rhône Village et produits du terroir) et Spéléœnologie® (spéléologie et dégustation de vin dans le noir absolu)… toutes les raisons sont bonnes pour allier le plaisir des yeux au plaisir du palais ! Précautions sanitaires : Des panneaux rappelant les gestes barrières sont placés sur le site (port du masque obligatoire, distanciation sociale d'1 mètre représenté par des bandes au sol et gel hydroalcoolique à l'extérieur et dans la grotte).   Les visites proposées : Visite Libre : Cette prestation inédite permet aux visiteurs de découvrir le site de manière autonome, en petit groupe, selon son propre rythme. Des explications sur les points remarquables se trouvent tout au long du parcours. Pour plus de renseignements, des guides sont présents dans la grotte.(durée : 45 min à 1h) Visite Epicurienne : Visite de la grotte et dégustation de vins et produits du terroir avec un guide spécialisé en œnologie (durée : 2h). Le petit + : « Le chemin de la grosse pierre », sentier découverte 2.8 km de balade sur les traces de la faune, de la flore et de l’occupation humaine des Gorges de l’Ardèche. Un jeu de piste est organisé pour découvrir ce chemin en s'amusant ! Site classé au Patrimoine Naturel Sélectionné par \"Les étapes savoureuses d'Ardèche\" Labellisé \"Vignobles et découverte\" La visite de la Grotte Saint-Marcel se fait en autonomie en respectant les distanciations , et port du masque obligatoire. Des panneaux explicatifs (français/anglais) sont disposés tout le long du parcours. Pour les enfants, il y a également \"l'histoire de la petite goutte d'eau\" qui explique le processus de formation de la grotte. Des guides sont également présents pour assurer la sécurité et répondre aux questions. Dates et horaires d'ouverture : Du 3 avril au 4 juillet 2021 : tous les jours de 10h30 à 18h (dernière entrée à 17h). Du 5 juillet au 19 septembre 2021 : tous les jours de 10h à 18h30 (dernière entrée à 17h30) Du 20 septembre au 31 octobre 2021 : tous les jours de 12h30 à 17h (dernière entrée à 16h). Tarifs : adulte : 12,50€, ado (13 à 17 ans inclus) 9.50 €, enfant (5 à 12 ans inclus) 8 €. Les accès se font toutes les 15 minutes. La réservation est fortement conseillée. BILLETTERIE ET PROGRAMMATION SUR www.grotte-ardeche.com"
        ]
      }
    }
  ],
  "hasFeature": [
    {
      "@id": "https://data.datatourisme.fr/27437e3b-5e0b-395d-a123-19229c88a996",
      "@type": [
        "schema:PropertyValue",
        "FeatureSpecification"
      ],
      "charged": true,
      "internetAccess": false
    }
  ],
  "hasMainRepresentation": [
    {
      "@id": "https://data.datatourisme.fr/1c9265eb-a3d6-3a82-ab65-93ba1619a0b8",
      "ebucore:hasAnnotation": [
        {
          "@id": "https://data.datatourisme.fr/df98e644-c938-3adb-ba64-aee7d46e2382",
          "ebucore:isCoveredBy": "Droits gérés",
          "ebucore:title": {
            "fr": [
              "Grotte de Saint Marcel @Remi Flament"
            ]
          },
          "@type": [
            "ebucore:Annotation"
          ],
          "credits": [
            "Droits gérés"
          ]
        }
      ],
      "ebucore:hasRelatedResource": [
        {
          "@id": "https://data.datatourisme.fr/8078faea-0a98-3ff8-ae03-bed265b1f070",
          "ebucore:locator": [
            "http://cnstlltn.com/1024x768/1b637892-2967-4637-aae7-8b7e612d0b64/grotte+saint-marcel_cascade+de+gours_r%c3%a9mi+flament_1200px800px.jpg"
          ],
          "@type": [
            "ebucore:Resource"
          ]
        }
      ],
      "@type": [
        "ebucore:EditorialObject"
      ]
    }
  ],
  "hasRepresentation": [
    {
      "@id": "https://data.datatourisme.fr/1c9265eb-a3d6-3a82-ab65-93ba1619a0b8",
      "ebucore:hasAnnotation": [
        {
          "@id": "https://data.datatourisme.fr/df98e644-c938-3adb-ba64-aee7d46e2382",
          "ebucore:isCoveredBy": "Droits gérés",
          "ebucore:title": {
            "fr": [
              "Grotte de Saint Marcel @Remi Flament"
            ]
          },
          "@type": [
            "ebucore:Annotation"
          ],
          "credits": [
            "Droits gérés"
          ]
        }
      ],
      "ebucore:hasRelatedResource": [
        {
          "@id": "https://data.datatourisme.fr/8078faea-0a98-3ff8-ae03-bed265b1f070",
          "ebucore:locator": [
            "http://cnstlltn.com/1024x768/1b637892-2967-4637-aae7-8b7e612d0b64/grotte+saint-marcel_cascade+de+gours_r%c3%a9mi+flament_1200px800px.jpg"
          ],
          "@type": [
            "ebucore:Resource"
          ]
        }
      ],
      "@type": [
        "ebucore:EditorialObject"
      ]
    },
    {
      "@id": "https://data.datatourisme.fr/e5dd2cdd-5bf4-391c-a23b-b797a7fd4238",
      "ebucore:hasAnnotation": [
        {
          "@id": "https://data.datatourisme.fr/2d993a9e-a7e0-3128-bc16-bff03bab0760",
          "ebucore:isCoveredBy": "CC BY 2.0",
          "ebucore:title": [
            "Gours des grottes de Saint Marcel d'Ardèche, France"
          ],
          "@type": [
            "ebucore:Annotation"
          ],
          "credits": [
            "Getfunky Paris (https:https://www.flickr.com/people/39731845@N03)"
          ]
        }
      ],
      "ebucore:hasRelatedResource": [
        {
          "@id": "https://data.datatourisme.fr/c4eb52f1-e9cb-3ae8-8818-7270dba333a4",
          "ebucore:fileSize": [
            10301322
          ],
          "ebucore:hasMimeType": [
            {
              "@id": "kb:JPEG",
              "@type": [
                "ebucore:MimeType"
              ],
              "rdfs:comment": {
                "de": [
                  "JPEG-Bild"
                ],
                "pt": [
                  "Imagem JPEG"
                ],
                "en": [
                  "JPEG image file"
                ],
                "it": [
                  "Immagine JPEG"
                ],
                "fr": [
                  "Image JPEG"
                ],
                "nl": [
                  "JPEG-afbeelding"
                ],
                "es": [
                  "Imagen JPEG"
                ]
              },
              "rdfs:label": {
                "de": [
                  "image/jpeg"
                ],
                "pt": [
                  "image/jpeg"
                ],
                "en": [
                  "image/jpeg"
                ],
                "it": [
                  "image/jpeg"
                ],
                "fr": [
                  "image/jpeg"
                ],
                "nl": [
                  "image/jpeg"
                ],
                "es": [
                  "image/jpeg"
                ]
              }
            }
          ],
          "ebucore:height": 2742,
          "ebucore:locator": [
            "https://upload.wikimedia.org/wikipedia/commons/6/60/Gours_des_grottes_de_Saint_Marcel_d%27Ard%C3%A8che%2C_France.jpg"
          ],
          "ebucore:width": 4129,
          "@type": [
            "ebucore:Resource"
          ]
        }
      ],
      "@type": [
        "ebucore:EditorialObject"
      ]
    }
  ],
  "hasReview": [
    {
      "@id": "https://data.datatourisme.fr/901d83af-63ed-324d-8bd3-2eccb7c4f74a",
      "@type": [
        "Review"
      ],
      "hasReviewValue": {
        "@id": "kb:LabelRating_FamillePlus",
        "@type": [
          "LabelRating"
        ],
        "rdfs:label": {
          "de": [
            "Famille plus"
          ],
          "pt": [
            "Famille plus"
          ],
          "en": [
            "Famille plus"
          ],
          "it": [
            "Famille plus"
          ],
          "fr": [
            "Famille plus"
          ],
          "nl": [
            "Famille plus"
          ],
          "es": [
            "Famille plus"
          ]
        },
        "isCompliantWith": [
          "City"
        ]
      }
    },
    {
      "@id": "https://data.datatourisme.fr/bfc0a916-b8e5-308b-89c6-48d14ba204ba",
      "@type": [
        "Review"
      ],
      "hasReviewValue": {
        "@id": "kb:LabelRating_VignoblesDecouvertes",
        "@type": [
          "LabelRating"
        ],
        "rdfs:label": {
          "de": [
            "Vignobles & Découvertes"
          ],
          "pt": [
            "Vignobles & Découvertes"
          ],
          "en": [
            "Vignobles & Découvertes"
          ],
          "it": [
            "Vignobles & Découvertes"
          ],
          "fr": [
            "Vignobles & Découvertes"
          ],
          "nl": [
            "Vignobles & Découvertes"
          ],
          "es": [
            "Vignobles & Découvertes"
          ]
        },
        "isCompliantWith": [
          "Accommodation",
          "BistroOrWineBar",
          "Cellar",
          "CulturalSite",
          "EntertainmentAndEvent",
          "LocalTouristOffice",
          "NaturalHeritage",
          "Practice",
          "Restaurant",
          "Visit"
        ]
      }
    },
    {
      "@id": "https://data.datatourisme.fr/ddfb2e8d-066d-3545-9a47-ffb216f6fd61",
      "@type": [
        "Review"
      ],
      "hasReviewValue": {
        "@id": "kb:LabelRating_ParcNaturelNational",
        "@type": [
          "LabelRating"
        ],
        "rdfs:label": {
          "de": [
            "Parc Naturel National"
          ],
          "pt": [
            "Parc Naturel National"
          ],
          "en": [
            "Parc Naturel National"
          ],
          "it": [
            "Parc Naturel National"
          ],
          "fr": [
            "Parc Naturel National"
          ],
          "nl": [
            "Parc Naturel National"
          ],
          "es": [
            "Parc Naturel National"
          ]
        },
        "isCompliantWith": [
          "PlaceOfInterest"
        ]
      }
    }
  ],
  "hasTranslatedProperty": [
    {
      "@id": "https://data.datatourisme.fr/049f663e-0678-305a-8e0d-5b32c8ededfa",
      "dc:contributor": [
        "https://api.deepl.com/v2/translate"
      ],
      "rdf:language": [
        "en"
      ],
      "rdf:predicate": [
        {
          "@id": "rdfs:comment"
        }
      ]
    }
  ],
  "isLocatedAt": [
    {
      "@id": "https://data.datatourisme.fr/a8ad4736-73c3-3339-a11f-fd511a9cc9f5",
      "schema:address": [
        {
          "@id": "https://data.datatourisme.fr/0612c5e4-45de-3657-8141-ab0522e7cf9f",
          "schema:addressLocality": "Bidon",
          "schema:postalCode": "07700",
          "schema:streetAddress": [
            "2759, Route touristique des Gorges"
          ],
          "@type": [
            "schema:PostalAddress",
            "PostalAddress"
          ],
          "hasAddressCity": {
            "@id": "kb:07034",
            "@type": [
              "City"
            ],
            "rdfs:label": {
              "de": [
                "Bidon"
              ],
              "pt": [
                "Bidon"
              ],
              "en": [
                "Bidon"
              ],
              "it": [
                "Bidon"
              ],
              "fr": [
                "Bidon"
              ],
              "nl": [
                "Bidon"
              ],
              "es": [
                "Bidon"
              ]
            },
            "insee": "07034",
            "isPartOfDepartment": {
              "@id": "kb:France8407",
              "@type": [
                "Department"
              ],
              "rdfs:label": {
                "de": [
                  "Ardèche"
                ],
                "pt": [
                  "Ardèche"
                ],
                "en": [
                  "Ardèche"
                ],
                "it": [
                  "Ardèche"
                ],
                "fr": [
                  "Ardèche"
                ],
                "nl": [
                  "Ardèche"
                ],
                "es": [
                  "Ardèche"
                ]
              },
              "insee": "07",
              "isPartOfRegion": {
                "@id": "kb:France84",
                "@type": [
                  "Region"
                ],
                "rdfs:label": {
                  "de": [
                    "Auvergne-Rhône-Alpes"
                  ],
                  "pt": [
                    "Auvergne-Rhône-Alpes"
                  ],
                  "en": [
                    "Auvergne-Rhône-Alpes"
                  ],
                  "it": [
                    "Auvergne-Rhône-Alpes"
                  ],
                  "fr": [
                    "Auvergne-Rhône-Alpes"
                  ],
                  "nl": [
                    "Auvergne-Rhône-Alpes"
                  ],
                  "es": [
                    "Auvergne-Rhône-Alpes"
                  ]
                },
                "insee": "84",
                "isPartOfCountry": {
                  "@id": "kb:France",
                  "@type": [
                    "schema:Country"
                  ],
                  "rdfs:label": {
                    "de": [
                      "France",
                      "Frankreich"
                    ],
                    "pt": [
                      "França",
                      "France"
                    ],
                    "en": [
                      "France"
                    ],
                    "it": [
                      "France",
                      "Francia"
                    ],
                    "fr": [
                      "France"
                    ],
                    "nl": [
                      "France",
                      "Frankrijk"
                    ],
                    "es": [
                      "France",
                      "Francia"
                    ]
                  }
                }
              }
            }
          }
        }
      ],
      "schema:geo": {
        "@id": "https://data.datatourisme.fr/14b5dc07-d19d-36c0-b70f-66acfe161779",
        "schema:elevation": "0",
        "schema:latitude": "44.33238",
        "schema:longitude": "4.541514",
        "@type": [
          "schema:GeoCoordinates"
        ]
      },
      "schema:openingHoursSpecification": [
        {
          "@id": "https://data.datatourisme.fr/01e9a658-1d71-3e05-a4e3-0d5b6463525d",
          "schema:validFrom": "2020-04-04T00:00:00",
          "schema:validThrough": "2020-11-01T00:00:00",
          "@type": [
            "schema:OpeningHoursSpecification"
          ]
        }
      ],
      "@type": [
        "schema:Place",
        "Place"
      ],
      "airConditioning": false,
      "altInsee": [
        "07034"
      ],
      "internetAccess": false,
      "noSmoking": false,
      "petsAllowed": false
    }
  ],
  "isOwnedBy": [
    {
      "@id": "https://data.datatourisme.fr/698dd9ea-089d-3ea0-8a1b-b63faf2c39d6",
      "schema:legalName": "Gard Tourisme",
      "@type": [
        "schema:Organization",
        "foaf:Agent",
        "Agent"
      ]
    }
  ],
  "lastUpdate": "2022-05-20",
  "lastUpdateDatatourisme": "2022-06-13T20:14:38.225Z",
  "offers": [
    {
      "@id": "https://data.datatourisme.fr/aceeb6d3-cd45-31cd-89d7-78fea9dffcb5",
      "schema:acceptedPaymentMethod": [
        {
          "@id": "kb:HolidayVouchers",
          "@type": [
            "schema:PaymentMethod"
          ],
          "rdfs:label": {
            "de": [
              "Urlaubsschecks"
            ],
            "pt": [
              "Vales de férias"
            ],
            "en": [
              "Holiday vouchers"
            ],
            "it": [
              "Buoni vacanza"
            ],
            "fr": [
              "Chèques vacances"
            ],
            "nl": [
              "Vakantiecheques"
            ],
            "es": [
              "Cheques de vacaciones"
            ]
          }
        }
      ],
      "schema:priceSpecification": [
        {
          "@id": "https://data.datatourisme.fr/8b252b3c-c487-3594-bc18-139eeeb17616",
          "schema:price": "27.5",
          "@type": [
            "schema:PriceSpecification"
          ]
        }
      ],
      "@type": [
        "schema:Offer",
        "Offer"
      ]
    }
  ],
  "reducedMobilityAccess": false
}