{
  "@id": "https://data.datatourisme.fr/47/286a92da-3b33-34a1-b500-83f66a91e547",
  "dc:identifier": "PNARHA0070000066",
  "@type": [
    "schema:Landform",
    "NaturalHeritage",
    "PlaceOfInterest",
    "PointOfInterest"
  ],
  "rdfs:comment": {
    "en": [
      "An exceptional cave in a grandiose setting. The Grotte de la Madeleine, overlooking the Ardèche gorges, is one of the most beautiful in France, with its grandiose volumes, astonishing concretions, and the extraordinary sound and light show. Its belvedere offers a unique view of the gorges."
    ],
    "fr": [
      "Une grotte d'exception dans un cadre grandiose. La Grotte de la Madeleine, à l'aplomb des gorges de l'Ardèche, est une des plus belles de France, avec des volumes grandioses, des concrétions étonnantes, et l'extraordinaire spectacle son et lumière. Son belvédère offre une vue unique sur les gorges."
    ]
  },
  "rdfs:label": {
    "fr": [
      "Grotte de la Madeleine"
    ]
  },
  "owl:sameAs": [
    "http://www.wikidata.org/entity/Q17516228"
  ],
  "availableLanguage": [
    "da",
    "de",
    "en",
    "es",
    "fr",
    "it",
    "nl",
    "ru"
  ],
  "creationDate": "2022-05-20",
  "hasBeenCreatedBy": {
    "@id": "https://data.datatourisme.fr/4ab291f3-1c3e-38db-b462-38e48aa51d3b",
    "schema:legalName": "TOURISME GARD RHODANIEN",
    "@type": [
      "schema:Organization",
      "foaf:Agent",
      "Agent"
    ]
  },
  "hasBeenPublishedBy": [
    {
      "@id": "https://data.datatourisme.fr/e900ea22-f191-39f5-84c7-0f5355f1b3bf",
      "schema:address": [
        {
          "@id": "https://data.datatourisme.fr/1d2de731-15a4-3a06-9ac5-25caed1ceecc",
          "schema:addressLocality": "Nîmes",
          "schema:postOfficeBoxNumber": "122",
          "schema:postalCode": "30010",
          "schema:streetAddress": [
            "11 place du 8 mai"
          ],
          "@type": [
            "schema:PostalAddress",
            "PostalAddress"
          ],
          "cedex": "4",
          "hasAddressCity": {
            "@id": "kb:30189",
            "@type": [
              "City"
            ],
            "rdfs:label": {
              "de": [
                "Nîmes"
              ],
              "pt": [
                "Nîmes"
              ],
              "en": [
                "Nîmes"
              ],
              "it": [
                "Nîmes"
              ],
              "fr": [
                "Nîmes"
              ],
              "nl": [
                "Nîmes"
              ],
              "es": [
                "Nîmes"
              ]
            },
            "insee": "30189",
            "isPartOfDepartment": {
              "@id": "kb:France7630",
              "@type": [
                "Department"
              ],
              "rdfs:label": {
                "de": [
                  "Gard"
                ],
                "pt": [
                  "Gard"
                ],
                "en": [
                  "Gard"
                ],
                "it": [
                  "Gard"
                ],
                "fr": [
                  "Gard"
                ],
                "nl": [
                  "Gard"
                ],
                "es": [
                  "Gard"
                ]
              },
              "insee": "30",
              "isPartOfRegion": {
                "@id": "kb:France76",
                "@type": [
                  "Region"
                ],
                "rdfs:label": {
                  "de": [
                    "Occitanie"
                  ],
                  "pt": [
                    "Occitanie"
                  ],
                  "en": [
                    "Occitanie"
                  ],
                  "it": [
                    "Occitanie"
                  ],
                  "fr": [
                    "Occitanie"
                  ],
                  "nl": [
                    "Occitanie"
                  ],
                  "es": [
                    "Occitanie"
                  ]
                },
                "insee": "76",
                "isPartOfCountry": {
                  "@id": "kb:France",
                  "@type": [
                    "schema:Country"
                  ],
                  "rdfs:label": {
                    "de": [
                      "France",
                      "Frankreich"
                    ],
                    "pt": [
                      "França",
                      "France"
                    ],
                    "en": [
                      "France"
                    ],
                    "it": [
                      "France",
                      "Francia"
                    ],
                    "fr": [
                      "France"
                    ],
                    "nl": [
                      "France",
                      "Frankrijk"
                    ],
                    "es": [
                      "France",
                      "Francia"
                    ]
                  }
                }
              }
            }
          }
        }
      ],
      "schema:email": [
        "contact@tourismegard.com"
      ],
      "schema:legalName": "Gard Tourisme",
      "schema:logo": "https://www.tourismegard.com/Portals/2/Market-place/Le portail des pros du tourisme du Gard_fichiers/logo-Gard-Tourisme.jpg",
      "schema:telephone": [
        "+33 4 66 36 96 30"
      ],
      "@type": [
        "schema:Organization",
        "foaf:Agent",
        "foaf:Organization",
        "Agent",
        "Organisation"
      ],
      "rdfs:comment": {
        "de": [
          "Gard Tourismus"
        ],
        "en": [
          "Gard Tourism"
        ],
        "it": [
          "Gard Turismo"
        ],
        "fr": [
          "Gard Tourisme"
        ],
        "es": [
          "Turismo de Gard"
        ],
        "nl": [
          "Gard Toerisme"
        ]
      },
      "foaf:homepage": [
        "https://www.tourismegard.com/"
      ],
      "apeNaf": "7990Z",
      "hasTranslatedProperty": [
        {
          "@id": "https://data.datatourisme.fr/6e2e57cb-dba1-37c3-8000-0795f52d1c28",
          "dc:contributor": [
            "https://api.deepl.com/v2/translate"
          ],
          "rdf:language": [
            "it"
          ],
          "rdf:predicate": [
            {
              "@id": "rdfs:comment"
            }
          ]
        },
        {
          "@id": "https://data.datatourisme.fr/756d0049-954d-384c-8d4a-6357b6d226b7",
          "dc:contributor": [
            "https://api.deepl.com/v2/translate"
          ],
          "rdf:language": [
            "es"
          ],
          "rdf:predicate": [
            {
              "@id": "rdfs:comment"
            }
          ]
        },
        {
          "@id": "https://data.datatourisme.fr/9b2fcd16-220a-3ecf-b96a-e6efc8d223a1",
          "dc:contributor": [
            "https://api.deepl.com/v2/translate"
          ],
          "rdf:language": [
            "nl"
          ],
          "rdf:predicate": [
            {
              "@id": "rdfs:comment"
            }
          ]
        },
        {
          "@id": "https://data.datatourisme.fr/c0fecbf7-3206-3319-8afe-379170f142db",
          "dc:contributor": [
            "https://api.deepl.com/v2/translate"
          ],
          "rdf:language": [
            "en"
          ],
          "rdf:predicate": [
            {
              "@id": "rdfs:comment"
            }
          ]
        },
        {
          "@id": "https://data.datatourisme.fr/c96fa991-8ce9-3d45-a221-150b48979e66",
          "dc:contributor": [
            "https://api.deepl.com/v2/translate"
          ],
          "rdf:language": [
            "de"
          ],
          "rdf:predicate": [
            {
              "@id": "rdfs:comment"
            }
          ]
        }
      ],
      "siret": "30427598500030"
    }
  ],
  "hasContact": [
    {
      "@id": "https://data.datatourisme.fr/529de6c5-62be-3580-a5b0-a293cb423580",
      "schema:address": [
        {
          "@id": "https://data.datatourisme.fr/b2dcd92e-f96a-33b4-99c6-9d15e2bb92d3",
          "schema:postalCode": "07700",
          "@type": [
            "schema:PostalAddress"
          ]
        }
      ],
      "schema:email": [
        "grottemadeleine@wanadoo.fr"
      ],
      "schema:telephone": [
        "+33 4 75 04 22 20"
      ],
      "@type": [
        "foaf:Agent",
        "Agent"
      ],
      "foaf:homepage": [
        "http://www.grottemadeleine.com/"
      ]
    }
  ],
  "hasDescription": [
    {
      "@id": "https://data.datatourisme.fr/f20f0464-0291-3979-9151-037bf98ad45f",
      "dc:description": {
        "en": [
          "An exceptional cave in a grandiose setting.\nThe Grotte de la Madeleine, overlooking the Ardèche gorges, is one of the most beautiful caves in France, with its grandiose volumes, astonishing concretions, and extraordinary sound and light show. Its belvedere offers a unique view of the gorges."
        ],
        "fr": [
          "Une grotte d'exception dans un cadre grandiose.\nLa Grotte de la Madeleine, à l'aplomb des gorges de l'Ardèche, est une des plus belles de France, avec des volumes grandioses, des concrétions étonnantes, et l'extraordinaire spectacle son et lumière. Son belvédère offre une vue unique sur les gorges."
        ]
      },
      "@type": [
        "Description"
      ],
      "hasTranslatedProperty": [
        {
          "@id": "https://data.datatourisme.fr/46322b4b-1277-3740-a611-0c967aa3b20f",
          "dc:contributor": [
            "https://api.deepl.com/v2/translate"
          ],
          "rdf:language": [
            "en"
          ],
          "rdf:predicate": [
            "shortDescription"
          ]
        },
        {
          "@id": "https://data.datatourisme.fr/cbe21440-4523-33a7-9370-1981d848d471",
          "dc:contributor": [
            "https://api.deepl.com/v2/translate"
          ],
          "rdf:language": [
            "en"
          ],
          "rdf:predicate": [
            {
              "@id": "dc:description"
            }
          ]
        }
      ],
      "shortDescription": {
        "en": [
          "An exceptional cave in a grandiose setting. The Grotte de la Madeleine, overlooking the Ardèche gorges, is one of the most beautiful in France, with its grandiose volumes, astonishing concretions, and the extraordinary sound and light show. Its belvedere offers a unique view of the gorges."
        ],
        "fr": [
          "Une grotte d'exception dans un cadre grandiose. La Grotte de la Madeleine, à l'aplomb des gorges de l'Ardèche, est une des plus belles de France, avec des volumes grandioses, des concrétions étonnantes, et l'extraordinaire spectacle son et lumière. Son belvédère offre une vue unique sur les gorges."
        ]
      }
    }
  ],
  "hasFeature": [
    {
      "@id": "https://data.datatourisme.fr/6a48ef95-3c56-3d8f-9a3c-48289c8f87dc",
      "@type": [
        "schema:PropertyValue",
        "FeatureSpecification"
      ],
      "charged": false,
      "internetAccess": false
    }
  ],
  "hasMainRepresentation": [
    {
      "@id": "https://data.datatourisme.fr/a0c72f74-7353-3305-92d9-181d3c4219f3",
      "ebucore:hasAnnotation": [
        {
          "@id": "https://data.datatourisme.fr/092e925c-31a8-3dec-867d-29be76c30812",
          "ebucore:isCoveredBy": "Droits gérés",
          "ebucore:title": {
            "fr": [
              "Grotte de la Madeleine"
            ]
          },
          "@type": [
            "ebucore:Annotation"
          ],
          "credits": [
            "Droits gérés"
          ]
        }
      ],
      "ebucore:hasRelatedResource": [
        {
          "@id": "https://data.datatourisme.fr/e13f5619-2548-3454-a929-4ad37c672ccd",
          "ebucore:locator": [
            "http://cnstlltn.com/1024x768/88bdd3b4-3b55-45ef-a690-0a2835720103/madeleine.png"
          ],
          "@type": [
            "ebucore:Resource"
          ]
        }
      ],
      "@type": [
        "ebucore:EditorialObject"
      ]
    }
  ],
  "hasRepresentation": [
    {
      "@id": "https://data.datatourisme.fr/55d3d29c-8004-3250-9f64-2a523110306b",
      "ebucore:hasAnnotation": [
        {
          "@id": "https://data.datatourisme.fr/edee0865-adaa-3f75-8091-4135552dd797",
          "ebucore:isCoveredBy": "CC BY-SA 4.0",
          "ebucore:title": {
            "fr": [
              "Grotte de la Madeleine 17"
            ]
          },
          "@type": [
            "ebucore:Annotation"
          ],
          "credits": [
            "Petr1888 (https://commons.wikimedia.org/w/index.php?title=User:Petr1888&amp;action=edit&amp;redlink=1)"
          ]
        }
      ],
      "ebucore:hasRelatedResource": [
        {
          "@id": "https://data.datatourisme.fr/5142e301-b9de-34a3-8ae5-53ef6ef261b4",
          "ebucore:fileSize": [
            4113431
          ],
          "ebucore:hasMimeType": [
            {
              "@id": "kb:JPEG",
              "@type": [
                "ebucore:MimeType"
              ],
              "rdfs:comment": {
                "de": [
                  "JPEG-Bild"
                ],
                "pt": [
                  "Imagem JPEG"
                ],
                "en": [
                  "JPEG image file"
                ],
                "it": [
                  "Immagine JPEG"
                ],
                "fr": [
                  "Image JPEG"
                ],
                "nl": [
                  "JPEG-afbeelding"
                ],
                "es": [
                  "Imagen JPEG"
                ]
              },
              "rdfs:label": {
                "de": [
                  "image/jpeg"
                ],
                "pt": [
                  "image/jpeg"
                ],
                "en": [
                  "image/jpeg"
                ],
                "it": [
                  "image/jpeg"
                ],
                "fr": [
                  "image/jpeg"
                ],
                "nl": [
                  "image/jpeg"
                ],
                "es": [
                  "image/jpeg"
                ]
              }
            }
          ],
          "ebucore:height": 2336,
          "ebucore:locator": [
            "https://upload.wikimedia.org/wikipedia/commons/9/98/Grotte_de_la_Madeleine_17.JPG"
          ],
          "ebucore:width": 3504,
          "@type": [
            "ebucore:Resource"
          ]
        }
      ],
      "@type": [
        "ebucore:EditorialObject"
      ]
    },
    {
      "@id": "https://data.datatourisme.fr/a0c72f74-7353-3305-92d9-181d3c4219f3",
      "ebucore:hasAnnotation": [
        {
          "@id": "https://data.datatourisme.fr/092e925c-31a8-3dec-867d-29be76c30812",
          "ebucore:isCoveredBy": "Droits gérés",
          "ebucore:title": {
            "fr": [
              "Grotte de la Madeleine"
            ]
          },
          "@type": [
            "ebucore:Annotation"
          ],
          "credits": [
            "Droits gérés"
          ]
        }
      ],
      "ebucore:hasRelatedResource": [
        {
          "@id": "https://data.datatourisme.fr/e13f5619-2548-3454-a929-4ad37c672ccd",
          "ebucore:locator": [
            "http://cnstlltn.com/1024x768/88bdd3b4-3b55-45ef-a690-0a2835720103/madeleine.png"
          ],
          "@type": [
            "ebucore:Resource"
          ]
        }
      ],
      "@type": [
        "ebucore:EditorialObject"
      ]
    }
  ],
  "hasTranslatedProperty": [
    {
      "@id": "https://data.datatourisme.fr/61dc7e26-c3e3-340c-9a6d-056368a178a1",
      "dc:contributor": [
        "https://api.deepl.com/v2/translate"
      ],
      "rdf:language": [
        "en"
      ],
      "rdf:predicate": [
        {
          "@id": "rdfs:comment"
        }
      ]
    }
  ],
  "isLocatedAt": [
    {
      "@id": "https://data.datatourisme.fr/cac66840-fb06-3a46-963b-09a15b7295c7",
      "schema:address": [
        {
          "@id": "https://data.datatourisme.fr/2b6655d6-dfbb-3600-8b13-be9e6a1636b9",
          "schema:addressLocality": "Saint-Remèze",
          "schema:postalCode": "07700",
          "schema:streetAddress": [
            "Route touristique des Gorges de l'Ardèche"
          ],
          "@type": [
            "schema:PostalAddress",
            "PostalAddress"
          ],
          "hasAddressCity": {
            "@id": "kb:07291",
            "@type": [
              "City"
            ],
            "rdfs:label": {
              "de": [
                "Saint-Remèze"
              ],
              "pt": [
                "Saint-Remèze"
              ],
              "en": [
                "Saint-Remèze"
              ],
              "it": [
                "Saint-Remèze"
              ],
              "fr": [
                "Saint-Remèze"
              ],
              "nl": [
                "Saint-Remèze"
              ],
              "es": [
                "Saint-Remèze"
              ]
            },
            "insee": "07291",
            "isPartOfDepartment": {
              "@id": "kb:France8407",
              "@type": [
                "Department"
              ],
              "rdfs:label": {
                "de": [
                  "Ardèche"
                ],
                "pt": [
                  "Ardèche"
                ],
                "en": [
                  "Ardèche"
                ],
                "it": [
                  "Ardèche"
                ],
                "fr": [
                  "Ardèche"
                ],
                "nl": [
                  "Ardèche"
                ],
                "es": [
                  "Ardèche"
                ]
              },
              "insee": "07",
              "isPartOfRegion": {
                "@id": "kb:France84",
                "@type": [
                  "Region"
                ],
                "rdfs:label": {
                  "de": [
                    "Auvergne-Rhône-Alpes"
                  ],
                  "pt": [
                    "Auvergne-Rhône-Alpes"
                  ],
                  "en": [
                    "Auvergne-Rhône-Alpes"
                  ],
                  "it": [
                    "Auvergne-Rhône-Alpes"
                  ],
                  "fr": [
                    "Auvergne-Rhône-Alpes"
                  ],
                  "nl": [
                    "Auvergne-Rhône-Alpes"
                  ],
                  "es": [
                    "Auvergne-Rhône-Alpes"
                  ]
                },
                "insee": "84",
                "isPartOfCountry": {
                  "@id": "kb:France",
                  "@type": [
                    "schema:Country"
                  ],
                  "rdfs:label": {
                    "de": [
                      "France",
                      "Frankreich"
                    ],
                    "pt": [
                      "França",
                      "France"
                    ],
                    "en": [
                      "France"
                    ],
                    "it": [
                      "France",
                      "Francia"
                    ],
                    "fr": [
                      "France"
                    ],
                    "nl": [
                      "France",
                      "Frankrijk"
                    ],
                    "es": [
                      "France",
                      "Francia"
                    ]
                  }
                }
              }
            }
          }
        }
      ],
      "schema:geo": {
        "@id": "https://data.datatourisme.fr/3132eda1-a0c6-3c95-8b81-67c08f55ecc4",
        "schema:elevation": "0",
        "schema:latitude": "44.34041",
        "schema:longitude": "4.483636",
        "@type": [
          "schema:GeoCoordinates"
        ]
      },
      "schema:openingHoursSpecification": [
        {
          "@id": "https://data.datatourisme.fr/1f281f0a-f6b5-3b7b-9284-9b956cb3e332",
          "schema:validFrom": "2020-04-01T00:00:00",
          "schema:validThrough": "2020-11-01T00:00:00",
          "@type": [
            "schema:OpeningHoursSpecification"
          ]
        }
      ],
      "@type": [
        "schema:Place",
        "Place"
      ],
      "airConditioning": false,
      "altInsee": [
        "07291"
      ],
      "internetAccess": false,
      "noSmoking": false,
      "petsAllowed": true
    }
  ],
  "isOwnedBy": [
    {
      "@id": "https://data.datatourisme.fr/698dd9ea-089d-3ea0-8a1b-b63faf2c39d6",
      "schema:legalName": "Gard Tourisme",
      "@type": [
        "schema:Organization",
        "foaf:Agent",
        "Agent"
      ]
    }
  ],
  "lastUpdate": "2022-05-20",
  "lastUpdateDatatourisme": "2022-06-13T20:14:38.226Z",
  "offers": [
    {
      "@id": "https://data.datatourisme.fr/da93fa28-888b-3a16-a582-58bcbd2c7f67",
      "schema:acceptedPaymentMethod": [
        {
          "@id": "kb:HolidayVouchers",
          "@type": [
            "schema:PaymentMethod"
          ],
          "rdfs:label": {
            "de": [
              "Urlaubsschecks"
            ],
            "pt": [
              "Vales de férias"
            ],
            "en": [
              "Holiday vouchers"
            ],
            "it": [
              "Buoni vacanza"
            ],
            "fr": [
              "Chèques vacances"
            ],
            "nl": [
              "Vakantiecheques"
            ],
            "es": [
              "Cheques de vacaciones"
            ]
          }
        }
      ],
      "schema:priceSpecification": [
        {
          "@id": "https://data.datatourisme.fr/d4f22b88-e208-3918-b701-3d786d6f2e84",
          "schema:price": "6.5",
          "@type": [
            "schema:PriceSpecification"
          ]
        }
      ],
      "@type": [
        "schema:Offer",
        "Offer"
      ]
    }
  ],
  "reducedMobilityAccess": false
}