{
  "@id": "https://data.datatourisme.fr/13/19b73082-c125-327e-9da5-8bb83e006fa9",
  "dc:identifier": "677976",
  "@type": [
    "schema:NightClub",
    "NightClub",
    "PlaceOfInterest",
    "PointOfInterest",
    "SportsAndLeisurePlace"
  ],
  "rdfs:comment": {
    "de": [
      "Das kulturelle und festliche Glazart ist ein atypischer Ort mit einem eklektischen und anspruchsvollen Programm."
    ],
    "en": [
      "Cultural and festive, the Glazart is an atypical place with an eclectic and specialized programming."
    ],
    "it": [
      "Culturale e festoso, il Glazart è un locale atipico con un programma eclettico e all'avanguardia."
    ],
    "fr": [
      "Culturel et festif, le Glazart est un lieu atypique à la programmation éclectique et pointue."
    ],
    "nl": [
      "Cultureel en feestelijk, de Glazart is een atypische zaal met een eclectisch en vooruitstrevend programma."
    ],
    "es": [
      "Cultural y festivo, el Glazart es un local atípico con una programación ecléctica y vanguardista."
    ]
  },
  "rdfs:label": {
    "en": [
      "Glazart / La Plage de Glazart"
    ],
    "fr": [
      "Glazart / La Plage de Glazart"
    ]
  },
  "hasBeenCreatedBy": {
    "@id": "https://data.datatourisme.fr/13/03e0704b-5690-32de-a186-1dc3ad3316c9",
    "dc:identifier": "1019",
    "schema:email": [
      "bgeigle@visitparisregion.com",
      "hcaldo@visitparisregion.com",
      "mtanaskovic@visitparisregion.com"
    ],
    "schema:legalName": "Choose Paris Region",
    "@type": [
      "schema:Organization",
      "foaf:Agent",
      "Agent"
    ],
    "foaf:homepage": [
      "http://www.visitparisregion.com/"
    ]
  },
  "hasBeenPublishedBy": [
    {
      "@id": "https://data.datatourisme.fr/8a9feb4b-2cbd-3d2c-b507-bd6c6776b23b",
      "schema:legalName": "Apidae Tourisme Scic SA - source : Apidae Tourisme",
      "@type": [
        "schema:Organization",
        "foaf:Agent",
        "Agent"
      ],
      "foaf:homepage": [
        "https://www.apidae-tourisme.com/"
      ]
    }
  ],
  "hasContact": [
    {
      "@id": "https://data.datatourisme.fr/1fcb0889-6b67-3639-98ff-2375f11f5d71",
      "schema:telephone": [
        "+33 1 40 36 55 65"
      ],
      "@type": [
        "foaf:Agent",
        "Agent"
      ],
      "foaf:homepage": [
        "http://www.glazart.com/"
      ]
    }
  ],
  "hasDescription": [
    {
      "@id": "https://data.datatourisme.fr/a1fee746-4bad-317c-9dfc-b2742d68793c",
      "@type": [
        "Description"
      ],
      "hasTranslatedProperty": [
        {
          "@id": "https://data.datatourisme.fr/20713196-ee32-3f92-afbd-92d1efe99bf2",
          "dc:contributor": [
            "https://api.deepl.com/v2/translate"
          ],
          "rdf:language": [
            "nl"
          ],
          "rdf:predicate": [
            "shortDescription"
          ]
        },
        {
          "@id": "https://data.datatourisme.fr/42927d95-8982-3a1f-a829-2e71e00c8761",
          "dc:contributor": [
            "https://api.deepl.com/v2/translate"
          ],
          "rdf:language": [
            "es"
          ],
          "rdf:predicate": [
            "shortDescription"
          ]
        },
        {
          "@id": "https://data.datatourisme.fr/7e3d0897-66ef-3a0b-a733-40c4addb1da3",
          "dc:contributor": [
            "https://api.deepl.com/v2/translate"
          ],
          "rdf:language": [
            "de"
          ],
          "rdf:predicate": [
            "shortDescription"
          ]
        },
        {
          "@id": "https://data.datatourisme.fr/a5d8ac44-6e66-337e-908f-995185dff536",
          "dc:contributor": [
            "https://api.deepl.com/v2/translate"
          ],
          "rdf:language": [
            "it"
          ],
          "rdf:predicate": [
            "shortDescription"
          ]
        },
        {
          "@id": "https://data.datatourisme.fr/b868e746-339b-324c-8974-68f0ca227761",
          "dc:contributor": [
            "https://api.deepl.com/v2/translate"
          ],
          "rdf:language": [
            "en"
          ],
          "rdf:predicate": [
            "shortDescription"
          ]
        }
      ],
      "shortDescription": {
        "de": [
          "Das kulturelle und festliche Glazart ist ein atypischer Ort mit einem eklektischen und anspruchsvollen Programm."
        ],
        "en": [
          "Cultural and festive, the Glazart is an atypical place with an eclectic and specialized programming."
        ],
        "it": [
          "Culturale e festoso, il Glazart è un locale atipico con un programma eclettico e all'avanguardia."
        ],
        "fr": [
          "Culturel et festif, le Glazart est un lieu atypique à la programmation éclectique et pointue."
        ],
        "nl": [
          "Cultureel en feestelijk, de Glazart is een atypische zaal met een eclectisch en vooruitstrevend programma."
        ],
        "es": [
          "Cultural y festivo, el Glazart es un local atípico con una programación ecléctica y vanguardista."
        ]
      }
    }
  ],
  "hasTranslatedProperty": [
    {
      "@id": "https://data.datatourisme.fr/034dc86d-0881-31d4-8340-e8e71a2e9c9c",
      "dc:contributor": [
        "https://api.deepl.com/v2/translate"
      ],
      "rdf:language": [
        "en"
      ],
      "rdf:predicate": [
        {
          "@id": "rdfs:comment"
        }
      ]
    },
    {
      "@id": "https://data.datatourisme.fr/0ccd7601-2490-3a0c-9f62-575b66f2ddb9",
      "dc:contributor": [
        "https://api.deepl.com/v2/translate"
      ],
      "rdf:language": [
        "nl"
      ],
      "rdf:predicate": [
        {
          "@id": "rdfs:comment"
        }
      ]
    },
    {
      "@id": "https://data.datatourisme.fr/2f47a308-566c-3054-a3e9-6c01756fe14c",
      "dc:contributor": [
        "https://api.deepl.com/v2/translate"
      ],
      "rdf:language": [
        "de"
      ],
      "rdf:predicate": [
        {
          "@id": "rdfs:comment"
        }
      ]
    },
    {
      "@id": "https://data.datatourisme.fr/ef70af90-9f4d-38c7-bfab-cc5f047ed9a6",
      "dc:contributor": [
        "https://api.deepl.com/v2/translate"
      ],
      "rdf:language": [
        "it"
      ],
      "rdf:predicate": [
        {
          "@id": "rdfs:comment"
        }
      ]
    },
    {
      "@id": "https://data.datatourisme.fr/f0242a1b-1317-3474-9503-6d86345a7e58",
      "dc:contributor": [
        "https://api.deepl.com/v2/translate"
      ],
      "rdf:language": [
        "es"
      ],
      "rdf:predicate": [
        {
          "@id": "rdfs:comment"
        }
      ]
    }
  ],
  "isLocatedAt": [
    {
      "@id": "https://data.datatourisme.fr/5430e5bf-a228-34d9-bead-d1fd35c9dafc",
      "schema:address": [
        {
          "@id": "https://data.datatourisme.fr/0d84a911-da76-3cf1-9847-be43dc3a9b4e",
          "schema:addressLocality": "Paris",
          "schema:postalCode": "75019",
          "schema:streetAddress": [
            "7-15 Avenue de la Porte de la Villette"
          ],
          "@type": [
            "schema:PostalAddress",
            "PostalAddress"
          ],
          "hasAddressCity": {
            "@id": "kb:75056",
            "@type": [
              "City"
            ],
            "rdfs:label": {
              "de": [
                "Paris"
              ],
              "pt": [
                "Paris"
              ],
              "en": [
                "Paris"
              ],
              "it": [
                "Paris"
              ],
              "fr": [
                "Paris"
              ],
              "nl": [
                "Paris"
              ],
              "es": [
                "Paris"
              ]
            },
            "insee": "75056",
            "isPartOfDepartment": {
              "@id": "kb:France1175",
              "@type": [
                "Department"
              ],
              "rdfs:label": {
                "de": [
                  "Paris"
                ],
                "pt": [
                  "Paris"
                ],
                "en": [
                  "Paris"
                ],
                "it": [
                  "Paris"
                ],
                "fr": [
                  "Paris"
                ],
                "nl": [
                  "Paris"
                ],
                "es": [
                  "Paris"
                ]
              },
              "insee": "75",
              "isPartOfRegion": {
                "@id": "kb:France11",
                "@type": [
                  "Region"
                ],
                "rdfs:label": {
                  "de": [
                    "Île-de-France"
                  ],
                  "pt": [
                    "Île-de-France"
                  ],
                  "en": [
                    "Île-de-France"
                  ],
                  "it": [
                    "Île-de-France"
                  ],
                  "fr": [
                    "Île-de-France"
                  ],
                  "nl": [
                    "Île-de-France"
                  ],
                  "es": [
                    "Île-de-France"
                  ]
                },
                "insee": "11",
                "isPartOfCountry": {
                  "@id": "kb:France",
                  "@type": [
                    "schema:Country"
                  ],
                  "rdfs:label": {
                    "de": [
                      "France",
                      "Frankreich"
                    ],
                    "pt": [
                      "França",
                      "France"
                    ],
                    "en": [
                      "France"
                    ],
                    "it": [
                      "France",
                      "Francia"
                    ],
                    "fr": [
                      "France"
                    ],
                    "nl": [
                      "France",
                      "Frankrijk"
                    ],
                    "es": [
                      "France",
                      "Francia"
                    ]
                  }
                }
              }
            }
          }
        }
      ],
      "schema:geo": {
        "@id": "https://data.datatourisme.fr/fd4fbf2c-3452-3d4e-b5c1-767b4c07d7f5",
        "schema:latitude": "48.899478",
        "schema:longitude": "2.38694",
        "@type": [
          "schema:GeoCoordinates"
        ]
      },
      "schema:openingHoursSpecification": [
        {
          "@id": "https://data.datatourisme.fr/43dd0094-06e5-3ab7-9b8c-ea0285d1f918",
          "schema:validFrom": "2023-01-01T00:00:00",
          "schema:validThrough": "2023-12-31T23:59:59",
          "@type": [
            "schema:OpeningHoursSpecification"
          ],
          "additionalInformation": {
            "de": [
              "freitag: 23:55 - 06:00 Uhr\r\nSamstag: 06:30 - 17:00 Uhr, 23:55 - 06:00 Uhr\r\nSonntag: 06.30 - 17 Uhr"
            ],
            "en": [
              "friday: 11.55pm - 6am\r\nSaturday: 6.30am - 5pm, 11.55pm - 6am\r\nSunday: 6:30am - 5pm"
            ],
            "it": [
              "venerdì: dalle 23.55 alle 6.00\r\nSabato: 6.30-17.00, 11.55-6.00\r\nDomenica: dalle 6.30 alle 17.00"
            ],
            "fr": [
              "vendredi : 23h55 - 6h\r\nSamedi : 06h30 - 17h, 23h55 - 06h\r\nDimanche : 06h30 - 17h"
            ],
            "nl": [
              "vrijdag: 23.55 - 06.00\r\nZaterdag: 6.30 - 17.00 uur, 23.55 - 6.00 uur\r\nZondag: 6.30 - 17.00"
            ],
            "es": [
              "viernes: 23.55 h - 6.00 h\r\nSábado: 6.30 h - 17 h, 23.55 h - 6 h\r\nDomingo: de 6.30 a 17.00 horas"
            ]
          },
          "hasTranslatedProperty": [
            {
              "@id": "https://data.datatourisme.fr/3c346c82-214b-305a-96c8-ec89ae486005",
              "dc:contributor": [
                "https://api.deepl.com/v2/translate"
              ],
              "rdf:language": [
                "de"
              ],
              "rdf:predicate": [
                "additionalInformation"
              ]
            },
            {
              "@id": "https://data.datatourisme.fr/48cf6eff-4793-3220-a8d0-e0385349fc5e",
              "dc:contributor": [
                "https://api.deepl.com/v2/translate"
              ],
              "rdf:language": [
                "es"
              ],
              "rdf:predicate": [
                "additionalInformation"
              ]
            },
            {
              "@id": "https://data.datatourisme.fr/79a92ff1-4523-39db-8e2a-1090f18b5943",
              "dc:contributor": [
                "https://api.deepl.com/v2/translate"
              ],
              "rdf:language": [
                "nl"
              ],
              "rdf:predicate": [
                "additionalInformation"
              ]
            },
            {
              "@id": "https://data.datatourisme.fr/8559481a-0ef2-3619-952a-af86557b0b1f",
              "dc:contributor": [
                "https://api.deepl.com/v2/translate"
              ],
              "rdf:language": [
                "en"
              ],
              "rdf:predicate": [
                "additionalInformation"
              ]
            },
            {
              "@id": "https://data.datatourisme.fr/d0fcae10-005c-35c7-baee-9223aef0e019",
              "dc:contributor": [
                "https://api.deepl.com/v2/translate"
              ],
              "rdf:language": [
                "it"
              ],
              "rdf:predicate": [
                "additionalInformation"
              ]
            }
          ]
        }
      ],
      "@type": [
        "schema:Place",
        "Place"
      ]
    }
  ],
  "isOwnedBy": [
    {
      "@id": "https://data.datatourisme.fr/26ecd6f0-563c-356a-b0f9-ad3ec17effc4",
      "schema:email": [
        "bgeigle@visitparisregion.com",
        "hcaldo@visitparisregion.com",
        "mtanaskovic@visitparisregion.com"
      ],
      "schema:legalName": "Comité Régional du Tourisme Paris Ile de France",
      "@type": [
        "schema:Organization",
        "foaf:Agent",
        "Agent"
      ],
      "foaf:homepage": [
        "http://www.visitparisregion.com/"
      ]
    }
  ],
  "lastUpdate": "2023-08-02",
  "lastUpdateDatatourisme": "2023-10-02T05:53:31.805Z",
  "offers": [
    {
      "@id": "https://data.datatourisme.fr/1bafdf05-f569-3364-a707-346aa59c067b",
      "schema:priceSpecification": [
        {
          "@id": "https://data.datatourisme.fr/0aa5661c-ce31-39b6-8460-059f93926947",
          "@type": [
            "schema:PriceSpecification",
            "PriceSpecification"
          ],
          "appliesOnPeriod": [
            {
              "@id": "https://data.datatourisme.fr/f6e21f79-2c4f-3c46-b4a9-1ca285391041",
              "@type": [
                "Period"
              ],
              "endDate": "2018-12-31",
              "startDate": "2018-01-01"
            }
          ]
        }
      ],
      "@type": [
        "schema:Offer",
        "Offer"
      ]
    }
  ]
}