{
  "@id": "https://data.datatourisme.fr/13/843ea2b1-8caa-3a9a-9dd3-658ae6a833e0",
  "dc:identifier": "677844",
  "@type": [
    "schema:CivicStructure",
    "schema:LocalBusiness",
    "schema:Zoo",
    "EquestrianCenter",
    "PlaceOfInterest",
    "PlayArea",
    "PointOfInterest",
    "SportsAndLeisurePlace",
    "ZooAnimalPark"
  ],
  "rdfs:comment": {
    "de": [
      "Am Rande des Bois de Boulogne empfängt Sie seit 1860 der Jardin d'Acclimatation! Dieser Freizeit- und Spazierpark verspricht Ihnen einen Tag voller Entspannung, Spiel und Entdeckungen."
    ],
    "en": [
      "It is at the edge of the Bois de Boulogne that, since 1860, the acclimatisation garden welcomes you! This leisure and walking park promises you a day shared between relaxation, games and discoveries."
    ],
    "it": [
      "Dal 1860, il Jardin d'Acclimatation vi accoglie ai margini del Bois de Boulogne! Questo parco per il tempo libero e le passeggiate vi promette una giornata di relax, giochi e scoperte."
    ],
    "fr": [
      "C’est à l’orée du bois de Boulogne que vous accueille, depuis 1860, le jardin d’acclimatation ! Ce parc de loisir et de promenade vous promet une journée partagée entre détente, jeux et découvertes."
    ],
    "nl": [
      "Sinds 1860 verwelkomt de Jardin d'Acclimatation u aan de rand van het Bois de Boulogne! Dit recreatie- en wandelpark belooft u een dag van ontspanning, spel en ontdekking."
    ],
    "es": [
      "Desde 1860, el Jardín de Aclimatación le da la bienvenida al borde del Bosque de Boulogne Este parque de ocio y paseo le promete un día de relax, juegos y descubrimientos."
    ]
  },
  "rdfs:label": {
    "en": [
      "Jardin d'Acclimatation"
    ],
    "fr": [
      "Jardin d'Acclimatation"
    ]
  },
  "hasBeenCreatedBy": {
    "@id": "https://data.datatourisme.fr/13/03e0704b-5690-32de-a186-1dc3ad3316c9",
    "dc:identifier": "1019",
    "schema:email": [
      "bgeigle@visitparisregion.com",
      "hcaldo@visitparisregion.com",
      "mtanaskovic@visitparisregion.com"
    ],
    "schema:legalName": "Choose Paris Region",
    "@type": [
      "schema:Organization",
      "foaf:Agent",
      "Agent"
    ],
    "foaf:homepage": [
      "http://www.visitparisregion.com/"
    ]
  },
  "hasBeenPublishedBy": [
    {
      "@id": "https://data.datatourisme.fr/8a9feb4b-2cbd-3d2c-b507-bd6c6776b23b",
      "schema:legalName": "Apidae Tourisme Scic SA - source : Apidae Tourisme",
      "@type": [
        "schema:Organization",
        "foaf:Agent",
        "Agent"
      ],
      "foaf:homepage": [
        "https://www.apidae-tourisme.com/"
      ]
    }
  ],
  "hasContact": [
    {
      "@id": "https://data.datatourisme.fr/45faa111-7dee-3b5a-bb45-91d313b5a254",
      "schema:email": [
        "infos@jardindacclimatation.fr"
      ],
      "schema:telephone": [
        "+33 1 40 67 90 85"
      ],
      "@type": [
        "foaf:Agent",
        "Agent"
      ],
      "foaf:homepage": [
        "http://www.jardindacclimatation.fr/"
      ]
    }
  ],
  "hasDescription": [
    {
      "@id": "https://data.datatourisme.fr/4f699db9-d4d4-3feb-8514-a3c9293d1e26",
      "@type": [
        "Description"
      ],
      "hasTranslatedProperty": [
        {
          "@id": "https://data.datatourisme.fr/16930b1a-a183-3ca7-857b-79d071ed6ad3",
          "dc:contributor": [
            "https://api.deepl.com/v2/translate"
          ],
          "rdf:language": [
            "de"
          ],
          "rdf:predicate": [
            "shortDescription"
          ]
        },
        {
          "@id": "https://data.datatourisme.fr/22ade7ee-960a-3282-8203-2ea6e31cba06",
          "dc:contributor": [
            "https://api.deepl.com/v2/translate"
          ],
          "rdf:language": [
            "nl"
          ],
          "rdf:predicate": [
            "shortDescription"
          ]
        },
        {
          "@id": "https://data.datatourisme.fr/5736fa08-8159-358e-a3fb-d1fc403c6077",
          "dc:contributor": [
            "https://api.deepl.com/v2/translate"
          ],
          "rdf:language": [
            "it"
          ],
          "rdf:predicate": [
            "shortDescription"
          ]
        },
        {
          "@id": "https://data.datatourisme.fr/72e509fc-00e9-3c31-90b9-60529ab7c2fd",
          "dc:contributor": [
            "https://api.deepl.com/v2/translate"
          ],
          "rdf:language": [
            "es"
          ],
          "rdf:predicate": [
            "shortDescription"
          ]
        },
        {
          "@id": "https://data.datatourisme.fr/cbd20751-14be-38e0-ab40-a49a9598a96b",
          "dc:contributor": [
            "https://api.deepl.com/v2/translate"
          ],
          "rdf:language": [
            "en"
          ],
          "rdf:predicate": [
            "shortDescription"
          ]
        }
      ],
      "shortDescription": {
        "de": [
          "Am Rande des Bois de Boulogne empfängt Sie seit 1860 der Jardin d'Acclimatation! Dieser Freizeit- und Spazierpark verspricht Ihnen einen Tag voller Entspannung, Spiel und Entdeckungen."
        ],
        "en": [
          "It is at the edge of the Bois de Boulogne that, since 1860, the acclimatisation garden welcomes you! This leisure and walking park promises you a day shared between relaxation, games and discoveries."
        ],
        "it": [
          "Dal 1860, il Jardin d'Acclimatation vi accoglie ai margini del Bois de Boulogne! Questo parco per il tempo libero e le passeggiate vi promette una giornata di relax, giochi e scoperte."
        ],
        "fr": [
          "C’est à l’orée du bois de Boulogne que vous accueille, depuis 1860, le jardin d’acclimatation ! Ce parc de loisir et de promenade vous promet une journée partagée entre détente, jeux et découvertes."
        ],
        "nl": [
          "Sinds 1860 verwelkomt de Jardin d'Acclimatation u aan de rand van het Bois de Boulogne! Dit recreatie- en wandelpark belooft u een dag van ontspanning, spel en ontdekking."
        ],
        "es": [
          "Desde 1860, el Jardín de Aclimatación le da la bienvenida al borde del Bosque de Boulogne Este parque de ocio y paseo le promete un día de relax, juegos y descubrimientos."
        ]
      }
    }
  ],
  "hasTheme": [
    {
      "@id": "kb:Riding",
      "@type": [
        "SportsTheme"
      ],
      "rdfs:label": {
        "de": [
          "Reiten"
        ],
        "pt": [
          "Equitação"
        ],
        "en": [
          "Riding"
        ],
        "it": [
          "Equitazione"
        ],
        "fr": [
          "Equitation"
        ],
        "nl": [
          "Paardrijden"
        ],
        "es": [
          "Equitación"
        ]
      }
    }
  ],
  "hasTranslatedProperty": [
    {
      "@id": "https://data.datatourisme.fr/0b80acfb-1b7e-3fe8-b872-99cee3e03cd3",
      "dc:contributor": [
        "https://api.deepl.com/v2/translate"
      ],
      "rdf:language": [
        "en"
      ],
      "rdf:predicate": [
        {
          "@id": "rdfs:comment"
        }
      ]
    },
    {
      "@id": "https://data.datatourisme.fr/6eb7d0a8-7d61-3f28-a239-f8977a4a2121",
      "dc:contributor": [
        "https://api.deepl.com/v2/translate"
      ],
      "rdf:language": [
        "de"
      ],
      "rdf:predicate": [
        {
          "@id": "rdfs:comment"
        }
      ]
    },
    {
      "@id": "https://data.datatourisme.fr/cb941dec-616a-3d37-8a51-130d1041a874",
      "dc:contributor": [
        "https://api.deepl.com/v2/translate"
      ],
      "rdf:language": [
        "nl"
      ],
      "rdf:predicate": [
        {
          "@id": "rdfs:comment"
        }
      ]
    },
    {
      "@id": "https://data.datatourisme.fr/edfeac60-b627-3e2d-9938-c7da10aee60b",
      "dc:contributor": [
        "https://api.deepl.com/v2/translate"
      ],
      "rdf:language": [
        "it"
      ],
      "rdf:predicate": [
        {
          "@id": "rdfs:comment"
        }
      ]
    },
    {
      "@id": "https://data.datatourisme.fr/f4768963-acd0-3256-9a84-676afe6fab96",
      "dc:contributor": [
        "https://api.deepl.com/v2/translate"
      ],
      "rdf:language": [
        "es"
      ],
      "rdf:predicate": [
        {
          "@id": "rdfs:comment"
        }
      ]
    }
  ],
  "isLocatedAt": [
    {
      "@id": "https://data.datatourisme.fr/2802cff3-9f32-3273-acaf-88c3f9b4a481",
      "schema:address": [
        {
          "@id": "https://data.datatourisme.fr/bed8e3a7-ec9e-33b1-ac96-1d75fb92544e",
          "schema:addressLocality": "Paris 16e Arrondissement",
          "schema:postalCode": "75016",
          "schema:streetAddress": [
            "Bois de Boulogne"
          ],
          "@type": [
            "schema:PostalAddress",
            "PostalAddress"
          ],
          "hasAddressCity": {
            "@id": "kb:75116",
            "@type": [
              "City"
            ],
            "rdfs:label": {
              "de": [
                "Paris 16e Arrondissement"
              ],
              "pt": [
                "Paris 16e Arrondissement"
              ],
              "en": [
                "Paris 16e Arrondissement"
              ],
              "it": [
                "Paris 16e Arrondissement"
              ],
              "fr": [
                "Paris 16e Arrondissement"
              ],
              "nl": [
                "Paris 16e Arrondissement"
              ],
              "es": [
                "Paris 16e Arrondissement"
              ]
            },
            "insee": "75116",
            "isPartOfDepartment": {
              "@id": "kb:France1175",
              "@type": [
                "Department"
              ],
              "rdfs:label": {
                "de": [
                  "Paris"
                ],
                "pt": [
                  "Paris"
                ],
                "en": [
                  "Paris"
                ],
                "it": [
                  "Paris"
                ],
                "fr": [
                  "Paris"
                ],
                "nl": [
                  "Paris"
                ],
                "es": [
                  "Paris"
                ]
              },
              "insee": "75",
              "isPartOfRegion": {
                "@id": "kb:France11",
                "@type": [
                  "Region"
                ],
                "rdfs:label": {
                  "de": [
                    "Île-de-France"
                  ],
                  "pt": [
                    "Île-de-France"
                  ],
                  "en": [
                    "Île-de-France"
                  ],
                  "it": [
                    "Île-de-France"
                  ],
                  "fr": [
                    "Île-de-France"
                  ],
                  "nl": [
                    "Île-de-France"
                  ],
                  "es": [
                    "Île-de-France"
                  ]
                },
                "insee": "11",
                "isPartOfCountry": {
                  "@id": "kb:France",
                  "@type": [
                    "schema:Country"
                  ],
                  "rdfs:label": {
                    "de": [
                      "France",
                      "Frankreich"
                    ],
                    "pt": [
                      "França",
                      "France"
                    ],
                    "en": [
                      "France"
                    ],
                    "it": [
                      "France",
                      "Francia"
                    ],
                    "fr": [
                      "France"
                    ],
                    "nl": [
                      "France",
                      "Frankrijk"
                    ],
                    "es": [
                      "France",
                      "Francia"
                    ]
                  }
                }
              }
            }
          }
        }
      ],
      "schema:geo": {
        "@id": "https://data.datatourisme.fr/c291a6a0-b240-3ff9-b7ab-2365e560e108",
        "schema:latitude": "48.878361",
        "schema:longitude": "2.264708",
        "@type": [
          "schema:GeoCoordinates"
        ]
      },
      "schema:openingHoursSpecification": [
        {
          "@id": "https://data.datatourisme.fr/c265ac2d-6292-3ee9-83e1-e286850b2cc3",
          "schema:validFrom": "2023-01-01T00:00:00",
          "schema:validThrough": "2023-12-31T23:59:59",
          "@type": [
            "schema:OpeningHoursSpecification"
          ],
          "additionalInformation": {
            "de": [
              "Finden Sie alle Fahrpläne auf http://www.jardindacclimatation.fr/"
            ],
            "en": [
              "Find all the timetables on http://www.jardindacclimatation.fr/"
            ],
            "it": [
              "Trovate tutti gli orari su http://www.jardindacclimatation.fr/"
            ],
            "fr": [
              "Retrouvez tous les horaires sur http://www.jardindacclimatation.fr/"
            ],
            "nl": [
              "Vind alle dienstregelingen op http://www.jardindacclimatation.fr/"
            ],
            "es": [
              "Encuentre todos los horarios en http://www.jardindacclimatation.fr/"
            ]
          },
          "hasTranslatedProperty": [
            {
              "@id": "https://data.datatourisme.fr/46d5aa25-1082-39f4-beea-0dcf68639c6b",
              "dc:contributor": [
                "https://api.deepl.com/v2/translate"
              ],
              "rdf:language": [
                "it"
              ],
              "rdf:predicate": [
                "additionalInformation"
              ]
            },
            {
              "@id": "https://data.datatourisme.fr/5f58d305-56a6-3181-911b-c1da45fff7f8",
              "dc:contributor": [
                "https://api.deepl.com/v2/translate"
              ],
              "rdf:language": [
                "de"
              ],
              "rdf:predicate": [
                "additionalInformation"
              ]
            },
            {
              "@id": "https://data.datatourisme.fr/6256b4e2-3275-3e72-9fcf-79bdd42a1638",
              "dc:contributor": [
                "https://api.deepl.com/v2/translate"
              ],
              "rdf:language": [
                "es"
              ],
              "rdf:predicate": [
                "additionalInformation"
              ]
            },
            {
              "@id": "https://data.datatourisme.fr/7e0e016e-030c-3895-8339-87ce97929634",
              "dc:contributor": [
                "https://api.deepl.com/v2/translate"
              ],
              "rdf:language": [
                "en"
              ],
              "rdf:predicate": [
                "additionalInformation"
              ]
            },
            {
              "@id": "https://data.datatourisme.fr/c29b3781-34a2-3707-ac2d-a19847df3ee6",
              "dc:contributor": [
                "https://api.deepl.com/v2/translate"
              ],
              "rdf:language": [
                "nl"
              ],
              "rdf:predicate": [
                "additionalInformation"
              ]
            }
          ]
        }
      ],
      "@type": [
        "schema:Place",
        "Place"
      ]
    }
  ],
  "isOwnedBy": [
    {
      "@id": "https://data.datatourisme.fr/26ecd6f0-563c-356a-b0f9-ad3ec17effc4",
      "schema:email": [
        "bgeigle@visitparisregion.com",
        "hcaldo@visitparisregion.com",
        "mtanaskovic@visitparisregion.com"
      ],
      "schema:legalName": "Comité Régional du Tourisme Paris Ile de France",
      "@type": [
        "schema:Organization",
        "foaf:Agent",
        "Agent"
      ],
      "foaf:homepage": [
        "http://www.visitparisregion.com/"
      ]
    }
  ],
  "lastUpdate": "2022-01-26",
  "lastUpdateDatatourisme": "2023-10-02T05:53:31.668Z",
  "offers": [
    {
      "@id": "https://data.datatourisme.fr/cc2e3501-7161-30d5-b3cc-3d1e092d535f",
      "schema:priceSpecification": [
        {
          "@id": "https://data.datatourisme.fr/a1ef9b68-e78b-3ef8-ab53-20f8eeaceb4d",
          "schema:maxPrice": [
            "59"
          ],
          "schema:minPrice": [
            "6.5"
          ],
          "schema:priceCurrency": "EUR",
          "@type": [
            "schema:PriceSpecification",
            "PriceSpecification"
          ],
          "appliesOnPeriod": [
            {
              "@id": "https://data.datatourisme.fr/0663ca4b-3470-3171-9053-39aa704e8f56",
              "@type": [
                "Period"
              ],
              "endDate": "2022-12-31",
              "startDate": "2022-01-01"
            }
          ]
        }
      ],
      "@type": [
        "schema:Offer",
        "Offer"
      ]
    }
  ]
}