{
  "@id": "https://data.datatourisme.fr/13/68eac081-af81-36bd-b2fe-e9cb99022700",
  "dc:identifier": "677951",
  "@type": [
    "schema:LocalBusiness",
    "schema:Museum",
    "CulturalSite",
    "Museum",
    "PlaceOfInterest",
    "PointOfInterest"
  ],
  "rdfs:comment": {
    "de": [
      "\"Die Wissenschaft im Herzen von Paris erlebbar machen\" durch spektakuläre Experimente, Ausstellungen und Demonstrationen."
    ],
    "en": [
      "\"Bringing science to life in the heart of Paris\" through spectacular experiments, exhibitions and demonstrations."
    ],
    "it": [
      "\"L'obiettivo è quello di far vivere la scienza nel cuore di Parigi attraverso esperimenti, mostre e dimostrazioni spettacolari."
    ],
    "fr": [
      "« Faire vivre la science au cœur de Paris » par le biais d’expériences, d’expositions et de démonstrations spectaculaires."
    ],
    "nl": [
      "\"Wetenschap tot leven brengen in het hart van Parijs door middel van spectaculaire experimenten, tentoonstellingen en demonstraties."
    ],
    "es": [
      "\"El objetivo es dar vida a la ciencia en el corazón de París a través de espectaculares experimentos, exposiciones y demostraciones."
    ]
  },
  "rdfs:label": {
    "en": [
      "Palais de la Découverte"
    ],
    "fr": [
      "Palais de la découverte"
    ]
  },
  "owl:sameAs": [
    "http://www.wikidata.org/entity/Q614450"
  ],
  "hasBeenCreatedBy": {
    "@id": "https://data.datatourisme.fr/13/03e0704b-5690-32de-a186-1dc3ad3316c9",
    "dc:identifier": "1019",
    "schema:email": [
      "bgeigle@visitparisregion.com",
      "hcaldo@visitparisregion.com",
      "mtanaskovic@visitparisregion.com"
    ],
    "schema:legalName": "Choose Paris Region",
    "@type": [
      "schema:Organization",
      "foaf:Agent",
      "Agent"
    ],
    "foaf:homepage": [
      "http://www.visitparisregion.com/"
    ]
  },
  "hasBeenPublishedBy": [
    {
      "@id": "https://data.datatourisme.fr/8a9feb4b-2cbd-3d2c-b507-bd6c6776b23b",
      "schema:legalName": "Apidae Tourisme Scic SA - source : Apidae Tourisme",
      "@type": [
        "schema:Organization",
        "foaf:Agent",
        "Agent"
      ],
      "foaf:homepage": [
        "https://www.apidae-tourisme.com/"
      ]
    }
  ],
  "hasContact": [
    {
      "@id": "https://data.datatourisme.fr/1bf7689f-c809-31a2-bc88-bed66beae808",
      "schema:email": [
        "infocontact@universcience.fr"
      ],
      "schema:telephone": [
        "+33 1 56 43 20 20"
      ],
      "@type": [
        "foaf:Agent",
        "Agent"
      ],
      "foaf:homepage": [
        "https://www.palais-decouverte.fr/"
      ]
    }
  ],
  "hasDescription": [
    {
      "@id": "https://data.datatourisme.fr/aa751859-7f23-34d2-a382-9bb4348b7bf7",
      "@type": [
        "Description"
      ],
      "hasTranslatedProperty": [
        {
          "@id": "https://data.datatourisme.fr/4c11ed23-e043-320d-8b97-fcf6c3918104",
          "dc:contributor": [
            "https://api.deepl.com/v2/translate"
          ],
          "rdf:language": [
            "en"
          ],
          "rdf:predicate": [
            "shortDescription"
          ]
        },
        {
          "@id": "https://data.datatourisme.fr/7a271308-6beb-3628-9055-e344f58534f0",
          "dc:contributor": [
            "https://api.deepl.com/v2/translate"
          ],
          "rdf:language": [
            "it"
          ],
          "rdf:predicate": [
            "shortDescription"
          ]
        },
        {
          "@id": "https://data.datatourisme.fr/b538ff0a-4660-3a30-8921-007f9e50f30a",
          "dc:contributor": [
            "https://api.deepl.com/v2/translate"
          ],
          "rdf:language": [
            "de"
          ],
          "rdf:predicate": [
            "shortDescription"
          ]
        },
        {
          "@id": "https://data.datatourisme.fr/bda4d031-e26a-330e-a6fa-ae5dc3a4896f",
          "dc:contributor": [
            "https://api.deepl.com/v2/translate"
          ],
          "rdf:language": [
            "es"
          ],
          "rdf:predicate": [
            "shortDescription"
          ]
        },
        {
          "@id": "https://data.datatourisme.fr/cb643171-9bf2-31b3-8cf0-eddd29554720",
          "dc:contributor": [
            "https://api.deepl.com/v2/translate"
          ],
          "rdf:language": [
            "nl"
          ],
          "rdf:predicate": [
            "shortDescription"
          ]
        }
      ],
      "shortDescription": {
        "de": [
          "\"Die Wissenschaft im Herzen von Paris erlebbar machen\" durch spektakuläre Experimente, Ausstellungen und Demonstrationen."
        ],
        "en": [
          "\"Bringing science to life in the heart of Paris\" through spectacular experiments, exhibitions and demonstrations."
        ],
        "it": [
          "\"L'obiettivo è quello di far vivere la scienza nel cuore di Parigi attraverso esperimenti, mostre e dimostrazioni spettacolari."
        ],
        "fr": [
          "« Faire vivre la science au cœur de Paris » par le biais d’expériences, d’expositions et de démonstrations spectaculaires."
        ],
        "nl": [
          "\"Wetenschap tot leven brengen in het hart van Parijs door middel van spectaculaire experimenten, tentoonstellingen en demonstraties."
        ],
        "es": [
          "\"El objetivo es dar vida a la ciencia en el corazón de París a través de espectaculares experimentos, exposiciones y demostraciones."
        ]
      }
    }
  ],
  "hasRepresentation": [
    {
      "@id": "https://data.datatourisme.fr/8218ca20-d4f8-3d4a-bd5a-9ecc73b9e416",
      "ebucore:hasAnnotation": [
        {
          "@id": "https://data.datatourisme.fr/cc5a7e9a-6ec7-39c5-aba8-ec1d77575edb",
          "ebucore:isCoveredBy": "CC BY-SA 4.0",
          "ebucore:title": {
            "fr": [
              "Palais de la découverte, avenue Franklin-Delano-Roosevelt, Paris 8e 1"
            ]
          },
          "@type": [
            "ebucore:Annotation"
          ],
          "credits": [
            "Celette (https://commons.wikimedia.org/wiki/User:Celette)"
          ]
        }
      ],
      "ebucore:hasRelatedResource": [
        {
          "@id": "https://data.datatourisme.fr/f56f9e97-fce3-36ba-881f-fac22b3bf688",
          "ebucore:fileSize": [
            4372051
          ],
          "ebucore:hasMimeType": [
            {
              "@id": "kb:JPEG",
              "@type": [
                "ebucore:MimeType"
              ],
              "rdfs:comment": {
                "de": [
                  "JPEG-Bild"
                ],
                "pt": [
                  "Imagem JPEG"
                ],
                "en": [
                  "JPEG image file"
                ],
                "it": [
                  "Immagine JPEG"
                ],
                "fr": [
                  "Image JPEG"
                ],
                "nl": [
                  "JPEG-afbeelding"
                ],
                "es": [
                  "Imagen JPEG"
                ]
              },
              "rdfs:label": {
                "de": [
                  "image/jpeg"
                ],
                "pt": [
                  "image/jpeg"
                ],
                "en": [
                  "image/jpeg"
                ],
                "it": [
                  "image/jpeg"
                ],
                "fr": [
                  "image/jpeg"
                ],
                "nl": [
                  "image/jpeg"
                ],
                "es": [
                  "image/jpeg"
                ]
              }
            }
          ],
          "ebucore:height": 3618,
          "ebucore:locator": [
            "https://upload.wikimedia.org/wikipedia/commons/a/af/Palais_de_la_d%C3%A9couverte%2C_avenue_Franklin-Delano-Roosevelt%2C_Paris_8e_1.jpg"
          ],
          "ebucore:width": 5428,
          "@type": [
            "ebucore:Resource"
          ]
        }
      ],
      "@type": [
        "ebucore:EditorialObject"
      ]
    }
  ],
  "hasTheme": [
    {
      "@id": "kb:Culture",
      "@type": [
        "CulturalTheme"
      ],
      "rdfs:label": {
        "de": [
          "Kultur"
        ],
        "pt": [
          "Cultura"
        ],
        "en": [
          "Culture"
        ],
        "it": [
          "Cultura"
        ],
        "fr": [
          "Culture"
        ],
        "nl": [
          "Cultuur"
        ],
        "es": [
          "Cultura"
        ]
      }
    }
  ],
  "hasTranslatedProperty": [
    {
      "@id": "https://data.datatourisme.fr/0661afa7-81f9-3016-b949-d3ae7b6b849d",
      "dc:contributor": [
        "https://api.deepl.com/v2/translate"
      ],
      "rdf:language": [
        "de"
      ],
      "rdf:predicate": [
        {
          "@id": "rdfs:comment"
        }
      ]
    },
    {
      "@id": "https://data.datatourisme.fr/06d30990-05ae-3326-bba2-82b21465620a",
      "dc:contributor": [
        "https://api.deepl.com/v2/translate"
      ],
      "rdf:language": [
        "it"
      ],
      "rdf:predicate": [
        {
          "@id": "rdfs:comment"
        }
      ]
    },
    {
      "@id": "https://data.datatourisme.fr/3fe1b901-456f-3e14-b27a-d1cbf72c828a",
      "dc:contributor": [
        "https://api.deepl.com/v2/translate"
      ],
      "rdf:language": [
        "nl"
      ],
      "rdf:predicate": [
        {
          "@id": "rdfs:comment"
        }
      ]
    },
    {
      "@id": "https://data.datatourisme.fr/4259449c-e976-38eb-bef6-3c0ec7e97bdd",
      "dc:contributor": [
        "https://api.deepl.com/v2/translate"
      ],
      "rdf:language": [
        "es"
      ],
      "rdf:predicate": [
        {
          "@id": "rdfs:comment"
        }
      ]
    },
    {
      "@id": "https://data.datatourisme.fr/bfb98953-4c05-3fb8-80c3-dff08109c6eb",
      "dc:contributor": [
        "https://api.deepl.com/v2/translate"
      ],
      "rdf:language": [
        "en"
      ],
      "rdf:predicate": [
        {
          "@id": "rdfs:comment"
        }
      ]
    }
  ],
  "isLocatedAt": [
    {
      "@id": "https://data.datatourisme.fr/e570f1ec-f636-355a-9c8f-ef6987983e3e",
      "schema:address": [
        {
          "@id": "https://data.datatourisme.fr/7cbcd5bb-2a18-345c-9d17-6a8e835a949a",
          "schema:addressLocality": "Paris",
          "schema:postalCode": "75008",
          "schema:streetAddress": [
            "Avenue Franklin-D.-Roosevelt"
          ],
          "@type": [
            "schema:PostalAddress",
            "PostalAddress"
          ],
          "hasAddressCity": {
            "@id": "kb:75056",
            "@type": [
              "City"
            ],
            "rdfs:label": {
              "de": [
                "Paris"
              ],
              "pt": [
                "Paris"
              ],
              "en": [
                "Paris"
              ],
              "it": [
                "Paris"
              ],
              "fr": [
                "Paris"
              ],
              "nl": [
                "Paris"
              ],
              "es": [
                "Paris"
              ]
            },
            "insee": "75056",
            "isPartOfDepartment": {
              "@id": "kb:France1175",
              "@type": [
                "Department"
              ],
              "rdfs:label": {
                "de": [
                  "Paris"
                ],
                "pt": [
                  "Paris"
                ],
                "en": [
                  "Paris"
                ],
                "it": [
                  "Paris"
                ],
                "fr": [
                  "Paris"
                ],
                "nl": [
                  "Paris"
                ],
                "es": [
                  "Paris"
                ]
              },
              "insee": "75",
              "isPartOfRegion": {
                "@id": "kb:France11",
                "@type": [
                  "Region"
                ],
                "rdfs:label": {
                  "de": [
                    "Île-de-France"
                  ],
                  "pt": [
                    "Île-de-France"
                  ],
                  "en": [
                    "Île-de-France"
                  ],
                  "it": [
                    "Île-de-France"
                  ],
                  "fr": [
                    "Île-de-France"
                  ],
                  "nl": [
                    "Île-de-France"
                  ],
                  "es": [
                    "Île-de-France"
                  ]
                },
                "insee": "11",
                "isPartOfCountry": {
                  "@id": "kb:France",
                  "@type": [
                    "schema:Country"
                  ],
                  "rdfs:label": {
                    "de": [
                      "France",
                      "Frankreich"
                    ],
                    "pt": [
                      "França",
                      "France"
                    ],
                    "en": [
                      "France"
                    ],
                    "it": [
                      "France",
                      "Francia"
                    ],
                    "fr": [
                      "France"
                    ],
                    "nl": [
                      "France",
                      "Frankrijk"
                    ],
                    "es": [
                      "France",
                      "Francia"
                    ]
                  }
                }
              }
            }
          }
        }
      ],
      "schema:geo": {
        "@id": "https://data.datatourisme.fr/03aa70d7-c21b-3f15-9f22-822c4a6fc893",
        "schema:latitude": "48.866211",
        "schema:longitude": "2.310813",
        "@type": [
          "schema:GeoCoordinates"
        ]
      },
      "schema:openingHoursSpecification": [
        {
          "@id": "https://data.datatourisme.fr/fcfa2422-ef9d-3269-aa21-9687130d6ad2",
          "schema:validFrom": "2023-01-01T00:00:00",
          "schema:validThrough": "2023-12-31T23:59:59",
          "@type": [
            "schema:OpeningHoursSpecification"
          ],
          "additionalInformation": {
            "de": [
              "Wegen Bauarbeiten geschlossen, geplante Wiedereröffnung 2025.\r\nDie Aktivitäten werden in Les Étincelles fortgesetzt."
            ],
            "en": [
              "Closed for renovation, scheduled to reopen in 2025.\r\nActivities continue at Les Étincelles."
            ],
            "it": [
              "Chiuso per ristrutturazione, riapertura prevista nel 2025.\r\nLe attività continuano a Les Étincelles."
            ],
            "fr": [
              "Fermé pour travaux, réouverture prévue en 2025.\r\nLes activités se poursuivent aux Étincelles."
            ],
            "nl": [
              "Gesloten voor renovatie, heropening gepland in 2025.\r\nActiviteiten worden voortgezet in Les Étincelles."
            ],
            "es": [
              "Cerrado por reformas, reapertura prevista en 2025.\r\nLas actividades continúan en Les Étincelles."
            ]
          },
          "hasTranslatedProperty": [
            {
              "@id": "https://data.datatourisme.fr/0d47e770-ca38-37de-8222-85802086f5b7",
              "dc:contributor": [
                "https://api.deepl.com/v2/translate"
              ],
              "rdf:language": [
                "es"
              ],
              "rdf:predicate": [
                "additionalInformation"
              ]
            },
            {
              "@id": "https://data.datatourisme.fr/63390315-89c6-38ff-9671-5185fb3dd6ab",
              "dc:contributor": [
                "https://api.deepl.com/v2/translate"
              ],
              "rdf:language": [
                "nl"
              ],
              "rdf:predicate": [
                "additionalInformation"
              ]
            },
            {
              "@id": "https://data.datatourisme.fr/814409f9-7790-3dc5-901b-bca0206174f9",
              "dc:contributor": [
                "https://api.deepl.com/v2/translate"
              ],
              "rdf:language": [
                "en"
              ],
              "rdf:predicate": [
                "additionalInformation"
              ]
            },
            {
              "@id": "https://data.datatourisme.fr/81a46dcb-62ef-37f2-99c8-4cb5a0b93252",
              "dc:contributor": [
                "https://api.deepl.com/v2/translate"
              ],
              "rdf:language": [
                "it"
              ],
              "rdf:predicate": [
                "additionalInformation"
              ]
            },
            {
              "@id": "https://data.datatourisme.fr/909e35a8-87fc-3cfa-b781-075f5e677387",
              "dc:contributor": [
                "https://api.deepl.com/v2/translate"
              ],
              "rdf:language": [
                "de"
              ],
              "rdf:predicate": [
                "additionalInformation"
              ]
            }
          ]
        }
      ],
      "@type": [
        "schema:Place",
        "Place"
      ]
    }
  ],
  "isOwnedBy": [
    {
      "@id": "https://data.datatourisme.fr/26ecd6f0-563c-356a-b0f9-ad3ec17effc4",
      "schema:email": [
        "bgeigle@visitparisregion.com",
        "hcaldo@visitparisregion.com",
        "mtanaskovic@visitparisregion.com"
      ],
      "schema:legalName": "Comité Régional du Tourisme Paris Ile de France",
      "@type": [
        "schema:Organization",
        "foaf:Agent",
        "Agent"
      ],
      "foaf:homepage": [
        "http://www.visitparisregion.com/"
      ]
    }
  ],
  "lastUpdate": "2023-07-27",
  "lastUpdateDatatourisme": "2023-10-02T05:53:31.798Z",
  "offers": [
    {
      "@id": "https://data.datatourisme.fr/4b3af1c8-aee7-3384-ac2e-e03dfe6f46f0",
      "schema:priceSpecification": [
        {
          "@id": "https://data.datatourisme.fr/1ad4a955-0c85-3d1c-bb31-f4bf9eb6372f",
          "schema:maxPrice": [
            "7",
            "9"
          ],
          "schema:priceCurrency": "EUR",
          "@type": [
            "schema:PriceSpecification",
            "PriceSpecification"
          ],
          "appliesOnPeriod": [
            {
              "@id": "https://data.datatourisme.fr/d0df1b81-dbae-3362-a2c4-2b840ca71b89",
              "@type": [
                "Period"
              ],
              "endDate": "2023-12-31",
              "startDate": "2020-01-01"
            }
          ]
        }
      ],
      "@type": [
        "schema:Offer",
        "Offer"
      ]
    }
  ]
}