{
  "@id": "https://data.datatourisme.fr/13/68c707bf-298f-345f-9828-fb945d6c970c",
  "dc:identifier": "812067",
  "@type": [
    "schema:Park",
    "CulturalSite",
    "ParkAndGarden",
    "PlaceOfInterest",
    "PointOfInterest"
  ],
  "rdfs:comment": {
    "de": [
      "Entfliehen Sie dem Alltag im Parc de Bagatelle, dieser großen Grünfläche mit wechselnder Kulisse, in der sich jeden Sommer zahlreiche Musikliebhaber treffen, um im Schatten der großen Bäume klassische Musik zu hören."
    ],
    "en": [
      "Escape to Bagatelle Park, a large green space with changing scenery where many music lovers gather every summer to listen to classical music in the shade of the tall trees."
    ],
    "it": [
      "Fuggite al Parc de Bagatelle, un grande spazio verde con scenari mutevoli dove ogni estate si riuniscono molti appassionati di musica per ascoltare musica classica all'ombra degli alberi ad alto fusto."
    ],
    "fr": [
      "Évadez-vous dans le parc de Bagatelle, ce grand espace vert aux décors changeants où se retrouvent chaque été de nombreux mélomanes pour écouter de la musique classique à l'ombre des grands arbres."
    ],
    "nl": [
      "Ontsnap naar het Parc de Bagatelle, een grote groene ruimte met een wisselend decor waar elke zomer vele muziekliefhebbers samenkomen om in de schaduw van de hoge bomen naar klassieke muziek te luisteren."
    ],
    "es": [
      "Escápese al Parque de Bagatelle, un gran espacio verde con un paisaje cambiante en el que muchos melómanos se reúnen cada verano para escuchar música clásica a la sombra de los altos árboles."
    ]
  },
  "rdfs:label": {
    "fr": [
      "Parc de Bagatelle"
    ]
  },
  "owl:sameAs": [
    "http://www.wikidata.org/entity/Q956826"
  ],
  "hasBeenCreatedBy": {
    "@id": "https://data.datatourisme.fr/13/03e0704b-5690-32de-a186-1dc3ad3316c9",
    "dc:identifier": "1019",
    "schema:email": [
      "bgeigle@visitparisregion.com",
      "hcaldo@visitparisregion.com",
      "mtanaskovic@visitparisregion.com"
    ],
    "schema:legalName": "Choose Paris Region",
    "@type": [
      "schema:Organization",
      "foaf:Agent",
      "Agent"
    ],
    "foaf:homepage": [
      "http://www.visitparisregion.com/"
    ]
  },
  "hasBeenPublishedBy": [
    {
      "@id": "https://data.datatourisme.fr/8a9feb4b-2cbd-3d2c-b507-bd6c6776b23b",
      "schema:legalName": "Apidae Tourisme Scic SA - source : Apidae Tourisme",
      "@type": [
        "schema:Organization",
        "foaf:Agent",
        "Agent"
      ],
      "foaf:homepage": [
        "https://www.apidae-tourisme.com/"
      ]
    }
  ],
  "hasContact": [
    {
      "@id": "https://data.datatourisme.fr/56e35eeb-63c4-3aaa-a73a-1f61360897a6",
      "@type": [
        "foaf:Agent",
        "Agent"
      ],
      "foaf:homepage": [
        "http://equipement.paris.fr/parc-de-bagatelle-1808"
      ]
    }
  ],
  "hasDescription": [
    {
      "@id": "https://data.datatourisme.fr/8c1a786c-edca-3c1a-8138-15367e49968c",
      "@type": [
        "Description"
      ],
      "hasTranslatedProperty": [
        {
          "@id": "https://data.datatourisme.fr/6c323b42-fa5e-30bf-a7e7-376007121b7d",
          "dc:contributor": [
            "https://api.deepl.com/v2/translate"
          ],
          "rdf:language": [
            "it"
          ],
          "rdf:predicate": [
            "shortDescription"
          ]
        },
        {
          "@id": "https://data.datatourisme.fr/75e263cf-b5c0-34a2-a955-431004caf62d",
          "dc:contributor": [
            "https://api.deepl.com/v2/translate"
          ],
          "rdf:language": [
            "es"
          ],
          "rdf:predicate": [
            "shortDescription"
          ]
        },
        {
          "@id": "https://data.datatourisme.fr/dd295cca-4319-3936-bdb6-487ec1be4062",
          "dc:contributor": [
            "https://api.deepl.com/v2/translate"
          ],
          "rdf:language": [
            "en"
          ],
          "rdf:predicate": [
            "shortDescription"
          ]
        },
        {
          "@id": "https://data.datatourisme.fr/ebcdce64-96e5-3584-a7af-70d9495cfac1",
          "dc:contributor": [
            "https://api.deepl.com/v2/translate"
          ],
          "rdf:language": [
            "nl"
          ],
          "rdf:predicate": [
            "shortDescription"
          ]
        },
        {
          "@id": "https://data.datatourisme.fr/f2e3f894-ff99-3185-801c-9d4fa822c292",
          "dc:contributor": [
            "https://api.deepl.com/v2/translate"
          ],
          "rdf:language": [
            "de"
          ],
          "rdf:predicate": [
            "shortDescription"
          ]
        }
      ],
      "shortDescription": {
        "de": [
          "Entfliehen Sie dem Alltag im Parc de Bagatelle, dieser großen Grünfläche mit wechselnder Kulisse, in der sich jeden Sommer zahlreiche Musikliebhaber treffen, um im Schatten der großen Bäume klassische Musik zu hören."
        ],
        "en": [
          "Escape to Bagatelle Park, a large green space with changing scenery where many music lovers gather every summer to listen to classical music in the shade of the tall trees."
        ],
        "it": [
          "Fuggite al Parc de Bagatelle, un grande spazio verde con scenari mutevoli dove ogni estate si riuniscono molti appassionati di musica per ascoltare musica classica all'ombra degli alberi ad alto fusto."
        ],
        "fr": [
          "Évadez-vous dans le parc de Bagatelle, ce grand espace vert aux décors changeants où se retrouvent chaque été de nombreux mélomanes pour écouter de la musique classique à l'ombre des grands arbres."
        ],
        "nl": [
          "Ontsnap naar het Parc de Bagatelle, een grote groene ruimte met een wisselend decor waar elke zomer vele muziekliefhebbers samenkomen om in de schaduw van de hoge bomen naar klassieke muziek te luisteren."
        ],
        "es": [
          "Escápese al Parque de Bagatelle, un gran espacio verde con un paisaje cambiante en el que muchos melómanos se reúnen cada verano para escuchar música clásica a la sombra de los altos árboles."
        ]
      }
    }
  ],
  "hasRepresentation": [
    {
      "@id": "https://data.datatourisme.fr/f1606479-25e4-3ba5-9282-0cb153c533b9",
      "ebucore:hasAnnotation": [
        {
          "@id": "https://data.datatourisme.fr/755ee067-2ccc-382d-bcbb-8ec2f3a2212b",
          "ebucore:isCoveredBy": "CC BY-SA 3.0",
          "ebucore:title": {
            "fr": [
              "Jardin de Bagatelle-Mai 2010"
            ]
          },
          "@type": [
            "ebucore:Annotation"
          ],
          "credits": [
            "Benchaum (https://commons.wikimedia.org/wiki/User:Benchaum)"
          ]
        }
      ],
      "ebucore:hasRelatedResource": [
        {
          "@id": "https://data.datatourisme.fr/db7a4582-16ec-34d6-b8f1-ca43d3fe566b",
          "ebucore:fileSize": [
            544380
          ],
          "ebucore:hasMimeType": [
            {
              "@id": "kb:JPEG",
              "@type": [
                "ebucore:MimeType"
              ],
              "rdfs:comment": {
                "de": [
                  "JPEG-Bild"
                ],
                "pt": [
                  "Imagem JPEG"
                ],
                "en": [
                  "JPEG image file"
                ],
                "it": [
                  "Immagine JPEG"
                ],
                "fr": [
                  "Image JPEG"
                ],
                "nl": [
                  "JPEG-afbeelding"
                ],
                "es": [
                  "Imagen JPEG"
                ]
              },
              "rdfs:label": {
                "de": [
                  "image/jpeg"
                ],
                "pt": [
                  "image/jpeg"
                ],
                "en": [
                  "image/jpeg"
                ],
                "it": [
                  "image/jpeg"
                ],
                "fr": [
                  "image/jpeg"
                ],
                "nl": [
                  "image/jpeg"
                ],
                "es": [
                  "image/jpeg"
                ]
              }
            }
          ],
          "ebucore:height": 1202,
          "ebucore:locator": [
            "https://upload.wikimedia.org/wikipedia/commons/b/bb/Jardin_de_Bagatelle-Mai_2010.JPG"
          ],
          "ebucore:width": 1600,
          "@type": [
            "ebucore:Resource"
          ]
        }
      ],
      "@type": [
        "ebucore:EditorialObject"
      ]
    }
  ],
  "hasTheme": [
    {
      "@id": "kb:Culture",
      "@type": [
        "CulturalTheme"
      ],
      "rdfs:label": {
        "de": [
          "Kultur"
        ],
        "pt": [
          "Cultura"
        ],
        "en": [
          "Culture"
        ],
        "it": [
          "Cultura"
        ],
        "fr": [
          "Culture"
        ],
        "nl": [
          "Cultuur"
        ],
        "es": [
          "Cultura"
        ]
      }
    }
  ],
  "hasTranslatedProperty": [
    {
      "@id": "https://data.datatourisme.fr/0f164ea9-98fd-3fe9-a0c5-e9045537b8c3",
      "dc:contributor": [
        "https://api.deepl.com/v2/translate"
      ],
      "rdf:language": [
        "en"
      ],
      "rdf:predicate": [
        {
          "@id": "rdfs:comment"
        }
      ]
    },
    {
      "@id": "https://data.datatourisme.fr/39043054-3d28-3249-b593-712840b32799",
      "dc:contributor": [
        "https://api.deepl.com/v2/translate"
      ],
      "rdf:language": [
        "es"
      ],
      "rdf:predicate": [
        {
          "@id": "rdfs:comment"
        }
      ]
    },
    {
      "@id": "https://data.datatourisme.fr/8496f5ff-8bbc-3852-85f1-5cbd6b53a2b8",
      "dc:contributor": [
        "https://api.deepl.com/v2/translate"
      ],
      "rdf:language": [
        "de"
      ],
      "rdf:predicate": [
        {
          "@id": "rdfs:comment"
        }
      ]
    },
    {
      "@id": "https://data.datatourisme.fr/ade754f3-1aff-32ac-8f29-4f8f023c83e4",
      "dc:contributor": [
        "https://api.deepl.com/v2/translate"
      ],
      "rdf:language": [
        "it"
      ],
      "rdf:predicate": [
        {
          "@id": "rdfs:comment"
        }
      ]
    },
    {
      "@id": "https://data.datatourisme.fr/eacde175-a6d1-3bc3-9719-902e23c963f5",
      "dc:contributor": [
        "https://api.deepl.com/v2/translate"
      ],
      "rdf:language": [
        "nl"
      ],
      "rdf:predicate": [
        {
          "@id": "rdfs:comment"
        }
      ]
    }
  ],
  "isLocatedAt": [
    {
      "@id": "https://data.datatourisme.fr/24e734cb-2c8a-3328-9b8b-8bba32e8643c",
      "schema:address": [
        {
          "@id": "https://data.datatourisme.fr/6b89c861-e89c-375d-b864-263fd806df7d",
          "schema:addressLocality": "Paris 16e Arrondissement",
          "schema:postalCode": "75016",
          "schema:streetAddress": [
            "Route de Sèvres à Neuilly"
          ],
          "@type": [
            "schema:PostalAddress",
            "PostalAddress"
          ],
          "hasAddressCity": {
            "@id": "kb:75116",
            "@type": [
              "City"
            ],
            "rdfs:label": {
              "de": [
                "Paris 16e Arrondissement"
              ],
              "pt": [
                "Paris 16e Arrondissement"
              ],
              "en": [
                "Paris 16e Arrondissement"
              ],
              "it": [
                "Paris 16e Arrondissement"
              ],
              "fr": [
                "Paris 16e Arrondissement"
              ],
              "nl": [
                "Paris 16e Arrondissement"
              ],
              "es": [
                "Paris 16e Arrondissement"
              ]
            },
            "insee": "75116",
            "isPartOfDepartment": {
              "@id": "kb:France1175",
              "@type": [
                "Department"
              ],
              "rdfs:label": {
                "de": [
                  "Paris"
                ],
                "pt": [
                  "Paris"
                ],
                "en": [
                  "Paris"
                ],
                "it": [
                  "Paris"
                ],
                "fr": [
                  "Paris"
                ],
                "nl": [
                  "Paris"
                ],
                "es": [
                  "Paris"
                ]
              },
              "insee": "75",
              "isPartOfRegion": {
                "@id": "kb:France11",
                "@type": [
                  "Region"
                ],
                "rdfs:label": {
                  "de": [
                    "Île-de-France"
                  ],
                  "pt": [
                    "Île-de-France"
                  ],
                  "en": [
                    "Île-de-France"
                  ],
                  "it": [
                    "Île-de-France"
                  ],
                  "fr": [
                    "Île-de-France"
                  ],
                  "nl": [
                    "Île-de-France"
                  ],
                  "es": [
                    "Île-de-France"
                  ]
                },
                "insee": "11",
                "isPartOfCountry": {
                  "@id": "kb:France",
                  "@type": [
                    "schema:Country"
                  ],
                  "rdfs:label": {
                    "de": [
                      "France",
                      "Frankreich"
                    ],
                    "pt": [
                      "França",
                      "France"
                    ],
                    "en": [
                      "France"
                    ],
                    "it": [
                      "France",
                      "Francia"
                    ],
                    "fr": [
                      "France"
                    ],
                    "nl": [
                      "France",
                      "Frankrijk"
                    ],
                    "es": [
                      "France",
                      "Francia"
                    ]
                  }
                }
              }
            }
          }
        }
      ],
      "schema:geo": {
        "@id": "https://data.datatourisme.fr/a3bdd6e7-1a3b-3376-9973-dcb6c49ab9eb",
        "schema:latitude": "48.86904",
        "schema:longitude": "2.248175",
        "@type": [
          "schema:GeoCoordinates"
        ]
      },
      "schema:openingHoursSpecification": [
        {
          "@id": "https://data.datatourisme.fr/800d05e1-e3e0-3c7c-a92c-eb539e48455a",
          "schema:closes": "20:00:00",
          "schema:opens": "09:30:00",
          "schema:validFrom": "2023-01-01T00:00:00",
          "schema:validThrough": "2023-12-31T23:59:59",
          "@type": [
            "schema:OpeningHoursSpecification"
          ],
          "additionalInformation": {
            "de": [
              "März bis September: von 9:30 bis 20:00 Uhr\r\nOktober: 9.30 bis 18.30 Uhr"
            ],
            "en": [
              "From March to September: from 9:30 am to 8 pm\r\nOctober: 9:30 am to 6:30 pm"
            ],
            "it": [
              "Da marzo a settembre: dalle 9.30 alle 20.00\r\nOttobre: dalle 9.30 alle 18.30"
            ],
            "fr": [
              "De mars à septembre : de 9h30 à 20h\r\nOctobre : 9h30 à 18h30"
            ],
            "nl": [
              "Maart tot september: 9.30u tot 20u\r\nOktober: 9.30 tot 18.30 uur"
            ],
            "es": [
              "De marzo a septiembre: de 9.30 a 20.00 horas\r\nOctubre: de 9.30 a 18.30 horas"
            ]
          },
          "hasTranslatedProperty": [
            {
              "@id": "https://data.datatourisme.fr/5b5b0e67-15ba-36f3-ba12-2160043a8970",
              "dc:contributor": [
                "https://api.deepl.com/v2/translate"
              ],
              "rdf:language": [
                "es"
              ],
              "rdf:predicate": [
                "additionalInformation"
              ]
            },
            {
              "@id": "https://data.datatourisme.fr/8b4e7f5b-fffa-32d3-b9a1-ae8c46762e7d",
              "dc:contributor": [
                "https://api.deepl.com/v2/translate"
              ],
              "rdf:language": [
                "en"
              ],
              "rdf:predicate": [
                "additionalInformation"
              ]
            },
            {
              "@id": "https://data.datatourisme.fr/8e9829bf-efaf-3d06-bb9c-dd8678992e24",
              "dc:contributor": [
                "https://api.deepl.com/v2/translate"
              ],
              "rdf:language": [
                "it"
              ],
              "rdf:predicate": [
                "additionalInformation"
              ]
            },
            {
              "@id": "https://data.datatourisme.fr/a56d546e-d556-3896-ae56-1f82cfb60dd5",
              "dc:contributor": [
                "https://api.deepl.com/v2/translate"
              ],
              "rdf:language": [
                "de"
              ],
              "rdf:predicate": [
                "additionalInformation"
              ]
            },
            {
              "@id": "https://data.datatourisme.fr/df5c4ed1-b02b-3d50-bac0-0bee80e48542",
              "dc:contributor": [
                "https://api.deepl.com/v2/translate"
              ],
              "rdf:language": [
                "nl"
              ],
              "rdf:predicate": [
                "additionalInformation"
              ]
            }
          ]
        }
      ],
      "@type": [
        "schema:Place",
        "Place"
      ]
    }
  ],
  "isOwnedBy": [
    {
      "@id": "https://data.datatourisme.fr/26ecd6f0-563c-356a-b0f9-ad3ec17effc4",
      "schema:email": [
        "bgeigle@visitparisregion.com",
        "hcaldo@visitparisregion.com",
        "mtanaskovic@visitparisregion.com"
      ],
      "schema:legalName": "Comité Régional du Tourisme Paris Ile de France",
      "@type": [
        "schema:Organization",
        "foaf:Agent",
        "Agent"
      ],
      "foaf:homepage": [
        "http://www.visitparisregion.com/"
      ]
    }
  ],
  "lastUpdate": "2021-06-15",
  "lastUpdateDatatourisme": "2023-10-17T05:52:15.744Z"
}