{
  "@id": "https://data.datatourisme.fr/13/bcfb9baf-1276-3593-a87c-46315304e94c",
  "dc:identifier": "5216559",
  "@type": [
    "olo:OrderedList",
    "CyclingTour",
    "PlaceOfInterest",
    "PointOfInterest",
    "SportsAndLeisurePlace",
    "Tour"
  ],
  "rdfs:comment": {
    "de": [
      "Wilde Route, die zwischen den Schluchten des Doux und dem versteckteren Duzon-Tal wechselt. Dazwischen bieten sich schöne Ausblicke auf das Plateau der Ardèche und die Alpen im Hintergrund."
    ],
    "en": [
      "Between the Doux gorges and secret dales, meander along the country\r\nroads where round every bend you will discover a new landscape."
    ],
    "it": [
      "Un itinerario selvaggio che alterna le Gole del Doux alla più segreta Valle del Duzon. Tra i due, splendidi panorami sull'altopiano dell'Ardèche e sulle Alpi sullo sfondo."
    ],
    "fr": [
      "Itinéraire sauvage qui alterne entre Gorges du Doux et vallée du Duzon plus secrète. Entre les deux, de beaux panoramas sur le plateau ardéchois et les Alpes en toile de fond."
    ],
    "es": [
      "Un itinerario salvaje que alterna entre las Gargantas del Doux y el más secreto Valle del Duzon. Entre los dos, hermosos panoramas de la meseta de Ardèche y los Alpes al fondo."
    ],
    "nl": [
      "Een wilde route die afwisselend de Doux Gorges en de meer geheime Duzon vallei aandoet. Daartussen prachtige panorama's op het plateau van de Ardèche en de Alpen op de achtergrond."
    ]
  },
  "rdfs:label": {
    "en": [
      "E bike Tour : Between the Doux river and Duzon"
    ],
    "fr": [
      "Circuit VAE : Entre Doux et Duzon"
    ]
  },
  "hasBeenCreatedBy": {
    "@id": "https://data.datatourisme.fr/13/185c29dc-2432-3934-ae37-7cfda20e414c",
    "dc:identifier": "627",
    "schema:email": [
      "a.ferrel@ah-tourisme.com",
      "d.mathieu@ah-tourisme.com",
      "s.monneron@ah-tourisme.com"
    ],
    "schema:legalName": "Ardèche Hermitage Tourisme",
    "@type": [
      "schema:Organization",
      "foaf:Agent",
      "Agent"
    ],
    "foaf:homepage": [
      "http://ardeche-hermitage.com/"
    ]
  },
  "hasBeenPublishedBy": [
    {
      "@id": "https://data.datatourisme.fr/dbca899d-3f22-364b-b99d-40af1e917c58",
      "schema:legalName": "Agence de Développement Touristique de l'Ardèche - source : Apidae Tourisme",
      "@type": [
        "schema:Organization",
        "foaf:Agent",
        "Agent"
      ],
      "foaf:homepage": [
        "https://www.apidae-tourisme.com/"
      ]
    }
  ],
  "hasContact": [
    {
      "@id": "https://data.datatourisme.fr/7306bb4f-f544-3649-9943-7552dfadc0d6",
      "schema:email": [
        "info@ah-tourisme.com"
      ],
      "schema:telephone": [
        "+33 4 75 08 10 23"
      ],
      "@type": [
        "foaf:Agent",
        "Agent"
      ],
      "foaf:homepage": [
        "https://rando-ardeche-hermitage.fr/velo-a-assistance-electrique/entre-doux-et-duzon/"
      ]
    }
  ],
  "hasDescription": [
    {
      "@id": "https://data.datatourisme.fr/e9bb9a79-8da1-3b3d-9d78-624533bee636",
      "@type": [
        "Description"
      ],
      "hasTranslatedProperty": [
        {
          "@id": "https://data.datatourisme.fr/1263c8d6-95a5-3942-a4fc-a970472cfe60",
          "dc:contributor": [
            "https://api.deepl.com/v2/translate"
          ],
          "rdf:language": [
            "es"
          ],
          "rdf:predicate": [
            "shortDescription"
          ]
        },
        {
          "@id": "https://data.datatourisme.fr/27056330-b5e8-34f1-976c-5c542825edd6",
          "dc:contributor": [
            "https://api.deepl.com/v2/translate"
          ],
          "rdf:language": [
            "nl"
          ],
          "rdf:predicate": [
            "shortDescription"
          ]
        },
        {
          "@id": "https://data.datatourisme.fr/2d011c6f-4bc4-330c-9a21-f2000283eb67",
          "dc:contributor": [
            "https://api.deepl.com/v2/translate"
          ],
          "rdf:language": [
            "de"
          ],
          "rdf:predicate": [
            "shortDescription"
          ]
        },
        {
          "@id": "https://data.datatourisme.fr/3d5f69f4-a707-3f68-a598-dec7ae7974d2",
          "dc:contributor": [
            "https://api.deepl.com/v2/translate"
          ],
          "rdf:language": [
            "it"
          ],
          "rdf:predicate": [
            "shortDescription"
          ]
        }
      ],
      "shortDescription": {
        "de": [
          "Wilde Route, die zwischen den Schluchten des Doux und dem versteckteren Duzon-Tal wechselt. Dazwischen bieten sich schöne Ausblicke auf das Plateau der Ardèche und die Alpen im Hintergrund."
        ],
        "en": [
          "Between the Doux gorges and secret dales, meander along the country\r\nroads where round every bend you will discover a new landscape."
        ],
        "it": [
          "Un itinerario selvaggio che alterna le Gole del Doux alla più segreta Valle del Duzon. Tra i due, splendidi panorami sull'altopiano dell'Ardèche e sulle Alpi sullo sfondo."
        ],
        "fr": [
          "Itinéraire sauvage qui alterne entre Gorges du Doux et vallée du Duzon plus secrète. Entre les deux, de beaux panoramas sur le plateau ardéchois et les Alpes en toile de fond."
        ],
        "es": [
          "Un itinerario salvaje que alterna entre las Gargantas del Doux y el más secreto Valle del Duzon. Entre los dos, hermosos panoramas de la meseta de Ardèche y los Alpes al fondo."
        ],
        "nl": [
          "Een wilde route die afwisselend de Doux Gorges en de meer geheime Duzon vallei aandoet. Daartussen prachtige panorama's op het plateau van de Ardèche en de Alpen op de achtergrond."
        ]
      }
    }
  ],
  "hasTheme": [
    {
      "@id": "kb:Bike",
      "@type": [
        "SportsTheme"
      ],
      "rdfs:label": {
        "de": [
          "Fahrrad"
        ],
        "pt": [
          "Bicicleta"
        ],
        "en": [
          "Bike"
        ],
        "it": [
          "Bicicletta"
        ],
        "fr": [
          "Vélo"
        ],
        "nl": [
          "Fiets"
        ],
        "es": [
          "Bicicleta"
        ]
      }
    },
    {
      "@id": "kb:ElectricallyAssistedBicycle",
      "@type": [
        "SportsTheme"
      ],
      "rdfs:label": {
        "de": [
          "Ladestation für Elektrofahrräder"
        ],
        "pt": [
          "Bicicleta elétrica"
        ],
        "en": [
          "Electrically assisted bicycle"
        ],
        "it": [
          "Bicicletta a pedalata assistita"
        ],
        "fr": [
          "Vélo à assistance électrique, VAE"
        ],
        "nl": [
          "Elektrische fiets"
        ],
        "es": [
          "Bicicleta eléctrica, VAE"
        ]
      }
    }
  ],
  "hasTranslatedProperty": [
    {
      "@id": "https://data.datatourisme.fr/3e556a8f-96ce-3502-815f-a6ee0b77345d",
      "dc:contributor": [
        "https://api.deepl.com/v2/translate"
      ],
      "rdf:language": [
        "de"
      ],
      "rdf:predicate": [
        {
          "@id": "rdfs:comment"
        }
      ]
    },
    {
      "@id": "https://data.datatourisme.fr/4b1c8b97-8882-3d11-bc71-38f1e347196b",
      "dc:contributor": [
        "https://api.deepl.com/v2/translate"
      ],
      "rdf:language": [
        "it"
      ],
      "rdf:predicate": [
        {
          "@id": "rdfs:comment"
        }
      ]
    },
    {
      "@id": "https://data.datatourisme.fr/509db8d6-4b77-388a-b72d-e06a607c6ff0",
      "dc:contributor": [
        "https://api.deepl.com/v2/translate"
      ],
      "rdf:language": [
        "es"
      ],
      "rdf:predicate": [
        {
          "@id": "rdfs:comment"
        }
      ]
    },
    {
      "@id": "https://data.datatourisme.fr/bb7274db-1961-35b0-9855-1646e4be24a2",
      "dc:contributor": [
        "https://api.deepl.com/v2/translate"
      ],
      "rdf:language": [
        "nl"
      ],
      "rdf:predicate": [
        {
          "@id": "rdfs:comment"
        }
      ]
    }
  ],
  "isLocatedAt": [
    {
      "@id": "https://data.datatourisme.fr/77a45abc-1434-386a-b554-39e579669dfb",
      "schema:address": [
        {
          "@id": "https://data.datatourisme.fr/22f1457d-0ea0-310b-b289-59379d7b5b8a",
          "schema:addressLocality": "Saint-Barthélemy-le-Plain",
          "schema:postalCode": "07300",
          "schema:streetAddress": [
            "Eglise"
          ],
          "@type": [
            "schema:PostalAddress",
            "PostalAddress"
          ],
          "hasAddressCity": {
            "@id": "kb:07217",
            "@type": [
              "City"
            ],
            "rdfs:label": {
              "de": [
                "Saint-Barthélemy-le-Plain"
              ],
              "pt": [
                "Saint-Barthélemy-le-Plain"
              ],
              "en": [
                "Saint-Barthélemy-le-Plain"
              ],
              "it": [
                "Saint-Barthélemy-le-Plain"
              ],
              "fr": [
                "Saint-Barthélemy-le-Plain"
              ],
              "nl": [
                "Saint-Barthélemy-le-Plain"
              ],
              "es": [
                "Saint-Barthélemy-le-Plain"
              ]
            },
            "insee": "07217",
            "isPartOfDepartment": {
              "@id": "kb:France8407",
              "@type": [
                "Department"
              ],
              "rdfs:label": {
                "de": [
                  "Ardèche"
                ],
                "pt": [
                  "Ardèche"
                ],
                "en": [
                  "Ardèche"
                ],
                "it": [
                  "Ardèche"
                ],
                "fr": [
                  "Ardèche"
                ],
                "nl": [
                  "Ardèche"
                ],
                "es": [
                  "Ardèche"
                ]
              },
              "insee": "07",
              "isPartOfRegion": {
                "@id": "kb:France84",
                "@type": [
                  "Region"
                ],
                "rdfs:label": {
                  "de": [
                    "Auvergne-Rhône-Alpes"
                  ],
                  "pt": [
                    "Auvergne-Rhône-Alpes"
                  ],
                  "en": [
                    "Auvergne-Rhône-Alpes"
                  ],
                  "it": [
                    "Auvergne-Rhône-Alpes"
                  ],
                  "fr": [
                    "Auvergne-Rhône-Alpes"
                  ],
                  "nl": [
                    "Auvergne-Rhône-Alpes"
                  ],
                  "es": [
                    "Auvergne-Rhône-Alpes"
                  ]
                },
                "insee": "84",
                "isPartOfCountry": {
                  "@id": "kb:France",
                  "@type": [
                    "schema:Country"
                  ],
                  "rdfs:label": {
                    "de": [
                      "France",
                      "Frankreich"
                    ],
                    "pt": [
                      "França",
                      "France"
                    ],
                    "en": [
                      "France"
                    ],
                    "it": [
                      "France",
                      "Francia"
                    ],
                    "fr": [
                      "France"
                    ],
                    "nl": [
                      "France",
                      "Frankrijk"
                    ],
                    "es": [
                      "France",
                      "Francia"
                    ]
                  }
                }
              }
            }
          }
        }
      ],
      "schema:geo": {
        "@id": "https://data.datatourisme.fr/8d9dc3df-1330-3fec-8449-8c4ca40fa226",
        "schema:elevation": "400",
        "schema:latitude": "45.055",
        "schema:longitude": "4.7464",
        "@type": [
          "schema:GeoCoordinates"
        ]
      },
      "schema:openingHoursSpecification": [
        {
          "@id": "https://data.datatourisme.fr/5787876e-22ec-3057-a9d3-6c918e6c0b89",
          "schema:validFrom": "2023-01-01T00:00:00",
          "schema:validThrough": "2023-12-31T23:59:59",
          "@type": [
            "schema:OpeningHoursSpecification"
          ],
          "additionalInformation": {
            "de": [
              "Beste Jahreszeit: Mai bis Oktober"
            ],
            "en": [
              "Best season: May to October"
            ],
            "it": [
              "Stagione migliore: da maggio a ottobre"
            ],
            "fr": [
              "Meilleure saison : mai à octobre"
            ],
            "es": [
              "Mejor temporada: de mayo a octubre"
            ],
            "nl": [
              "Beste seizoen: mei tot oktober"
            ]
          },
          "hasTranslatedProperty": [
            {
              "@id": "https://data.datatourisme.fr/1bc6082f-4a2e-3773-a23e-a752b6f3db61",
              "dc:contributor": [
                "https://api.deepl.com/v2/translate"
              ],
              "rdf:language": [
                "es"
              ],
              "rdf:predicate": [
                "additionalInformation"
              ]
            },
            {
              "@id": "https://data.datatourisme.fr/4e1be5bf-f861-3984-8521-5070c3872a87",
              "dc:contributor": [
                "https://api.deepl.com/v2/translate"
              ],
              "rdf:language": [
                "nl"
              ],
              "rdf:predicate": [
                "additionalInformation"
              ]
            },
            {
              "@id": "https://data.datatourisme.fr/6f18b3c1-965c-3bd0-8f0a-6748bd61b60f",
              "dc:contributor": [
                "https://api.deepl.com/v2/translate"
              ],
              "rdf:language": [
                "it"
              ],
              "rdf:predicate": [
                "additionalInformation"
              ]
            },
            {
              "@id": "https://data.datatourisme.fr/a48de503-b7c8-37ac-afdf-abb6917c09e4",
              "dc:contributor": [
                "https://api.deepl.com/v2/translate"
              ],
              "rdf:language": [
                "en"
              ],
              "rdf:predicate": [
                "additionalInformation"
              ]
            },
            {
              "@id": "https://data.datatourisme.fr/dacb4638-c2a1-36af-a1c1-c9e27c292cfa",
              "dc:contributor": [
                "https://api.deepl.com/v2/translate"
              ],
              "rdf:language": [
                "de"
              ],
              "rdf:predicate": [
                "additionalInformation"
              ]
            }
          ]
        }
      ],
      "@type": [
        "schema:Place",
        "Place"
      ]
    }
  ],
  "isOwnedBy": [
    {
      "@id": "https://data.datatourisme.fr/e485229f-e26b-3c2e-8f16-ebf98c03d1e5",
      "schema:email": [
        "a.ferrel@ah-tourisme.com",
        "d.mathieu@ah-tourisme.com",
        "s.monneron@ah-tourisme.com"
      ],
      "schema:legalName": "Ardèche Hermitage Tourisme",
      "@type": [
        "schema:Organization",
        "foaf:Agent",
        "Agent"
      ],
      "foaf:homepage": [
        "http://ardeche-hermitage.com/"
      ]
    }
  ],
  "lastUpdate": "2022-03-03",
  "lastUpdateDatatourisme": "2023-02-08T06:39:49.044Z"
}