{
  "@id": "https://data.datatourisme.fr/13/bc1ded66-32a4-3db9-abb3-8ebf89f87d19",
  "dc:identifier": "6262146",
  "@type": [
    "olo:OrderedList",
    "CyclingTour",
    "PlaceOfInterest",
    "PointOfInterest",
    "RoadTour",
    "SportsAndLeisurePlace",
    "Tour"
  ],
  "rdfs:comment": {
    "de": [
      "Diese Wanderung führt Sie in das obere Doux-Tal. Sie durchwandern das Tal auf seinen Höhen, von denen aus sich Ihnen herrliche Aussichtspunkte bieten. Sie setzen Ihre Reise im Tal fort und folgen dem Fluss inmitten einer unberührten Natur"
    ],
    "en": [
      "This walk takes you through the upper Doux Valley. You will walk along its heights from which there are magnificent viewpoints. You continue your journey in the valley, following the river in the heart of a preserved nature."
    ],
    "it": [
      "Questa passeggiata attraversa l'alta valle del Doux. Camminerete lungo le sue alture da cui si aprono magnifici punti panoramici. Si continua il viaggio nella valle, seguendo il fiume nel cuore di una natura preservata"
    ],
    "fr": [
      "Cette balade vous emmène dans la haute Vallée du Doux. Vous la parcourrez sur ses hauteurs desquelles s'offrent de magnifiques points de vue. Vous poursuivez votre périple dans la vallée, en longeant la rivière au cœur d'une nature préservée. "
    ],
    "es": [
      "Este paseo le lleva por el alto valle del Doux. Recorrerás sus alturas desde las que hay magníficos miradores. Continuará su viaje por el valle, siguiendo el río en el corazón de una naturaleza preservada"
    ],
    "nl": [
      "Deze wandeling gaat door de hoge Doux-vallei. U wandelt langs de hoogten vanwaar u prachtige uitzichtpunten heeft. U vervolgt uw tocht in de vallei, de rivier volgend in het hart van een ongerepte natuur."
    ]
  },
  "rdfs:label": {
    "fr": [
      "Circuit Nature"
    ]
  },
  "hasBeenCreatedBy": {
    "@id": "https://data.datatourisme.fr/13/274ad478-6c3a-3ca6-9fa0-97b85867d9a4",
    "dc:identifier": "204",
    "schema:email": [
      "accueil@paysdelamastre.fr",
      "contact@dolce-via.com",
      "direction@paysdelamastre.fr",
      "sebotlamastre@gmail.com",
      "thibaultmandonh@gmail.com"
    ],
    "schema:legalName": "Office de Tourisme du Pays de Lamastre",
    "@type": [
      "schema:Organization",
      "foaf:Agent",
      "Agent"
    ],
    "foaf:homepage": [
      "https://www.pays-lamastre-tourisme.com/fr"
    ]
  },
  "hasBeenPublishedBy": [
    {
      "@id": "https://data.datatourisme.fr/dbca899d-3f22-364b-b99d-40af1e917c58",
      "schema:legalName": "Agence de Développement Touristique de l'Ardèche - source : Apidae Tourisme",
      "@type": [
        "schema:Organization",
        "foaf:Agent",
        "Agent"
      ],
      "foaf:homepage": [
        "https://www.apidae-tourisme.com/"
      ]
    }
  ],
  "hasContact": [
    {
      "@id": "https://data.datatourisme.fr/1802e64f-6dec-3f8a-9acb-76d4cac9c064",
      "schema:email": [
        "accueil@paysdelamastre.fr"
      ],
      "schema:telephone": [
        "+33 4 75 06 48 99"
      ],
      "@type": [
        "foaf:Agent",
        "Agent"
      ],
      "foaf:homepage": [
        "https://www.pays-lamastre-tourisme.com/fr"
      ]
    }
  ],
  "hasDescription": [
    {
      "@id": "https://data.datatourisme.fr/bd095e41-9847-3e15-84ba-9cdc3c79bd71",
      "@type": [
        "Description"
      ],
      "hasTranslatedProperty": [
        {
          "@id": "https://data.datatourisme.fr/378c19f8-d964-31f6-a14c-9eaf8d0666cc",
          "dc:contributor": [
            "https://api.deepl.com/v2/translate"
          ],
          "rdf:language": [
            "es"
          ],
          "rdf:predicate": [
            "shortDescription"
          ]
        },
        {
          "@id": "https://data.datatourisme.fr/445183c8-323b-3570-89a2-b1dcc1d6c2e0",
          "dc:contributor": [
            "https://api.deepl.com/v2/translate"
          ],
          "rdf:language": [
            "de"
          ],
          "rdf:predicate": [
            "shortDescription"
          ]
        },
        {
          "@id": "https://data.datatourisme.fr/7b0c5f8d-abfc-3031-829b-4c3a4f4e157a",
          "dc:contributor": [
            "https://api.deepl.com/v2/translate"
          ],
          "rdf:language": [
            "it"
          ],
          "rdf:predicate": [
            "shortDescription"
          ]
        }
      ],
      "shortDescription": {
        "de": [
          "Diese Wanderung führt Sie in das obere Doux-Tal. Sie durchwandern das Tal auf seinen Höhen, von denen aus sich Ihnen herrliche Aussichtspunkte bieten. Sie setzen Ihre Reise im Tal fort und folgen dem Fluss inmitten einer unberührten Natur"
        ],
        "en": [
          "This walk takes you through the upper Doux Valley. You will walk along its heights from which there are magnificent viewpoints. You continue your journey in the valley, following the river in the heart of a preserved nature."
        ],
        "it": [
          "Questa passeggiata attraversa l'alta valle del Doux. Camminerete lungo le sue alture da cui si aprono magnifici punti panoramici. Si continua il viaggio nella valle, seguendo il fiume nel cuore di una natura preservata"
        ],
        "fr": [
          "Cette balade vous emmène dans la haute Vallée du Doux. Vous la parcourrez sur ses hauteurs desquelles s'offrent de magnifiques points de vue. Vous poursuivez votre périple dans la vallée, en longeant la rivière au cœur d'une nature préservée. "
        ],
        "es": [
          "Este paseo le lleva por el alto valle del Doux. Recorrerás sus alturas desde las que hay magníficos miradores. Continuará su viaje por el valle, siguiendo el río en el corazón de una naturaleza preservada"
        ],
        "nl": [
          "Deze wandeling gaat door de hoge Doux-vallei. U wandelt langs de hoogten vanwaar u prachtige uitzichtpunten heeft. U vervolgt uw tocht in de vallei, de rivier volgend in het hart van een ongerepte natuur."
        ]
      }
    }
  ],
  "hasTheme": [
    {
      "@id": "kb:Bike",
      "@type": [
        "SportsTheme"
      ],
      "rdfs:label": {
        "de": [
          "Fahrrad"
        ],
        "pt": [
          "Bicicleta"
        ],
        "en": [
          "Bike"
        ],
        "it": [
          "Bicicletta"
        ],
        "fr": [
          "Vélo"
        ],
        "nl": [
          "Fiets"
        ],
        "es": [
          "Bicicleta"
        ]
      }
    },
    {
      "@id": "kb:ElectricallyAssistedBicycle",
      "@type": [
        "SportsTheme"
      ],
      "rdfs:label": {
        "de": [
          "Ladestation für Elektrofahrräder"
        ],
        "pt": [
          "Bicicleta elétrica"
        ],
        "en": [
          "Electrically assisted bicycle"
        ],
        "it": [
          "Bicicletta a pedalata assistita"
        ],
        "fr": [
          "Vélo à assistance électrique, VAE"
        ],
        "nl": [
          "Elektrische fiets"
        ],
        "es": [
          "Bicicleta eléctrica, VAE"
        ]
      }
    }
  ],
  "hasTranslatedProperty": [
    {
      "@id": "https://data.datatourisme.fr/116c5c73-7e5e-346b-8ccf-0f57c3340bef",
      "dc:contributor": [
        "https://api.deepl.com/v2/translate"
      ],
      "rdf:language": [
        "it"
      ],
      "rdf:predicate": [
        {
          "@id": "rdfs:comment"
        }
      ]
    },
    {
      "@id": "https://data.datatourisme.fr/3dbcb277-1732-3494-8f93-b7368a77ba93",
      "dc:contributor": [
        "https://api.deepl.com/v2/translate"
      ],
      "rdf:language": [
        "es"
      ],
      "rdf:predicate": [
        {
          "@id": "rdfs:comment"
        }
      ]
    },
    {
      "@id": "https://data.datatourisme.fr/ad320fdc-fc20-3db7-8f27-fd7ebc31c921",
      "dc:contributor": [
        "https://api.deepl.com/v2/translate"
      ],
      "rdf:language": [
        "de"
      ],
      "rdf:predicate": [
        {
          "@id": "rdfs:comment"
        }
      ]
    }
  ],
  "isLocatedAt": [
    {
      "@id": "https://data.datatourisme.fr/1372a740-14a4-35b8-9fcd-0c5ecd275897",
      "schema:address": [
        {
          "@id": "https://data.datatourisme.fr/542cf8da-5c60-3374-b0bd-e88295e4d8a6",
          "schema:addressLocality": "Lamastre",
          "schema:postalCode": "07270",
          "@type": [
            "schema:PostalAddress",
            "PostalAddress"
          ],
          "hasAddressCity": {
            "@id": "kb:07129",
            "@type": [
              "City"
            ],
            "rdfs:label": {
              "de": [
                "Lamastre"
              ],
              "pt": [
                "Lamastre"
              ],
              "en": [
                "Lamastre"
              ],
              "it": [
                "Lamastre"
              ],
              "fr": [
                "Lamastre"
              ],
              "nl": [
                "Lamastre"
              ],
              "es": [
                "Lamastre"
              ]
            },
            "insee": "07129",
            "isPartOfDepartment": {
              "@id": "kb:France8407",
              "@type": [
                "Department"
              ],
              "rdfs:label": {
                "de": [
                  "Ardèche"
                ],
                "pt": [
                  "Ardèche"
                ],
                "en": [
                  "Ardèche"
                ],
                "it": [
                  "Ardèche"
                ],
                "fr": [
                  "Ardèche"
                ],
                "nl": [
                  "Ardèche"
                ],
                "es": [
                  "Ardèche"
                ]
              },
              "insee": "07",
              "isPartOfRegion": {
                "@id": "kb:France84",
                "@type": [
                  "Region"
                ],
                "rdfs:label": {
                  "de": [
                    "Auvergne-Rhône-Alpes"
                  ],
                  "pt": [
                    "Auvergne-Rhône-Alpes"
                  ],
                  "en": [
                    "Auvergne-Rhône-Alpes"
                  ],
                  "it": [
                    "Auvergne-Rhône-Alpes"
                  ],
                  "fr": [
                    "Auvergne-Rhône-Alpes"
                  ],
                  "nl": [
                    "Auvergne-Rhône-Alpes"
                  ],
                  "es": [
                    "Auvergne-Rhône-Alpes"
                  ]
                },
                "insee": "84",
                "isPartOfCountry": {
                  "@id": "kb:France",
                  "@type": [
                    "schema:Country"
                  ],
                  "rdfs:label": {
                    "de": [
                      "France",
                      "Frankreich"
                    ],
                    "pt": [
                      "França",
                      "France"
                    ],
                    "en": [
                      "France"
                    ],
                    "it": [
                      "France",
                      "Francia"
                    ],
                    "fr": [
                      "France"
                    ],
                    "nl": [
                      "France",
                      "Frankrijk"
                    ],
                    "es": [
                      "France",
                      "Francia"
                    ]
                  }
                }
              }
            }
          }
        }
      ],
      "schema:geo": {
        "@id": "https://data.datatourisme.fr/18605474-c7ed-389f-bee1-42ac06571d80",
        "schema:latitude": "44.986892",
        "schema:longitude": "4.581502",
        "@type": [
          "schema:GeoCoordinates"
        ]
      },
      "schema:openingHoursSpecification": [
        {
          "@id": "https://data.datatourisme.fr/f87e535a-636d-3343-ad63-8a03392e7511",
          "schema:validFrom": "2023-01-01T00:00:00",
          "schema:validThrough": "2023-12-31T23:59:59",
          "@type": [
            "schema:OpeningHoursSpecification"
          ]
        }
      ],
      "@type": [
        "schema:Place",
        "Place"
      ]
    }
  ],
  "isOwnedBy": [
    {
      "@id": "https://data.datatourisme.fr/b143f2cb-bdc8-3fb3-9370-9190e8161da3",
      "schema:email": [
        "accueil@paysdelamastre.fr",
        "contact@dolce-via.com",
        "direction@paysdelamastre.fr",
        "sebotlamastre@gmail.com",
        "thibaultmandonh@gmail.com"
      ],
      "schema:legalName": "Office de Tourisme du Pays de Lamastre",
      "@type": [
        "schema:Organization",
        "foaf:Agent",
        "Agent"
      ],
      "foaf:homepage": [
        "https://www.pays-lamastre-tourisme.com/fr"
      ]
    }
  ],
  "lastUpdate": "2023-04-13",
  "lastUpdateDatatourisme": "2023-04-14T05:54:42.284Z"
}