{
  "@id": "https://data.datatourisme.fr/13/0aa961bc-f007-3b94-bdbb-6708e40d4d4b",
  "dc:identifier": "811399",
  "@type": [
    "olo:OrderedList",
    "PlaceOfInterest",
    "PointOfInterest",
    "RoadTour",
    "SportsAndLeisurePlace",
    "Tour"
  ],
  "rdfs:comment": {
    "de": [
      "Motorradtour zum Mont Gerbier de Jonc mit einer Höhe von 1551 Metern. Er ist aufgrund seiner besonderen Form und seines außergewöhnlichen Naturreichtums ein beliebter Ort in der Ardèche."
    ],
    "en": [
      "This motorbike trail to Mont Gerbier de Jonc at 1551m above sea level. This is a very popular spot in Ardèche because of its unusual shape and its extraordinary natural riches."
    ],
    "it": [
      "Tour in moto verso il Mont Gerbier de Jonc, che culmina a 1.551 metri di altitudine. È un sito molto popolare nell'Ardèche per la sua forma particolare e la sua straordinaria ricchezza naturale."
    ],
    "fr": [
      "Circuit moto en direction du Mont Gerbier de Jonc culminant à 1 551 mètres d'altitude. C'est un site très apprécié en Ardèche de part sa forme particulière et son extraordinaire richesse naturelle."
    ],
    "es": [
      "Recorrido en moto hacia el Mont Gerbier de Jonc, que culmina a 1.551 metros de altitud. Es un lugar muy popular en la Ardèche por su particular forma y su extraordinaria riqueza natural."
    ],
    "nl": [
      "Motortocht naar de Mont Gerbier de Jonc, met als hoogtepunt 1.551 meter. Het is een zeer populaire plaats in de Ardèche vanwege zijn bijzondere vorm en zijn buitengewone natuurlijke rijkdom."
    ]
  },
  "rdfs:label": {
    "en": [
      "Motorbike trail towards Mont Gerbion de Jonc"
    ],
    "fr": [
      "Circuit moto vers le Mont Gerbier de Jonc"
    ]
  },
  "hasBeenCreatedBy": {
    "@id": "https://data.datatourisme.fr/13/0f28b5d4-9b30-30af-aecd-95b4009adf4c",
    "dc:identifier": "141",
    "schema:email": [
      "communication@ardechegrandair.com",
      "direction@ardechegrandair.com",
      "directionvalday@ardechegrandair.com",
      "myriam.guigal@ardechegrandair.com"
    ],
    "schema:legalName": "Office de Tourisme Ardèche Grand Air",
    "@type": [
      "schema:Organization",
      "foaf:Agent",
      "Agent"
    ],
    "foaf:homepage": [
      "http://www.ardechegrandair.com/"
    ]
  },
  "hasBeenPublishedBy": [
    {
      "@id": "https://data.datatourisme.fr/dbca899d-3f22-364b-b99d-40af1e917c58",
      "schema:legalName": "Agence de Développement Touristique de l'Ardèche - source : Apidae Tourisme",
      "@type": [
        "schema:Organization",
        "foaf:Agent",
        "Agent"
      ],
      "foaf:homepage": [
        "https://www.apidae-tourisme.com/"
      ]
    }
  ],
  "hasContact": [
    {
      "@id": "https://data.datatourisme.fr/d2343ebf-d0c3-3695-988d-3169d64bc825",
      "schema:email": [
        "contact@ardechegrandair.com"
      ],
      "schema:telephone": [
        "+33 4 75 33 24 51"
      ],
      "@type": [
        "foaf:Agent",
        "Agent"
      ],
      "foaf:homepage": [
        "http://www.ardechegrandair.com/",
        "https://www.cirkwi.com/fr/circuit/53159-circuit-moto-vers-le-mont-gerbier-de-jonc"
      ]
    }
  ],
  "hasDescription": [
    {
      "@id": "https://data.datatourisme.fr/a8c17aa2-5f92-310a-8434-2457938636a0",
      "@type": [
        "Description"
      ],
      "hasTranslatedProperty": [
        {
          "@id": "https://data.datatourisme.fr/5e0fdda4-d71b-3084-878d-6662402313d4",
          "dc:contributor": [
            "https://api.deepl.com/v2/translate"
          ],
          "rdf:language": [
            "es"
          ],
          "rdf:predicate": [
            "shortDescription"
          ]
        },
        {
          "@id": "https://data.datatourisme.fr/68213500-c577-31a4-a1dc-ab56622392ac",
          "dc:contributor": [
            "https://api.deepl.com/v2/translate"
          ],
          "rdf:language": [
            "de"
          ],
          "rdf:predicate": [
            "shortDescription"
          ]
        },
        {
          "@id": "https://data.datatourisme.fr/6867bf42-0e5c-3f0d-b946-3466bb242f5f",
          "dc:contributor": [
            "https://api.deepl.com/v2/translate"
          ],
          "rdf:language": [
            "it"
          ],
          "rdf:predicate": [
            "shortDescription"
          ]
        },
        {
          "@id": "https://data.datatourisme.fr/c75839e6-4f5a-3c16-8541-1d5d6ba01653",
          "dc:contributor": [
            "https://api.deepl.com/v2/translate"
          ],
          "rdf:language": [
            "nl"
          ],
          "rdf:predicate": [
            "shortDescription"
          ]
        }
      ],
      "shortDescription": {
        "de": [
          "Motorradtour zum Mont Gerbier de Jonc mit einer Höhe von 1551 Metern. Er ist aufgrund seiner besonderen Form und seines außergewöhnlichen Naturreichtums ein beliebter Ort in der Ardèche."
        ],
        "en": [
          "This motorbike trail to Mont Gerbier de Jonc at 1551m above sea level. This is a very popular spot in Ardèche because of its unusual shape and its extraordinary natural riches."
        ],
        "it": [
          "Tour in moto verso il Mont Gerbier de Jonc, che culmina a 1.551 metri di altitudine. È un sito molto popolare nell'Ardèche per la sua forma particolare e la sua straordinaria ricchezza naturale."
        ],
        "fr": [
          "Circuit moto en direction du Mont Gerbier de Jonc culminant à 1 551 mètres d'altitude. C'est un site très apprécié en Ardèche de part sa forme particulière et son extraordinaire richesse naturelle."
        ],
        "es": [
          "Recorrido en moto hacia el Mont Gerbier de Jonc, que culmina a 1.551 metros de altitud. Es un lugar muy popular en la Ardèche por su particular forma y su extraordinaria riqueza natural."
        ],
        "nl": [
          "Motortocht naar de Mont Gerbier de Jonc, met als hoogtepunt 1.551 meter. Het is een zeer populaire plaats in de Ardèche vanwege zijn bijzondere vorm en zijn buitengewone natuurlijke rijkdom."
        ]
      }
    }
  ],
  "hasTranslatedProperty": [
    {
      "@id": "https://data.datatourisme.fr/10050cd9-1316-38f8-ab11-83ec9574f5a9",
      "dc:contributor": [
        "https://api.deepl.com/v2/translate"
      ],
      "rdf:language": [
        "it"
      ],
      "rdf:predicate": [
        {
          "@id": "rdfs:comment"
        }
      ]
    },
    {
      "@id": "https://data.datatourisme.fr/2d26b1d8-3975-3138-8375-aa838ea80eb3",
      "dc:contributor": [
        "https://api.deepl.com/v2/translate"
      ],
      "rdf:language": [
        "es"
      ],
      "rdf:predicate": [
        {
          "@id": "rdfs:comment"
        }
      ]
    },
    {
      "@id": "https://data.datatourisme.fr/58d88134-9512-3f32-86eb-6fdad48beb50",
      "dc:contributor": [
        "https://api.deepl.com/v2/translate"
      ],
      "rdf:language": [
        "de"
      ],
      "rdf:predicate": [
        {
          "@id": "rdfs:comment"
        }
      ]
    },
    {
      "@id": "https://data.datatourisme.fr/5ad5de1d-023b-3156-93c7-887312d702ff",
      "dc:contributor": [
        "https://api.deepl.com/v2/translate"
      ],
      "rdf:language": [
        "nl"
      ],
      "rdf:predicate": [
        {
          "@id": "rdfs:comment"
        }
      ]
    }
  ],
  "isLocatedAt": [
    {
      "@id": "https://data.datatourisme.fr/027d87a1-94f7-3383-bfe3-4c84b312565f",
      "schema:address": [
        {
          "@id": "https://data.datatourisme.fr/a1dfd498-54b8-3502-84cf-2be344e768ba",
          "schema:addressLocality": "Annonay",
          "schema:postalCode": "07100",
          "schema:streetAddress": [
            "Place des Cordeliers"
          ],
          "@type": [
            "schema:PostalAddress",
            "PostalAddress"
          ],
          "hasAddressCity": {
            "@id": "kb:07010",
            "@type": [
              "City"
            ],
            "rdfs:label": {
              "de": [
                "Annonay"
              ],
              "pt": [
                "Annonay"
              ],
              "en": [
                "Annonay"
              ],
              "it": [
                "Annonay"
              ],
              "fr": [
                "Annonay"
              ],
              "nl": [
                "Annonay"
              ],
              "es": [
                "Annonay"
              ]
            },
            "insee": "07010",
            "isPartOfDepartment": {
              "@id": "kb:France8407",
              "@type": [
                "Department"
              ],
              "rdfs:label": {
                "de": [
                  "Ardèche"
                ],
                "pt": [
                  "Ardèche"
                ],
                "en": [
                  "Ardèche"
                ],
                "it": [
                  "Ardèche"
                ],
                "fr": [
                  "Ardèche"
                ],
                "nl": [
                  "Ardèche"
                ],
                "es": [
                  "Ardèche"
                ]
              },
              "insee": "07",
              "isPartOfRegion": {
                "@id": "kb:France84",
                "@type": [
                  "Region"
                ],
                "rdfs:label": {
                  "de": [
                    "Auvergne-Rhône-Alpes"
                  ],
                  "pt": [
                    "Auvergne-Rhône-Alpes"
                  ],
                  "en": [
                    "Auvergne-Rhône-Alpes"
                  ],
                  "it": [
                    "Auvergne-Rhône-Alpes"
                  ],
                  "fr": [
                    "Auvergne-Rhône-Alpes"
                  ],
                  "nl": [
                    "Auvergne-Rhône-Alpes"
                  ],
                  "es": [
                    "Auvergne-Rhône-Alpes"
                  ]
                },
                "insee": "84",
                "isPartOfCountry": {
                  "@id": "kb:France",
                  "@type": [
                    "schema:Country"
                  ],
                  "rdfs:label": {
                    "de": [
                      "France",
                      "Frankreich"
                    ],
                    "pt": [
                      "França",
                      "France"
                    ],
                    "en": [
                      "France"
                    ],
                    "it": [
                      "France",
                      "Francia"
                    ],
                    "fr": [
                      "France"
                    ],
                    "nl": [
                      "France",
                      "Frankrijk"
                    ],
                    "es": [
                      "France",
                      "Francia"
                    ]
                  }
                }
              }
            }
          }
        }
      ],
      "schema:geo": {
        "@id": "https://data.datatourisme.fr/615542b9-5781-3af5-aaed-e0c2412c0a69",
        "schema:latitude": "45.240451",
        "schema:longitude": "4.672744",
        "@type": [
          "schema:GeoCoordinates"
        ]
      },
      "schema:openingHoursSpecification": [
        {
          "@id": "https://data.datatourisme.fr/f87e535a-636d-3343-ad63-8a03392e7511",
          "schema:validFrom": "2023-01-01T00:00:00",
          "schema:validThrough": "2023-12-31T23:59:59",
          "@type": [
            "schema:OpeningHoursSpecification"
          ]
        }
      ],
      "@type": [
        "schema:Place",
        "Place"
      ]
    }
  ],
  "isOwnedBy": [
    {
      "@id": "https://data.datatourisme.fr/3e141ebd-d3da-33b3-94c3-096fd7e178a7",
      "schema:email": [
        "communication@ardechegrandair.com",
        "direction@ardechegrandair.com",
        "directionvalday@ardechegrandair.com",
        "myriam.guigal@ardechegrandair.com"
      ],
      "schema:legalName": "Office de Tourisme Ardèche Grand Air",
      "@type": [
        "schema:Organization",
        "foaf:Agent",
        "Agent"
      ],
      "foaf:homepage": [
        "http://www.ardechegrandair.com/"
      ]
    }
  ],
  "lastUpdate": "2017-06-27",
  "lastUpdateDatatourisme": "2023-02-01T18:07:35.808Z"
}