{
  "@id": "https://data.datatourisme.fr/13/0a2bba82-905b-3034-a43e-29ad7ecffba6",
  "dc:identifier": "4696402",
  "@type": [
    "olo:OrderedList",
    "PlaceOfInterest",
    "PointOfInterest",
    "SportsAndLeisurePlace",
    "Tour",
    "WalkingTour"
  ],
  "rdfs:comment": {
    "de": [
      "Eine Wanderung zwischen dem wilden und tief eingeschnittenen Ozon-Tal, dem Plateau und den Hängen von Saint-Joseph mit Blick auf das Rhône-Tal und die Alpen.\r\nZu entdecken im Reiseführer, der im Tourismusbüro erhältlich ist, und in der App \"les échappées inspirées\"."
    ],
    "en": [
      "A walk between the Ozon valley, wild and steep, the plateau and the hillsides of Saint-Joseph with views of the Rhône valley and the Alps.\r\nTo be discovered in the guidebook on sale at the tourist office and the \"échappées inspirées\" application."
    ],
    "it": [
      "Una passeggiata tra la valle di Ozon, selvaggia e ripida, l'altopiano e le colline di Saint-Joseph con vista sulla valle del Rodano e sulle Alpi.\r\nDa scoprire nella guida in vendita presso l'ufficio del turismo e nell'applicazione \"échappées inspirées\"."
    ],
    "fr": [
      "Une balade entre la vallée de l’Ozon, sauvage et encaissée, le plateau et les coteaux de Saint-Joseph avec vues sur la vallée du Rhône et les Alpes.\r\nA découvrir dans le guide en vente à l'office de tourisme et l'application les \"échappées inspirées\"."
    ],
    "es": [
      "Un paseo entre el valle de Ozon, salvaje y escarpado, la meseta y las laderas de Saint-Joseph con vistas al valle del Ródano y los Alpes.\r\nSe puede descubrir en la guía a la venta en la oficina de turismo y en la aplicación \"échappées inspirées\"."
    ],
    "nl": [
      "Een wandeling tussen de Ozon vallei, wild en steil, het plateau en de hellingen van Saint-Joseph met uitzicht op de Rhône vallei en de Alpen.\r\nTe ontdekken in de gids die te koop is bij het toeristenbureau en de applicatie \"échappées inspirées\"."
    ]
  },
  "rdfs:label": {
    "fr": [
      "Les rives de l'Ozon"
    ]
  },
  "hasBeenCreatedBy": {
    "@id": "https://data.datatourisme.fr/13/73278a4a-8696-3eeb-976a-8fd4c9ec6997",
    "dc:identifier": "113",
    "schema:email": [
      "d.sanial@dromardeche.fr",
      "j.bruyere@dromardeche.fr"
    ],
    "schema:legalName": "Office de Tourisme Porte de DrômArdèche",
    "@type": [
      "schema:Organization",
      "foaf:Agent",
      "Agent"
    ],
    "foaf:homepage": [
      "http://www.autour-du-palais-ideal.fr/"
    ]
  },
  "hasBeenPublishedBy": [
    {
      "@id": "https://data.datatourisme.fr/d48f2ccd-2357-3a8e-b949-cb8bf19a361f",
      "schema:legalName": "Agence d'Attractivité de la Drôme - source : Apidae Tourisme",
      "@type": [
        "schema:Organization",
        "foaf:Agent",
        "Agent"
      ],
      "foaf:homepage": [
        "https://www.apidae-tourisme.com/"
      ]
    }
  ],
  "hasContact": [
    {
      "@id": "https://data.datatourisme.fr/e4a61420-5736-3383-8b66-c11b58e648c9",
      "schema:email": [
        "porte@dromardeche.fr"
      ],
      "schema:telephone": [
        "+33 4 75 23 45 33"
      ],
      "@type": [
        "foaf:Agent",
        "Agent"
      ],
      "foaf:homepage": [
        "http://www.autour-du-palais-ideal.fr/"
      ]
    }
  ],
  "hasDescription": [
    {
      "@id": "https://data.datatourisme.fr/4e0de64a-c7e3-30dd-86ca-82ea8ceb9fc9",
      "@type": [
        "Description"
      ],
      "hasTranslatedProperty": [
        {
          "@id": "https://data.datatourisme.fr/530a9057-9ba3-36d5-b158-21cf07374ee4",
          "dc:contributor": [
            "https://api.deepl.com/v2/translate"
          ],
          "rdf:language": [
            "nl"
          ],
          "rdf:predicate": [
            "shortDescription"
          ]
        },
        {
          "@id": "https://data.datatourisme.fr/584a85ed-3fcd-3d2e-a7ae-469ec8582115",
          "dc:contributor": [
            "https://api.deepl.com/v2/translate"
          ],
          "rdf:language": [
            "de"
          ],
          "rdf:predicate": [
            "shortDescription"
          ]
        },
        {
          "@id": "https://data.datatourisme.fr/6e537fcb-cbc7-30cf-aa0a-914b4a569147",
          "dc:contributor": [
            "https://api.deepl.com/v2/translate"
          ],
          "rdf:language": [
            "it"
          ],
          "rdf:predicate": [
            "shortDescription"
          ]
        },
        {
          "@id": "https://data.datatourisme.fr/907e3dae-d5dc-35ce-902e-8aca8aad39d4",
          "dc:contributor": [
            "https://api.deepl.com/v2/translate"
          ],
          "rdf:language": [
            "es"
          ],
          "rdf:predicate": [
            "shortDescription"
          ]
        }
      ],
      "shortDescription": {
        "de": [
          "Eine Wanderung zwischen dem wilden und tief eingeschnittenen Ozon-Tal, dem Plateau und den Hängen von Saint-Joseph mit Blick auf das Rhône-Tal und die Alpen.\r\nZu entdecken im Reiseführer, der im Tourismusbüro erhältlich ist, und in der App \"les échappées inspirées\"."
        ],
        "en": [
          "A walk between the Ozon valley, wild and steep, the plateau and the hillsides of Saint-Joseph with views of the Rhône valley and the Alps.\r\nTo be discovered in the guidebook on sale at the tourist office and the \"échappées inspirées\" application."
        ],
        "it": [
          "Una passeggiata tra la valle di Ozon, selvaggia e ripida, l'altopiano e le colline di Saint-Joseph con vista sulla valle del Rodano e sulle Alpi.\r\nDa scoprire nella guida in vendita presso l'ufficio del turismo e nell'applicazione \"échappées inspirées\"."
        ],
        "fr": [
          "Une balade entre la vallée de l’Ozon, sauvage et encaissée, le plateau et les coteaux de Saint-Joseph avec vues sur la vallée du Rhône et les Alpes.\r\nA découvrir dans le guide en vente à l'office de tourisme et l'application les \"échappées inspirées\"."
        ],
        "es": [
          "Un paseo entre el valle de Ozon, salvaje y escarpado, la meseta y las laderas de Saint-Joseph con vistas al valle del Ródano y los Alpes.\r\nSe puede descubrir en la guía a la venta en la oficina de turismo y en la aplicación \"échappées inspirées\"."
        ],
        "nl": [
          "Een wandeling tussen de Ozon vallei, wild en steil, het plateau en de hellingen van Saint-Joseph met uitzicht op de Rhône vallei en de Alpen.\r\nTe ontdekken in de gids die te koop is bij het toeristenbureau en de applicatie \"échappées inspirées\"."
        ]
      }
    }
  ],
  "hasTheme": [
    {
      "@id": "kb:Hiking",
      "@type": [
        "SportsTheme"
      ],
      "rdfs:label": {
        "de": [
          "Wanderung"
        ],
        "pt": [
          "Caminhada"
        ],
        "en": [
          "Hiking"
        ],
        "it": [
          "Escursione"
        ],
        "fr": [
          "Randonnée"
        ],
        "nl": [
          "Wandelen"
        ],
        "es": [
          "Senderismo"
        ]
      }
    },
    {
      "@id": "kb:Pedestrian",
      "@type": [
        "SportsTheme"
      ],
      "rdfs:label": {
        "de": [
          "Zu Fuß"
        ],
        "pt": [
          "Pedestre"
        ],
        "en": [
          "Pedestrian"
        ],
        "it": [
          "A piedi"
        ],
        "fr": [
          "Pédestre"
        ],
        "nl": [
          "Voetgangers"
        ],
        "es": [
          "Peatón"
        ]
      }
    },
    {
      "@id": "kb:Running",
      "@type": [
        "SportsTheme"
      ],
      "rdfs:label": {
        "de": [
          "Laufen"
        ],
        "pt": [
          "Corrida a pé"
        ],
        "en": [
          "Running"
        ],
        "it": [
          "Corsa a piedi"
        ],
        "fr": [
          "Course à pied"
        ],
        "nl": [
          "Hardlopen"
        ],
        "es": [
          "Carrera a pie"
        ]
      }
    }
  ],
  "hasTranslatedProperty": [
    {
      "@id": "https://data.datatourisme.fr/17ca5ab9-54fd-3971-a826-fbb9e9a606df",
      "dc:contributor": [
        "https://api.deepl.com/v2/translate"
      ],
      "rdf:language": [
        "nl"
      ],
      "rdf:predicate": [
        {
          "@id": "rdfs:comment"
        }
      ]
    },
    {
      "@id": "https://data.datatourisme.fr/314a813f-1bdd-3105-99e3-41ee27589e31",
      "dc:contributor": [
        "https://api.deepl.com/v2/translate"
      ],
      "rdf:language": [
        "it"
      ],
      "rdf:predicate": [
        {
          "@id": "rdfs:comment"
        }
      ]
    },
    {
      "@id": "https://data.datatourisme.fr/8da66a20-c14a-3bc3-aeee-ac1971bea1b6",
      "dc:contributor": [
        "https://api.deepl.com/v2/translate"
      ],
      "rdf:language": [
        "de"
      ],
      "rdf:predicate": [
        {
          "@id": "rdfs:comment"
        }
      ]
    },
    {
      "@id": "https://data.datatourisme.fr/9e069294-3810-39c9-ab28-97006af1cafa",
      "dc:contributor": [
        "https://api.deepl.com/v2/translate"
      ],
      "rdf:language": [
        "es"
      ],
      "rdf:predicate": [
        {
          "@id": "rdfs:comment"
        }
      ]
    }
  ],
  "isLocatedAt": [
    {
      "@id": "https://data.datatourisme.fr/696b3610-38a1-31e8-9e55-d432d1f90763",
      "schema:address": [
        {
          "@id": "https://data.datatourisme.fr/ea1a4080-0dab-3244-ad91-d709f1bda578",
          "schema:addressLocality": "Arras-sur-Rhône",
          "schema:postalCode": "07370",
          "schema:streetAddress": [
            "Parking devant la mairie"
          ],
          "@type": [
            "schema:PostalAddress",
            "PostalAddress"
          ],
          "hasAddressCity": {
            "@id": "kb:07015",
            "@type": [
              "City"
            ],
            "rdfs:label": {
              "de": [
                "Arras-sur-Rhône"
              ],
              "pt": [
                "Arras-sur-Rhône"
              ],
              "en": [
                "Arras-sur-Rhône"
              ],
              "it": [
                "Arras-sur-Rhône"
              ],
              "fr": [
                "Arras-sur-Rhône"
              ],
              "nl": [
                "Arras-sur-Rhône"
              ],
              "es": [
                "Arras-sur-Rhône"
              ]
            },
            "insee": "07015",
            "isPartOfDepartment": {
              "@id": "kb:France8407",
              "@type": [
                "Department"
              ],
              "rdfs:label": {
                "de": [
                  "Ardèche"
                ],
                "pt": [
                  "Ardèche"
                ],
                "en": [
                  "Ardèche"
                ],
                "it": [
                  "Ardèche"
                ],
                "fr": [
                  "Ardèche"
                ],
                "nl": [
                  "Ardèche"
                ],
                "es": [
                  "Ardèche"
                ]
              },
              "insee": "07",
              "isPartOfRegion": {
                "@id": "kb:France84",
                "@type": [
                  "Region"
                ],
                "rdfs:label": {
                  "de": [
                    "Auvergne-Rhône-Alpes"
                  ],
                  "pt": [
                    "Auvergne-Rhône-Alpes"
                  ],
                  "en": [
                    "Auvergne-Rhône-Alpes"
                  ],
                  "it": [
                    "Auvergne-Rhône-Alpes"
                  ],
                  "fr": [
                    "Auvergne-Rhône-Alpes"
                  ],
                  "nl": [
                    "Auvergne-Rhône-Alpes"
                  ],
                  "es": [
                    "Auvergne-Rhône-Alpes"
                  ]
                },
                "insee": "84",
                "isPartOfCountry": {
                  "@id": "kb:France",
                  "@type": [
                    "schema:Country"
                  ],
                  "rdfs:label": {
                    "de": [
                      "France",
                      "Frankreich"
                    ],
                    "pt": [
                      "França",
                      "France"
                    ],
                    "en": [
                      "France"
                    ],
                    "it": [
                      "France",
                      "Francia"
                    ],
                    "fr": [
                      "France"
                    ],
                    "nl": [
                      "France",
                      "Frankrijk"
                    ],
                    "es": [
                      "France",
                      "Francia"
                    ]
                  }
                }
              }
            }
          }
        }
      ],
      "schema:geo": {
        "@id": "https://data.datatourisme.fr/fc52b1bb-0e13-3699-bca6-adedc42563c1",
        "schema:latitude": "45.144069",
        "schema:longitude": "4.808557",
        "@type": [
          "schema:GeoCoordinates"
        ]
      },
      "schema:openingHoursSpecification": [
        {
          "@id": "https://data.datatourisme.fr/f87e535a-636d-3343-ad63-8a03392e7511",
          "schema:validFrom": "2023-01-01T00:00:00",
          "schema:validThrough": "2023-12-31T23:59:59",
          "@type": [
            "schema:OpeningHoursSpecification"
          ]
        }
      ],
      "@type": [
        "schema:Place",
        "Place"
      ]
    }
  ],
  "isOwnedBy": [
    {
      "@id": "https://data.datatourisme.fr/c34130c6-4437-3624-9afb-3511a8692fba",
      "schema:email": [
        "d.sanial@dromardeche.fr",
        "j.bruyere@dromardeche.fr"
      ],
      "schema:legalName": "Office de Tourisme Porte de DrômArdèche",
      "@type": [
        "schema:Organization",
        "foaf:Agent",
        "Agent"
      ],
      "foaf:homepage": [
        "http://www.autour-du-palais-ideal.fr/"
      ]
    }
  ],
  "lastUpdate": "2023-04-05",
  "lastUpdateDatatourisme": "2023-04-06T05:49:38.772Z"
}