{
  "@id": "https://data.datatourisme.fr/13/e707bf5c-ef80-3122-8019-4daa1eb896fa",
  "dc:identifier": "765520",
  "@type": [
    "schema:Park",
    "CulturalSite",
    "ParkAndGarden",
    "PlaceOfInterest",
    "PointOfInterest"
  ],
  "rdfs:comment": {
    "de": [
      "Der 1969 eröffnete Parc Floral ist ein idealer Ort für Liebhaber der Blumenkunst und für Spaziergänge im Grünen."
    ],
    "en": [
      "Inaugurated in 1969, the Parc Floral is an ideal place for lovers of floral art and green walks."
    ],
    "it": [
      "Inaugurato nel 1969, il Parc Floral è un luogo ideale per gli amanti dell'arte floreale e delle passeggiate nel verde."
    ],
    "fr": [
      "Inauguré en 1969, le Parc Floral est un lieu idéal pour les amateurs d’art floral et de promenade au vert."
    ],
    "es": [
      "Inaugurado en 1969, el Parc Floral es un lugar ideal para los amantes del arte floral y los paseos verdes."
    ],
    "nl": [
      "Het Parc Floral, ingewijd in 1969, is een ideale plek voor liefhebbers van bloemsierkunst en groene wandelingen."
    ]
  },
  "rdfs:label": {
    "en": [
      "Parc Floral de Paris"
    ],
    "fr": [
      "Parc Floral de Paris"
    ]
  },
  "owl:sameAs": [
    "http://www.wikidata.org/entity/Q1726347"
  ],
  "hasBeenCreatedBy": {
    "@id": "https://data.datatourisme.fr/13/03e0704b-5690-32de-a186-1dc3ad3316c9",
    "dc:identifier": "1019",
    "schema:email": [
      "bgeigle@visitparisregion.com",
      "hcaldo@visitparisregion.com",
      "mtanaskovic@visitparisregion.com"
    ],
    "schema:legalName": "Choose Paris Region",
    "@type": [
      "schema:Organization",
      "foaf:Agent",
      "Agent"
    ],
    "foaf:homepage": [
      "http://www.visitparisregion.com/"
    ]
  },
  "hasBeenPublishedBy": [
    {
      "@id": "https://data.datatourisme.fr/8a9feb4b-2cbd-3d2c-b507-bd6c6776b23b",
      "schema:legalName": "Apidae Tourisme Scic SA - source : Apidae Tourisme",
      "@type": [
        "schema:Organization",
        "foaf:Agent",
        "Agent"
      ],
      "foaf:homepage": [
        "https://www.apidae-tourisme.com/"
      ]
    }
  ],
  "hasContact": [
    {
      "@id": "https://data.datatourisme.fr/91989f0c-96bc-3356-a427-73e6a392fff9",
      "schema:email": [
        "infosepe@parcfloraldeparis.com"
      ],
      "schema:telephone": [
        "+33 1 49 57 24 84"
      ],
      "@type": [
        "foaf:Agent",
        "Agent"
      ],
      "foaf:homepage": [
        "https://www.paris.fr/equipements/parc-floral-de-paris-1"
      ]
    }
  ],
  "hasDescription": [
    {
      "@id": "https://data.datatourisme.fr/8b6d08da-9db6-3fa1-8b10-fb0fd0c72624",
      "@type": [
        "Description"
      ],
      "hasTranslatedProperty": [
        {
          "@id": "https://data.datatourisme.fr/02c4e9e8-4210-3b9b-915b-a7029560a800",
          "dc:contributor": [
            "https://api.deepl.com/v2/translate"
          ],
          "rdf:language": [
            "nl"
          ],
          "rdf:predicate": [
            "shortDescription"
          ]
        },
        {
          "@id": "https://data.datatourisme.fr/0ed8a4f1-c566-3fef-b0d4-8936fbe81405",
          "dc:contributor": [
            "https://api.deepl.com/v2/translate"
          ],
          "rdf:language": [
            "it"
          ],
          "rdf:predicate": [
            "shortDescription"
          ]
        },
        {
          "@id": "https://data.datatourisme.fr/3ea702e4-b4b1-3f10-bfa7-6d1f104c2135",
          "dc:contributor": [
            "https://api.deepl.com/v2/translate"
          ],
          "rdf:language": [
            "de"
          ],
          "rdf:predicate": [
            "shortDescription"
          ]
        },
        {
          "@id": "https://data.datatourisme.fr/942d3ff9-abae-3a24-a68e-336542041957",
          "dc:contributor": [
            "https://api.deepl.com/v2/translate"
          ],
          "rdf:language": [
            "en"
          ],
          "rdf:predicate": [
            "shortDescription"
          ]
        },
        {
          "@id": "https://data.datatourisme.fr/e0b2ece3-4e3b-3324-8b31-e112d4928074",
          "dc:contributor": [
            "https://api.deepl.com/v2/translate"
          ],
          "rdf:language": [
            "es"
          ],
          "rdf:predicate": [
            "shortDescription"
          ]
        }
      ],
      "shortDescription": {
        "de": [
          "Der 1969 eröffnete Parc Floral ist ein idealer Ort für Liebhaber der Blumenkunst und für Spaziergänge im Grünen."
        ],
        "en": [
          "Inaugurated in 1969, the Parc Floral is an ideal place for lovers of floral art and green walks."
        ],
        "it": [
          "Inaugurato nel 1969, il Parc Floral è un luogo ideale per gli amanti dell'arte floreale e delle passeggiate nel verde."
        ],
        "fr": [
          "Inauguré en 1969, le Parc Floral est un lieu idéal pour les amateurs d’art floral et de promenade au vert."
        ],
        "es": [
          "Inaugurado en 1969, el Parc Floral es un lugar ideal para los amantes del arte floral y los paseos verdes."
        ],
        "nl": [
          "Het Parc Floral, ingewijd in 1969, is een ideale plek voor liefhebbers van bloemsierkunst en groene wandelingen."
        ]
      }
    }
  ],
  "hasRepresentation": [
    {
      "@id": "https://data.datatourisme.fr/455ec06d-b696-34c5-9939-ba3b785e952c",
      "ebucore:hasAnnotation": [
        {
          "@id": "https://data.datatourisme.fr/ddefeda6-b1af-3d92-8ce2-b6d3737c138a",
          "ebucore:isCoveredBy": "CC BY-SA 3.0",
          "ebucore:title": {
            "fr": [
              "Parc Floral pixinn.net"
            ]
          },
          "@type": [
            "ebucore:Annotation"
          ],
          "credits": [
            "Christophe Meneboeuf"
          ]
        }
      ],
      "ebucore:hasRelatedResource": [
        {
          "@id": "https://data.datatourisme.fr/e81348e9-ddc6-30f5-9c24-040040cd3802",
          "ebucore:fileSize": [
            695487
          ],
          "ebucore:hasMimeType": [
            {
              "@id": "kb:JPEG",
              "@type": [
                "ebucore:MimeType"
              ],
              "rdfs:comment": {
                "de": [
                  "JPEG-Bild"
                ],
                "pt": [
                  "Imagem JPEG"
                ],
                "en": [
                  "JPEG image file"
                ],
                "it": [
                  "Immagine JPEG"
                ],
                "fr": [
                  "Image JPEG"
                ],
                "nl": [
                  "JPEG-afbeelding"
                ],
                "es": [
                  "Imagen JPEG"
                ]
              },
              "rdfs:label": {
                "de": [
                  "image/jpeg"
                ],
                "pt": [
                  "image/jpeg"
                ],
                "en": [
                  "image/jpeg"
                ],
                "it": [
                  "image/jpeg"
                ],
                "fr": [
                  "image/jpeg"
                ],
                "nl": [
                  "image/jpeg"
                ],
                "es": [
                  "image/jpeg"
                ]
              }
            }
          ],
          "ebucore:height": 720,
          "ebucore:locator": [
            "https://upload.wikimedia.org/wikipedia/commons/7/71/Parc_Floral_pixinn.net.jpg"
          ],
          "ebucore:width": 1691,
          "@type": [
            "ebucore:Resource"
          ]
        }
      ],
      "@type": [
        "ebucore:EditorialObject"
      ]
    }
  ],
  "hasTheme": [
    {
      "@id": "kb:Culture",
      "@type": [
        "CulturalTheme"
      ],
      "rdfs:label": {
        "de": [
          "Kultur"
        ],
        "pt": [
          "Cultura"
        ],
        "en": [
          "Culture"
        ],
        "it": [
          "Cultura"
        ],
        "fr": [
          "Culture"
        ],
        "nl": [
          "Cultuur"
        ],
        "es": [
          "Cultura"
        ]
      }
    }
  ],
  "hasTranslatedProperty": [
    {
      "@id": "https://data.datatourisme.fr/0f670acd-9d87-3f56-bd0c-b56803abe2fe",
      "dc:contributor": [
        "https://api.deepl.com/v2/translate"
      ],
      "rdf:language": [
        "en"
      ],
      "rdf:predicate": [
        {
          "@id": "rdfs:comment"
        }
      ]
    },
    {
      "@id": "https://data.datatourisme.fr/5099df2c-7a44-3118-ad9e-17a60e87f4f2",
      "dc:contributor": [
        "https://api.deepl.com/v2/translate"
      ],
      "rdf:language": [
        "it"
      ],
      "rdf:predicate": [
        {
          "@id": "rdfs:comment"
        }
      ]
    },
    {
      "@id": "https://data.datatourisme.fr/63f5c7bd-db7a-3bce-ac9b-9a806d53471d",
      "dc:contributor": [
        "https://api.deepl.com/v2/translate"
      ],
      "rdf:language": [
        "de"
      ],
      "rdf:predicate": [
        {
          "@id": "rdfs:comment"
        }
      ]
    },
    {
      "@id": "https://data.datatourisme.fr/6c903124-bbb8-3231-a3f0-f0d4a6b89350",
      "dc:contributor": [
        "https://api.deepl.com/v2/translate"
      ],
      "rdf:language": [
        "nl"
      ],
      "rdf:predicate": [
        {
          "@id": "rdfs:comment"
        }
      ]
    },
    {
      "@id": "https://data.datatourisme.fr/6d97d218-1876-3e6f-83d2-06a35c849191",
      "dc:contributor": [
        "https://api.deepl.com/v2/translate"
      ],
      "rdf:language": [
        "es"
      ],
      "rdf:predicate": [
        {
          "@id": "rdfs:comment"
        }
      ]
    }
  ],
  "isLocatedAt": [
    {
      "@id": "https://data.datatourisme.fr/9818ea9f-9022-3671-ab29-3cbffd1a1a61",
      "schema:address": [
        {
          "@id": "https://data.datatourisme.fr/7c9dc201-ddeb-3795-8ae6-ec53b18c5eca",
          "schema:addressLocality": "Paris",
          "schema:postalCode": "75012",
          "schema:streetAddress": [
            "Route du Champs de manœuvre"
          ],
          "@type": [
            "schema:PostalAddress",
            "PostalAddress"
          ],
          "hasAddressCity": {
            "@id": "kb:75056",
            "@type": [
              "City"
            ],
            "rdfs:label": {
              "de": [
                "Paris"
              ],
              "pt": [
                "Paris"
              ],
              "en": [
                "Paris"
              ],
              "it": [
                "Paris"
              ],
              "fr": [
                "Paris"
              ],
              "nl": [
                "Paris"
              ],
              "es": [
                "Paris"
              ]
            },
            "insee": "75056",
            "isPartOfDepartment": {
              "@id": "kb:France1175",
              "@type": [
                "Department"
              ],
              "rdfs:label": {
                "de": [
                  "Paris"
                ],
                "pt": [
                  "Paris"
                ],
                "en": [
                  "Paris"
                ],
                "it": [
                  "Paris"
                ],
                "fr": [
                  "Paris"
                ],
                "nl": [
                  "Paris"
                ],
                "es": [
                  "Paris"
                ]
              },
              "insee": "75",
              "isPartOfRegion": {
                "@id": "kb:France11",
                "@type": [
                  "Region"
                ],
                "rdfs:label": {
                  "de": [
                    "Île-de-France"
                  ],
                  "pt": [
                    "Île-de-France"
                  ],
                  "en": [
                    "Île-de-France"
                  ],
                  "it": [
                    "Île-de-France"
                  ],
                  "fr": [
                    "Île-de-France"
                  ],
                  "nl": [
                    "Île-de-France"
                  ],
                  "es": [
                    "Île-de-France"
                  ]
                },
                "insee": "11",
                "isPartOfCountry": {
                  "@id": "kb:France",
                  "@type": [
                    "schema:Country"
                  ],
                  "rdfs:label": {
                    "de": [
                      "France",
                      "Frankreich"
                    ],
                    "pt": [
                      "França",
                      "France"
                    ],
                    "en": [
                      "France"
                    ],
                    "it": [
                      "France",
                      "Francia"
                    ],
                    "fr": [
                      "France"
                    ],
                    "nl": [
                      "France",
                      "Frankrijk"
                    ],
                    "es": [
                      "France",
                      "Francia"
                    ]
                  }
                }
              }
            }
          }
        }
      ],
      "schema:geo": {
        "@id": "https://data.datatourisme.fr/3772ccb5-97be-3de0-a626-956a48a746db",
        "schema:latitude": "48.838",
        "schema:longitude": "2.4453",
        "@type": [
          "schema:GeoCoordinates"
        ]
      },
      "schema:openingHoursSpecification": [
        {
          "@id": "https://data.datatourisme.fr/69e8e5b6-36d1-38d1-86ba-dcac5907bb3c",
          "schema:validFrom": "2023-01-01T00:00:00",
          "schema:validThrough": "2023-12-31T23:59:59",
          "@type": [
            "schema:OpeningHoursSpecification"
          ],
          "additionalInformation": {
            "de": [
              "Im Winter: ab der Umstellung auf die Winterzeit bis Ende Februar von 9:30 bis 17:00 Uhr.\r\nIm Frühling: ab dem 1. März bis zur Sommerzeit von 9:30 bis 18:30 Uhr.\r\nIm Sommer: ab der Umstellung auf Sommerzeit bis zum 30. September von 9:30 bis 20:00 Uhr.\r\nIm Herbst: ab dem 1. Oktober bis zur Umstellung auf die Winterzeit von 9:30 bis 18:30 Uhr."
            ],
            "en": [
              "In winter: from the changeover to winter time until the end of February from 9.30 am to 5 pm.\r\nIn spring: from 1 March until summer time from 9.30 am to 6.30 pm.\r\nIn summer: from the changeover to summer time until 30 September from 9.30 a.m. to 8 p.m.\r\nIn autumn: from 1 October until the changeover to winter time from 9.30 am to 6.30 pm."
            ],
            "it": [
              "In inverno: dal passaggio all'orario invernale fino alla fine di febbraio dalle 9.30 alle 17.00.\r\nIn primavera: dal 1° marzo fino all'ora legale dalle 9.30 alle 18.30.\r\nIn estate: dal passaggio all'ora legale fino al 30 settembre dalle 9.30 alle 20.00.\r\nIn autunno: dal 1° ottobre fino al passaggio all'orario invernale, dalle 9.30 alle 18.30."
            ],
            "fr": [
              "En hiver: à partir du passage à l’heure d’hiver jusqu’à la fin février de 9h30 à 17h.\r\nAu printemps: à partir du 1er mars et jusqu’au à l’heure d’été de 9h30 à 18h30.\r\nEn été : à partir du passage à l’heure d’été et jusqu’à 30 septembre de 9h30 à 20h.\r\nEn automne : du 1er octobre jusqu’au passage à l’heure d’hiver de 9h30 à 18h30."
            ],
            "nl": [
              "In de winter: vanaf de overgang naar de wintertijd tot eind februari van 9.30 tot 17.00 uur.\r\nIn het voorjaar: van 1 maart tot de zomertijd van 9.30 tot 18.30 uur.\r\nIn de zomer: vanaf de overgang naar de zomertijd tot 30 september van 9.30 tot 20.00 uur.\r\nIn de herfst: van 1 oktober tot de overgang naar de wintertijd van 9.30 tot 18.30 uur."
            ],
            "es": [
              "En invierno: desde el cambio al horario de invierno hasta finales de febrero, de 9.30 a 17.00 horas.\r\nEn primavera: desde el 1 de marzo hasta el horario de verano, de 9.30 a 18.30 horas.\r\nEn verano: desde el cambio al horario de verano hasta el 30 de septiembre, de 9.30 a 20.00 horas.\r\nEn otoño: desde el 1 de octubre hasta el cambio al horario de invierno, de 9.30 a 18.30 horas."
            ]
          },
          "hasTranslatedProperty": [
            {
              "@id": "https://data.datatourisme.fr/1e08df0b-eebb-3b60-afc7-4e162aab5f82",
              "dc:contributor": [
                "https://api.deepl.com/v2/translate"
              ],
              "rdf:language": [
                "es"
              ],
              "rdf:predicate": [
                "additionalInformation"
              ]
            },
            {
              "@id": "https://data.datatourisme.fr/2be4d28d-8728-3423-b9cc-9009de2e92b0",
              "dc:contributor": [
                "https://api.deepl.com/v2/translate"
              ],
              "rdf:language": [
                "it"
              ],
              "rdf:predicate": [
                "additionalInformation"
              ]
            },
            {
              "@id": "https://data.datatourisme.fr/724e62ce-5bee-313a-b389-b9959feb9134",
              "dc:contributor": [
                "https://api.deepl.com/v2/translate"
              ],
              "rdf:language": [
                "nl"
              ],
              "rdf:predicate": [
                "additionalInformation"
              ]
            },
            {
              "@id": "https://data.datatourisme.fr/bec4fd8a-78c5-3c30-a340-ba9c8446d5c3",
              "dc:contributor": [
                "https://api.deepl.com/v2/translate"
              ],
              "rdf:language": [
                "en"
              ],
              "rdf:predicate": [
                "additionalInformation"
              ]
            },
            {
              "@id": "https://data.datatourisme.fr/efa572e1-1cf8-3c57-be3f-6a6465a4360d",
              "dc:contributor": [
                "https://api.deepl.com/v2/translate"
              ],
              "rdf:language": [
                "de"
              ],
              "rdf:predicate": [
                "additionalInformation"
              ]
            }
          ]
        }
      ],
      "@type": [
        "schema:Place",
        "Place"
      ]
    }
  ],
  "isOwnedBy": [
    {
      "@id": "https://data.datatourisme.fr/3b8a790a-ebad-39c6-9a18-c5663001f469",
      "schema:email": [
        "bgeigle@visitparisregion.com",
        "hcaldo@visitparisregion.com",
        "mtanaskovic@visitparisregion.com"
      ],
      "schema:legalName": "Choose Paris Region",
      "@type": [
        "schema:Organization",
        "foaf:Agent",
        "Agent"
      ],
      "foaf:homepage": [
        "http://www.visitparisregion.com/"
      ]
    }
  ],
  "lastUpdate": "2022-05-11",
  "lastUpdateDatatourisme": "2023-10-17T05:52:15.681Z"
}