{
  "@id": "https://data.datatourisme.fr/13/8cd06aa7-195a-36ea-add8-089aa29315e1",
  "dc:identifier": "6504072",
  "@type": [
    "olo:OrderedList",
    "CyclingTour",
    "PlaceOfInterest",
    "PointOfInterest",
    "SportsAndLeisurePlace",
    "Tour"
  ],
  "rdfs:comment": {
    "de": [
      "Entdecken Sie das unberührte Tal der Cance, eine Oase der Ruhe im Herzen der Natur. Genießen Sie die Schönheit der Landschaft, machen Sie eine Pause am Lac de Vert, um sich zu erholen, und fahren Sie dann durch die Weinlandschaften wieder hinunter, um in der Nähe der Rhône einen Halt zu machen."
    ],
    "en": [
      "Discover the unspoilt valley of the Cance, a haven of peace in the heart of nature. Enjoy the beauty of the landscape, take a break at the Lac de Vert to recharge your batteries, then head back down through the vineyards and make a stop near the Rhône."
    ],
    "it": [
      "Scoprite la valle incontaminata della Cance, un'oasi di pace nel cuore della natura. Godetevi la bellezza del paesaggio, fate una pausa al Lac de Vert per ricaricare le batterie, poi scendete attraverso i vigneti e fate una sosta vicino al Rodano."
    ],
    "fr": [
      "Découvrez la vallée préservée de la Cance, havre de paix au cœur de la nature. Profitez de la beauté des paysages, faites une pause au lac de Vert pour vous ressourcer puis redescendez à travers les paysages de vignobles et faire une halte près du Rhône."
    ],
    "nl": [
      "Ontdek de ongerepte vallei van de Cance, een oase van rust midden in de natuur. Geniet van de schoonheid van het landschap, neem een pauze bij het Lac de Vert om nieuwe energie op te doen, ga dan terug naar beneden door de wijngaarden en maak een stop bij de Rhône."
    ],
    "es": [
      "Descubra el valle virgen del Cance, un remanso de paz en plena naturaleza. Disfrute de la belleza del paisaje, haga una pausa en el Lac de Vert para reponer fuerzas y, a continuación, descienda a través de los viñedos y haga una parada cerca del Ródano."
    ]
  },
  "rdfs:label": {
    "fr": [
      "Vallée de la Cance"
    ]
  },
  "hasBeenCreatedBy": {
    "@id": "https://data.datatourisme.fr/13/73278a4a-8696-3eeb-976a-8fd4c9ec6997",
    "dc:identifier": "113",
    "schema:email": [
      "d.sanial@dromardeche.fr",
      "j.bruyere@dromardeche.fr"
    ],
    "schema:legalName": "Office de Tourisme Porte de DrômArdèche",
    "@type": [
      "schema:Organization",
      "foaf:Agent",
      "Agent"
    ],
    "foaf:homepage": [
      "http://www.autour-du-palais-ideal.fr/"
    ]
  },
  "hasBeenPublishedBy": [
    {
      "@id": "https://data.datatourisme.fr/d48f2ccd-2357-3a8e-b949-cb8bf19a361f",
      "schema:legalName": "Agence d'Attractivité de la Drôme - source : Apidae Tourisme",
      "@type": [
        "schema:Organization",
        "foaf:Agent",
        "Agent"
      ],
      "foaf:homepage": [
        "https://www.apidae-tourisme.com/"
      ]
    }
  ],
  "hasContact": [
    {
      "@id": "https://data.datatourisme.fr/055e0a47-f4a9-371f-bec5-c4f56507c129",
      "schema:telephone": [
        "+33 4 75 23 45 33"
      ],
      "@type": [
        "foaf:Agent",
        "Agent"
      ],
      "foaf:homepage": [
        "http://www.autour-du-palais-ideal.fr/"
      ]
    }
  ],
  "hasDescription": [
    {
      "@id": "https://data.datatourisme.fr/1f73aef6-8bce-3bf8-9db9-ab40951d3470",
      "@type": [
        "Description"
      ],
      "hasTranslatedProperty": [
        {
          "@id": "https://data.datatourisme.fr/941c250c-cc1d-3d8e-9178-5391ddcbacf3",
          "dc:contributor": [
            "https://api.deepl.com/v2/translate"
          ],
          "rdf:language": [
            "nl"
          ],
          "rdf:predicate": [
            "shortDescription"
          ]
        },
        {
          "@id": "https://data.datatourisme.fr/96f6a21c-bb84-38a6-b26d-515b760109b5",
          "dc:contributor": [
            "https://api.deepl.com/v2/translate"
          ],
          "rdf:language": [
            "es"
          ],
          "rdf:predicate": [
            "shortDescription"
          ]
        },
        {
          "@id": "https://data.datatourisme.fr/c21b19bc-f684-3f92-9fa6-c38397d09994",
          "dc:contributor": [
            "https://api.deepl.com/v2/translate"
          ],
          "rdf:language": [
            "it"
          ],
          "rdf:predicate": [
            "shortDescription"
          ]
        },
        {
          "@id": "https://data.datatourisme.fr/d78b9f90-cbcc-3670-a6cd-bf2f96bbb9e7",
          "dc:contributor": [
            "https://api.deepl.com/v2/translate"
          ],
          "rdf:language": [
            "de"
          ],
          "rdf:predicate": [
            "shortDescription"
          ]
        }
      ],
      "shortDescription": {
        "de": [
          "Entdecken Sie das unberührte Tal der Cance, eine Oase der Ruhe im Herzen der Natur. Genießen Sie die Schönheit der Landschaft, machen Sie eine Pause am Lac de Vert, um sich zu erholen, und fahren Sie dann durch die Weinlandschaften wieder hinunter, um in der Nähe der Rhône einen Halt zu machen."
        ],
        "en": [
          "Discover the unspoilt valley of the Cance, a haven of peace in the heart of nature. Enjoy the beauty of the landscape, take a break at the Lac de Vert to recharge your batteries, then head back down through the vineyards and make a stop near the Rhône."
        ],
        "it": [
          "Scoprite la valle incontaminata della Cance, un'oasi di pace nel cuore della natura. Godetevi la bellezza del paesaggio, fate una pausa al Lac de Vert per ricaricare le batterie, poi scendete attraverso i vigneti e fate una sosta vicino al Rodano."
        ],
        "fr": [
          "Découvrez la vallée préservée de la Cance, havre de paix au cœur de la nature. Profitez de la beauté des paysages, faites une pause au lac de Vert pour vous ressourcer puis redescendez à travers les paysages de vignobles et faire une halte près du Rhône."
        ],
        "nl": [
          "Ontdek de ongerepte vallei van de Cance, een oase van rust midden in de natuur. Geniet van de schoonheid van het landschap, neem een pauze bij het Lac de Vert om nieuwe energie op te doen, ga dan terug naar beneden door de wijngaarden en maak een stop bij de Rhône."
        ],
        "es": [
          "Descubra el valle virgen del Cance, un remanso de paz en plena naturaleza. Disfrute de la belleza del paisaje, haga una pausa en el Lac de Vert para reponer fuerzas y, a continuación, descienda a través de los viñedos y haga una parada cerca del Ródano."
        ]
      }
    }
  ],
  "hasTheme": [
    {
      "@id": "kb:ATV",
      "@type": [
        "SportsTheme"
      ],
      "rdfs:label": {
        "de": [
          "MTB"
        ],
        "pt": [
          "Bicicleta-todo-o-terreno (BTT)"
        ],
        "en": [
          "Atv"
        ],
        "it": [
          "Mountain bike"
        ],
        "fr": [
          "Vtt"
        ],
        "nl": [
          "Mountainbike"
        ],
        "es": [
          "BTT"
        ]
      }
    },
    {
      "@id": "kb:Bike",
      "@type": [
        "SportsTheme"
      ],
      "rdfs:label": {
        "de": [
          "Fahrrad"
        ],
        "pt": [
          "Bicicleta"
        ],
        "en": [
          "Bike"
        ],
        "it": [
          "Bicicletta"
        ],
        "fr": [
          "Vélo"
        ],
        "nl": [
          "Fiets"
        ],
        "es": [
          "Bicicleta"
        ]
      }
    },
    {
      "@id": "kb:ElectricATV",
      "@type": [
        "SportsTheme"
      ],
      "rdfs:label": {
        "de": [
          "Elektro-Mountainbike"
        ],
        "pt": [
          "Bicicleta-todo-o-terreno (BTT) elétrica"
        ],
        "en": [
          "Electri atv"
        ],
        "it": [
          "Mountain bike elettrica"
        ],
        "fr": [
          "Vtt électrique"
        ],
        "nl": [
          "Elektrische mountainbike"
        ],
        "es": [
          "Bicicleta eléctrica de montaña"
        ]
      }
    }
  ],
  "hasTranslatedProperty": [
    {
      "@id": "https://data.datatourisme.fr/83d79e10-8e30-3951-9d4d-6ef80ea8917f",
      "dc:contributor": [
        "https://api.deepl.com/v2/translate"
      ],
      "rdf:language": [
        "it"
      ],
      "rdf:predicate": [
        {
          "@id": "rdfs:comment"
        }
      ]
    },
    {
      "@id": "https://data.datatourisme.fr/a8424e92-f666-3e14-9717-05f7428492a2",
      "dc:contributor": [
        "https://api.deepl.com/v2/translate"
      ],
      "rdf:language": [
        "nl"
      ],
      "rdf:predicate": [
        {
          "@id": "rdfs:comment"
        }
      ]
    },
    {
      "@id": "https://data.datatourisme.fr/b989e128-1189-3167-a80f-8ff2bdabd2ac",
      "dc:contributor": [
        "https://api.deepl.com/v2/translate"
      ],
      "rdf:language": [
        "de"
      ],
      "rdf:predicate": [
        {
          "@id": "rdfs:comment"
        }
      ]
    },
    {
      "@id": "https://data.datatourisme.fr/ce7a71a4-818b-3455-ba95-46cfc37bae57",
      "dc:contributor": [
        "https://api.deepl.com/v2/translate"
      ],
      "rdf:language": [
        "es"
      ],
      "rdf:predicate": [
        {
          "@id": "rdfs:comment"
        }
      ]
    }
  ],
  "isLocatedAt": [
    {
      "@id": "https://data.datatourisme.fr/505d01f8-fa89-37d8-b230-61181cd2c479",
      "schema:address": [
        {
          "@id": "https://data.datatourisme.fr/6da4bceb-af34-303b-8099-23e31a9f06b4",
          "schema:addressLocality": "Andance",
          "schema:postalCode": "07340",
          "schema:streetAddress": [
            "Place Maxime Chantier"
          ],
          "@type": [
            "schema:PostalAddress",
            "PostalAddress"
          ],
          "hasAddressCity": {
            "@id": "kb:07009",
            "@type": [
              "City"
            ],
            "rdfs:label": {
              "de": [
                "Andance"
              ],
              "pt": [
                "Andance"
              ],
              "en": [
                "Andance"
              ],
              "it": [
                "Andance"
              ],
              "fr": [
                "Andance"
              ],
              "nl": [
                "Andance"
              ],
              "es": [
                "Andance"
              ]
            },
            "insee": "07009",
            "isPartOfDepartment": {
              "@id": "kb:France8407",
              "@type": [
                "Department"
              ],
              "rdfs:label": {
                "de": [
                  "Ardèche"
                ],
                "pt": [
                  "Ardèche"
                ],
                "en": [
                  "Ardèche"
                ],
                "it": [
                  "Ardèche"
                ],
                "fr": [
                  "Ardèche"
                ],
                "nl": [
                  "Ardèche"
                ],
                "es": [
                  "Ardèche"
                ]
              },
              "insee": "07",
              "isPartOfRegion": {
                "@id": "kb:France84",
                "@type": [
                  "Region"
                ],
                "rdfs:label": {
                  "de": [
                    "Auvergne-Rhône-Alpes"
                  ],
                  "pt": [
                    "Auvergne-Rhône-Alpes"
                  ],
                  "en": [
                    "Auvergne-Rhône-Alpes"
                  ],
                  "it": [
                    "Auvergne-Rhône-Alpes"
                  ],
                  "fr": [
                    "Auvergne-Rhône-Alpes"
                  ],
                  "nl": [
                    "Auvergne-Rhône-Alpes"
                  ],
                  "es": [
                    "Auvergne-Rhône-Alpes"
                  ]
                },
                "insee": "84",
                "isPartOfCountry": {
                  "@id": "kb:France",
                  "@type": [
                    "schema:Country"
                  ],
                  "rdfs:label": {
                    "de": [
                      "France",
                      "Frankreich"
                    ],
                    "pt": [
                      "França",
                      "France"
                    ],
                    "en": [
                      "France"
                    ],
                    "it": [
                      "France",
                      "Francia"
                    ],
                    "fr": [
                      "France"
                    ],
                    "nl": [
                      "France",
                      "Frankrijk"
                    ],
                    "es": [
                      "France",
                      "Francia"
                    ]
                  }
                }
              }
            }
          }
        }
      ],
      "schema:geo": {
        "@id": "https://data.datatourisme.fr/b33b4cd6-3ea2-3604-a3a3-751e119d17cb",
        "schema:latitude": "45.239893",
        "schema:longitude": "4.799094",
        "@type": [
          "schema:GeoCoordinates"
        ]
      },
      "schema:openingHoursSpecification": [
        {
          "@id": "https://data.datatourisme.fr/f87e535a-636d-3343-ad63-8a03392e7511",
          "schema:validFrom": "2023-01-01T00:00:00",
          "schema:validThrough": "2023-12-31T23:59:59",
          "@type": [
            "schema:OpeningHoursSpecification"
          ]
        }
      ],
      "@type": [
        "schema:Place",
        "Place"
      ]
    }
  ],
  "isOwnedBy": [
    {
      "@id": "https://data.datatourisme.fr/c34130c6-4437-3624-9afb-3511a8692fba",
      "schema:email": [
        "d.sanial@dromardeche.fr",
        "j.bruyere@dromardeche.fr"
      ],
      "schema:legalName": "Office de Tourisme Porte de DrômArdèche",
      "@type": [
        "schema:Organization",
        "foaf:Agent",
        "Agent"
      ],
      "foaf:homepage": [
        "http://www.autour-du-palais-ideal.fr/"
      ]
    }
  ],
  "lastUpdate": "2023-04-28",
  "lastUpdateDatatourisme": "2023-04-29T05:39:58.32Z"
}