{
  "@id": "https://data.datatourisme.fr/13/8c69e3d5-24b9-37fb-a4eb-302bb71858a0",
  "dc:identifier": "4696422",
  "@type": [
    "olo:OrderedList",
    "PlaceOfInterest",
    "PointOfInterest",
    "SportsAndLeisurePlace",
    "Tour",
    "WalkingTour"
  ],
  "rdfs:comment": {
    "de": [
      "Ein sehr schöner, ziemlich schattiger Spaziergang durch angenehmes Unterholz und über schöne Wiesen. Hier können Sie den Fluss Ay und den Montbard, seine Kapelle und seinen bemerkenswerten Aussichtspunkt entdecken."
    ],
    "en": [
      "A very nice walk, quite shaded, between pleasant undergrowth and beautiful meadows. You will discover the river Ay and the Montbard, its chapel and its remarkable viewpoint."
    ],
    "it": [
      "Una passeggiata molto bella, abbastanza ombreggiata, tra un piacevole sottobosco e bei prati. Scoprirete il fiume Ay e il Montbard, la sua cappella e il suo notevole punto panoramico."
    ],
    "fr": [
      "Une très belle promenade assez ombragée entre d'agréables sous-bois et de belles prairies. Vous y découvrirez la rivière l'Ay et le Montbard, sa chapelle et son point de vue remarquable."
    ],
    "es": [
      "Un paseo muy bonito, bastante sombreado, entre un agradable sotobosque y hermosas praderas. Descubrirá el río Ay y el Montbard, su capilla y su notable mirador."
    ],
    "nl": [
      "Een zeer mooie wandeling, vrij schaduwrijk, tussen aangenaam kreupelhout en mooie weiden. U ontdekt de rivier de Ay en de Montbard, zijn kapel en zijn opmerkelijke uitzichtpunt."
    ]
  },
  "rdfs:label": {
    "fr": [
      "Le Montbard"
    ]
  },
  "hasBeenCreatedBy": {
    "@id": "https://data.datatourisme.fr/13/73278a4a-8696-3eeb-976a-8fd4c9ec6997",
    "dc:identifier": "113",
    "schema:email": [
      "d.sanial@dromardeche.fr",
      "j.bruyere@dromardeche.fr"
    ],
    "schema:legalName": "Office de Tourisme Porte de DrômArdèche",
    "@type": [
      "schema:Organization",
      "foaf:Agent",
      "Agent"
    ],
    "foaf:homepage": [
      "http://www.autour-du-palais-ideal.fr/"
    ]
  },
  "hasBeenPublishedBy": [
    {
      "@id": "https://data.datatourisme.fr/d48f2ccd-2357-3a8e-b949-cb8bf19a361f",
      "schema:legalName": "Agence d'Attractivité de la Drôme - source : Apidae Tourisme",
      "@type": [
        "schema:Organization",
        "foaf:Agent",
        "Agent"
      ],
      "foaf:homepage": [
        "https://www.apidae-tourisme.com/"
      ]
    }
  ],
  "hasContact": [
    {
      "@id": "https://data.datatourisme.fr/e4a61420-5736-3383-8b66-c11b58e648c9",
      "schema:email": [
        "porte@dromardeche.fr"
      ],
      "schema:telephone": [
        "+33 4 75 23 45 33"
      ],
      "@type": [
        "foaf:Agent",
        "Agent"
      ],
      "foaf:homepage": [
        "http://www.autour-du-palais-ideal.fr/"
      ]
    }
  ],
  "hasDescription": [
    {
      "@id": "https://data.datatourisme.fr/ebbf2e38-135f-3989-932c-e55b18c52499",
      "@type": [
        "Description"
      ],
      "hasTranslatedProperty": [
        {
          "@id": "https://data.datatourisme.fr/29a91d66-b127-3008-9534-0f70ce868d88",
          "dc:contributor": [
            "https://api.deepl.com/v2/translate"
          ],
          "rdf:language": [
            "en"
          ],
          "rdf:predicate": [
            "shortDescription"
          ]
        },
        {
          "@id": "https://data.datatourisme.fr/565bdbd5-bf25-37eb-ae60-d64a0c6f8823",
          "dc:contributor": [
            "https://api.deepl.com/v2/translate"
          ],
          "rdf:language": [
            "es"
          ],
          "rdf:predicate": [
            "shortDescription"
          ]
        },
        {
          "@id": "https://data.datatourisme.fr/92174fa5-e4e6-3354-aa6f-8f3942570d5d",
          "dc:contributor": [
            "https://api.deepl.com/v2/translate"
          ],
          "rdf:language": [
            "de"
          ],
          "rdf:predicate": [
            "shortDescription"
          ]
        },
        {
          "@id": "https://data.datatourisme.fr/aa9c2001-eb57-35bd-8892-7d7309fcdc97",
          "dc:contributor": [
            "https://api.deepl.com/v2/translate"
          ],
          "rdf:language": [
            "nl"
          ],
          "rdf:predicate": [
            "shortDescription"
          ]
        },
        {
          "@id": "https://data.datatourisme.fr/e8b07c74-8ada-3e3f-ba41-0f7bc0c71265",
          "dc:contributor": [
            "https://api.deepl.com/v2/translate"
          ],
          "rdf:language": [
            "it"
          ],
          "rdf:predicate": [
            "shortDescription"
          ]
        }
      ],
      "shortDescription": {
        "de": [
          "Ein sehr schöner, ziemlich schattiger Spaziergang durch angenehmes Unterholz und über schöne Wiesen. Hier können Sie den Fluss Ay und den Montbard, seine Kapelle und seinen bemerkenswerten Aussichtspunkt entdecken."
        ],
        "en": [
          "A very nice walk, quite shaded, between pleasant undergrowth and beautiful meadows. You will discover the river Ay and the Montbard, its chapel and its remarkable viewpoint."
        ],
        "it": [
          "Una passeggiata molto bella, abbastanza ombreggiata, tra un piacevole sottobosco e bei prati. Scoprirete il fiume Ay e il Montbard, la sua cappella e il suo notevole punto panoramico."
        ],
        "fr": [
          "Une très belle promenade assez ombragée entre d'agréables sous-bois et de belles prairies. Vous y découvrirez la rivière l'Ay et le Montbard, sa chapelle et son point de vue remarquable."
        ],
        "es": [
          "Un paseo muy bonito, bastante sombreado, entre un agradable sotobosque y hermosas praderas. Descubrirá el río Ay y el Montbard, su capilla y su notable mirador."
        ],
        "nl": [
          "Een zeer mooie wandeling, vrij schaduwrijk, tussen aangenaam kreupelhout en mooie weiden. U ontdekt de rivier de Ay en de Montbard, zijn kapel en zijn opmerkelijke uitzichtpunt."
        ]
      }
    }
  ],
  "hasTheme": [
    {
      "@id": "kb:Hiking",
      "@type": [
        "SportsTheme"
      ],
      "rdfs:label": {
        "de": [
          "Wanderung"
        ],
        "pt": [
          "Caminhada"
        ],
        "en": [
          "Hiking"
        ],
        "it": [
          "Escursione"
        ],
        "fr": [
          "Randonnée"
        ],
        "nl": [
          "Wandelen"
        ],
        "es": [
          "Senderismo"
        ]
      }
    },
    {
      "@id": "kb:Pedestrian",
      "@type": [
        "SportsTheme"
      ],
      "rdfs:label": {
        "de": [
          "Zu Fuß"
        ],
        "pt": [
          "Pedestre"
        ],
        "en": [
          "Pedestrian"
        ],
        "it": [
          "A piedi"
        ],
        "fr": [
          "Pédestre"
        ],
        "nl": [
          "Voetgangers"
        ],
        "es": [
          "Peatón"
        ]
      }
    },
    {
      "@id": "kb:Running",
      "@type": [
        "SportsTheme"
      ],
      "rdfs:label": {
        "de": [
          "Laufen"
        ],
        "pt": [
          "Corrida a pé"
        ],
        "en": [
          "Running"
        ],
        "it": [
          "Corsa a piedi"
        ],
        "fr": [
          "Course à pied"
        ],
        "nl": [
          "Hardlopen"
        ],
        "es": [
          "Carrera a pie"
        ]
      }
    }
  ],
  "hasTranslatedProperty": [
    {
      "@id": "https://data.datatourisme.fr/a5779d09-c172-357d-8c52-f29661fec287",
      "dc:contributor": [
        "https://api.deepl.com/v2/translate"
      ],
      "rdf:language": [
        "en"
      ],
      "rdf:predicate": [
        {
          "@id": "rdfs:comment"
        }
      ]
    },
    {
      "@id": "https://data.datatourisme.fr/a9834c14-fa44-3709-bd24-1332bcfecf74",
      "dc:contributor": [
        "https://api.deepl.com/v2/translate"
      ],
      "rdf:language": [
        "nl"
      ],
      "rdf:predicate": [
        {
          "@id": "rdfs:comment"
        }
      ]
    },
    {
      "@id": "https://data.datatourisme.fr/c53d1f60-0443-34e0-9e39-b9c60f9ae758",
      "dc:contributor": [
        "https://api.deepl.com/v2/translate"
      ],
      "rdf:language": [
        "it"
      ],
      "rdf:predicate": [
        {
          "@id": "rdfs:comment"
        }
      ]
    },
    {
      "@id": "https://data.datatourisme.fr/c93d73db-2dc9-3e0a-aaab-edc0ef46e2c2",
      "dc:contributor": [
        "https://api.deepl.com/v2/translate"
      ],
      "rdf:language": [
        "de"
      ],
      "rdf:predicate": [
        {
          "@id": "rdfs:comment"
        }
      ]
    },
    {
      "@id": "https://data.datatourisme.fr/ea7f0b49-2781-3fe8-882b-c4fa348a54c5",
      "dc:contributor": [
        "https://api.deepl.com/v2/translate"
      ],
      "rdf:language": [
        "es"
      ],
      "rdf:predicate": [
        {
          "@id": "rdfs:comment"
        }
      ]
    }
  ],
  "isLocatedAt": [
    {
      "@id": "https://data.datatourisme.fr/6022095b-8e71-3ea5-9533-430d63bbdd78",
      "schema:address": [
        {
          "@id": "https://data.datatourisme.fr/dcc57439-d84a-3bc5-9699-74037aff4d4c",
          "schema:addressLocality": "Eclassan",
          "schema:postalCode": "07370",
          "schema:streetAddress": [
            "Au départ du chemin de la croix du Montbard : depuis la RD6, prendre la petite route direction \"Maison Neuve\" et \"camping l'oasis\" sur 800m"
          ],
          "@type": [
            "schema:PostalAddress",
            "PostalAddress"
          ],
          "hasAddressCity": {
            "@id": "kb:07084",
            "@type": [
              "City"
            ],
            "rdfs:label": {
              "de": [
                "Eclassan"
              ],
              "pt": [
                "Eclassan"
              ],
              "en": [
                "Eclassan"
              ],
              "it": [
                "Eclassan"
              ],
              "fr": [
                "Eclassan"
              ],
              "nl": [
                "Eclassan"
              ],
              "es": [
                "Eclassan"
              ]
            },
            "insee": "07084",
            "isPartOfDepartment": {
              "@id": "kb:France8407",
              "@type": [
                "Department"
              ],
              "rdfs:label": {
                "de": [
                  "Ardèche"
                ],
                "pt": [
                  "Ardèche"
                ],
                "en": [
                  "Ardèche"
                ],
                "it": [
                  "Ardèche"
                ],
                "fr": [
                  "Ardèche"
                ],
                "nl": [
                  "Ardèche"
                ],
                "es": [
                  "Ardèche"
                ]
              },
              "insee": "07",
              "isPartOfRegion": {
                "@id": "kb:France84",
                "@type": [
                  "Region"
                ],
                "rdfs:label": {
                  "de": [
                    "Auvergne-Rhône-Alpes"
                  ],
                  "pt": [
                    "Auvergne-Rhône-Alpes"
                  ],
                  "en": [
                    "Auvergne-Rhône-Alpes"
                  ],
                  "it": [
                    "Auvergne-Rhône-Alpes"
                  ],
                  "fr": [
                    "Auvergne-Rhône-Alpes"
                  ],
                  "nl": [
                    "Auvergne-Rhône-Alpes"
                  ],
                  "es": [
                    "Auvergne-Rhône-Alpes"
                  ]
                },
                "insee": "84",
                "isPartOfCountry": {
                  "@id": "kb:France",
                  "@type": [
                    "schema:Country"
                  ],
                  "rdfs:label": {
                    "de": [
                      "France",
                      "Frankreich"
                    ],
                    "pt": [
                      "França",
                      "France"
                    ],
                    "en": [
                      "France"
                    ],
                    "it": [
                      "France",
                      "Francia"
                    ],
                    "fr": [
                      "France"
                    ],
                    "nl": [
                      "France",
                      "Frankrijk"
                    ],
                    "es": [
                      "France",
                      "Francia"
                    ]
                  }
                }
              }
            }
          }
        }
      ],
      "schema:geo": {
        "@id": "https://data.datatourisme.fr/3ab88933-cf58-3afd-bd9e-d3319ee75334",
        "schema:latitude": "45.168158",
        "schema:longitude": "4.746072",
        "@type": [
          "schema:GeoCoordinates"
        ]
      },
      "schema:openingHoursSpecification": [
        {
          "@id": "https://data.datatourisme.fr/f87e535a-636d-3343-ad63-8a03392e7511",
          "schema:validFrom": "2023-01-01T00:00:00",
          "schema:validThrough": "2023-12-31T23:59:59",
          "@type": [
            "schema:OpeningHoursSpecification"
          ]
        }
      ],
      "@type": [
        "schema:Place",
        "Place"
      ]
    }
  ],
  "isOwnedBy": [
    {
      "@id": "https://data.datatourisme.fr/c34130c6-4437-3624-9afb-3511a8692fba",
      "schema:email": [
        "d.sanial@dromardeche.fr",
        "j.bruyere@dromardeche.fr"
      ],
      "schema:legalName": "Office de Tourisme Porte de DrômArdèche",
      "@type": [
        "schema:Organization",
        "foaf:Agent",
        "Agent"
      ],
      "foaf:homepage": [
        "http://www.autour-du-palais-ideal.fr/"
      ]
    }
  ],
  "lastUpdate": "2022-11-03",
  "lastUpdateDatatourisme": "2023-02-10T06:39:19.953Z"
}