{
  "@id": "https://data.datatourisme.fr/13/933770ef-dcff-395c-ba5a-cb701f32ddb1",
  "dc:identifier": "6269682",
  "schema:endDate": [
    "2023-10-29"
  ],
  "schema:startDate": [
    "2023-10-24"
  ],
  "@type": [
    "schema:Event",
    "schema:SportsEvent",
    "EntertainmentAndEvent",
    "PointOfInterest",
    "SportsCompetition",
    "SportsEvent"
  ],
  "rdfs:comment": {
    "de": [
      "Vom 25. bis 30. Oktober 2022 wird Badminton in Paris Region mit den internationalen Spielen von Frankreich geehrt!"
    ],
    "en": [
      "From October 25 to 30, 2022, badminton is in the spotlight in Paris Region with the French internationals!"
    ],
    "it": [
      "Dal 25 al 30 ottobre 2022, il badminton sarà sotto i riflettori della Regione di Parigi con gli Internazionali di Francia!"
    ],
    "fr": [
      "Du 25 au 30 octobre 2022 le badminton est à l’honneur à Paris Region avec les internationaux de France !"
    ],
    "nl": [
      "Van 25 tot 30 oktober 2022 staat badminton in de schijnwerpers in de regio Parijs met de Franse internationals!"
    ],
    "es": [
      "Del 25 al 30 de octubre de 2022, el bádminton será el centro de atención en la región parisina con los internacionales franceses"
    ]
  },
  "rdfs:label": {
    "fr": [
      "Yonex Internationaux de France de badminton"
    ]
  },
  "hasBeenCreatedBy": {
    "@id": "https://data.datatourisme.fr/13/03e0704b-5690-32de-a186-1dc3ad3316c9",
    "dc:identifier": "1019",
    "schema:email": [
      "bgeigle@visitparisregion.com",
      "hcaldo@visitparisregion.com",
      "mtanaskovic@visitparisregion.com"
    ],
    "schema:legalName": "Choose Paris Region",
    "@type": [
      "schema:Organization",
      "foaf:Agent",
      "Agent"
    ],
    "foaf:homepage": [
      "http://www.visitparisregion.com/"
    ]
  },
  "hasBeenPublishedBy": [
    {
      "@id": "https://data.datatourisme.fr/8a9feb4b-2cbd-3d2c-b507-bd6c6776b23b",
      "schema:legalName": "Apidae Tourisme Scic SA - source : Apidae Tourisme",
      "@type": [
        "schema:Organization",
        "foaf:Agent",
        "Agent"
      ],
      "foaf:homepage": [
        "https://www.apidae-tourisme.com/"
      ]
    }
  ],
  "hasContact": [
    {
      "@id": "https://data.datatourisme.fr/266c258d-d4d4-3fa0-a62e-25dd64e3f7f8",
      "@type": [
        "foaf:Agent",
        "Agent"
      ],
      "foaf:homepage": [
        "https://www.yonexifb.com/"
      ]
    }
  ],
  "hasDescription": [
    {
      "@id": "https://data.datatourisme.fr/0005dc46-dff9-3685-b4d0-aa34ff7caa98",
      "@type": [
        "Description"
      ],
      "hasTranslatedProperty": [
        {
          "@id": "https://data.datatourisme.fr/00e96551-10bb-3abf-8ca8-278563d169db",
          "dc:contributor": [
            "https://api.deepl.com/v2/translate"
          ],
          "rdf:language": [
            "es"
          ],
          "rdf:predicate": [
            "shortDescription"
          ]
        },
        {
          "@id": "https://data.datatourisme.fr/0dc2758f-2e39-3106-b4cd-f38bfb8d900a",
          "dc:contributor": [
            "https://api.deepl.com/v2/translate"
          ],
          "rdf:language": [
            "en"
          ],
          "rdf:predicate": [
            "shortDescription"
          ]
        },
        {
          "@id": "https://data.datatourisme.fr/6a7c323d-06fb-3776-8dbd-08035ecab0de",
          "dc:contributor": [
            "https://api.deepl.com/v2/translate"
          ],
          "rdf:language": [
            "it"
          ],
          "rdf:predicate": [
            "shortDescription"
          ]
        },
        {
          "@id": "https://data.datatourisme.fr/951cf44b-5627-3629-b12b-40cc3bb6b65d",
          "dc:contributor": [
            "https://api.deepl.com/v2/translate"
          ],
          "rdf:language": [
            "de"
          ],
          "rdf:predicate": [
            "shortDescription"
          ]
        },
        {
          "@id": "https://data.datatourisme.fr/a15f30bb-e50d-34bf-acd4-e1396945257c",
          "dc:contributor": [
            "https://api.deepl.com/v2/translate"
          ],
          "rdf:language": [
            "nl"
          ],
          "rdf:predicate": [
            "shortDescription"
          ]
        }
      ],
      "shortDescription": {
        "de": [
          "Vom 25. bis 30. Oktober 2022 wird Badminton in Paris Region mit den internationalen Spielen von Frankreich geehrt!"
        ],
        "en": [
          "From October 25 to 30, 2022, badminton is in the spotlight in Paris Region with the French internationals!"
        ],
        "it": [
          "Dal 25 al 30 ottobre 2022, il badminton sarà sotto i riflettori della Regione di Parigi con gli Internazionali di Francia!"
        ],
        "fr": [
          "Du 25 au 30 octobre 2022 le badminton est à l’honneur à Paris Region avec les internationaux de France !"
        ],
        "nl": [
          "Van 25 tot 30 oktober 2022 staat badminton in de schijnwerpers in de regio Parijs met de Franse internationals!"
        ],
        "es": [
          "Del 25 al 30 de octubre de 2022, el bádminton será el centro de atención en la región parisina con los internacionales franceses"
        ]
      }
    }
  ],
  "hasTranslatedProperty": [
    {
      "@id": "https://data.datatourisme.fr/035e08f2-1aff-3bb3-8327-11a799cf0695",
      "dc:contributor": [
        "https://api.deepl.com/v2/translate"
      ],
      "rdf:language": [
        "en"
      ],
      "rdf:predicate": [
        {
          "@id": "rdfs:comment"
        }
      ]
    },
    {
      "@id": "https://data.datatourisme.fr/2ee6fe2f-00d0-384d-9e78-506ad0b219af",
      "dc:contributor": [
        "https://api.deepl.com/v2/translate"
      ],
      "rdf:language": [
        "it"
      ],
      "rdf:predicate": [
        {
          "@id": "rdfs:comment"
        }
      ]
    },
    {
      "@id": "https://data.datatourisme.fr/6ecabd1e-9b3f-39aa-b111-ac3a3e7433e9",
      "dc:contributor": [
        "https://api.deepl.com/v2/translate"
      ],
      "rdf:language": [
        "es"
      ],
      "rdf:predicate": [
        {
          "@id": "rdfs:comment"
        }
      ]
    },
    {
      "@id": "https://data.datatourisme.fr/b605fb6b-3419-3edc-b8c5-1400c6b4ffbc",
      "dc:contributor": [
        "https://api.deepl.com/v2/translate"
      ],
      "rdf:language": [
        "de"
      ],
      "rdf:predicate": [
        {
          "@id": "rdfs:comment"
        }
      ]
    },
    {
      "@id": "https://data.datatourisme.fr/db2f3ba8-38d3-3e4c-b382-514fad234f6d",
      "dc:contributor": [
        "https://api.deepl.com/v2/translate"
      ],
      "rdf:language": [
        "nl"
      ],
      "rdf:predicate": [
        {
          "@id": "rdfs:comment"
        }
      ]
    }
  ],
  "isLocatedAt": [
    {
      "@id": "https://data.datatourisme.fr/c5f9794c-97c0-3fc5-9051-4e1006a9b467",
      "schema:address": [
        {
          "@id": "https://data.datatourisme.fr/2025ed1d-5d90-3483-b12f-7bb1b9f76cd2",
          "schema:addressLocality": "Paris 16e Arrondissement",
          "schema:postalCode": "75016",
          "schema:streetAddress": [
            "82 Av. Georges Lafont,"
          ],
          "@type": [
            "schema:PostalAddress",
            "PostalAddress"
          ],
          "hasAddressCity": {
            "@id": "kb:75116",
            "@type": [
              "City"
            ],
            "rdfs:label": {
              "de": [
                "Paris 16e Arrondissement"
              ],
              "pt": [
                "Paris 16e Arrondissement"
              ],
              "en": [
                "Paris 16e Arrondissement"
              ],
              "it": [
                "Paris 16e Arrondissement"
              ],
              "fr": [
                "Paris 16e Arrondissement"
              ],
              "nl": [
                "Paris 16e Arrondissement"
              ],
              "es": [
                "Paris 16e Arrondissement"
              ]
            },
            "insee": "75116",
            "isPartOfDepartment": {
              "@id": "kb:France1175",
              "@type": [
                "Department"
              ],
              "rdfs:label": {
                "de": [
                  "Paris"
                ],
                "pt": [
                  "Paris"
                ],
                "en": [
                  "Paris"
                ],
                "it": [
                  "Paris"
                ],
                "fr": [
                  "Paris"
                ],
                "nl": [
                  "Paris"
                ],
                "es": [
                  "Paris"
                ]
              },
              "insee": "75",
              "isPartOfRegion": {
                "@id": "kb:France11",
                "@type": [
                  "Region"
                ],
                "rdfs:label": {
                  "de": [
                    "Île-de-France"
                  ],
                  "pt": [
                    "Île-de-France"
                  ],
                  "en": [
                    "Île-de-France"
                  ],
                  "it": [
                    "Île-de-France"
                  ],
                  "fr": [
                    "Île-de-France"
                  ],
                  "nl": [
                    "Île-de-France"
                  ],
                  "es": [
                    "Île-de-France"
                  ]
                },
                "insee": "11",
                "isPartOfCountry": {
                  "@id": "kb:France",
                  "@type": [
                    "schema:Country"
                  ],
                  "rdfs:label": {
                    "de": [
                      "France",
                      "Frankreich"
                    ],
                    "pt": [
                      "França",
                      "France"
                    ],
                    "en": [
                      "France"
                    ],
                    "it": [
                      "France",
                      "Francia"
                    ],
                    "fr": [
                      "France"
                    ],
                    "nl": [
                      "France",
                      "Frankrijk"
                    ],
                    "es": [
                      "France",
                      "Francia"
                    ]
                  }
                }
              }
            }
          }
        }
      ],
      "schema:geo": {
        "@id": "https://data.datatourisme.fr/280fb361-a138-3928-9a04-7040024e2f18",
        "schema:latitude": "48.8371",
        "schema:longitude": "2.256873",
        "@type": [
          "schema:GeoCoordinates"
        ]
      },
      "schema:openingHoursSpecification": [
        {
          "@id": "https://data.datatourisme.fr/1e9c8161-d3f6-3c9a-8ed1-f982b4ddc530",
          "schema:validFrom": "2023-10-24T00:00:00",
          "schema:validThrough": "2023-10-29T23:59:59",
          "@type": [
            "schema:OpeningHoursSpecification"
          ]
        }
      ],
      "@type": [
        "schema:Place",
        "Place"
      ]
    }
  ],
  "isOwnedBy": [
    {
      "@id": "https://data.datatourisme.fr/26ecd6f0-563c-356a-b0f9-ad3ec17effc4",
      "schema:email": [
        "bgeigle@visitparisregion.com",
        "hcaldo@visitparisregion.com",
        "mtanaskovic@visitparisregion.com"
      ],
      "schema:legalName": "Comité Régional du Tourisme Paris Ile de France",
      "@type": [
        "schema:Organization",
        "foaf:Agent",
        "Agent"
      ],
      "foaf:homepage": [
        "http://www.visitparisregion.com/"
      ]
    }
  ],
  "lastUpdate": "2023-01-05",
  "lastUpdateDatatourisme": "2023-10-02T05:53:31.749Z",
  "takesPlaceAt": [
    {
      "@id": "https://data.datatourisme.fr/7cae5fbb-4e67-3335-a597-bd70b31a1afb",
      "@type": [
        "Period"
      ],
      "endDate": "2023-10-29",
      "startDate": "2023-10-24"
    }
  ]
}