{
  "@id": "https://data.datatourisme.fr/19/0a96033d-51b6-34ba-9536-af2299c93dcb",
  "dc:identifier": "5aa7d550-6ecb-b801-edc7-501ba373f838",
  "@type": [
    "schema:LocalBusiness",
    "schema:Museum",
    "CulturalSite",
    "Museum",
    "PlaceOfInterest",
    "PointOfInterest"
  ],
  "rdfs:comment": {
    "de": [
      "Auf dem Montmartre, nur wenige Schritte von Sacré-C?ur entfernt, befindet sich der Espace Dalí, das einzige Museum, das ganz dem spanischen Meister des Surrealismus gewidmet ist. Im Inneren werden mehr als 300 originale Meisterwerke ausgestellt: Gemälde, Skulpturen, Gravuren, Objekte, Möbel usw. Der Besucher betritt ein phantasmagorisches Universum und sieht sich mit erstaunlichen, manchmal kultigen Werken konfrontiert, wie z. B. La Persistance de la Mémoire (auch bekannt als Les Montres molles) oder das berühmte Canapé Bocca (oder Divan-Lippen von Mae West)."
    ],
    "en": [
      "Head for Montmartre, a stone's throw from the Sacré-Cœur, to discover the Espace Dalí, the only museum entirely devoted to the Spanish master of surrealism. Inside, more than 300 original masterpieces are presented: paintings, sculptures, engravings, objects, furniture... Visitors enter a phantasmagorical universe and come face to face with astonishing works, some of them cult works, such as The Persistence of Memory (also known as The Soft Watches) or the famous Bocca Sofa (or Mae West's Lip Divan)."
    ],
    "it": [
      "Dirigetevi a Montmartre, a due passi dal Sacro Cuore, per scoprire l'Espace Dalí, l'unico museo interamente dedicato al maestro spagnolo del surrealismo. All'interno sono presentati più di 300 capolavori originali: dipinti, sculture, incisioni, oggetti, mobili... Il visitatore entra in un universo fantasmagorico e si trova di fronte a opere sorprendenti, a volte di culto, come: La persistenza della memoria (nota anche come Gli orologi molli) o il famoso Divano Bocca (o il Divan-Lips di Mae West)."
    ],
    "fr": [
      "Direction Montmartre, à deux pas du Sacré-Cœur pour découvrir l’Espace Dalí, le seul musée entièrement consacré au maître espagnol du surréalisme. À l'intérieur, plus de 300 chefs-d’œuvre originaux sont présentés : tableaux, sculptures, gravures, objets, mobilier... Le visiteur pénètre dans un univers fantasmagorique et se retrouve face à des œuvres étonnantes, parfois cultes, telles que : La Persistance de la Mémoire (aussi appelée Les Montres molles) ou le fameux Canapé Bocca (ou Divan-Lèvres de Mae West)."
    ],
    "nl": [
      "Zet koers naar Montmartre, op een steenworp afstand van de Sacré-C?ur, om het Espace Dalí te ontdekken, het enige museum dat geheel gewijd is aan de Spaanse meester van het surrealisme. Binnen worden meer dan 300 originele meesterwerken gepresenteerd: schilderijen, beeldhouwwerken, gravures, objecten, meubels... De bezoeker betreedt een fantasmagorisch universum en wordt geconfronteerd met verbazingwekkende werken, soms cultwerken, zoals: The Persistence of Memory (ook bekend als The Soft Watches) of de beroemde Bocca Sofa (of Mae West's Divan-Lips)."
    ],
    "es": [
      "Diríjase a Montmartre, a tiro de piedra del Sacré-Cœur, para descubrir el Espace Dalí, el único museo dedicado íntegramente al maestro español del surrealismo. En su interior, se presentan más de 300 obras maestras originales: pinturas, esculturas, grabados, objetos, muebles... El visitante se adentra en un universo fantasmagórico y se enfrenta a obras asombrosas, a veces de culto, como La persistencia de la memoria (también conocida como Los relojes blandos) o el famoso Sofá Bocca (o Diván de labios de Mae West)."
    ]
  },
  "rdfs:label": {
    "fr": [
      "Dalí Paris"
    ]
  },
  "owl:sameAs": [
    "http://www.wikidata.org/entity/Q973216"
  ],
  "hasBeenCreatedBy": {
    "@id": "https://data.datatourisme.fr/73f9361b-7fdb-3a8c-8c11-182ef0152392",
    "schema:email": [
      "opendata@parisinfo.com"
    ],
    "schema:legalName": "Office de Tourisme de Paris",
    "@type": [
      "schema:Organization",
      "foaf:Agent",
      "Agent"
    ],
    "foaf:homepage": [
      "https://www.parisinfo.com/"
    ]
  },
  "hasBeenPublishedBy": [
    {
      "@id": "https://data.datatourisme.fr/73f9361b-7fdb-3a8c-8c11-182ef0152392",
      "schema:email": [
        "opendata@parisinfo.com"
      ],
      "schema:legalName": "Office de Tourisme de Paris",
      "@type": [
        "schema:Organization",
        "foaf:Agent",
        "Agent"
      ],
      "foaf:homepage": [
        "https://www.parisinfo.com/"
      ]
    }
  ],
  "hasContact": [
    {
      "@id": "https://data.datatourisme.fr/679bc3de-147e-3bfa-9264-c40e841e2c9e",
      "schema:email": [
        "billetterie@daliparis.com"
      ],
      "schema:telephone": [
        "+33 1 42 64 40 10"
      ],
      "@type": [
        "foaf:Agent",
        "Agent"
      ],
      "foaf:homepage": [
        "https://www.daliparis.com/"
      ]
    }
  ],
  "hasDescription": [
    {
      "@id": "https://data.datatourisme.fr/ebc8b9c7-35d1-3577-bd1f-14f186f8d84e",
      "dc:description": {
        "de": [
          "Auf dem Montmartre, nur wenige Schritte von Sacré-C?ur entfernt, befindet sich der Espace Dalí, das einzige Museum, das ganz dem spanischen Meister des Surrealismus gewidmet ist. Im Inneren werden mehr als 300 originale Meisterwerke ausgestellt: Gemälde, Skulpturen, Gravuren, Objekte, Möbel usw. Der Besucher betritt ein phantasmagorisches Universum und sieht sich mit erstaunlichen, manchmal kultigen Werken konfrontiert, wie z. B. La Persistance de la Mémoire (auch bekannt als Les Montres molles) oder das berühmte Canapé Bocca (oder Divan-Lippen von Mae West)."
        ],
        "en": [
          "Head for Montmartre, a stone's throw from the Sacré-Cœur, to discover the Espace Dalí, the only museum entirely devoted to the Spanish master of surrealism. Inside, more than 300 original masterpieces are presented: paintings, sculptures, engravings, objects, furniture... Visitors enter a phantasmagorical universe and come face to face with astonishing works, some of them cult works, such as The Persistence of Memory (also known as The Soft Watches) or the famous Bocca Sofa (or Mae West's Lip Divan)."
        ],
        "it": [
          "Dirigetevi a Montmartre, a due passi dal Sacro Cuore, per scoprire l'Espace Dalí, l'unico museo interamente dedicato al maestro spagnolo del surrealismo. All'interno sono presentati più di 300 capolavori originali: dipinti, sculture, incisioni, oggetti, mobili... Il visitatore entra in un universo fantasmagorico e si trova di fronte a opere sorprendenti, a volte di culto, come: La persistenza della memoria (nota anche come Gli orologi molli) o il famoso Divano Bocca (o il Divan-Lips di Mae West)."
        ],
        "fr": [
          "Direction Montmartre, à deux pas du Sacré-Cœur pour découvrir l’Espace Dalí, le seul musée entièrement consacré au maître espagnol du surréalisme. À l'intérieur, plus de 300 chefs-d’œuvre originaux sont présentés : tableaux, sculptures, gravures, objets, mobilier... Le visiteur pénètre dans un univers fantasmagorique et se retrouve face à des œuvres étonnantes, parfois cultes, telles que : La Persistance de la Mémoire (aussi appelée Les Montres molles) ou le fameux Canapé Bocca (ou Divan-Lèvres de Mae West)."
        ],
        "nl": [
          "Zet koers naar Montmartre, op een steenworp afstand van de Sacré-C?ur, om het Espace Dalí te ontdekken, het enige museum dat geheel gewijd is aan de Spaanse meester van het surrealisme. Binnen worden meer dan 300 originele meesterwerken gepresenteerd: schilderijen, beeldhouwwerken, gravures, objecten, meubels... De bezoeker betreedt een fantasmagorisch universum en wordt geconfronteerd met verbazingwekkende werken, soms cultwerken, zoals: The Persistence of Memory (ook bekend als The Soft Watches) of de beroemde Bocca Sofa (of Mae West's Divan-Lips)."
        ],
        "es": [
          "Diríjase a Montmartre, a tiro de piedra del Sacré-Cœur, para descubrir el Espace Dalí, el único museo dedicado íntegramente al maestro español del surrealismo. En su interior, se presentan más de 300 obras maestras originales: pinturas, esculturas, grabados, objetos, muebles... El visitante se adentra en un universo fantasmagórico y se enfrenta a obras asombrosas, a veces de culto, como La persistencia de la memoria (también conocida como Los relojes blandos) o el famoso Sofá Bocca (o Diván de labios de Mae West)."
        ]
      },
      "@type": [
        "Description"
      ],
      "hasTranslatedProperty": [
        {
          "@id": "https://data.datatourisme.fr/36cc4ef6-a90f-3230-9fef-8c750c3a8fbc",
          "dc:contributor": [
            "https://api.deepl.com/v2/translate"
          ],
          "rdf:language": [
            "nl"
          ],
          "rdf:predicate": [
            {
              "@id": "dc:description"
            }
          ]
        },
        {
          "@id": "https://data.datatourisme.fr/6d7f2e32-c340-336d-aa30-cf9d72b3bebc",
          "dc:contributor": [
            "https://api.deepl.com/v2/translate"
          ],
          "rdf:language": [
            "de"
          ],
          "rdf:predicate": [
            {
              "@id": "dc:description"
            }
          ]
        },
        {
          "@id": "https://data.datatourisme.fr/8496fd3e-c562-3774-8db3-2d53207a9407",
          "dc:contributor": [
            "https://api.deepl.com/v2/translate"
          ],
          "rdf:language": [
            "de"
          ],
          "rdf:predicate": [
            "shortDescription"
          ]
        },
        {
          "@id": "https://data.datatourisme.fr/99344f0d-5ef0-3d5d-9f12-dedf39b2715c",
          "dc:contributor": [
            "https://api.deepl.com/v2/translate"
          ],
          "rdf:language": [
            "en"
          ],
          "rdf:predicate": [
            {
              "@id": "dc:description"
            }
          ]
        },
        {
          "@id": "https://data.datatourisme.fr/9ffd60cf-3f73-3b2f-b989-a0c3c1dd47f4",
          "dc:contributor": [
            "https://api.deepl.com/v2/translate"
          ],
          "rdf:language": [
            "es"
          ],
          "rdf:predicate": [
            "shortDescription"
          ]
        },
        {
          "@id": "https://data.datatourisme.fr/a7fedd1a-4edb-3790-9297-c2a0c6fd02d5",
          "dc:contributor": [
            "https://api.deepl.com/v2/translate"
          ],
          "rdf:language": [
            "nl"
          ],
          "rdf:predicate": [
            "shortDescription"
          ]
        },
        {
          "@id": "https://data.datatourisme.fr/acffeb45-705e-3d65-b8f5-59c48884e30b",
          "dc:contributor": [
            "https://api.deepl.com/v2/translate"
          ],
          "rdf:language": [
            "it"
          ],
          "rdf:predicate": [
            {
              "@id": "dc:description"
            }
          ]
        },
        {
          "@id": "https://data.datatourisme.fr/adecddea-706b-3c7f-97f5-30359d0a8089",
          "dc:contributor": [
            "https://api.deepl.com/v2/translate"
          ],
          "rdf:language": [
            "es"
          ],
          "rdf:predicate": [
            {
              "@id": "dc:description"
            }
          ]
        },
        {
          "@id": "https://data.datatourisme.fr/d110ab1e-62e7-31a6-a421-d95831048030",
          "dc:contributor": [
            "https://api.deepl.com/v2/translate"
          ],
          "rdf:language": [
            "en"
          ],
          "rdf:predicate": [
            "shortDescription"
          ]
        },
        {
          "@id": "https://data.datatourisme.fr/ec311e9f-bf7c-3e9b-8313-5fe14b7588dd",
          "dc:contributor": [
            "https://api.deepl.com/v2/translate"
          ],
          "rdf:language": [
            "it"
          ],
          "rdf:predicate": [
            "shortDescription"
          ]
        }
      ],
      "shortDescription": {
        "de": [
          "Auf dem Montmartre, nur wenige Schritte von Sacré-C?ur entfernt, befindet sich der Espace Dalí, das einzige Museum, das ganz dem spanischen Meister des Surrealismus gewidmet ist. Im Inneren werden mehr als 300 originale Meisterwerke ausgestellt: Gemälde, Skulpturen, Gravuren, Objekte, Möbel usw. Der Besucher betritt ein phantasmagorisches Universum und sieht sich mit erstaunlichen, manchmal kultigen Werken konfrontiert, wie z. B. La Persistance de la Mémoire (auch bekannt als Les Montres molles) oder das berühmte Canapé Bocca (oder Divan-Lippen von Mae West)."
        ],
        "en": [
          "Head for Montmartre, a stone's throw from the Sacré-Cœur, to discover the Espace Dalí, the only museum entirely devoted to the Spanish master of surrealism. Inside, more than 300 original masterpieces are presented: paintings, sculptures, engravings, objects, furniture... Visitors enter a phantasmagorical universe and come face to face with astonishing works, some of them cult works, such as The Persistence of Memory (also known as The Soft Watches) or the famous Bocca Sofa (or Mae West's Lip Divan)."
        ],
        "it": [
          "Dirigetevi a Montmartre, a due passi dal Sacro Cuore, per scoprire l'Espace Dalí, l'unico museo interamente dedicato al maestro spagnolo del surrealismo. All'interno sono presentati più di 300 capolavori originali: dipinti, sculture, incisioni, oggetti, mobili... Il visitatore entra in un universo fantasmagorico e si trova di fronte a opere sorprendenti, a volte di culto, come: La persistenza della memoria (nota anche come Gli orologi molli) o il famoso Divano Bocca (o il Divan-Lips di Mae West)."
        ],
        "fr": [
          "Direction Montmartre, à deux pas du Sacré-Cœur pour découvrir l’Espace Dalí, le seul musée entièrement consacré au maître espagnol du surréalisme. À l'intérieur, plus de 300 chefs-d’œuvre originaux sont présentés : tableaux, sculptures, gravures, objets, mobilier... Le visiteur pénètre dans un univers fantasmagorique et se retrouve face à des œuvres étonnantes, parfois cultes, telles que : La Persistance de la Mémoire (aussi appelée Les Montres molles) ou le fameux Canapé Bocca (ou Divan-Lèvres de Mae West)."
        ],
        "nl": [
          "Zet koers naar Montmartre, op een steenworp afstand van de Sacré-C?ur, om het Espace Dalí te ontdekken, het enige museum dat geheel gewijd is aan de Spaanse meester van het surrealisme. Binnen worden meer dan 300 originele meesterwerken gepresenteerd: schilderijen, beeldhouwwerken, gravures, objecten, meubels... De bezoeker betreedt een fantasmagorisch universum en wordt geconfronteerd met verbazingwekkende werken, soms cultwerken, zoals: The Persistence of Memory (ook bekend als The Soft Watches) of de beroemde Bocca Sofa (of Mae West's Divan-Lips)."
        ],
        "es": [
          "Diríjase a Montmartre, a tiro de piedra del Sacré-Cœur, para descubrir el Espace Dalí, el único museo dedicado íntegramente al maestro español del surrealismo. En su interior, se presentan más de 300 obras maestras originales: pinturas, esculturas, grabados, objetos, muebles... El visitante se adentra en un universo fantasmagórico y se enfrenta a obras asombrosas, a veces de culto, como La persistencia de la memoria (también conocida como Los relojes blandos) o el famoso Sofá Bocca (o Diván de labios de Mae West)."
        ]
      }
    }
  ],
  "hasRepresentation": [
    {
      "@id": "https://data.datatourisme.fr/31192b18-9a8e-39d9-a2ef-4d54cfd74b30",
      "ebucore:hasAnnotation": [
        {
          "@id": "https://data.datatourisme.fr/9bb31fc9-718f-353d-bd96-85c7ab08f226",
          "ebucore:isCoveredBy": "CC BY-SA 4.0",
          "ebucore:title": {
            "fr": [
              "Dali Paris entrée "
            ]
          },
          "@type": [
            "ebucore:Annotation"
          ],
          "credits": [
            "Florian75018 (https://commons.wikimedia.org/w/index.php?title=User:Florian75018&amp;action=edit&amp;redlink=1)"
          ]
        }
      ],
      "ebucore:hasRelatedResource": [
        {
          "@id": "https://data.datatourisme.fr/a5c1bfc7-4e31-35b0-9a63-3a5880f31a92",
          "ebucore:fileSize": [
            2149230
          ],
          "ebucore:hasMimeType": [
            {
              "@id": "kb:JPEG",
              "@type": [
                "ebucore:MimeType"
              ],
              "rdfs:comment": {
                "de": [
                  "JPEG-Bild"
                ],
                "pt": [
                  "Imagem JPEG"
                ],
                "en": [
                  "JPEG image file"
                ],
                "it": [
                  "Immagine JPEG"
                ],
                "fr": [
                  "Image JPEG"
                ],
                "nl": [
                  "JPEG-afbeelding"
                ],
                "es": [
                  "Imagen JPEG"
                ]
              },
              "rdfs:label": {
                "de": [
                  "image/jpeg"
                ],
                "pt": [
                  "image/jpeg"
                ],
                "en": [
                  "image/jpeg"
                ],
                "it": [
                  "image/jpeg"
                ],
                "fr": [
                  "image/jpeg"
                ],
                "nl": [
                  "image/jpeg"
                ],
                "es": [
                  "image/jpeg"
                ]
              }
            }
          ],
          "ebucore:height": 1778,
          "ebucore:locator": [
            "https://upload.wikimedia.org/wikipedia/commons/3/38/Dali_Paris_entr%C3%A9e_.jpg"
          ],
          "ebucore:width": 2667,
          "@type": [
            "ebucore:Resource"
          ]
        }
      ],
      "@type": [
        "ebucore:EditorialObject"
      ]
    },
    {
      "@id": "https://data.datatourisme.fr/dd4a3077-492e-30d6-9659-5eab3619b420"
    }
  ],
  "hasTranslatedProperty": [
    {
      "@id": "https://data.datatourisme.fr/4a55202d-2d8d-3637-bcbd-b59669cd8afb",
      "dc:contributor": [
        "https://api.deepl.com/v2/translate"
      ],
      "rdf:language": [
        "nl"
      ],
      "rdf:predicate": [
        {
          "@id": "rdfs:comment"
        }
      ]
    },
    {
      "@id": "https://data.datatourisme.fr/6a90468c-8fec-3b87-b4fa-4987fcb6fb63",
      "dc:contributor": [
        "https://api.deepl.com/v2/translate"
      ],
      "rdf:language": [
        "de"
      ],
      "rdf:predicate": [
        {
          "@id": "rdfs:comment"
        }
      ]
    },
    {
      "@id": "https://data.datatourisme.fr/97a36e95-2359-3b01-8fd8-29b0d3dfa0f1",
      "dc:contributor": [
        "https://api.deepl.com/v2/translate"
      ],
      "rdf:language": [
        "es"
      ],
      "rdf:predicate": [
        {
          "@id": "rdfs:comment"
        }
      ]
    },
    {
      "@id": "https://data.datatourisme.fr/c5814f25-9738-30ec-a5af-9f6b957b16d2",
      "dc:contributor": [
        "https://api.deepl.com/v2/translate"
      ],
      "rdf:language": [
        "en"
      ],
      "rdf:predicate": [
        {
          "@id": "rdfs:comment"
        }
      ]
    },
    {
      "@id": "https://data.datatourisme.fr/d744a30e-2c47-311c-af3f-a6ccac6bfe55",
      "dc:contributor": [
        "https://api.deepl.com/v2/translate"
      ],
      "rdf:language": [
        "it"
      ],
      "rdf:predicate": [
        {
          "@id": "rdfs:comment"
        }
      ]
    }
  ],
  "isLocatedAt": [
    {
      "@id": "https://data.datatourisme.fr/9a0ecbe1-f17d-3b69-b0e8-2930432a7a73",
      "schema:address": [
        {
          "@id": "https://data.datatourisme.fr/a22ac083-64f8-33b7-ab7e-d80591922198",
          "schema:addressLocality": "Paris",
          "schema:postalCode": "75018",
          "schema:streetAddress": [
            "11 rue Poulbot"
          ],
          "@type": [
            "schema:PostalAddress",
            "PostalAddress"
          ],
          "hasAddressCity": {
            "@id": "kb:75056",
            "@type": [
              "City"
            ],
            "rdfs:label": {
              "de": [
                "Paris"
              ],
              "pt": [
                "Paris"
              ],
              "en": [
                "Paris"
              ],
              "it": [
                "Paris"
              ],
              "fr": [
                "Paris"
              ],
              "nl": [
                "Paris"
              ],
              "es": [
                "Paris"
              ]
            },
            "insee": "75056",
            "isPartOfDepartment": {
              "@id": "kb:France1175",
              "@type": [
                "Department"
              ],
              "rdfs:label": {
                "de": [
                  "Paris"
                ],
                "pt": [
                  "Paris"
                ],
                "en": [
                  "Paris"
                ],
                "it": [
                  "Paris"
                ],
                "fr": [
                  "Paris"
                ],
                "nl": [
                  "Paris"
                ],
                "es": [
                  "Paris"
                ]
              },
              "insee": "75",
              "isPartOfRegion": {
                "@id": "kb:France11",
                "@type": [
                  "Region"
                ],
                "rdfs:label": {
                  "de": [
                    "Île-de-France"
                  ],
                  "pt": [
                    "Île-de-France"
                  ],
                  "en": [
                    "Île-de-France"
                  ],
                  "it": [
                    "Île-de-France"
                  ],
                  "fr": [
                    "Île-de-France"
                  ],
                  "nl": [
                    "Île-de-France"
                  ],
                  "es": [
                    "Île-de-France"
                  ]
                },
                "insee": "11",
                "isPartOfCountry": {
                  "@id": "kb:France",
                  "@type": [
                    "schema:Country"
                  ],
                  "rdfs:label": {
                    "de": [
                      "France",
                      "Frankreich"
                    ],
                    "pt": [
                      "França",
                      "France"
                    ],
                    "en": [
                      "France"
                    ],
                    "it": [
                      "France",
                      "Francia"
                    ],
                    "fr": [
                      "France"
                    ],
                    "nl": [
                      "France",
                      "Frankrijk"
                    ],
                    "es": [
                      "France",
                      "Francia"
                    ]
                  }
                }
              }
            }
          }
        }
      ],
      "schema:geo": {
        "@id": "https://data.datatourisme.fr/715c28a5-13e5-3148-8f69-b8e4df911756",
        "schema:latitude": "48.8864028",
        "schema:longitude": "2.3398792000000412",
        "@type": [
          "schema:GeoCoordinates"
        ]
      },
      "schema:openingHoursSpecification": [
        {
          "@id": "https://data.datatourisme.fr/f4de924e-9be8-3670-94f0-72a8a5009693",
          "@type": [
            "schema:OpeningHoursSpecification"
          ],
          "additionalInformation": {
            "de": [
              "Täglich von 10:00 bis 18:00 Uhr geöffnet."
            ],
            "en": [
              "Open every day from 10am to 6pm."
            ],
            "it": [
              "Aperto tutti i giorni dalle 10.00 alle 18.00."
            ],
            "fr": [
              "Ouvert tous les jours de 10h à 18h."
            ],
            "nl": [
              "Dagelijks geopend van 10 tot 18 uur."
            ],
            "es": [
              "Abierto todos los días de 10 a 18 horas."
            ]
          },
          "hasTranslatedProperty": [
            {
              "@id": "https://data.datatourisme.fr/0a564822-bdac-3a80-a3ff-a1fcb21756c5",
              "dc:contributor": [
                "https://api.deepl.com/v2/translate"
              ],
              "rdf:language": [
                "it"
              ],
              "rdf:predicate": [
                "additionalInformation"
              ]
            },
            {
              "@id": "https://data.datatourisme.fr/1539f199-2462-3ce4-88ce-11f576d0149a",
              "dc:contributor": [
                "https://api.deepl.com/v2/translate"
              ],
              "rdf:language": [
                "de"
              ],
              "rdf:predicate": [
                "additionalInformation"
              ]
            },
            {
              "@id": "https://data.datatourisme.fr/4105f85c-31e2-363b-8efd-561f005f1ead",
              "dc:contributor": [
                "https://api.deepl.com/v2/translate"
              ],
              "rdf:language": [
                "es"
              ],
              "rdf:predicate": [
                "additionalInformation"
              ]
            },
            {
              "@id": "https://data.datatourisme.fr/d9f9ef1f-0125-359f-8817-65414d99d6c2",
              "dc:contributor": [
                "https://api.deepl.com/v2/translate"
              ],
              "rdf:language": [
                "en"
              ],
              "rdf:predicate": [
                "additionalInformation"
              ]
            },
            {
              "@id": "https://data.datatourisme.fr/e277281b-63b5-30bc-94e5-b49c43587f0f",
              "dc:contributor": [
                "https://api.deepl.com/v2/translate"
              ],
              "rdf:language": [
                "nl"
              ],
              "rdf:predicate": [
                "additionalInformation"
              ]
            }
          ]
        }
      ],
      "@type": [
        "schema:Place",
        "Place"
      ]
    }
  ],
  "lastUpdate": "2023-06-27",
  "lastUpdateDatatourisme": "2023-10-12T16:59:40.001Z"
}