{
  "@id": "https://data.datatourisme.fr/13/171744f2-552b-3152-be3b-5746109390ad",
  "dc:identifier": "768416",
  "@type": [
    "olo:OrderedList",
    "PlaceOfInterest",
    "PointOfInterest",
    "RoadTour",
    "SportsAndLeisurePlace",
    "Tour"
  ],
  "rdfs:comment": {
    "de": [
      "Nachdem Sie die verschiedenen Viertel von Serrières kennengelernt haben, führt Sie diese 40 km lange Strecke über den Col du Fayet, durch Weinberge und Hänge, bevor Sie die Safari von Peaugres erreichen und dann die Gemeinde Peyraud mit ihrem wunderschönen Schloss."
    ],
    "en": [
      "After a visit to the different neighbourhoods of Serrières, this 40km circuit will lead you to the Fayet pass, through vineyards and hills, before heading for the Peaugres' Safari and the town of Peyraud with its superb castle."
    ],
    "it": [
      "Dopo aver scoperto i diversi quartieri di Serrières, questo percorso di 40 km vi condurrà al Col du Fayet, attraverso vigneti e colline, prima di raggiungere il Safari di Peaugres, quindi il comune di Peyraud con il suo superbo castello."
    ],
    "fr": [
      "Après avoir découvert les différents quartiers de Serrières, ce parcours de 40 km, vous conduira au col du Fayet, à travers vignes et coteaux, avant de rejoindre le Safari de Peaugres, puis la commune de Peyraud avec son superbe château."
    ],
    "es": [
      "Tras descubrir los diferentes barrios de Serrières, esta ruta de 40 km le llevará al Col du Fayet, a través de viñedos y laderas, antes de llegar al Safari de Peaugres, y luego al municipio de Peyraud con su magnífico castillo."
    ],
    "nl": [
      "Na het ontdekken van de verschillende wijken van Serrières, leidt deze route van 40 km u naar de Col du Fayet, door wijngaarden en hellingen, voordat u de Safari van Peaugres bereikt, en vervolgens de gemeente Peyraud met zijn prachtige kasteel."
    ]
  },
  "rdfs:label": {
    "en": [
      "Car trip in the Vivarais region and the Rhone Valley"
    ],
    "fr": [
      "Circuit voiture entre Vivarais et Vallée du Rhône"
    ]
  },
  "hasBeenCreatedBy": {
    "@id": "https://data.datatourisme.fr/13/0f28b5d4-9b30-30af-aecd-95b4009adf4c",
    "dc:identifier": "141",
    "schema:email": [
      "communication@ardechegrandair.com",
      "direction@ardechegrandair.com",
      "directionvalday@ardechegrandair.com",
      "myriam.guigal@ardechegrandair.com"
    ],
    "schema:legalName": "Office de Tourisme Ardèche Grand Air",
    "@type": [
      "schema:Organization",
      "foaf:Agent",
      "Agent"
    ],
    "foaf:homepage": [
      "http://www.ardechegrandair.com/"
    ]
  },
  "hasBeenPublishedBy": [
    {
      "@id": "https://data.datatourisme.fr/dbca899d-3f22-364b-b99d-40af1e917c58",
      "schema:legalName": "Agence de Développement Touristique de l'Ardèche - source : Apidae Tourisme",
      "@type": [
        "schema:Organization",
        "foaf:Agent",
        "Agent"
      ],
      "foaf:homepage": [
        "https://www.apidae-tourisme.com/"
      ]
    }
  ],
  "hasContact": [
    {
      "@id": "https://data.datatourisme.fr/3f28652c-7fbe-35bf-973b-fe761cd576d6",
      "schema:email": [
        "contact@ardechegrandair.com"
      ],
      "schema:telephone": [
        "+33 4 75 33 24 51"
      ],
      "@type": [
        "foaf:Agent",
        "Agent"
      ],
      "foaf:homepage": [
        "http://www.ardechegrandair.com/",
        "https://www.cirkwi.com/fr/circuit/50518-circuit-entre-vivarais-et-vallee-du-rhone"
      ]
    }
  ],
  "hasDescription": [
    {
      "@id": "https://data.datatourisme.fr/4c0f3923-13ca-386d-8d3d-ac1c578885c3",
      "@type": [
        "Description"
      ],
      "hasTranslatedProperty": [
        {
          "@id": "https://data.datatourisme.fr/21adb9dd-2b4e-37ef-82a2-a78dd136c799",
          "dc:contributor": [
            "https://api.deepl.com/v2/translate"
          ],
          "rdf:language": [
            "it"
          ],
          "rdf:predicate": [
            "shortDescription"
          ]
        },
        {
          "@id": "https://data.datatourisme.fr/5c96f483-2014-3e5a-bacf-8a2c78a85e19",
          "dc:contributor": [
            "https://api.deepl.com/v2/translate"
          ],
          "rdf:language": [
            "nl"
          ],
          "rdf:predicate": [
            "shortDescription"
          ]
        },
        {
          "@id": "https://data.datatourisme.fr/9f922905-1aed-3563-a7a1-0acb35b896a7",
          "dc:contributor": [
            "https://api.deepl.com/v2/translate"
          ],
          "rdf:language": [
            "de"
          ],
          "rdf:predicate": [
            "shortDescription"
          ]
        },
        {
          "@id": "https://data.datatourisme.fr/c7a338d3-744f-3162-a790-d664779e079b",
          "dc:contributor": [
            "https://api.deepl.com/v2/translate"
          ],
          "rdf:language": [
            "es"
          ],
          "rdf:predicate": [
            "shortDescription"
          ]
        }
      ],
      "shortDescription": {
        "de": [
          "Nachdem Sie die verschiedenen Viertel von Serrières kennengelernt haben, führt Sie diese 40 km lange Strecke über den Col du Fayet, durch Weinberge und Hänge, bevor Sie die Safari von Peaugres erreichen und dann die Gemeinde Peyraud mit ihrem wunderschönen Schloss."
        ],
        "en": [
          "After a visit to the different neighbourhoods of Serrières, this 40km circuit will lead you to the Fayet pass, through vineyards and hills, before heading for the Peaugres' Safari and the town of Peyraud with its superb castle."
        ],
        "it": [
          "Dopo aver scoperto i diversi quartieri di Serrières, questo percorso di 40 km vi condurrà al Col du Fayet, attraverso vigneti e colline, prima di raggiungere il Safari di Peaugres, quindi il comune di Peyraud con il suo superbo castello."
        ],
        "fr": [
          "Après avoir découvert les différents quartiers de Serrières, ce parcours de 40 km, vous conduira au col du Fayet, à travers vignes et coteaux, avant de rejoindre le Safari de Peaugres, puis la commune de Peyraud avec son superbe château."
        ],
        "es": [
          "Tras descubrir los diferentes barrios de Serrières, esta ruta de 40 km le llevará al Col du Fayet, a través de viñedos y laderas, antes de llegar al Safari de Peaugres, y luego al municipio de Peyraud con su magnífico castillo."
        ],
        "nl": [
          "Na het ontdekken van de verschillende wijken van Serrières, leidt deze route van 40 km u naar de Col du Fayet, door wijngaarden en hellingen, voordat u de Safari van Peaugres bereikt, en vervolgens de gemeente Peyraud met zijn prachtige kasteel."
        ]
      }
    }
  ],
  "hasTranslatedProperty": [
    {
      "@id": "https://data.datatourisme.fr/2e194fbc-33c5-3ac6-9aa9-3c6f7c20b346",
      "dc:contributor": [
        "https://api.deepl.com/v2/translate"
      ],
      "rdf:language": [
        "es"
      ],
      "rdf:predicate": [
        {
          "@id": "rdfs:comment"
        }
      ]
    },
    {
      "@id": "https://data.datatourisme.fr/8730cc5a-6a43-306f-86d0-6bc969a507f9",
      "dc:contributor": [
        "https://api.deepl.com/v2/translate"
      ],
      "rdf:language": [
        "nl"
      ],
      "rdf:predicate": [
        {
          "@id": "rdfs:comment"
        }
      ]
    },
    {
      "@id": "https://data.datatourisme.fr/b1c32983-314f-30ea-91fa-4b69548a7b24",
      "dc:contributor": [
        "https://api.deepl.com/v2/translate"
      ],
      "rdf:language": [
        "it"
      ],
      "rdf:predicate": [
        {
          "@id": "rdfs:comment"
        }
      ]
    },
    {
      "@id": "https://data.datatourisme.fr/b415f78d-94aa-3635-a436-be1768dbcfa6",
      "dc:contributor": [
        "https://api.deepl.com/v2/translate"
      ],
      "rdf:language": [
        "de"
      ],
      "rdf:predicate": [
        {
          "@id": "rdfs:comment"
        }
      ]
    }
  ],
  "isLocatedAt": [
    {
      "@id": "https://data.datatourisme.fr/f3267631-37fd-3268-a165-8bbf21d89482",
      "schema:address": [
        {
          "@id": "https://data.datatourisme.fr/73f9fb86-5de4-3cae-841c-e643a9565798",
          "schema:addressLocality": "Serrières",
          "schema:postalCode": "07340",
          "schema:streetAddress": [
            "Départ devant le Pavillon du tourisme, quai Jules Roche"
          ],
          "@type": [
            "schema:PostalAddress",
            "PostalAddress"
          ],
          "hasAddressCity": {
            "@id": "kb:07313",
            "@type": [
              "City"
            ],
            "rdfs:label": {
              "de": [
                "Serrières"
              ],
              "pt": [
                "Serrières"
              ],
              "en": [
                "Serrières"
              ],
              "it": [
                "Serrières"
              ],
              "fr": [
                "Serrières"
              ],
              "nl": [
                "Serrières"
              ],
              "es": [
                "Serrières"
              ]
            },
            "insee": "07313",
            "isPartOfDepartment": {
              "@id": "kb:France8407",
              "@type": [
                "Department"
              ],
              "rdfs:label": {
                "de": [
                  "Ardèche"
                ],
                "pt": [
                  "Ardèche"
                ],
                "en": [
                  "Ardèche"
                ],
                "it": [
                  "Ardèche"
                ],
                "fr": [
                  "Ardèche"
                ],
                "nl": [
                  "Ardèche"
                ],
                "es": [
                  "Ardèche"
                ]
              },
              "insee": "07",
              "isPartOfRegion": {
                "@id": "kb:France84",
                "@type": [
                  "Region"
                ],
                "rdfs:label": {
                  "de": [
                    "Auvergne-Rhône-Alpes"
                  ],
                  "pt": [
                    "Auvergne-Rhône-Alpes"
                  ],
                  "en": [
                    "Auvergne-Rhône-Alpes"
                  ],
                  "it": [
                    "Auvergne-Rhône-Alpes"
                  ],
                  "fr": [
                    "Auvergne-Rhône-Alpes"
                  ],
                  "nl": [
                    "Auvergne-Rhône-Alpes"
                  ],
                  "es": [
                    "Auvergne-Rhône-Alpes"
                  ]
                },
                "insee": "84",
                "isPartOfCountry": {
                  "@id": "kb:France",
                  "@type": [
                    "schema:Country"
                  ],
                  "rdfs:label": {
                    "de": [
                      "France",
                      "Frankreich"
                    ],
                    "pt": [
                      "França",
                      "France"
                    ],
                    "en": [
                      "France"
                    ],
                    "it": [
                      "France",
                      "Francia"
                    ],
                    "fr": [
                      "France"
                    ],
                    "nl": [
                      "France",
                      "Frankrijk"
                    ],
                    "es": [
                      "France",
                      "Francia"
                    ]
                  }
                }
              }
            }
          }
        }
      ],
      "schema:geo": {
        "@id": "https://data.datatourisme.fr/9cd5cc50-b6ad-3e1c-a6ce-88434ab6f888",
        "schema:latitude": "45.317172",
        "schema:longitude": "4.766658",
        "@type": [
          "schema:GeoCoordinates"
        ]
      },
      "schema:openingHoursSpecification": [
        {
          "@id": "https://data.datatourisme.fr/f87e535a-636d-3343-ad63-8a03392e7511",
          "schema:validFrom": "2023-01-01T00:00:00",
          "schema:validThrough": "2023-12-31T23:59:59",
          "@type": [
            "schema:OpeningHoursSpecification"
          ]
        }
      ],
      "@type": [
        "schema:Place",
        "Place"
      ]
    }
  ],
  "isOwnedBy": [
    {
      "@id": "https://data.datatourisme.fr/3e141ebd-d3da-33b3-94c3-096fd7e178a7",
      "schema:email": [
        "communication@ardechegrandair.com",
        "direction@ardechegrandair.com",
        "directionvalday@ardechegrandair.com",
        "myriam.guigal@ardechegrandair.com"
      ],
      "schema:legalName": "Office de Tourisme Ardèche Grand Air",
      "@type": [
        "schema:Organization",
        "foaf:Agent",
        "Agent"
      ],
      "foaf:homepage": [
        "http://www.ardechegrandair.com/"
      ]
    }
  ],
  "lastUpdate": "2020-09-17",
  "lastUpdateDatatourisme": "2023-02-01T18:07:35.657Z"
}