{
  "@id": "https://data.datatourisme.fr/13/170753df-b61c-3afa-9bfe-62aaa028619d",
  "dc:identifier": "6661398",
  "@type": [
    "schema:Landform",
    "NaturalHeritage",
    "PlaceOfInterest",
    "PointOfInterest",
    "PointOfView"
  ],
  "rdfs:comment": {
    "de": [
      "Der Hügel ist für Liebhaber des kulturellen Erbes aller Art interessant. Sie werden die Ruinen eines alten Schlosses und Terrassen entdecken, die für den Ackerbau und den Weinanbau genutzt werden. Außerdem können Sie die charakteristische Vegetation des Hügels beobachten."
    ],
    "en": [
      "The hill will appeal to heritage enthusiasts of all kinds, with the ruins of an ancient castle and terraces used for crops and vines. You can also observe the hill's characteristic vegetation."
    ],
    "it": [
      "La collina è un'attrazione per gli amanti del patrimonio culturale di tutti i tipi, con le rovine di un antico castello e le terrazze utilizzate per le colture e le viti. È inoltre possibile osservare la vegetazione che caratterizza la collina."
    ],
    "fr": [
      "La colline séduira les amateurs de patrimoine en tous genres.Vous découvrirez les ruines d’un ancien château et des terrasses, utilisées pour les cultures et les vignes. Vous pourrez aussi observer la végétation si caractéristique de la colline."
    ],
    "es": [
      "La colina atraerá a los amantes del patrimonio de todo tipo, con las ruinas de un antiguo castillo y terrazas utilizadas para cultivos y viñedos. También se puede observar la vegetación tan característica de la colina."
    ],
    "nl": [
      "De heuvel zal alle soorten erfgoedliefhebbers aanspreken, met de ruïnes van een oud kasteel en terrassen die werden gebruikt voor gewassen en wijnstokken. Je kunt ook de vegetatie bekijken die zo kenmerkend is voor de heuvel."
    ]
  },
  "rdfs:label": {
    "fr": [
      "La colline de Revirand"
    ]
  },
  "hasBeenCreatedBy": {
    "@id": "https://data.datatourisme.fr/13/73278a4a-8696-3eeb-976a-8fd4c9ec6997",
    "dc:identifier": "113",
    "schema:email": [
      "d.sanial@dromardeche.fr",
      "j.bruyere@dromardeche.fr"
    ],
    "schema:legalName": "Office de Tourisme Porte de DrômArdèche",
    "@type": [
      "schema:Organization",
      "foaf:Agent",
      "Agent"
    ],
    "foaf:homepage": [
      "http://www.autour-du-palais-ideal.fr/"
    ]
  },
  "hasBeenPublishedBy": [
    {
      "@id": "https://data.datatourisme.fr/d48f2ccd-2357-3a8e-b949-cb8bf19a361f",
      "schema:legalName": "Agence d'Attractivité de la Drôme - source : Apidae Tourisme",
      "@type": [
        "schema:Organization",
        "foaf:Agent",
        "Agent"
      ],
      "foaf:homepage": [
        "https://www.apidae-tourisme.com/"
      ]
    }
  ],
  "hasDescription": [
    {
      "@id": "https://data.datatourisme.fr/d4190e93-70a1-34f6-ac8c-3722fe6a0a73",
      "@type": [
        "Description"
      ],
      "hasTranslatedProperty": [
        {
          "@id": "https://data.datatourisme.fr/27bbe57d-2005-3ef7-a10e-7e01720be159",
          "dc:contributor": [
            "https://api.deepl.com/v2/translate"
          ],
          "rdf:language": [
            "en"
          ],
          "rdf:predicate": [
            "shortDescription"
          ]
        },
        {
          "@id": "https://data.datatourisme.fr/71d9a0fe-3710-3765-a7a3-7aa95fdb513b",
          "dc:contributor": [
            "https://api.deepl.com/v2/translate"
          ],
          "rdf:language": [
            "de"
          ],
          "rdf:predicate": [
            "shortDescription"
          ]
        },
        {
          "@id": "https://data.datatourisme.fr/7d8b83eb-ea19-3e60-858e-08ffe8eab4e1",
          "dc:contributor": [
            "https://api.deepl.com/v2/translate"
          ],
          "rdf:language": [
            "it"
          ],
          "rdf:predicate": [
            "shortDescription"
          ]
        },
        {
          "@id": "https://data.datatourisme.fr/ad0e2ec7-d570-37ed-8583-b083c3bde3ac",
          "dc:contributor": [
            "https://api.deepl.com/v2/translate"
          ],
          "rdf:language": [
            "nl"
          ],
          "rdf:predicate": [
            "shortDescription"
          ]
        },
        {
          "@id": "https://data.datatourisme.fr/c142e60f-7e62-3308-84f7-20bcc3f149fa",
          "dc:contributor": [
            "https://api.deepl.com/v2/translate"
          ],
          "rdf:language": [
            "es"
          ],
          "rdf:predicate": [
            "shortDescription"
          ]
        }
      ],
      "shortDescription": {
        "de": [
          "Der Hügel ist für Liebhaber des kulturellen Erbes aller Art interessant. Sie werden die Ruinen eines alten Schlosses und Terrassen entdecken, die für den Ackerbau und den Weinanbau genutzt werden. Außerdem können Sie die charakteristische Vegetation des Hügels beobachten."
        ],
        "en": [
          "The hill will appeal to heritage enthusiasts of all kinds, with the ruins of an ancient castle and terraces used for crops and vines. You can also observe the hill's characteristic vegetation."
        ],
        "it": [
          "La collina è un'attrazione per gli amanti del patrimonio culturale di tutti i tipi, con le rovine di un antico castello e le terrazze utilizzate per le colture e le viti. È inoltre possibile osservare la vegetazione che caratterizza la collina."
        ],
        "fr": [
          "La colline séduira les amateurs de patrimoine en tous genres.Vous découvrirez les ruines d’un ancien château et des terrasses, utilisées pour les cultures et les vignes. Vous pourrez aussi observer la végétation si caractéristique de la colline."
        ],
        "es": [
          "La colina atraerá a los amantes del patrimonio de todo tipo, con las ruinas de un antiguo castillo y terrazas utilizadas para cultivos y viñedos. También se puede observar la vegetación tan característica de la colina."
        ],
        "nl": [
          "De heuvel zal alle soorten erfgoedliefhebbers aanspreken, met de ruïnes van een oud kasteel en terrassen die werden gebruikt voor gewassen en wijnstokken. Je kunt ook de vegetatie bekijken die zo kenmerkend is voor de heuvel."
        ]
      }
    }
  ],
  "hasTranslatedProperty": [
    {
      "@id": "https://data.datatourisme.fr/14aac221-45ec-3add-94f5-364b28f487ff",
      "dc:contributor": [
        "https://api.deepl.com/v2/translate"
      ],
      "rdf:language": [
        "nl"
      ],
      "rdf:predicate": [
        {
          "@id": "rdfs:comment"
        }
      ]
    },
    {
      "@id": "https://data.datatourisme.fr/42fc410d-eee7-3d3b-a160-bd436d807805",
      "dc:contributor": [
        "https://api.deepl.com/v2/translate"
      ],
      "rdf:language": [
        "it"
      ],
      "rdf:predicate": [
        {
          "@id": "rdfs:comment"
        }
      ]
    },
    {
      "@id": "https://data.datatourisme.fr/6f3671f9-f862-33fc-a9d1-adf4fc53dd4c",
      "dc:contributor": [
        "https://api.deepl.com/v2/translate"
      ],
      "rdf:language": [
        "es"
      ],
      "rdf:predicate": [
        {
          "@id": "rdfs:comment"
        }
      ]
    },
    {
      "@id": "https://data.datatourisme.fr/738024b0-821f-3144-9c9e-b7736d07b100",
      "dc:contributor": [
        "https://api.deepl.com/v2/translate"
      ],
      "rdf:language": [
        "de"
      ],
      "rdf:predicate": [
        {
          "@id": "rdfs:comment"
        }
      ]
    },
    {
      "@id": "https://data.datatourisme.fr/89a56735-a0be-328f-bdda-9cf44cf0c317",
      "dc:contributor": [
        "https://api.deepl.com/v2/translate"
      ],
      "rdf:language": [
        "en"
      ],
      "rdf:predicate": [
        {
          "@id": "rdfs:comment"
        }
      ]
    }
  ],
  "isLocatedAt": [
    {
      "@id": "https://data.datatourisme.fr/16f133b5-e5ee-3318-82bf-9e958b398574",
      "schema:address": [
        {
          "@id": "https://data.datatourisme.fr/dc5b2a61-3642-36b2-a1c0-f98748bda04c",
          "schema:addressLocality": "Sarras",
          "schema:postalCode": "07370",
          "schema:streetAddress": [
            "route de revirand"
          ],
          "@type": [
            "schema:PostalAddress",
            "PostalAddress"
          ],
          "hasAddressCity": {
            "@id": "kb:07308",
            "@type": [
              "City"
            ],
            "rdfs:label": {
              "de": [
                "Sarras"
              ],
              "pt": [
                "Sarras"
              ],
              "en": [
                "Sarras"
              ],
              "it": [
                "Sarras"
              ],
              "fr": [
                "Sarras"
              ],
              "nl": [
                "Sarras"
              ],
              "es": [
                "Sarras"
              ]
            },
            "insee": "07308",
            "isPartOfDepartment": {
              "@id": "kb:France8407",
              "@type": [
                "Department"
              ],
              "rdfs:label": {
                "de": [
                  "Ardèche"
                ],
                "pt": [
                  "Ardèche"
                ],
                "en": [
                  "Ardèche"
                ],
                "it": [
                  "Ardèche"
                ],
                "fr": [
                  "Ardèche"
                ],
                "nl": [
                  "Ardèche"
                ],
                "es": [
                  "Ardèche"
                ]
              },
              "insee": "07",
              "isPartOfRegion": {
                "@id": "kb:France84",
                "@type": [
                  "Region"
                ],
                "rdfs:label": {
                  "de": [
                    "Auvergne-Rhône-Alpes"
                  ],
                  "pt": [
                    "Auvergne-Rhône-Alpes"
                  ],
                  "en": [
                    "Auvergne-Rhône-Alpes"
                  ],
                  "it": [
                    "Auvergne-Rhône-Alpes"
                  ],
                  "fr": [
                    "Auvergne-Rhône-Alpes"
                  ],
                  "nl": [
                    "Auvergne-Rhône-Alpes"
                  ],
                  "es": [
                    "Auvergne-Rhône-Alpes"
                  ]
                },
                "insee": "84",
                "isPartOfCountry": {
                  "@id": "kb:France",
                  "@type": [
                    "schema:Country"
                  ],
                  "rdfs:label": {
                    "de": [
                      "France",
                      "Frankreich"
                    ],
                    "pt": [
                      "França",
                      "France"
                    ],
                    "en": [
                      "France"
                    ],
                    "it": [
                      "France",
                      "Francia"
                    ],
                    "fr": [
                      "France"
                    ],
                    "nl": [
                      "France",
                      "Frankrijk"
                    ],
                    "es": [
                      "France",
                      "Francia"
                    ]
                  }
                }
              }
            }
          }
        }
      ],
      "schema:geo": {
        "@id": "https://data.datatourisme.fr/fb9f2f4b-2864-3bde-bdbf-9cbd7df43378",
        "schema:latitude": "45.194529",
        "schema:longitude": "4.79643",
        "@type": [
          "schema:GeoCoordinates"
        ]
      },
      "schema:openingHoursSpecification": [
        {
          "@id": "https://data.datatourisme.fr/f87e535a-636d-3343-ad63-8a03392e7511",
          "schema:validFrom": "2023-01-01T00:00:00",
          "schema:validThrough": "2023-12-31T23:59:59",
          "@type": [
            "schema:OpeningHoursSpecification"
          ]
        }
      ],
      "@type": [
        "schema:Place",
        "Place"
      ]
    }
  ],
  "isOwnedBy": [
    {
      "@id": "https://data.datatourisme.fr/c34130c6-4437-3624-9afb-3511a8692fba",
      "schema:email": [
        "d.sanial@dromardeche.fr",
        "j.bruyere@dromardeche.fr"
      ],
      "schema:legalName": "Office de Tourisme Porte de DrômArdèche",
      "@type": [
        "schema:Organization",
        "foaf:Agent",
        "Agent"
      ],
      "foaf:homepage": [
        "http://www.autour-du-palais-ideal.fr/"
      ]
    }
  ],
  "lastUpdate": "2023-09-12",
  "lastUpdateDatatourisme": "2023-09-13T05:53:47.755Z"
}