{
  "@id": "https://data.datatourisme.fr/13/d03051f1-b641-38ea-a5b7-3bfee2649001",
  "dc:identifier": "817184",
  "@type": [
    "schema:Park",
    "CulturalSite",
    "ParkAndGarden",
    "PlaceOfInterest",
    "PointOfInterest"
  ],
  "rdfs:comment": {
    "de": [
      "An den Ufern der Seine entdecken Sie die schwimmenden Gärten Niki de Saint Phalle: fünf Inseln mit einzigartigem Charakter."
    ],
    "en": [
      "On the banks of the Seine discover the Niki de Saint Phalle floating gardens: five islands with unique characters."
    ],
    "it": [
      "Sulle rive della Senna, scoprite i giardini galleggianti di Niki de Saint Phalle: cinque isole dal carattere unico."
    ],
    "fr": [
      "Sur les berges de la Seine découvrez les jardins flottants Niki de Saint Phalle : cinq îles aux caractères uniques."
    ],
    "nl": [
      "Ontdek aan de oevers van de Seine de drijvende tuinen van Niki de Saint Phalle: vijf eilanden met unieke karakters."
    ],
    "es": [
      "A orillas del Sena, descubra los jardines flotantes de Niki de Saint Phalle: cinco islas con caracteres únicos."
    ]
  },
  "rdfs:label": {
    "fr": [
      "Jardins de l'Archipel des Berges de Seine Niki de Saint Phalle"
    ]
  },
  "owl:sameAs": [
    "http://www.wikidata.org/entity/Q88481244"
  ],
  "hasBeenCreatedBy": {
    "@id": "https://data.datatourisme.fr/13/03e0704b-5690-32de-a186-1dc3ad3316c9",
    "dc:identifier": "1019",
    "schema:email": [
      "bgeigle@visitparisregion.com",
      "hcaldo@visitparisregion.com",
      "mtanaskovic@visitparisregion.com"
    ],
    "schema:legalName": "Choose Paris Region",
    "@type": [
      "schema:Organization",
      "foaf:Agent",
      "Agent"
    ],
    "foaf:homepage": [
      "http://www.visitparisregion.com/"
    ]
  },
  "hasBeenPublishedBy": [
    {
      "@id": "https://data.datatourisme.fr/8a9feb4b-2cbd-3d2c-b507-bd6c6776b23b",
      "schema:legalName": "Apidae Tourisme Scic SA - source : Apidae Tourisme",
      "@type": [
        "schema:Organization",
        "foaf:Agent",
        "Agent"
      ],
      "foaf:homepage": [
        "https://www.apidae-tourisme.com/"
      ]
    }
  ],
  "hasContact": [
    {
      "@id": "https://data.datatourisme.fr/99a3c2bb-8adf-3f09-8c15-bb1333082c22",
      "@type": [
        "foaf:Agent",
        "Agent"
      ],
      "foaf:homepage": [
        "http://equipement.paris.fr/jardins-de-l-archipel-des-berges-de-seine-niki-de-saint-phalle-16811"
      ]
    }
  ],
  "hasDescription": [
    {
      "@id": "https://data.datatourisme.fr/4ec3c9ac-028b-3218-80b6-215b7186eac1",
      "@type": [
        "Description"
      ],
      "hasTranslatedProperty": [
        {
          "@id": "https://data.datatourisme.fr/428407f3-a953-3ff0-89b0-472bd515b4ab",
          "dc:contributor": [
            "https://api.deepl.com/v2/translate"
          ],
          "rdf:language": [
            "en"
          ],
          "rdf:predicate": [
            "shortDescription"
          ]
        },
        {
          "@id": "https://data.datatourisme.fr/9a0eea26-b269-327d-b467-c494909d7cbd",
          "dc:contributor": [
            "https://api.deepl.com/v2/translate"
          ],
          "rdf:language": [
            "de"
          ],
          "rdf:predicate": [
            "shortDescription"
          ]
        },
        {
          "@id": "https://data.datatourisme.fr/ca263ce8-9768-3872-b82b-e750e949af73",
          "dc:contributor": [
            "https://api.deepl.com/v2/translate"
          ],
          "rdf:language": [
            "nl"
          ],
          "rdf:predicate": [
            "shortDescription"
          ]
        },
        {
          "@id": "https://data.datatourisme.fr/d59a5dbb-eacc-3477-ae10-66ab0c7ead15",
          "dc:contributor": [
            "https://api.deepl.com/v2/translate"
          ],
          "rdf:language": [
            "es"
          ],
          "rdf:predicate": [
            "shortDescription"
          ]
        },
        {
          "@id": "https://data.datatourisme.fr/f6128664-2222-3a82-a918-82e45213f986",
          "dc:contributor": [
            "https://api.deepl.com/v2/translate"
          ],
          "rdf:language": [
            "it"
          ],
          "rdf:predicate": [
            "shortDescription"
          ]
        }
      ],
      "shortDescription": {
        "de": [
          "An den Ufern der Seine entdecken Sie die schwimmenden Gärten Niki de Saint Phalle: fünf Inseln mit einzigartigem Charakter."
        ],
        "en": [
          "On the banks of the Seine discover the Niki de Saint Phalle floating gardens: five islands with unique characters."
        ],
        "it": [
          "Sulle rive della Senna, scoprite i giardini galleggianti di Niki de Saint Phalle: cinque isole dal carattere unico."
        ],
        "fr": [
          "Sur les berges de la Seine découvrez les jardins flottants Niki de Saint Phalle : cinq îles aux caractères uniques."
        ],
        "nl": [
          "Ontdek aan de oevers van de Seine de drijvende tuinen van Niki de Saint Phalle: vijf eilanden met unieke karakters."
        ],
        "es": [
          "A orillas del Sena, descubra los jardines flotantes de Niki de Saint Phalle: cinco islas con caracteres únicos."
        ]
      }
    }
  ],
  "hasRepresentation": [
    {
      "@id": "https://data.datatourisme.fr/dbd0e02b-be51-399d-acaa-2ec691ec9dcc",
      "ebucore:hasAnnotation": [
        {
          "@id": "https://data.datatourisme.fr/851526bd-069a-3117-bc54-0409267b8a27",
          "ebucore:isCoveredBy": "CC BY 2.0",
          "ebucore:title": {
            "fr": [
              "Archipel des Berges de la Seine - Niki de Saint-Phalle @ Parc Rives de Seine @ Paris (33736296106)"
            ]
          },
          "@type": [
            "ebucore:Annotation"
          ],
          "credits": [
            "<a rel=\"nofollow\" class=\"external text\" href=\"https://www.flickr.com/people/22539273@N00\">Guilhem Vellut</a> from Paris, France"
          ]
        }
      ],
      "ebucore:hasRelatedResource": [
        {
          "@id": "https://data.datatourisme.fr/81bcbbf3-d66e-37c6-98e0-8a2c0fdaa5e9",
          "ebucore:fileSize": [
            9449120
          ],
          "ebucore:hasMimeType": [
            {
              "@id": "kb:JPEG",
              "@type": [
                "ebucore:MimeType"
              ],
              "rdfs:comment": {
                "de": [
                  "JPEG-Bild"
                ],
                "pt": [
                  "Imagem JPEG"
                ],
                "en": [
                  "JPEG image file"
                ],
                "it": [
                  "Immagine JPEG"
                ],
                "fr": [
                  "Image JPEG"
                ],
                "nl": [
                  "JPEG-afbeelding"
                ],
                "es": [
                  "Imagen JPEG"
                ]
              },
              "rdfs:label": {
                "de": [
                  "image/jpeg"
                ],
                "pt": [
                  "image/jpeg"
                ],
                "en": [
                  "image/jpeg"
                ],
                "it": [
                  "image/jpeg"
                ],
                "fr": [
                  "image/jpeg"
                ],
                "nl": [
                  "image/jpeg"
                ],
                "es": [
                  "image/jpeg"
                ]
              }
            }
          ],
          "ebucore:height": 3648,
          "ebucore:locator": [
            "https://upload.wikimedia.org/wikipedia/commons/3/35/Archipel_des_Berges_de_la_Seine_-_Niki_de_Saint-Phalle_%40_Parc_Rives_de_Seine_%40_Paris_%2833736296106%29.jpg"
          ],
          "ebucore:width": 5472,
          "@type": [
            "ebucore:Resource"
          ]
        }
      ],
      "@type": [
        "ebucore:EditorialObject"
      ]
    }
  ],
  "hasTheme": [
    {
      "@id": "kb:Culture",
      "@type": [
        "CulturalTheme"
      ],
      "rdfs:label": {
        "de": [
          "Kultur"
        ],
        "pt": [
          "Cultura"
        ],
        "en": [
          "Culture"
        ],
        "it": [
          "Cultura"
        ],
        "fr": [
          "Culture"
        ],
        "nl": [
          "Cultuur"
        ],
        "es": [
          "Cultura"
        ]
      }
    }
  ],
  "hasTranslatedProperty": [
    {
      "@id": "https://data.datatourisme.fr/03ad63d0-7862-3eec-abb7-429fa4aa7e31",
      "dc:contributor": [
        "https://api.deepl.com/v2/translate"
      ],
      "rdf:language": [
        "es"
      ],
      "rdf:predicate": [
        {
          "@id": "rdfs:comment"
        }
      ]
    },
    {
      "@id": "https://data.datatourisme.fr/20d78e53-fa44-3a06-8a7b-6bd8f1069243",
      "dc:contributor": [
        "https://api.deepl.com/v2/translate"
      ],
      "rdf:language": [
        "de"
      ],
      "rdf:predicate": [
        {
          "@id": "rdfs:comment"
        }
      ]
    },
    {
      "@id": "https://data.datatourisme.fr/7cbb66bc-e4dd-3c9a-b397-cb930b3aff06",
      "dc:contributor": [
        "https://api.deepl.com/v2/translate"
      ],
      "rdf:language": [
        "nl"
      ],
      "rdf:predicate": [
        {
          "@id": "rdfs:comment"
        }
      ]
    },
    {
      "@id": "https://data.datatourisme.fr/7d88a206-e268-32cd-9187-9e6e00d2d052",
      "dc:contributor": [
        "https://api.deepl.com/v2/translate"
      ],
      "rdf:language": [
        "it"
      ],
      "rdf:predicate": [
        {
          "@id": "rdfs:comment"
        }
      ]
    },
    {
      "@id": "https://data.datatourisme.fr/8a25fd0f-200b-37ce-94cb-de452c9cfacb",
      "dc:contributor": [
        "https://api.deepl.com/v2/translate"
      ],
      "rdf:language": [
        "en"
      ],
      "rdf:predicate": [
        {
          "@id": "rdfs:comment"
        }
      ]
    }
  ],
  "isLocatedAt": [
    {
      "@id": "https://data.datatourisme.fr/08d04687-34c0-3c9b-949e-ffc83ab8c52d",
      "schema:address": [
        {
          "@id": "https://data.datatourisme.fr/077cbba4-cc49-3dd6-a3cc-71f5c17ebdd6",
          "schema:addressLocality": "Paris",
          "schema:postalCode": "75007",
          "schema:streetAddress": [
            "Quai d'Orsay"
          ],
          "@type": [
            "schema:PostalAddress",
            "PostalAddress"
          ],
          "hasAddressCity": {
            "@id": "kb:75056",
            "@type": [
              "City"
            ],
            "rdfs:label": {
              "de": [
                "Paris"
              ],
              "pt": [
                "Paris"
              ],
              "en": [
                "Paris"
              ],
              "it": [
                "Paris"
              ],
              "fr": [
                "Paris"
              ],
              "nl": [
                "Paris"
              ],
              "es": [
                "Paris"
              ]
            },
            "insee": "75056",
            "isPartOfDepartment": {
              "@id": "kb:France1175",
              "@type": [
                "Department"
              ],
              "rdfs:label": {
                "de": [
                  "Paris"
                ],
                "pt": [
                  "Paris"
                ],
                "en": [
                  "Paris"
                ],
                "it": [
                  "Paris"
                ],
                "fr": [
                  "Paris"
                ],
                "nl": [
                  "Paris"
                ],
                "es": [
                  "Paris"
                ]
              },
              "insee": "75",
              "isPartOfRegion": {
                "@id": "kb:France11",
                "@type": [
                  "Region"
                ],
                "rdfs:label": {
                  "de": [
                    "Île-de-France"
                  ],
                  "pt": [
                    "Île-de-France"
                  ],
                  "en": [
                    "Île-de-France"
                  ],
                  "it": [
                    "Île-de-France"
                  ],
                  "fr": [
                    "Île-de-France"
                  ],
                  "nl": [
                    "Île-de-France"
                  ],
                  "es": [
                    "Île-de-France"
                  ]
                },
                "insee": "11",
                "isPartOfCountry": {
                  "@id": "kb:France",
                  "@type": [
                    "schema:Country"
                  ],
                  "rdfs:label": {
                    "de": [
                      "France",
                      "Frankreich"
                    ],
                    "pt": [
                      "França",
                      "France"
                    ],
                    "en": [
                      "France"
                    ],
                    "it": [
                      "France",
                      "Francia"
                    ],
                    "fr": [
                      "France"
                    ],
                    "nl": [
                      "France",
                      "Frankrijk"
                    ],
                    "es": [
                      "France",
                      "Francia"
                    ]
                  }
                }
              }
            }
          }
        }
      ],
      "schema:geo": {
        "@id": "https://data.datatourisme.fr/c4c6345b-8fc2-30ca-a372-4093d8989065",
        "schema:latitude": "48.862986",
        "schema:longitude": "2.305477",
        "@type": [
          "schema:GeoCoordinates"
        ]
      },
      "schema:openingHoursSpecification": [
        {
          "@id": "https://data.datatourisme.fr/315adc85-7263-3099-8ced-1b90b4a402c9",
          "schema:closes": "18:30:00",
          "schema:opens": "10:00:00",
          "schema:validFrom": "2023-09-16T00:00:00",
          "schema:validThrough": "2023-10-29T23:59:59",
          "@type": [
            "schema:OpeningHoursSpecification"
          ]
        },
        {
          "@id": "https://data.datatourisme.fr/4e7e1915-c207-3873-ac41-ae9ff9121dc4",
          "schema:closes": "20:00:00",
          "schema:opens": "10:00:00",
          "schema:validFrom": "2023-05-01T00:00:00",
          "schema:validThrough": "2023-05-15T23:59:59",
          "@type": [
            "schema:OpeningHoursSpecification"
          ]
        },
        {
          "@id": "https://data.datatourisme.fr/a3277976-5ce4-36bd-946e-30f6ffdf3905",
          "schema:closes": "20:00:00",
          "schema:opens": "10:00:00",
          "schema:validFrom": "2023-08-16T00:00:00",
          "schema:validThrough": "2023-09-15T23:59:59",
          "@type": [
            "schema:OpeningHoursSpecification"
          ]
        },
        {
          "@id": "https://data.datatourisme.fr/aad5b1eb-7f0d-3503-aedc-786889d4d4f6",
          "schema:closes": "21:00:00",
          "schema:opens": "10:00:00",
          "schema:validFrom": "2023-05-16T00:00:00",
          "schema:validThrough": "2023-08-15T23:59:59",
          "@type": [
            "schema:OpeningHoursSpecification"
          ]
        }
      ],
      "@type": [
        "schema:Place",
        "Place"
      ]
    }
  ],
  "isOwnedBy": [
    {
      "@id": "https://data.datatourisme.fr/26ecd6f0-563c-356a-b0f9-ad3ec17effc4",
      "schema:email": [
        "bgeigle@visitparisregion.com",
        "hcaldo@visitparisregion.com",
        "mtanaskovic@visitparisregion.com"
      ],
      "schema:legalName": "Comité Régional du Tourisme Paris Ile de France",
      "@type": [
        "schema:Organization",
        "foaf:Agent",
        "Agent"
      ],
      "foaf:homepage": [
        "http://www.visitparisregion.com/"
      ]
    }
  ],
  "lastUpdate": "2020-09-28",
  "lastUpdateDatatourisme": "2023-10-02T05:53:31.662Z"
}