{
  "@id": "https://data.datatourisme.fr/13/6682f4d4-ebad-3bae-ad8d-24a2b22d3a13",
  "dc:identifier": "4696303",
  "@type": [
    "olo:OrderedList",
    "PlaceOfInterest",
    "PointOfInterest",
    "SportsAndLeisurePlace",
    "Tour",
    "WalkingTour"
  ],
  "rdfs:comment": {
    "de": [
      "Kleine, leichte Wanderung zur Entdeckung der Rhône-Hänge zwischen Weinbergen und Obstgärten. Zu entdecken im Reiseführer, der im Tourismusbüro erhältlich ist, und in der App \"les échappées inspirées\"."
    ],
    "en": [
      "An easy walk to discover the hillsides of the Rhône between vineyards and orchards. To be discovered in the guidebook on sale at the tourist office and the \"échappées inspirées\" application."
    ],
    "it": [
      "Una facile passeggiata alla scoperta delle colline del Rodano tra vigneti e frutteti. Da scoprire nella guida in vendita presso l'ufficio del turismo e nell'applicazione \"échappées inspirées\"."
    ],
    "fr": [
      "Petite balade facile à la découverte des coteaux du Rhône entre vignobles et vergers. A découvrir dans le guide en vente à l'office de tourisme et l'application les \"échappées inspirées\"."
    ],
    "es": [
      "Un paseo fácil para descubrir las laderas del Ródano entre viñedos y huertos. Se puede descubrir en la guía a la venta en la oficina de turismo y en la aplicación \"échappées inspirées\"."
    ],
    "nl": [
      "Een gemakkelijke wandeling om de hellingen van de Rhône tussen wijngaarden en boomgaarden te ontdekken. Te ontdekken in de gids die te koop is bij het toeristenbureau en de applicatie \"échappées inspirées\"."
    ]
  },
  "rdfs:label": {
    "fr": [
      "Saint Bosc"
    ]
  },
  "hasBeenCreatedBy": {
    "@id": "https://data.datatourisme.fr/13/73278a4a-8696-3eeb-976a-8fd4c9ec6997",
    "dc:identifier": "113",
    "schema:email": [
      "d.sanial@dromardeche.fr",
      "j.bruyere@dromardeche.fr"
    ],
    "schema:legalName": "Office de Tourisme Porte de DrômArdèche",
    "@type": [
      "schema:Organization",
      "foaf:Agent",
      "Agent"
    ],
    "foaf:homepage": [
      "http://www.autour-du-palais-ideal.fr/"
    ]
  },
  "hasBeenPublishedBy": [
    {
      "@id": "https://data.datatourisme.fr/d48f2ccd-2357-3a8e-b949-cb8bf19a361f",
      "schema:legalName": "Agence d'Attractivité de la Drôme - source : Apidae Tourisme",
      "@type": [
        "schema:Organization",
        "foaf:Agent",
        "Agent"
      ],
      "foaf:homepage": [
        "https://www.apidae-tourisme.com/"
      ]
    }
  ],
  "hasContact": [
    {
      "@id": "https://data.datatourisme.fr/e4a61420-5736-3383-8b66-c11b58e648c9",
      "schema:email": [
        "porte@dromardeche.fr"
      ],
      "schema:telephone": [
        "+33 4 75 23 45 33"
      ],
      "@type": [
        "foaf:Agent",
        "Agent"
      ],
      "foaf:homepage": [
        "http://www.autour-du-palais-ideal.fr/"
      ]
    }
  ],
  "hasDescription": [
    {
      "@id": "https://data.datatourisme.fr/3ca2913f-043f-32d7-9f06-684d7032bceb",
      "@type": [
        "Description"
      ],
      "hasTranslatedProperty": [
        {
          "@id": "https://data.datatourisme.fr/1ea96365-602d-380c-a760-77910b903cc3",
          "dc:contributor": [
            "https://api.deepl.com/v2/translate"
          ],
          "rdf:language": [
            "es"
          ],
          "rdf:predicate": [
            "shortDescription"
          ]
        },
        {
          "@id": "https://data.datatourisme.fr/3603e5a2-20fa-3a62-a242-40510e046b98",
          "dc:contributor": [
            "https://api.deepl.com/v2/translate"
          ],
          "rdf:language": [
            "de"
          ],
          "rdf:predicate": [
            "shortDescription"
          ]
        },
        {
          "@id": "https://data.datatourisme.fr/56bcfec5-8156-3a4c-8737-1fb9f7eec676",
          "dc:contributor": [
            "https://api.deepl.com/v2/translate"
          ],
          "rdf:language": [
            "it"
          ],
          "rdf:predicate": [
            "shortDescription"
          ]
        },
        {
          "@id": "https://data.datatourisme.fr/6653badd-8ab4-3a3e-aa0a-297d9ece3073",
          "dc:contributor": [
            "https://api.deepl.com/v2/translate"
          ],
          "rdf:language": [
            "nl"
          ],
          "rdf:predicate": [
            "shortDescription"
          ]
        }
      ],
      "shortDescription": {
        "de": [
          "Kleine, leichte Wanderung zur Entdeckung der Rhône-Hänge zwischen Weinbergen und Obstgärten. Zu entdecken im Reiseführer, der im Tourismusbüro erhältlich ist, und in der App \"les échappées inspirées\"."
        ],
        "en": [
          "An easy walk to discover the hillsides of the Rhône between vineyards and orchards. To be discovered in the guidebook on sale at the tourist office and the \"échappées inspirées\" application."
        ],
        "it": [
          "Una facile passeggiata alla scoperta delle colline del Rodano tra vigneti e frutteti. Da scoprire nella guida in vendita presso l'ufficio del turismo e nell'applicazione \"échappées inspirées\"."
        ],
        "fr": [
          "Petite balade facile à la découverte des coteaux du Rhône entre vignobles et vergers. A découvrir dans le guide en vente à l'office de tourisme et l'application les \"échappées inspirées\"."
        ],
        "es": [
          "Un paseo fácil para descubrir las laderas del Ródano entre viñedos y huertos. Se puede descubrir en la guía a la venta en la oficina de turismo y en la aplicación \"échappées inspirées\"."
        ],
        "nl": [
          "Een gemakkelijke wandeling om de hellingen van de Rhône tussen wijngaarden en boomgaarden te ontdekken. Te ontdekken in de gids die te koop is bij het toeristenbureau en de applicatie \"échappées inspirées\"."
        ]
      }
    }
  ],
  "hasTheme": [
    {
      "@id": "kb:Hiking",
      "@type": [
        "SportsTheme"
      ],
      "rdfs:label": {
        "de": [
          "Wanderung"
        ],
        "pt": [
          "Caminhada"
        ],
        "en": [
          "Hiking"
        ],
        "it": [
          "Escursione"
        ],
        "fr": [
          "Randonnée"
        ],
        "nl": [
          "Wandelen"
        ],
        "es": [
          "Senderismo"
        ]
      }
    },
    {
      "@id": "kb:Pedestrian",
      "@type": [
        "SportsTheme"
      ],
      "rdfs:label": {
        "de": [
          "Zu Fuß"
        ],
        "pt": [
          "Pedestre"
        ],
        "en": [
          "Pedestrian"
        ],
        "it": [
          "A piedi"
        ],
        "fr": [
          "Pédestre"
        ],
        "nl": [
          "Voetgangers"
        ],
        "es": [
          "Peatón"
        ]
      }
    },
    {
      "@id": "kb:Running",
      "@type": [
        "SportsTheme"
      ],
      "rdfs:label": {
        "de": [
          "Laufen"
        ],
        "pt": [
          "Corrida a pé"
        ],
        "en": [
          "Running"
        ],
        "it": [
          "Corsa a piedi"
        ],
        "fr": [
          "Course à pied"
        ],
        "nl": [
          "Hardlopen"
        ],
        "es": [
          "Carrera a pie"
        ]
      }
    }
  ],
  "hasTranslatedProperty": [
    {
      "@id": "https://data.datatourisme.fr/000e4b54-b1bc-3489-919f-3eb375801523",
      "dc:contributor": [
        "https://api.deepl.com/v2/translate"
      ],
      "rdf:language": [
        "it"
      ],
      "rdf:predicate": [
        {
          "@id": "rdfs:comment"
        }
      ]
    },
    {
      "@id": "https://data.datatourisme.fr/27e3cbca-945f-37f9-9cb4-347cbe4a307d",
      "dc:contributor": [
        "https://api.deepl.com/v2/translate"
      ],
      "rdf:language": [
        "nl"
      ],
      "rdf:predicate": [
        {
          "@id": "rdfs:comment"
        }
      ]
    },
    {
      "@id": "https://data.datatourisme.fr/6ac79dfd-0464-3620-94ba-4bb6791764ba",
      "dc:contributor": [
        "https://api.deepl.com/v2/translate"
      ],
      "rdf:language": [
        "de"
      ],
      "rdf:predicate": [
        {
          "@id": "rdfs:comment"
        }
      ]
    },
    {
      "@id": "https://data.datatourisme.fr/a45eca8c-6a9a-3773-82a1-0481d630d4ad",
      "dc:contributor": [
        "https://api.deepl.com/v2/translate"
      ],
      "rdf:language": [
        "es"
      ],
      "rdf:predicate": [
        {
          "@id": "rdfs:comment"
        }
      ]
    }
  ],
  "isLocatedAt": [
    {
      "@id": "https://data.datatourisme.fr/288f68c7-b788-36e3-b7df-c5294bc283b4",
      "schema:address": [
        {
          "@id": "https://data.datatourisme.fr/0aaf3418-924b-3533-9931-c733cbdbd771",
          "schema:addressLocality": "Andance",
          "schema:postalCode": "07340",
          "schema:streetAddress": [
            "Hameau de Saint-Bosc"
          ],
          "@type": [
            "schema:PostalAddress",
            "PostalAddress"
          ],
          "hasAddressCity": {
            "@id": "kb:07009",
            "@type": [
              "City"
            ],
            "rdfs:label": {
              "de": [
                "Andance"
              ],
              "pt": [
                "Andance"
              ],
              "en": [
                "Andance"
              ],
              "it": [
                "Andance"
              ],
              "fr": [
                "Andance"
              ],
              "nl": [
                "Andance"
              ],
              "es": [
                "Andance"
              ]
            },
            "insee": "07009",
            "isPartOfDepartment": {
              "@id": "kb:France8407",
              "@type": [
                "Department"
              ],
              "rdfs:label": {
                "de": [
                  "Ardèche"
                ],
                "pt": [
                  "Ardèche"
                ],
                "en": [
                  "Ardèche"
                ],
                "it": [
                  "Ardèche"
                ],
                "fr": [
                  "Ardèche"
                ],
                "nl": [
                  "Ardèche"
                ],
                "es": [
                  "Ardèche"
                ]
              },
              "insee": "07",
              "isPartOfRegion": {
                "@id": "kb:France84",
                "@type": [
                  "Region"
                ],
                "rdfs:label": {
                  "de": [
                    "Auvergne-Rhône-Alpes"
                  ],
                  "pt": [
                    "Auvergne-Rhône-Alpes"
                  ],
                  "en": [
                    "Auvergne-Rhône-Alpes"
                  ],
                  "it": [
                    "Auvergne-Rhône-Alpes"
                  ],
                  "fr": [
                    "Auvergne-Rhône-Alpes"
                  ],
                  "nl": [
                    "Auvergne-Rhône-Alpes"
                  ],
                  "es": [
                    "Auvergne-Rhône-Alpes"
                  ]
                },
                "insee": "84",
                "isPartOfCountry": {
                  "@id": "kb:France",
                  "@type": [
                    "schema:Country"
                  ],
                  "rdfs:label": {
                    "de": [
                      "France",
                      "Frankreich"
                    ],
                    "pt": [
                      "França",
                      "France"
                    ],
                    "en": [
                      "France"
                    ],
                    "it": [
                      "France",
                      "Francia"
                    ],
                    "fr": [
                      "France"
                    ],
                    "nl": [
                      "France",
                      "Frankrijk"
                    ],
                    "es": [
                      "France",
                      "Francia"
                    ]
                  }
                }
              }
            }
          }
        }
      ],
      "schema:geo": {
        "@id": "https://data.datatourisme.fr/96a8e4f0-a029-3e63-862b-291f34c60754",
        "schema:latitude": "45.215966",
        "schema:longitude": "4.800425",
        "@type": [
          "schema:GeoCoordinates"
        ]
      },
      "schema:openingHoursSpecification": [
        {
          "@id": "https://data.datatourisme.fr/f87e535a-636d-3343-ad63-8a03392e7511",
          "schema:validFrom": "2023-01-01T00:00:00",
          "schema:validThrough": "2023-12-31T23:59:59",
          "@type": [
            "schema:OpeningHoursSpecification"
          ]
        }
      ],
      "@type": [
        "schema:Place",
        "Place"
      ]
    }
  ],
  "isOwnedBy": [
    {
      "@id": "https://data.datatourisme.fr/c34130c6-4437-3624-9afb-3511a8692fba",
      "schema:email": [
        "d.sanial@dromardeche.fr",
        "j.bruyere@dromardeche.fr"
      ],
      "schema:legalName": "Office de Tourisme Porte de DrômArdèche",
      "@type": [
        "schema:Organization",
        "foaf:Agent",
        "Agent"
      ],
      "foaf:homepage": [
        "http://www.autour-du-palais-ideal.fr/"
      ]
    }
  ],
  "lastUpdate": "2023-05-31",
  "lastUpdateDatatourisme": "2023-06-01T05:41:13.962Z"
}