{
  "@id": "https://data.datatourisme.fr/13/03bfa605-66e2-3a37-8fba-a2ce9cfc1802",
  "dc:identifier": "5233314",
  "@type": [
    "olo:OrderedList",
    "CyclingTour",
    "PlaceOfInterest",
    "PointOfInterest",
    "SportsAndLeisurePlace",
    "Tour"
  ],
  "rdfs:comment": {
    "de": [
      "Bukolische Strecke, ideal für eine Entdeckung des VAE. Die Strecke verläuft abwechselnd durch Wälder und Wiesen. Die Kapelle von Navas und ihre schwarze Jungfrau sorgen für einen Hauch von Kulturerbe. Der Aussichtspunkt oberhalb von St Victor bietet einen Blick auf die Alpen und den Süden."
    ],
    "en": [
      "Ideal for getting to know your e-bike. With uphill slopes not too steep and\r\ndownhill ones giving you time to rest, little traffic and to top its all fantastic\r\nlandscapes."
    ],
    "it": [
      "Un percorso bucolico, ideale per scoprire la VAE. Il percorso alterna boschi e pascoli. La cappella Navas e la sua vergine nera aggiungono un tocco di eredità. Infine, il punto panoramico sopra St Victor domina le Alpi e il Sud."
    ],
    "fr": [
      "Parcours bucolique, idéal pour une découverte du VAE. Le parcours alterne entre forêts et pâtures. La chapelle de Navas et sa vierge noire apporte une touche patrimoine. Enfin, le point de vue au dessus de St Victor porte sur les Alpes et le Sud."
    ],
    "es": [
      "Una ruta bucólica, ideal para descubrir el VAE. La ruta alterna entre bosques y pastos. La capilla de las Navas y su virgen negra aportan un toque patrimonial. Por último, el mirador sobre St Victor domina los Alpes y el Sur."
    ],
    "nl": [
      "Een bucolische route, ideaal voor een ontdekking van de VAE. De route loopt afwisselend door bossen en weilanden. De Navas-kapel en haar zwarte maagd voegen een vleugje erfgoed toe. Het uitzichtpunt boven St Victor tenslotte kijkt uit over de Alpen en het zuiden."
    ]
  },
  "rdfs:label": {
    "en": [
      "E bike Tour : The plateau midway"
    ],
    "fr": [
      "Circuit VAE : Le plateau intermédiaire"
    ]
  },
  "hasBeenCreatedBy": {
    "@id": "https://data.datatourisme.fr/13/185c29dc-2432-3934-ae37-7cfda20e414c",
    "dc:identifier": "627",
    "schema:email": [
      "a.ferrel@ah-tourisme.com",
      "d.mathieu@ah-tourisme.com",
      "s.monneron@ah-tourisme.com"
    ],
    "schema:legalName": "Ardèche Hermitage Tourisme",
    "@type": [
      "schema:Organization",
      "foaf:Agent",
      "Agent"
    ],
    "foaf:homepage": [
      "http://ardeche-hermitage.com/"
    ]
  },
  "hasBeenPublishedBy": [
    {
      "@id": "https://data.datatourisme.fr/dbca899d-3f22-364b-b99d-40af1e917c58",
      "schema:legalName": "Agence de Développement Touristique de l'Ardèche - source : Apidae Tourisme",
      "@type": [
        "schema:Organization",
        "foaf:Agent",
        "Agent"
      ],
      "foaf:homepage": [
        "https://www.apidae-tourisme.com/"
      ]
    }
  ],
  "hasContact": [
    {
      "@id": "https://data.datatourisme.fr/a68650d3-0d5e-342d-bd62-d568380c74fc",
      "schema:email": [
        "info@ah-tourisme.com"
      ],
      "schema:telephone": [
        "+33 4 75 08 10 23"
      ],
      "@type": [
        "foaf:Agent",
        "Agent"
      ],
      "foaf:homepage": [
        "https://rando-ardeche-hermitage.fr/velo-a-assistance-electrique/le-plateau-intermediaire/"
      ]
    }
  ],
  "hasDescription": [
    {
      "@id": "https://data.datatourisme.fr/d2613ecd-91c4-3269-88dd-495d92d4d0b8",
      "@type": [
        "Description"
      ],
      "hasTranslatedProperty": [
        {
          "@id": "https://data.datatourisme.fr/13adc160-b435-30a1-9f27-4ce2e85f2451",
          "dc:contributor": [
            "https://api.deepl.com/v2/translate"
          ],
          "rdf:language": [
            "it"
          ],
          "rdf:predicate": [
            "shortDescription"
          ]
        },
        {
          "@id": "https://data.datatourisme.fr/d084cea7-d94f-3dfa-9c27-ebde434599b5",
          "dc:contributor": [
            "https://api.deepl.com/v2/translate"
          ],
          "rdf:language": [
            "es"
          ],
          "rdf:predicate": [
            "shortDescription"
          ]
        },
        {
          "@id": "https://data.datatourisme.fr/dbfdd85c-adb8-3859-8a53-182053111c8f",
          "dc:contributor": [
            "https://api.deepl.com/v2/translate"
          ],
          "rdf:language": [
            "nl"
          ],
          "rdf:predicate": [
            "shortDescription"
          ]
        },
        {
          "@id": "https://data.datatourisme.fr/ef81e1df-d074-3147-b6c3-c622555390f1",
          "dc:contributor": [
            "https://api.deepl.com/v2/translate"
          ],
          "rdf:language": [
            "de"
          ],
          "rdf:predicate": [
            "shortDescription"
          ]
        }
      ],
      "shortDescription": {
        "de": [
          "Bukolische Strecke, ideal für eine Entdeckung des VAE. Die Strecke verläuft abwechselnd durch Wälder und Wiesen. Die Kapelle von Navas und ihre schwarze Jungfrau sorgen für einen Hauch von Kulturerbe. Der Aussichtspunkt oberhalb von St Victor bietet einen Blick auf die Alpen und den Süden."
        ],
        "en": [
          "Ideal for getting to know your e-bike. With uphill slopes not too steep and\r\ndownhill ones giving you time to rest, little traffic and to top its all fantastic\r\nlandscapes."
        ],
        "it": [
          "Un percorso bucolico, ideale per scoprire la VAE. Il percorso alterna boschi e pascoli. La cappella Navas e la sua vergine nera aggiungono un tocco di eredità. Infine, il punto panoramico sopra St Victor domina le Alpi e il Sud."
        ],
        "fr": [
          "Parcours bucolique, idéal pour une découverte du VAE. Le parcours alterne entre forêts et pâtures. La chapelle de Navas et sa vierge noire apporte une touche patrimoine. Enfin, le point de vue au dessus de St Victor porte sur les Alpes et le Sud."
        ],
        "es": [
          "Una ruta bucólica, ideal para descubrir el VAE. La ruta alterna entre bosques y pastos. La capilla de las Navas y su virgen negra aportan un toque patrimonial. Por último, el mirador sobre St Victor domina los Alpes y el Sur."
        ],
        "nl": [
          "Een bucolische route, ideaal voor een ontdekking van de VAE. De route loopt afwisselend door bossen en weilanden. De Navas-kapel en haar zwarte maagd voegen een vleugje erfgoed toe. Het uitzichtpunt boven St Victor tenslotte kijkt uit over de Alpen en het zuiden."
        ]
      }
    }
  ],
  "hasTheme": [
    {
      "@id": "kb:Bike",
      "@type": [
        "SportsTheme"
      ],
      "rdfs:label": {
        "de": [
          "Fahrrad"
        ],
        "pt": [
          "Bicicleta"
        ],
        "en": [
          "Bike"
        ],
        "it": [
          "Bicicletta"
        ],
        "fr": [
          "Vélo"
        ],
        "nl": [
          "Fiets"
        ],
        "es": [
          "Bicicleta"
        ]
      }
    },
    {
      "@id": "kb:ElectricallyAssistedBicycle",
      "@type": [
        "SportsTheme"
      ],
      "rdfs:label": {
        "de": [
          "Ladestation für Elektrofahrräder"
        ],
        "pt": [
          "Bicicleta elétrica"
        ],
        "en": [
          "Electrically assisted bicycle"
        ],
        "it": [
          "Bicicletta a pedalata assistita"
        ],
        "fr": [
          "Vélo à assistance électrique, VAE"
        ],
        "nl": [
          "Elektrische fiets"
        ],
        "es": [
          "Bicicleta eléctrica, VAE"
        ]
      }
    }
  ],
  "hasTranslatedProperty": [
    {
      "@id": "https://data.datatourisme.fr/10129d06-a42a-3ac2-8265-4514462de7fc",
      "dc:contributor": [
        "https://api.deepl.com/v2/translate"
      ],
      "rdf:language": [
        "it"
      ],
      "rdf:predicate": [
        {
          "@id": "rdfs:comment"
        }
      ]
    },
    {
      "@id": "https://data.datatourisme.fr/3330215f-13a5-3792-ac96-4a8f88b81475",
      "dc:contributor": [
        "https://api.deepl.com/v2/translate"
      ],
      "rdf:language": [
        "nl"
      ],
      "rdf:predicate": [
        {
          "@id": "rdfs:comment"
        }
      ]
    },
    {
      "@id": "https://data.datatourisme.fr/3e61cc45-1096-3eaa-b1d3-a834ad93837f",
      "dc:contributor": [
        "https://api.deepl.com/v2/translate"
      ],
      "rdf:language": [
        "de"
      ],
      "rdf:predicate": [
        {
          "@id": "rdfs:comment"
        }
      ]
    },
    {
      "@id": "https://data.datatourisme.fr/ed7652aa-591f-3aea-a0cb-8e1711855411",
      "dc:contributor": [
        "https://api.deepl.com/v2/translate"
      ],
      "rdf:language": [
        "es"
      ],
      "rdf:predicate": [
        {
          "@id": "rdfs:comment"
        }
      ]
    }
  ],
  "isLocatedAt": [
    {
      "@id": "https://data.datatourisme.fr/aeb1c983-947c-3d6d-a07d-a38ac45005c1",
      "schema:address": [
        {
          "@id": "https://data.datatourisme.fr/62dd5308-cbf4-3657-993e-7a8bf346b2ec",
          "schema:addressLocality": "Vaudevant",
          "schema:postalCode": "07410",
          "schema:streetAddress": [
            "Place du village"
          ],
          "@type": [
            "schema:PostalAddress",
            "PostalAddress"
          ],
          "hasAddressCity": {
            "@id": "kb:07335",
            "@type": [
              "City"
            ],
            "rdfs:label": {
              "de": [
                "Vaudevant"
              ],
              "pt": [
                "Vaudevant"
              ],
              "en": [
                "Vaudevant"
              ],
              "it": [
                "Vaudevant"
              ],
              "fr": [
                "Vaudevant"
              ],
              "nl": [
                "Vaudevant"
              ],
              "es": [
                "Vaudevant"
              ]
            },
            "insee": "07335",
            "isPartOfDepartment": {
              "@id": "kb:France8407",
              "@type": [
                "Department"
              ],
              "rdfs:label": {
                "de": [
                  "Ardèche"
                ],
                "pt": [
                  "Ardèche"
                ],
                "en": [
                  "Ardèche"
                ],
                "it": [
                  "Ardèche"
                ],
                "fr": [
                  "Ardèche"
                ],
                "nl": [
                  "Ardèche"
                ],
                "es": [
                  "Ardèche"
                ]
              },
              "insee": "07",
              "isPartOfRegion": {
                "@id": "kb:France84",
                "@type": [
                  "Region"
                ],
                "rdfs:label": {
                  "de": [
                    "Auvergne-Rhône-Alpes"
                  ],
                  "pt": [
                    "Auvergne-Rhône-Alpes"
                  ],
                  "en": [
                    "Auvergne-Rhône-Alpes"
                  ],
                  "it": [
                    "Auvergne-Rhône-Alpes"
                  ],
                  "fr": [
                    "Auvergne-Rhône-Alpes"
                  ],
                  "nl": [
                    "Auvergne-Rhône-Alpes"
                  ],
                  "es": [
                    "Auvergne-Rhône-Alpes"
                  ]
                },
                "insee": "84",
                "isPartOfCountry": {
                  "@id": "kb:France",
                  "@type": [
                    "schema:Country"
                  ],
                  "rdfs:label": {
                    "de": [
                      "France",
                      "Frankreich"
                    ],
                    "pt": [
                      "França",
                      "France"
                    ],
                    "en": [
                      "France"
                    ],
                    "it": [
                      "France",
                      "Francia"
                    ],
                    "fr": [
                      "France"
                    ],
                    "nl": [
                      "France",
                      "Frankrijk"
                    ],
                    "es": [
                      "France",
                      "Francia"
                    ]
                  }
                }
              }
            }
          }
        }
      ],
      "schema:geo": {
        "@id": "https://data.datatourisme.fr/d4588dfc-85e5-31db-87a7-b981e7403200",
        "schema:elevation": "600",
        "schema:latitude": "45.104",
        "schema:longitude": "4.6192",
        "@type": [
          "schema:GeoCoordinates"
        ]
      },
      "schema:openingHoursSpecification": [
        {
          "@id": "https://data.datatourisme.fr/5787876e-22ec-3057-a9d3-6c918e6c0b89",
          "schema:validFrom": "2023-01-01T00:00:00",
          "schema:validThrough": "2023-12-31T23:59:59",
          "@type": [
            "schema:OpeningHoursSpecification"
          ],
          "additionalInformation": {
            "de": [
              "Beste Jahreszeit: Mai bis Oktober"
            ],
            "en": [
              "Best season: May to October"
            ],
            "it": [
              "Stagione migliore: da maggio a ottobre"
            ],
            "fr": [
              "Meilleure saison : mai à octobre"
            ],
            "es": [
              "Mejor temporada: de mayo a octubre"
            ],
            "nl": [
              "Beste seizoen: mei tot oktober"
            ]
          },
          "hasTranslatedProperty": [
            {
              "@id": "https://data.datatourisme.fr/1bc6082f-4a2e-3773-a23e-a752b6f3db61",
              "dc:contributor": [
                "https://api.deepl.com/v2/translate"
              ],
              "rdf:language": [
                "es"
              ],
              "rdf:predicate": [
                "additionalInformation"
              ]
            },
            {
              "@id": "https://data.datatourisme.fr/4e1be5bf-f861-3984-8521-5070c3872a87",
              "dc:contributor": [
                "https://api.deepl.com/v2/translate"
              ],
              "rdf:language": [
                "nl"
              ],
              "rdf:predicate": [
                "additionalInformation"
              ]
            },
            {
              "@id": "https://data.datatourisme.fr/6f18b3c1-965c-3bd0-8f0a-6748bd61b60f",
              "dc:contributor": [
                "https://api.deepl.com/v2/translate"
              ],
              "rdf:language": [
                "it"
              ],
              "rdf:predicate": [
                "additionalInformation"
              ]
            },
            {
              "@id": "https://data.datatourisme.fr/a48de503-b7c8-37ac-afdf-abb6917c09e4",
              "dc:contributor": [
                "https://api.deepl.com/v2/translate"
              ],
              "rdf:language": [
                "en"
              ],
              "rdf:predicate": [
                "additionalInformation"
              ]
            },
            {
              "@id": "https://data.datatourisme.fr/dacb4638-c2a1-36af-a1c1-c9e27c292cfa",
              "dc:contributor": [
                "https://api.deepl.com/v2/translate"
              ],
              "rdf:language": [
                "de"
              ],
              "rdf:predicate": [
                "additionalInformation"
              ]
            }
          ]
        }
      ],
      "@type": [
        "schema:Place",
        "Place"
      ]
    }
  ],
  "isOwnedBy": [
    {
      "@id": "https://data.datatourisme.fr/e485229f-e26b-3c2e-8f16-ebf98c03d1e5",
      "schema:email": [
        "a.ferrel@ah-tourisme.com",
        "d.mathieu@ah-tourisme.com",
        "s.monneron@ah-tourisme.com"
      ],
      "schema:legalName": "Ardèche Hermitage Tourisme",
      "@type": [
        "schema:Organization",
        "foaf:Agent",
        "Agent"
      ],
      "foaf:homepage": [
        "http://ardeche-hermitage.com/"
      ]
    }
  ],
  "lastUpdate": "2022-03-03",
  "lastUpdateDatatourisme": "2023-02-15T06:38:06.948Z"
}