{
  "@id": "https://data.datatourisme.fr/13/9e56f08f-f7b8-3b35-ae53-148e99f7d8f1",
  "dc:identifier": "63085",
  "@type": [
    "schema:Landform",
    "NaturalHeritage",
    "PlaceOfInterest",
    "PointOfInterest",
    "PointOfView"
  ],
  "rdfs:comment": {
    "de": [
      "Ein schöner schattiger Spaziergang entlang des Kreuzwegs, der zur Kapelle und ihrem Kalvarienberg führt. Von hier aus haben Sie einen Panoramablick auf das Vercors-Gebirge und die Monts d'Ardèche."
    ],
    "en": [
      "A beautiful shady walk along the Way of the Cross which leads to the chapel and its calvary. The view is panoramic over the Vercors and the Ardèche mountains."
    ],
    "it": [
      "Una bella passeggiata ombreggiata lungo la Via Crucis che conduce alla cappella e al suo calvario. La vista è panoramica sul Vercors e sulle montagne dell'Ardèche."
    ],
    "fr": [
      "Une belle promenade ombragée le long du chemin de Croix qui conduit à la chapelle et à son calvaire. La vue est  panoramique sur le Vercors et les monts d'Ardèche."
    ],
    "es": [
      "Un hermoso paseo sombreado por el Vía Crucis que lleva a la capilla y a su calvario. La vista es panorámica sobre el Vercors y las montañas de Ardèche."
    ],
    "nl": [
      "Een mooie schaduwrijke wandeling langs de kruisweg die naar de kapel en de calvarieberg leidt. Het uitzicht is panoramisch over de Vercors en de bergen van de Ardèche."
    ]
  },
  "rdfs:label": {
    "fr": [
      "Chemin de Croix du Montbard"
    ]
  },
  "hasBeenCreatedBy": {
    "@id": "https://data.datatourisme.fr/13/73278a4a-8696-3eeb-976a-8fd4c9ec6997",
    "dc:identifier": "113",
    "schema:email": [
      "d.sanial@dromardeche.fr",
      "j.bruyere@dromardeche.fr"
    ],
    "schema:legalName": "Office de Tourisme Porte de DrômArdèche",
    "@type": [
      "schema:Organization",
      "foaf:Agent",
      "Agent"
    ],
    "foaf:homepage": [
      "http://www.autour-du-palais-ideal.fr/"
    ]
  },
  "hasBeenPublishedBy": [
    {
      "@id": "https://data.datatourisme.fr/d48f2ccd-2357-3a8e-b949-cb8bf19a361f",
      "schema:legalName": "Agence d'Attractivité de la Drôme - source : Apidae Tourisme",
      "@type": [
        "schema:Organization",
        "foaf:Agent",
        "Agent"
      ],
      "foaf:homepage": [
        "https://www.apidae-tourisme.com/"
      ]
    }
  ],
  "hasContact": [
    {
      "@id": "https://data.datatourisme.fr/086f0139-a6d1-369e-b34a-187e9df0566d",
      "schema:telephone": [
        "+33 4 75 68 50 01"
      ],
      "@type": [
        "foaf:Agent",
        "Agent"
      ]
    }
  ],
  "hasDescription": [
    {
      "@id": "https://data.datatourisme.fr/021fffc0-3f7c-3f04-8c75-009664c33de0",
      "@type": [
        "Description"
      ],
      "hasTranslatedProperty": [
        {
          "@id": "https://data.datatourisme.fr/074f396a-d77a-38f3-bd7e-ae7cbb267648",
          "dc:contributor": [
            "https://api.deepl.com/v2/translate"
          ],
          "rdf:language": [
            "de"
          ],
          "rdf:predicate": [
            "shortDescription"
          ]
        },
        {
          "@id": "https://data.datatourisme.fr/37ee017b-15d3-34d2-a634-871fc0ae818f",
          "dc:contributor": [
            "https://api.deepl.com/v2/translate"
          ],
          "rdf:language": [
            "it"
          ],
          "rdf:predicate": [
            "shortDescription"
          ]
        },
        {
          "@id": "https://data.datatourisme.fr/9b6d8104-b83f-32a7-bdda-9aeaeaefc3be",
          "dc:contributor": [
            "https://api.deepl.com/v2/translate"
          ],
          "rdf:language": [
            "nl"
          ],
          "rdf:predicate": [
            "shortDescription"
          ]
        },
        {
          "@id": "https://data.datatourisme.fr/eeede9d1-ad5d-3b2d-9aa0-5b537b117c07",
          "dc:contributor": [
            "https://api.deepl.com/v2/translate"
          ],
          "rdf:language": [
            "es"
          ],
          "rdf:predicate": [
            "shortDescription"
          ]
        }
      ],
      "shortDescription": {
        "de": [
          "Ein schöner schattiger Spaziergang entlang des Kreuzwegs, der zur Kapelle und ihrem Kalvarienberg führt. Von hier aus haben Sie einen Panoramablick auf das Vercors-Gebirge und die Monts d'Ardèche."
        ],
        "en": [
          "A beautiful shady walk along the Way of the Cross which leads to the chapel and its calvary. The view is panoramic over the Vercors and the Ardèche mountains."
        ],
        "it": [
          "Una bella passeggiata ombreggiata lungo la Via Crucis che conduce alla cappella e al suo calvario. La vista è panoramica sul Vercors e sulle montagne dell'Ardèche."
        ],
        "fr": [
          "Une belle promenade ombragée le long du chemin de Croix qui conduit à la chapelle et à son calvaire. La vue est  panoramique sur le Vercors et les monts d'Ardèche."
        ],
        "es": [
          "Un hermoso paseo sombreado por el Vía Crucis que lleva a la capilla y a su calvario. La vista es panorámica sobre el Vercors y las montañas de Ardèche."
        ],
        "nl": [
          "Een mooie schaduwrijke wandeling langs de kruisweg die naar de kapel en de calvarieberg leidt. Het uitzicht is panoramisch over de Vercors en de bergen van de Ardèche."
        ]
      }
    }
  ],
  "hasTranslatedProperty": [
    {
      "@id": "https://data.datatourisme.fr/1a6da611-95a5-3ef2-a12d-85849d0e308d",
      "dc:contributor": [
        "https://api.deepl.com/v2/translate"
      ],
      "rdf:language": [
        "es"
      ],
      "rdf:predicate": [
        {
          "@id": "rdfs:comment"
        }
      ]
    },
    {
      "@id": "https://data.datatourisme.fr/2c69dee2-822e-3b6d-95b2-98fc24c4cd3c",
      "dc:contributor": [
        "https://api.deepl.com/v2/translate"
      ],
      "rdf:language": [
        "de"
      ],
      "rdf:predicate": [
        {
          "@id": "rdfs:comment"
        }
      ]
    },
    {
      "@id": "https://data.datatourisme.fr/50be731d-b7f8-33ad-b055-1de87811bd96",
      "dc:contributor": [
        "https://api.deepl.com/v2/translate"
      ],
      "rdf:language": [
        "it"
      ],
      "rdf:predicate": [
        {
          "@id": "rdfs:comment"
        }
      ]
    },
    {
      "@id": "https://data.datatourisme.fr/ba5658ff-48e4-35eb-af8a-f2d89b8a4967",
      "dc:contributor": [
        "https://api.deepl.com/v2/translate"
      ],
      "rdf:language": [
        "nl"
      ],
      "rdf:predicate": [
        {
          "@id": "rdfs:comment"
        }
      ]
    }
  ],
  "isLocatedAt": [
    {
      "@id": "https://data.datatourisme.fr/8085da36-a9d1-3248-9ee8-40affde63b0d",
      "schema:address": [
        {
          "@id": "https://data.datatourisme.fr/2abafa50-61c4-3986-8858-28cce334adc4",
          "schema:addressLocality": "Eclassan",
          "schema:postalCode": "07370",
          "schema:streetAddress": [
            "Montbard"
          ],
          "@type": [
            "schema:PostalAddress",
            "PostalAddress"
          ],
          "hasAddressCity": {
            "@id": "kb:07084",
            "@type": [
              "City"
            ],
            "rdfs:label": {
              "de": [
                "Eclassan"
              ],
              "pt": [
                "Eclassan"
              ],
              "en": [
                "Eclassan"
              ],
              "it": [
                "Eclassan"
              ],
              "fr": [
                "Eclassan"
              ],
              "nl": [
                "Eclassan"
              ],
              "es": [
                "Eclassan"
              ]
            },
            "insee": "07084",
            "isPartOfDepartment": {
              "@id": "kb:France8407",
              "@type": [
                "Department"
              ],
              "rdfs:label": {
                "de": [
                  "Ardèche"
                ],
                "pt": [
                  "Ardèche"
                ],
                "en": [
                  "Ardèche"
                ],
                "it": [
                  "Ardèche"
                ],
                "fr": [
                  "Ardèche"
                ],
                "nl": [
                  "Ardèche"
                ],
                "es": [
                  "Ardèche"
                ]
              },
              "insee": "07",
              "isPartOfRegion": {
                "@id": "kb:France84",
                "@type": [
                  "Region"
                ],
                "rdfs:label": {
                  "de": [
                    "Auvergne-Rhône-Alpes"
                  ],
                  "pt": [
                    "Auvergne-Rhône-Alpes"
                  ],
                  "en": [
                    "Auvergne-Rhône-Alpes"
                  ],
                  "it": [
                    "Auvergne-Rhône-Alpes"
                  ],
                  "fr": [
                    "Auvergne-Rhône-Alpes"
                  ],
                  "nl": [
                    "Auvergne-Rhône-Alpes"
                  ],
                  "es": [
                    "Auvergne-Rhône-Alpes"
                  ]
                },
                "insee": "84",
                "isPartOfCountry": {
                  "@id": "kb:France",
                  "@type": [
                    "schema:Country"
                  ],
                  "rdfs:label": {
                    "de": [
                      "France",
                      "Frankreich"
                    ],
                    "pt": [
                      "França",
                      "France"
                    ],
                    "en": [
                      "France"
                    ],
                    "it": [
                      "France",
                      "Francia"
                    ],
                    "fr": [
                      "France"
                    ],
                    "nl": [
                      "France",
                      "Frankrijk"
                    ],
                    "es": [
                      "France",
                      "Francia"
                    ]
                  }
                }
              }
            }
          }
        }
      ],
      "schema:geo": {
        "@id": "https://data.datatourisme.fr/f0950510-3bb7-31a5-950c-5b491870553a",
        "schema:latitude": "45.16346",
        "schema:longitude": "4.736544",
        "@type": [
          "schema:GeoCoordinates"
        ]
      },
      "schema:openingHoursSpecification": [
        {
          "@id": "https://data.datatourisme.fr/f87e535a-636d-3343-ad63-8a03392e7511",
          "schema:validFrom": "2023-01-01T00:00:00",
          "schema:validThrough": "2023-12-31T23:59:59",
          "@type": [
            "schema:OpeningHoursSpecification"
          ]
        }
      ],
      "@type": [
        "schema:Place",
        "Place"
      ]
    }
  ],
  "isOwnedBy": [
    {
      "@id": "https://data.datatourisme.fr/c34130c6-4437-3624-9afb-3511a8692fba",
      "schema:email": [
        "d.sanial@dromardeche.fr",
        "j.bruyere@dromardeche.fr"
      ],
      "schema:legalName": "Office de Tourisme Porte de DrômArdèche",
      "@type": [
        "schema:Organization",
        "foaf:Agent",
        "Agent"
      ],
      "foaf:homepage": [
        "http://www.autour-du-palais-ideal.fr/"
      ]
    }
  ],
  "lastUpdate": "2022-09-05",
  "lastUpdateDatatourisme": "2023-02-01T18:07:36.104Z"
}