{
  "@id": "https://data.datatourisme.fr/13/c0638668-5661-3d27-9ba4-64965a3cb793",
  "dc:identifier": "704412",
  "@type": [
    "schema:LocalBusiness",
    "schema:Museum",
    "CulturalSite",
    "Museum",
    "PlaceOfInterest",
    "PointOfInterest"
  ],
  "rdfs:comment": {
    "de": [
      "Entdecken Sie anhand einer reichhaltigen und vielfältigen Sammlung die Geschichte des Judentums, seine prägenden Persönlichkeiten und seine Präsenz in den Künsten"
    ],
    "en": [
      "Discover, through a rich and varied collection, the history of Judaism, its outstanding personalities and its presence in the arts"
    ],
    "it": [
      "Scoprite, attraverso una collezione ricca e variegata, la storia dell'ebraismo, le sue figure chiave e la sua presenza nell'arte"
    ],
    "fr": [
      "Découvrez, à travers une collection riche et variée, l'histoire du Judaïsme, ses personnalités marquantes et sa présence dans les arts"
    ],
    "nl": [
      "Ontdek via een rijke en gevarieerde collectie de geschiedenis van het jodendom, zijn sleutelfiguren en zijn aanwezigheid in de kunst"
    ],
    "es": [
      "Descubra, a través de una rica y variada colección, la historia del judaísmo, sus figuras clave y su presencia en las artes"
    ]
  },
  "rdfs:label": {
    "en": [
      "Musée d'Art et d'histoire du judaïsme"
    ],
    "fr": [
      "Musée d'Art et d'histoire du judaïsme"
    ]
  },
  "owl:sameAs": [
    "http://www.wikidata.org/entity/Q977732"
  ],
  "hasBeenCreatedBy": {
    "@id": "https://data.datatourisme.fr/13/03e0704b-5690-32de-a186-1dc3ad3316c9",
    "dc:identifier": "1019",
    "schema:email": [
      "bgeigle@visitparisregion.com",
      "hcaldo@visitparisregion.com",
      "mtanaskovic@visitparisregion.com"
    ],
    "schema:legalName": "Choose Paris Region",
    "@type": [
      "schema:Organization",
      "foaf:Agent",
      "Agent"
    ],
    "foaf:homepage": [
      "http://www.visitparisregion.com/"
    ]
  },
  "hasBeenPublishedBy": [
    {
      "@id": "https://data.datatourisme.fr/8a9feb4b-2cbd-3d2c-b507-bd6c6776b23b",
      "schema:legalName": "Apidae Tourisme Scic SA - source : Apidae Tourisme",
      "@type": [
        "schema:Organization",
        "foaf:Agent",
        "Agent"
      ],
      "foaf:homepage": [
        "https://www.apidae-tourisme.com/"
      ]
    }
  ],
  "hasContact": [
    {
      "@id": "https://data.datatourisme.fr/9804a585-ef1a-33f8-8143-22907fd42b9f",
      "schema:email": [
        "info@mahj.org"
      ],
      "schema:telephone": [
        "+33 1 53 01 86 53"
      ],
      "@type": [
        "foaf:Agent",
        "Agent"
      ],
      "foaf:homepage": [
        "http://www.mahj.org/"
      ]
    }
  ],
  "hasDescription": [
    {
      "@id": "https://data.datatourisme.fr/12efdfc6-89e3-32ac-bf2a-83ffc2174c3b",
      "@type": [
        "Description"
      ],
      "hasTranslatedProperty": [
        {
          "@id": "https://data.datatourisme.fr/6abbd8d7-95dd-3324-8823-11753364654a",
          "dc:contributor": [
            "https://api.deepl.com/v2/translate"
          ],
          "rdf:language": [
            "es"
          ],
          "rdf:predicate": [
            "shortDescription"
          ]
        },
        {
          "@id": "https://data.datatourisme.fr/6e41b2b5-f8ad-3588-ac75-0eb7b8ce8a4c",
          "dc:contributor": [
            "https://api.deepl.com/v2/translate"
          ],
          "rdf:language": [
            "de"
          ],
          "rdf:predicate": [
            "shortDescription"
          ]
        },
        {
          "@id": "https://data.datatourisme.fr/9ba841a5-731b-3af1-8801-70fcdcbbc85d",
          "dc:contributor": [
            "https://api.deepl.com/v2/translate"
          ],
          "rdf:language": [
            "it"
          ],
          "rdf:predicate": [
            "shortDescription"
          ]
        },
        {
          "@id": "https://data.datatourisme.fr/9c674591-5b9a-3e18-b225-480d0abbe92f",
          "dc:contributor": [
            "https://api.deepl.com/v2/translate"
          ],
          "rdf:language": [
            "nl"
          ],
          "rdf:predicate": [
            "shortDescription"
          ]
        },
        {
          "@id": "https://data.datatourisme.fr/bad7ac18-b114-3eb2-98d3-adc2d9f4f06c",
          "dc:contributor": [
            "https://api.deepl.com/v2/translate"
          ],
          "rdf:language": [
            "en"
          ],
          "rdf:predicate": [
            "shortDescription"
          ]
        }
      ],
      "shortDescription": {
        "de": [
          "Entdecken Sie anhand einer reichhaltigen und vielfältigen Sammlung die Geschichte des Judentums, seine prägenden Persönlichkeiten und seine Präsenz in den Künsten"
        ],
        "en": [
          "Discover, through a rich and varied collection, the history of Judaism, its outstanding personalities and its presence in the arts"
        ],
        "it": [
          "Scoprite, attraverso una collezione ricca e variegata, la storia dell'ebraismo, le sue figure chiave e la sua presenza nell'arte"
        ],
        "fr": [
          "Découvrez, à travers une collection riche et variée, l'histoire du Judaïsme, ses personnalités marquantes et sa présence dans les arts"
        ],
        "nl": [
          "Ontdek via een rijke en gevarieerde collectie de geschiedenis van het jodendom, zijn sleutelfiguren en zijn aanwezigheid in de kunst"
        ],
        "es": [
          "Descubra, a través de una rica y variada colección, la historia del judaísmo, sus figuras clave y su presencia en las artes"
        ]
      }
    }
  ],
  "hasRepresentation": [
    {
      "@id": "https://data.datatourisme.fr/b7344dae-ee58-3ada-bf2f-91d0f464ef96",
      "ebucore:hasAnnotation": [
        {
          "@id": "https://data.datatourisme.fr/c10393aa-a2d5-3a6d-afd4-b48effe93c56",
          "ebucore:isCoveredBy": "CC BY-SA 4.0",
          "ebucore:title": {
            "fr": [
              "Paris - Hôtel de Saint-Aignan - Museé du Judaïsme"
            ]
          },
          "@type": [
            "ebucore:Annotation"
          ],
          "credits": [
            "Ecelan (https://commons.wikimedia.org/wiki/User:Ecelan)"
          ]
        }
      ],
      "ebucore:hasRelatedResource": [
        {
          "@id": "https://data.datatourisme.fr/799ffe6d-6a0d-3c29-b2ed-076fd4c00078",
          "ebucore:fileSize": [
            3683252
          ],
          "ebucore:hasMimeType": [
            {
              "@id": "kb:JPEG",
              "@type": [
                "ebucore:MimeType"
              ],
              "rdfs:comment": {
                "de": [
                  "JPEG-Bild"
                ],
                "pt": [
                  "Imagem JPEG"
                ],
                "en": [
                  "JPEG image file"
                ],
                "it": [
                  "Immagine JPEG"
                ],
                "fr": [
                  "Image JPEG"
                ],
                "nl": [
                  "JPEG-afbeelding"
                ],
                "es": [
                  "Imagen JPEG"
                ]
              },
              "rdfs:label": {
                "de": [
                  "image/jpeg"
                ],
                "pt": [
                  "image/jpeg"
                ],
                "en": [
                  "image/jpeg"
                ],
                "it": [
                  "image/jpeg"
                ],
                "fr": [
                  "image/jpeg"
                ],
                "nl": [
                  "image/jpeg"
                ],
                "es": [
                  "image/jpeg"
                ]
              }
            }
          ],
          "ebucore:height": 2356,
          "ebucore:locator": [
            "https://upload.wikimedia.org/wikipedia/commons/a/a3/Paris_-_H%C3%B4tel_de_Saint-Aignan_-_Muse%C3%A9_du_Juda%C3%AFsme.jpg"
          ],
          "ebucore:width": 2848,
          "@type": [
            "ebucore:Resource"
          ]
        }
      ],
      "@type": [
        "ebucore:EditorialObject"
      ]
    }
  ],
  "hasTheme": [
    {
      "@id": "kb:Culture",
      "@type": [
        "CulturalTheme"
      ],
      "rdfs:label": {
        "de": [
          "Kultur"
        ],
        "pt": [
          "Cultura"
        ],
        "en": [
          "Culture"
        ],
        "it": [
          "Cultura"
        ],
        "fr": [
          "Culture"
        ],
        "nl": [
          "Cultuur"
        ],
        "es": [
          "Cultura"
        ]
      }
    }
  ],
  "hasTranslatedProperty": [
    {
      "@id": "https://data.datatourisme.fr/86b6b8f7-4efc-3aac-b7d8-217cfb926e36",
      "dc:contributor": [
        "https://api.deepl.com/v2/translate"
      ],
      "rdf:language": [
        "nl"
      ],
      "rdf:predicate": [
        {
          "@id": "rdfs:comment"
        }
      ]
    },
    {
      "@id": "https://data.datatourisme.fr/8957e63e-4b40-3494-8905-2fc6ca0a0ab7",
      "dc:contributor": [
        "https://api.deepl.com/v2/translate"
      ],
      "rdf:language": [
        "it"
      ],
      "rdf:predicate": [
        {
          "@id": "rdfs:comment"
        }
      ]
    },
    {
      "@id": "https://data.datatourisme.fr/ae072fb4-8190-31ce-ab7f-bd3047f0167f",
      "dc:contributor": [
        "https://api.deepl.com/v2/translate"
      ],
      "rdf:language": [
        "de"
      ],
      "rdf:predicate": [
        {
          "@id": "rdfs:comment"
        }
      ]
    },
    {
      "@id": "https://data.datatourisme.fr/ae0b6a3c-9ab9-3dd1-88c1-9ac7b8083aa6",
      "dc:contributor": [
        "https://api.deepl.com/v2/translate"
      ],
      "rdf:language": [
        "en"
      ],
      "rdf:predicate": [
        {
          "@id": "rdfs:comment"
        }
      ]
    },
    {
      "@id": "https://data.datatourisme.fr/cf6d4274-5242-3e28-8bd0-854cc7cc6e35",
      "dc:contributor": [
        "https://api.deepl.com/v2/translate"
      ],
      "rdf:language": [
        "es"
      ],
      "rdf:predicate": [
        {
          "@id": "rdfs:comment"
        }
      ]
    }
  ],
  "isLocatedAt": [
    {
      "@id": "https://data.datatourisme.fr/a407cee6-cdf0-34bf-a382-4cbfc1126e5d",
      "schema:address": [
        {
          "@id": "https://data.datatourisme.fr/8b10ed01-c9f9-31f5-b13f-78c309140235",
          "schema:addressLocality": "Paris 3e Arrondissement",
          "schema:postalCode": "75003",
          "schema:streetAddress": [
            "71 rue du temple",
            "Hôtel de Saint-Aignan"
          ],
          "@type": [
            "schema:PostalAddress",
            "PostalAddress"
          ],
          "hasAddressCity": {
            "@id": "kb:75103",
            "@type": [
              "City"
            ],
            "rdfs:label": {
              "de": [
                "Paris 3e Arrondissement"
              ],
              "pt": [
                "Paris 3e Arrondissement"
              ],
              "en": [
                "Paris 3e Arrondissement"
              ],
              "it": [
                "Paris 3e Arrondissement"
              ],
              "fr": [
                "Paris 3e Arrondissement"
              ],
              "nl": [
                "Paris 3e Arrondissement"
              ],
              "es": [
                "Paris 3e Arrondissement"
              ]
            },
            "insee": "75103",
            "isPartOfDepartment": {
              "@id": "kb:France1175",
              "@type": [
                "Department"
              ],
              "rdfs:label": {
                "de": [
                  "Paris"
                ],
                "pt": [
                  "Paris"
                ],
                "en": [
                  "Paris"
                ],
                "it": [
                  "Paris"
                ],
                "fr": [
                  "Paris"
                ],
                "nl": [
                  "Paris"
                ],
                "es": [
                  "Paris"
                ]
              },
              "insee": "75",
              "isPartOfRegion": {
                "@id": "kb:France11",
                "@type": [
                  "Region"
                ],
                "rdfs:label": {
                  "de": [
                    "Île-de-France"
                  ],
                  "pt": [
                    "Île-de-France"
                  ],
                  "en": [
                    "Île-de-France"
                  ],
                  "it": [
                    "Île-de-France"
                  ],
                  "fr": [
                    "Île-de-France"
                  ],
                  "nl": [
                    "Île-de-France"
                  ],
                  "es": [
                    "Île-de-France"
                  ]
                },
                "insee": "11",
                "isPartOfCountry": {
                  "@id": "kb:France",
                  "@type": [
                    "schema:Country"
                  ],
                  "rdfs:label": {
                    "de": [
                      "France",
                      "Frankreich"
                    ],
                    "pt": [
                      "França",
                      "France"
                    ],
                    "en": [
                      "France"
                    ],
                    "it": [
                      "France",
                      "Francia"
                    ],
                    "fr": [
                      "France"
                    ],
                    "nl": [
                      "France",
                      "Frankrijk"
                    ],
                    "es": [
                      "France",
                      "Francia"
                    ]
                  }
                }
              }
            }
          }
        }
      ],
      "schema:geo": {
        "@id": "https://data.datatourisme.fr/1f9f5ce4-9587-3fd7-bead-45729517f4e5",
        "schema:latitude": "48.86115",
        "schema:longitude": "2.355421",
        "@type": [
          "schema:GeoCoordinates"
        ]
      },
      "schema:openingHoursSpecification": [
        {
          "@id": "https://data.datatourisme.fr/23cc7056-9caa-33a0-af50-bc77225c545d",
          "schema:closes": "18:00:00",
          "schema:opens": "11:00:00",
          "schema:validFrom": "2023-01-01T00:00:00",
          "schema:validThrough": "2023-12-31T23:59:59",
          "@type": [
            "schema:OpeningHoursSpecification"
          ],
          "additionalInformation": {
            "de": [
              "Dienstag, Donnerstag, Freitag: 11-18 Uhr\r\nMittwoch: 11h-21h\r\nSamstag und Sonntag: 10-19 Uhr\r\n\r\nVon Donnerstag, dem 12. Oktober 2023, bis Sonntag, dem 12. Mai 2024: Öffnungszeiten mit Nachtzeiten\r\nDienstag, Donnerstag, Freitag: 11h-18h\r\nMittwoch: 11h-21h\r\nSamstag und Sonntag: 10-19 Uhr*\r\n\r\n*Außergewöhnliche Öffnungszeiten: Sonntag, 24. und 31. Dezember, Schließung um 17 Uhr, Donnerstag, 9. Mai 2024, Schließung um 19 Uhr. Außerordentliche Schließung: Mittwoch, 1. Mai 2024.\r\n\r\nKassenschluss und letzter Einlass 45 Minuten vor Schließung.\r\n\r\nDas mahJ ist montags geschlossen, aber für Schulgruppen nach vorheriger Anmeldung zugänglich, außer am Montag, dem 1. Januar 2024, anlässlich des Neujahrsfestes."
            ],
            "en": [
              "Tuesday, Thursday, Friday: 11am-6pm\r\nWednesday: 11am-9pm\r\nSaturday and Sunday: 10am-7pm\r\n\r\nFrom Thursday, October 12, 2023 to Sunday, May 12, 2024: opening hours with evening entertainment\r\nTuesday, Thursday, Friday: 11am-6pm\r\nWednesday: 11am-9pm\r\nSaturday and Sunday: 10am-7pm*\r\n\r\n*Special opening hours: Sundays, December 24 and 31, closing at 5pm; Thursday, May 9, 2024, closing at 7pm. Exceptional closing: Wednesday, May 1, 2024.\r\n\r\nLast admission 45 minutes before closing time.\r\n\r\nThe mahJ is closed on Mondays, but is open to school groups by prior arrangement, except on Monday, January 1, 2024, for New Year's Eve."
            ],
            "it": [
              "Martedì, giovedì, venerdì: 11.00-18.00\r\nMercoledì: 11.00-21.00\r\nSabato e domenica: 10.00-19.00\r\n\r\nDa giovedì 12 ottobre 2023 a domenica 12 maggio 2024: orari di apertura serale\r\nMartedì, giovedì, venerdì: 11.00-18.00\r\nMercoledì: dalle 11.00 alle 21.00\r\nSabato e domenica: 10.00-19.00*\r\n\r\n*Aperture straordinarie: domenica 24 e 31 dicembre, chiusura alle 17.00, giovedì 9 maggio 2024, chiusura alle 19.00. Chiusura eccezionale: mercoledì 1 maggio 2024.\r\n\r\nChiusura della biglietteria e ultimo ingresso 45 minuti prima della chiusura.\r\n\r\nIl mahJ è chiuso il lunedì, ma è aperto alle scolaresche su prenotazione, tranne lunedì 1° gennaio 2024 per il Capodanno."
            ],
            "fr": [
              "Mardi, jeudi, vendredi : 11h-18h\r\nMercredi : 11h-21h\r\nSamedi et dimanche : 10h-19h\r\n\r\nDu jeudi 12 octobre 2023 au dimanche 12 mai 2024 : horaires avec nocturnes\r\nMardi, jeudi, vendredi : 11h-18h\r\nMercredi : 11h-21h\r\nSamedi et dimanche : 10h-19h*\r\n\r\n*Horaires exceptionnels : dimanches 24 et 31 décembre, fermeture à 17h, jeudi 9 mai 2024, fermeture à 19h. Fermeture exceptionnelle : mercredi 1er mai 2024.\r\n\r\nClôture des caisses et dernier accès 45 minutes avant la fermeture.\r\n\r\nLe mahJ est fermé le lundi mais accessible aux groupes scolaires sur réservation sauf lundi 1er janvier 2024 pour le nouvel an."
            ],
            "es": [
              "Martes, jueves y viernes: de 11.00 a 18.00 horas\r\nMiércoles: de 11.00 a 21.00 horas\r\nSábado y domingo: de 10.00 a 19.00 horas\r\n\r\nDel jueves 12 de octubre de 2023 al domingo 12 de mayo de 2024: horario nocturno\r\nMartes, jueves y viernes: de 11.00 h. a 18.00 h\r\nMiércoles: de 11.00 h. a 21.00 h\r\nSábado y domingo: de 10.00 a 19.00 h*\r\n\r\n*Horario especial: domingos 24 y 31 de diciembre, cierre a las 17.00 h, jueves 9 de mayo de 2024, cierre a las 19.00 h. Cierre excepcional: miércoles 1 de mayo de 2024.\r\n\r\nCierre de taquillas y última entrada 45 minutos antes del cierre.\r\n\r\nEl mahJ cierra los lunes, pero está abierto a grupos escolares previo acuerdo, excepto el lunes 1 de enero de 2024 para Nochevieja."
            ],
            "nl": [
              "Dinsdag, donderdag, vrijdag: 11.00-18.00 uur\r\nWoensdag: 11.00-9.00\r\nZaterdag en zondag: 10.00-19.00\r\n\r\nVan donderdag 12 oktober 2023 tot zondag 12 mei 2024: avondopenstelling\r\nDinsdag, donderdag, vrijdag: 11.00-18.00 uur\r\nWoensdag: 11.00-9.00 uur\r\nZaterdag en zondag: 10.00-19.00*\r\n\r\n*Bijzondere openingstijden: zondag 24 en 31 december, sluiting om 17 uur, donderdag 9 mei 2024, sluiting om 19 uur. Uitzonderlijke sluiting: woensdag 1 mei 2024.\r\n\r\nKassa sluit en laatste toegang 45 minuten voor sluitingstijd.\r\n\r\nHet mahJ is gesloten op maandag, maar is op afspraak open voor schoolgroepen, behalve op maandag 1 januari 2024 voor oudejaarsavond."
            ]
          },
          "hasTranslatedProperty": [
            {
              "@id": "https://data.datatourisme.fr/0ee43623-c698-3244-a8da-15a3c9ae8244",
              "dc:contributor": [
                "https://api.deepl.com/v2/translate"
              ],
              "rdf:language": [
                "de"
              ],
              "rdf:predicate": [
                "additionalInformation"
              ]
            },
            {
              "@id": "https://data.datatourisme.fr/10ef62c1-25b4-3756-aec9-b2e56ff6af4b",
              "dc:contributor": [
                "https://api.deepl.com/v2/translate"
              ],
              "rdf:language": [
                "es"
              ],
              "rdf:predicate": [
                "additionalInformation"
              ]
            },
            {
              "@id": "https://data.datatourisme.fr/3b3e9784-4905-3544-834b-75aa240d0e96",
              "dc:contributor": [
                "https://api.deepl.com/v2/translate"
              ],
              "rdf:language": [
                "nl"
              ],
              "rdf:predicate": [
                "additionalInformation"
              ]
            },
            {
              "@id": "https://data.datatourisme.fr/753140b0-bb76-3b98-a77d-633e1cd173d7",
              "dc:contributor": [
                "https://api.deepl.com/v2/translate"
              ],
              "rdf:language": [
                "it"
              ],
              "rdf:predicate": [
                "additionalInformation"
              ]
            },
            {
              "@id": "https://data.datatourisme.fr/f0964ed7-4112-332b-ae92-7cb71b0ce431",
              "dc:contributor": [
                "https://api.deepl.com/v2/translate"
              ],
              "rdf:language": [
                "en"
              ],
              "rdf:predicate": [
                "additionalInformation"
              ]
            }
          ]
        }
      ],
      "@type": [
        "schema:Place",
        "Place"
      ]
    }
  ],
  "isOwnedBy": [
    {
      "@id": "https://data.datatourisme.fr/3b8a790a-ebad-39c6-9a18-c5663001f469",
      "schema:email": [
        "bgeigle@visitparisregion.com",
        "hcaldo@visitparisregion.com",
        "mtanaskovic@visitparisregion.com"
      ],
      "schema:legalName": "Choose Paris Region",
      "@type": [
        "schema:Organization",
        "foaf:Agent",
        "Agent"
      ],
      "foaf:homepage": [
        "http://www.visitparisregion.com/"
      ]
    }
  ],
  "lastUpdate": "2023-09-18",
  "lastUpdateDatatourisme": "2023-10-17T05:52:15.69Z",
  "offers": [
    {
      "@id": "https://data.datatourisme.fr/7f67fbe4-07f9-3e1d-956a-c1b32185f688",
      "schema:priceSpecification": [
        {
          "@id": "https://data.datatourisme.fr/a4cbe8de-328c-32bf-aef1-af2ac1b88a97",
          "schema:maxPrice": [
            "10",
            "7"
          ],
          "schema:minPrice": [
            "10",
            "7"
          ],
          "schema:priceCurrency": "EUR",
          "@type": [
            "schema:PriceSpecification",
            "PriceSpecification"
          ],
          "appliesOnPeriod": [
            {
              "@id": "https://data.datatourisme.fr/a425afdf-3594-300b-b55e-1858bafa3fd4",
              "@type": [
                "Period"
              ],
              "endDate": "2023-12-31",
              "startDate": "2023-01-01"
            }
          ]
        }
      ],
      "@type": [
        "schema:Offer",
        "Offer"
      ]
    }
  ]
}