{
  "@id": "https://data.datatourisme.fr/13/c070ddcc-ee61-3028-878b-2604dc5abe5d",
  "dc:identifier": "6604020",
  "@type": [
    "schema:FoodEstablishment",
    "schema:Winery",
    "BistroOrWineBar",
    "FoodEstablishment",
    "PlaceOfInterest",
    "PointOfInterest",
    "SportsAndLeisurePlace"
  ],
  "rdfs:comment": {
    "de": [
      "Die Bootleg Bar ist ein intimer Ort im 11. Arrondissement. In diesem Irish Pub erwartet Sie eine Atmosphäre der 20er Jahre in einem gemütlichen Raum. Perfekt, um einen Cocktail zu schlürfen, ein Fußballspiel zu verfolgen oder sich mit Freunden zu treffen. Oder warum nicht gleich alle drei?"
    ],
    "en": [
      "The Bootleg bar is an intimate venue in the 11th arrondissement. This Irish pub offers a 20s ambience in a convivial setting. Perfect for sipping a cocktail, watching the game or catching up with friends. Or why not all three?"
    ],
    "it": [
      "Il bar Bootleg è un locale intimo nell'11° arrondissement. Questo pub irlandese offre un'atmosfera anni '20 in un ambiente conviviale. Perfetto per sorseggiare un cocktail, guardare una partita o incontrarsi con gli amici. O perché non tutte e tre le cose?"
    ],
    "fr": [
      "The Bootleg bar, c’est un lieu intimiste du 11e arrondissement. Au programme de ce pub irlandais : ambiance années 20 dans un espace convivial. Parfait pour siroter un cocktail, suivre un match ou se retrouver entre amis. Ou pourquoi pas les trois ?"
    ],
    "es": [
      "El bar Bootleg es un local íntimo situado en el distrito 11. Este pub irlandés ofrece un ambiente de los años 20 en un entorno cordial. Perfecto para tomar un cóctel, ver un partido o reunirse con los amigos. ¿Y por qué no las tres cosas?"
    ],
    "nl": [
      "De Bootleg bar is een intieme locatie in het 11e arrondissement. Deze Ierse pub biedt een jaren 20-sfeer in een gezellige omgeving. Perfect om een cocktail te drinken, een wedstrijd te kijken of af te spreken met vrienden. Of waarom niet alle drie?"
    ]
  },
  "rdfs:label": {
    "fr": [
      "The Bootleg Bar"
    ]
  },
  "hasBeenCreatedBy": {
    "@id": "https://data.datatourisme.fr/13/03e0704b-5690-32de-a186-1dc3ad3316c9",
    "dc:identifier": "1019",
    "schema:email": [
      "bgeigle@visitparisregion.com",
      "hcaldo@visitparisregion.com",
      "mtanaskovic@visitparisregion.com"
    ],
    "schema:legalName": "Choose Paris Region",
    "@type": [
      "schema:Organization",
      "foaf:Agent",
      "Agent"
    ],
    "foaf:homepage": [
      "http://www.visitparisregion.com/"
    ]
  },
  "hasBeenPublishedBy": [
    {
      "@id": "https://data.datatourisme.fr/8a9feb4b-2cbd-3d2c-b507-bd6c6776b23b",
      "schema:legalName": "Apidae Tourisme Scic SA - source : Apidae Tourisme",
      "@type": [
        "schema:Organization",
        "foaf:Agent",
        "Agent"
      ],
      "foaf:homepage": [
        "https://www.apidae-tourisme.com/"
      ]
    }
  ],
  "hasContact": [
    {
      "@id": "https://data.datatourisme.fr/5d71bcd0-5a98-3a46-aa69-154940d07cfe",
      "schema:email": [
        "bootlegbarparis@gmail.com"
      ],
      "schema:telephone": [
        "+33 1 75 51 09 11"
      ],
      "@type": [
        "foaf:Agent",
        "Agent"
      ],
      "foaf:homepage": [
        "https://www.thebootlegbar.com/"
      ]
    }
  ],
  "hasDescription": [
    {
      "@id": "https://data.datatourisme.fr/d502d96a-f20c-3d78-a4fb-c6a38b61e2e2",
      "@type": [
        "Description"
      ],
      "hasTranslatedProperty": [
        {
          "@id": "https://data.datatourisme.fr/01d7bc69-0ec1-334d-b5b1-63f594309e4b",
          "dc:contributor": [
            "https://api.deepl.com/v2/translate"
          ],
          "rdf:language": [
            "nl"
          ],
          "rdf:predicate": [
            "shortDescription"
          ]
        },
        {
          "@id": "https://data.datatourisme.fr/2af99942-aa3c-3978-bc15-e3bf53030f32",
          "dc:contributor": [
            "https://api.deepl.com/v2/translate"
          ],
          "rdf:language": [
            "es"
          ],
          "rdf:predicate": [
            "shortDescription"
          ]
        },
        {
          "@id": "https://data.datatourisme.fr/6641e177-7d87-39cb-9b9a-1d4488a9a769",
          "dc:contributor": [
            "https://api.deepl.com/v2/translate"
          ],
          "rdf:language": [
            "de"
          ],
          "rdf:predicate": [
            "shortDescription"
          ]
        },
        {
          "@id": "https://data.datatourisme.fr/c5d2bac8-b9a0-3e6e-ac3f-8ee7aa3fb845",
          "dc:contributor": [
            "https://api.deepl.com/v2/translate"
          ],
          "rdf:language": [
            "en"
          ],
          "rdf:predicate": [
            "shortDescription"
          ]
        },
        {
          "@id": "https://data.datatourisme.fr/caf607d8-893f-3c00-a58e-1de40e1fabdf",
          "dc:contributor": [
            "https://api.deepl.com/v2/translate"
          ],
          "rdf:language": [
            "it"
          ],
          "rdf:predicate": [
            "shortDescription"
          ]
        }
      ],
      "shortDescription": {
        "de": [
          "Die Bootleg Bar ist ein intimer Ort im 11. Arrondissement. In diesem Irish Pub erwartet Sie eine Atmosphäre der 20er Jahre in einem gemütlichen Raum. Perfekt, um einen Cocktail zu schlürfen, ein Fußballspiel zu verfolgen oder sich mit Freunden zu treffen. Oder warum nicht gleich alle drei?"
        ],
        "en": [
          "The Bootleg bar is an intimate venue in the 11th arrondissement. This Irish pub offers a 20s ambience in a convivial setting. Perfect for sipping a cocktail, watching the game or catching up with friends. Or why not all three?"
        ],
        "it": [
          "Il bar Bootleg è un locale intimo nell'11° arrondissement. Questo pub irlandese offre un'atmosfera anni '20 in un ambiente conviviale. Perfetto per sorseggiare un cocktail, guardare una partita o incontrarsi con gli amici. O perché non tutte e tre le cose?"
        ],
        "fr": [
          "The Bootleg bar, c’est un lieu intimiste du 11e arrondissement. Au programme de ce pub irlandais : ambiance années 20 dans un espace convivial. Parfait pour siroter un cocktail, suivre un match ou se retrouver entre amis. Ou pourquoi pas les trois ?"
        ],
        "es": [
          "El bar Bootleg es un local íntimo situado en el distrito 11. Este pub irlandés ofrece un ambiente de los años 20 en un entorno cordial. Perfecto para tomar un cóctel, ver un partido o reunirse con los amigos. ¿Y por qué no las tres cosas?"
        ],
        "nl": [
          "De Bootleg bar is een intieme locatie in het 11e arrondissement. Deze Ierse pub biedt een jaren 20-sfeer in een gezellige omgeving. Perfect om een cocktail te drinken, een wedstrijd te kijken of af te spreken met vrienden. Of waarom niet alle drie?"
        ]
      }
    }
  ],
  "hasTranslatedProperty": [
    {
      "@id": "https://data.datatourisme.fr/11f0ab3c-cea2-3b98-9e76-0492e350061c",
      "dc:contributor": [
        "https://api.deepl.com/v2/translate"
      ],
      "rdf:language": [
        "en"
      ],
      "rdf:predicate": [
        {
          "@id": "rdfs:comment"
        }
      ]
    },
    {
      "@id": "https://data.datatourisme.fr/3e78b601-d733-31ff-b97c-9d92c70f284a",
      "dc:contributor": [
        "https://api.deepl.com/v2/translate"
      ],
      "rdf:language": [
        "it"
      ],
      "rdf:predicate": [
        {
          "@id": "rdfs:comment"
        }
      ]
    },
    {
      "@id": "https://data.datatourisme.fr/aee9d9bf-6102-37ac-b7d5-32b6eaab216d",
      "dc:contributor": [
        "https://api.deepl.com/v2/translate"
      ],
      "rdf:language": [
        "nl"
      ],
      "rdf:predicate": [
        {
          "@id": "rdfs:comment"
        }
      ]
    },
    {
      "@id": "https://data.datatourisme.fr/c61173a8-1543-395d-bad6-78f3f8eb4b69",
      "dc:contributor": [
        "https://api.deepl.com/v2/translate"
      ],
      "rdf:language": [
        "es"
      ],
      "rdf:predicate": [
        {
          "@id": "rdfs:comment"
        }
      ]
    },
    {
      "@id": "https://data.datatourisme.fr/ef815cdf-f80b-3f91-b80b-9c37884959ca",
      "dc:contributor": [
        "https://api.deepl.com/v2/translate"
      ],
      "rdf:language": [
        "de"
      ],
      "rdf:predicate": [
        {
          "@id": "rdfs:comment"
        }
      ]
    }
  ],
  "isLocatedAt": [
    {
      "@id": "https://data.datatourisme.fr/85a2b7e6-91a1-3c50-bec7-ba24e8f896a2",
      "schema:address": [
        {
          "@id": "https://data.datatourisme.fr/4626f107-bc2e-3986-884d-a60a9b0b6029",
          "schema:addressLocality": "Paris 11e Arrondissement",
          "schema:postalCode": "75011",
          "schema:streetAddress": [
            "55 rue de la Roquette"
          ],
          "@type": [
            "schema:PostalAddress",
            "PostalAddress"
          ],
          "hasAddressCity": {
            "@id": "kb:75111",
            "@type": [
              "City"
            ],
            "rdfs:label": {
              "de": [
                "Paris 11e Arrondissement"
              ],
              "pt": [
                "Paris 11e Arrondissement"
              ],
              "en": [
                "Paris 11e Arrondissement"
              ],
              "it": [
                "Paris 11e Arrondissement"
              ],
              "fr": [
                "Paris 11e Arrondissement"
              ],
              "nl": [
                "Paris 11e Arrondissement"
              ],
              "es": [
                "Paris 11e Arrondissement"
              ]
            },
            "insee": "75111",
            "isPartOfDepartment": {
              "@id": "kb:France1175",
              "@type": [
                "Department"
              ],
              "rdfs:label": {
                "de": [
                  "Paris"
                ],
                "pt": [
                  "Paris"
                ],
                "en": [
                  "Paris"
                ],
                "it": [
                  "Paris"
                ],
                "fr": [
                  "Paris"
                ],
                "nl": [
                  "Paris"
                ],
                "es": [
                  "Paris"
                ]
              },
              "insee": "75",
              "isPartOfRegion": {
                "@id": "kb:France11",
                "@type": [
                  "Region"
                ],
                "rdfs:label": {
                  "de": [
                    "Île-de-France"
                  ],
                  "pt": [
                    "Île-de-France"
                  ],
                  "en": [
                    "Île-de-France"
                  ],
                  "it": [
                    "Île-de-France"
                  ],
                  "fr": [
                    "Île-de-France"
                  ],
                  "nl": [
                    "Île-de-France"
                  ],
                  "es": [
                    "Île-de-France"
                  ]
                },
                "insee": "11",
                "isPartOfCountry": {
                  "@id": "kb:France",
                  "@type": [
                    "schema:Country"
                  ],
                  "rdfs:label": {
                    "de": [
                      "France",
                      "Frankreich"
                    ],
                    "pt": [
                      "França",
                      "France"
                    ],
                    "en": [
                      "France"
                    ],
                    "it": [
                      "France",
                      "Francia"
                    ],
                    "fr": [
                      "France"
                    ],
                    "nl": [
                      "France",
                      "Frankrijk"
                    ],
                    "es": [
                      "France",
                      "Francia"
                    ]
                  }
                }
              }
            }
          }
        }
      ],
      "schema:geo": {
        "@id": "https://data.datatourisme.fr/b2107722-e5b7-335e-9c28-fc383b7d4095",
        "schema:latitude": "48.85599",
        "schema:longitude": "2.375461",
        "@type": [
          "schema:GeoCoordinates"
        ]
      },
      "schema:openingHoursSpecification": [
        {
          "@id": "https://data.datatourisme.fr/ebb5cb57-b0c2-3f9c-aac3-9afb4ce2f59e",
          "schema:closes": "02:00:00",
          "schema:opens": "18:00:00",
          "schema:validFrom": "2023-01-01T00:00:00",
          "schema:validThrough": "2023-12-31T23:59:59",
          "@type": [
            "schema:OpeningHoursSpecification"
          ],
          "additionalInformation": {
            "de": [
              "Sonntag von 17 Uhr bis 2 Uhr"
            ],
            "en": [
              "Sunday from 5 p.m. to 2 a.m"
            ],
            "it": [
              "Domenica dalle 17.00 alle 2.00"
            ],
            "fr": [
              "Le dimanche de 17h à 2h"
            ],
            "nl": [
              "Zondag van 17.00 tot 02.00 uur"
            ],
            "es": [
              "Domingo de 17.00 a 2.00 h"
            ]
          },
          "hasTranslatedProperty": [
            {
              "@id": "https://data.datatourisme.fr/3f8c5e6b-b18c-3b34-ad2b-6f5baa92d0a2",
              "dc:contributor": [
                "https://api.deepl.com/v2/translate"
              ],
              "rdf:language": [
                "es"
              ],
              "rdf:predicate": [
                "additionalInformation"
              ]
            },
            {
              "@id": "https://data.datatourisme.fr/69282fb2-301e-307a-bf56-ba6b64e526d1",
              "dc:contributor": [
                "https://api.deepl.com/v2/translate"
              ],
              "rdf:language": [
                "en"
              ],
              "rdf:predicate": [
                "additionalInformation"
              ]
            },
            {
              "@id": "https://data.datatourisme.fr/76931de9-f139-3413-a584-12665af77f0d",
              "dc:contributor": [
                "https://api.deepl.com/v2/translate"
              ],
              "rdf:language": [
                "nl"
              ],
              "rdf:predicate": [
                "additionalInformation"
              ]
            },
            {
              "@id": "https://data.datatourisme.fr/cdc28d10-52ab-3608-a338-05bc54a59906",
              "dc:contributor": [
                "https://api.deepl.com/v2/translate"
              ],
              "rdf:language": [
                "de"
              ],
              "rdf:predicate": [
                "additionalInformation"
              ]
            },
            {
              "@id": "https://data.datatourisme.fr/f8bbac60-c6ef-3d89-a34f-071138b0d467",
              "dc:contributor": [
                "https://api.deepl.com/v2/translate"
              ],
              "rdf:language": [
                "it"
              ],
              "rdf:predicate": [
                "additionalInformation"
              ]
            }
          ]
        }
      ],
      "@type": [
        "schema:Place",
        "Place"
      ]
    }
  ],
  "isOwnedBy": [
    {
      "@id": "https://data.datatourisme.fr/3b8a790a-ebad-39c6-9a18-c5663001f469",
      "schema:email": [
        "bgeigle@visitparisregion.com",
        "hcaldo@visitparisregion.com",
        "mtanaskovic@visitparisregion.com"
      ],
      "schema:legalName": "Choose Paris Region",
      "@type": [
        "schema:Organization",
        "foaf:Agent",
        "Agent"
      ],
      "foaf:homepage": [
        "http://www.visitparisregion.com/"
      ]
    }
  ],
  "lastUpdate": "2023-07-13",
  "lastUpdateDatatourisme": "2023-10-02T05:53:31.719Z"
}