{
  "@id": "https://data.datatourisme.fr/13/a936ca8c-5ec8-3326-9846-0cf9cdf29589",
  "dc:identifier": "5439218",
  "@type": [
    "schema:FoodEstablishment",
    "FoodEstablishment",
    "PlaceOfInterest",
    "PointOfInterest"
  ],
  "rdfs:comment": {
    "de": [
      "Im Schatten der Linden im Bois de Vincennes entdecken Sie das Gourmetrestaurant La Cipale."
    ],
    "en": [
      "In the shade of the lime trees of the Bois de Vincennes, discover the gastronomic restaurant La Cipale."
    ],
    "it": [
      "All'ombra dei tigli del Bois de Vincennes, scoprite il ristorante gastronomico La Cipale."
    ],
    "fr": [
      "A l'ombre des tilleuls du Bois de Vincennes, découvrez le restaurant gastronomique La Cipale."
    ],
    "nl": [
      "In de schaduw van de lindebomen van het Bois de Vincennes ontdekt u het gastronomische restaurant La Cipale."
    ],
    "es": [
      "A la sombra de los tilos del Bois de Vincennes, descubra el restaurante gastronómico La Cipale."
    ]
  },
  "rdfs:label": {
    "fr": [
      "La Cipale"
    ]
  },
  "hasBeenCreatedBy": {
    "@id": "https://data.datatourisme.fr/13/a3545bd7-9d31-39a7-ad3a-78690adf73fc",
    "dc:identifier": "1857",
    "schema:email": [
      "alexandra.picot@pemb.fr",
      "apicot@vincennes.fr",
      "aurore.joris@pemb.fr",
      "cabarnou@vincennes.fr",
      "christine.abarnou@pemb.fr",
      "geoffroy.regnauld@pemb.fr",
      "luana.ladouceur@pemb.fr"
    ],
    "schema:legalName": "Etablissement Public territorial Paris Est Marne et Bois",
    "@type": [
      "schema:Organization",
      "foaf:Agent",
      "Agent"
    ],
    "foaf:homepage": [
      "http://www.vincennes-tourisme.fr/"
    ]
  },
  "hasBeenPublishedBy": [
    {
      "@id": "https://data.datatourisme.fr/8a9feb4b-2cbd-3d2c-b507-bd6c6776b23b",
      "schema:legalName": "Apidae Tourisme Scic SA - source : Apidae Tourisme",
      "@type": [
        "schema:Organization",
        "foaf:Agent",
        "Agent"
      ],
      "foaf:homepage": [
        "https://www.apidae-tourisme.com/"
      ]
    }
  ],
  "hasContact": [
    {
      "@id": "https://data.datatourisme.fr/0041d163-4b80-3e96-858e-201499474757",
      "schema:email": [
        "restaurant.la-cipale@wanadoo.fr"
      ],
      "schema:telephone": [
        "+33 1 43 75 54 53"
      ],
      "@type": [
        "foaf:Agent",
        "Agent"
      ],
      "foaf:homepage": [
        "https://www.cipale-75.fr/"
      ]
    }
  ],
  "hasDescription": [
    {
      "@id": "https://data.datatourisme.fr/ee6e9095-a2ac-3fcf-857c-cfd8fd5d0caf",
      "@type": [
        "Description"
      ],
      "hasTranslatedProperty": [
        {
          "@id": "https://data.datatourisme.fr/429d8a20-10f3-3dc2-8a7b-abf18771691d",
          "dc:contributor": [
            "https://api.deepl.com/v2/translate"
          ],
          "rdf:language": [
            "de"
          ],
          "rdf:predicate": [
            "shortDescription"
          ]
        },
        {
          "@id": "https://data.datatourisme.fr/939177d0-d0c7-3d69-b032-a73a5bad291c",
          "dc:contributor": [
            "https://api.deepl.com/v2/translate"
          ],
          "rdf:language": [
            "nl"
          ],
          "rdf:predicate": [
            "shortDescription"
          ]
        },
        {
          "@id": "https://data.datatourisme.fr/9c84ab4d-c38b-3c18-9ff5-81813e702834",
          "dc:contributor": [
            "https://api.deepl.com/v2/translate"
          ],
          "rdf:language": [
            "it"
          ],
          "rdf:predicate": [
            "shortDescription"
          ]
        }
      ],
      "shortDescription": {
        "de": [
          "Im Schatten der Linden im Bois de Vincennes entdecken Sie das Gourmetrestaurant La Cipale."
        ],
        "en": [
          "In the shade of the lime trees of the Bois de Vincennes, discover the gastronomic restaurant La Cipale."
        ],
        "it": [
          "All'ombra dei tigli del Bois de Vincennes, scoprite il ristorante gastronomico La Cipale."
        ],
        "fr": [
          "A l'ombre des tilleuls du Bois de Vincennes, découvrez le restaurant gastronomique La Cipale."
        ],
        "nl": [
          "In de schaduw van de lindebomen van het Bois de Vincennes ontdekt u het gastronomische restaurant La Cipale."
        ],
        "es": [
          "A la sombra de los tilos del Bois de Vincennes, descubra el restaurante gastronómico La Cipale."
        ]
      }
    }
  ],
  "hasTranslatedProperty": [
    {
      "@id": "https://data.datatourisme.fr/00f2bfff-6c6b-39c8-82c5-7c1c4785ed88",
      "dc:contributor": [
        "https://api.deepl.com/v2/translate"
      ],
      "rdf:language": [
        "de"
      ],
      "rdf:predicate": [
        {
          "@id": "rdfs:comment"
        }
      ]
    },
    {
      "@id": "https://data.datatourisme.fr/0e50089c-ba12-36f1-b692-1e1467b761a6",
      "dc:contributor": [
        "https://api.deepl.com/v2/translate"
      ],
      "rdf:language": [
        "nl"
      ],
      "rdf:predicate": [
        {
          "@id": "rdfs:comment"
        }
      ]
    },
    {
      "@id": "https://data.datatourisme.fr/64c49be0-1280-3744-888c-f108d9fe12a1",
      "dc:contributor": [
        "https://api.deepl.com/v2/translate"
      ],
      "rdf:language": [
        "it"
      ],
      "rdf:predicate": [
        {
          "@id": "rdfs:comment"
        }
      ]
    }
  ],
  "isLocatedAt": [
    {
      "@id": "https://data.datatourisme.fr/a66dc833-4ad6-332c-b1f7-e0cba49c0df0",
      "schema:address": [
        {
          "@id": "https://data.datatourisme.fr/11c23a5e-80df-3a76-ab32-254d77f04efb",
          "schema:addressLocality": "Paris",
          "schema:postalCode": "75012",
          "schema:streetAddress": [
            "51 avenue de Gravelle"
          ],
          "@type": [
            "schema:PostalAddress",
            "PostalAddress"
          ],
          "hasAddressCity": {
            "@id": "kb:75056",
            "@type": [
              "City"
            ],
            "rdfs:label": {
              "de": [
                "Paris"
              ],
              "pt": [
                "Paris"
              ],
              "en": [
                "Paris"
              ],
              "it": [
                "Paris"
              ],
              "fr": [
                "Paris"
              ],
              "nl": [
                "Paris"
              ],
              "es": [
                "Paris"
              ]
            },
            "insee": "75056",
            "isPartOfDepartment": {
              "@id": "kb:France1175",
              "@type": [
                "Department"
              ],
              "rdfs:label": {
                "de": [
                  "Paris"
                ],
                "pt": [
                  "Paris"
                ],
                "en": [
                  "Paris"
                ],
                "it": [
                  "Paris"
                ],
                "fr": [
                  "Paris"
                ],
                "nl": [
                  "Paris"
                ],
                "es": [
                  "Paris"
                ]
              },
              "insee": "75",
              "isPartOfRegion": {
                "@id": "kb:France11",
                "@type": [
                  "Region"
                ],
                "rdfs:label": {
                  "de": [
                    "Île-de-France"
                  ],
                  "pt": [
                    "Île-de-France"
                  ],
                  "en": [
                    "Île-de-France"
                  ],
                  "it": [
                    "Île-de-France"
                  ],
                  "fr": [
                    "Île-de-France"
                  ],
                  "nl": [
                    "Île-de-France"
                  ],
                  "es": [
                    "Île-de-France"
                  ]
                },
                "insee": "11",
                "isPartOfCountry": {
                  "@id": "kb:France",
                  "@type": [
                    "schema:Country"
                  ],
                  "rdfs:label": {
                    "de": [
                      "France",
                      "Frankreich"
                    ],
                    "pt": [
                      "França",
                      "France"
                    ],
                    "en": [
                      "France"
                    ],
                    "it": [
                      "France",
                      "Francia"
                    ],
                    "fr": [
                      "France"
                    ],
                    "nl": [
                      "France",
                      "Frankrijk"
                    ],
                    "es": [
                      "France",
                      "Francia"
                    ]
                  }
                }
              }
            }
          }
        }
      ],
      "schema:geo": {
        "@id": "https://data.datatourisme.fr/10c8fc8f-c929-3528-93b8-2ce1184004b7",
        "schema:latitude": "48.825814",
        "schema:longitude": "2.411779",
        "@type": [
          "schema:GeoCoordinates"
        ]
      },
      "schema:openingHoursSpecification": [
        {
          "@id": "https://data.datatourisme.fr/f87e535a-636d-3343-ad63-8a03392e7511",
          "schema:validFrom": "2023-01-01T00:00:00",
          "schema:validThrough": "2023-12-31T23:59:59",
          "@type": [
            "schema:OpeningHoursSpecification"
          ]
        }
      ],
      "@type": [
        "schema:Place",
        "Place"
      ]
    }
  ],
  "isOwnedBy": [
    {
      "@id": "https://data.datatourisme.fr/f5349535-0e7e-362a-94f9-a480a64315f0",
      "schema:email": [
        "alexandra.picot@pemb.fr",
        "apicot@vincennes.fr",
        "cabarnou@vincennes.fr",
        "christine.abarnou@pemb.fr",
        "luana.ladouceur@pemb.fr"
      ],
      "schema:legalName": "Etablissement Public territorial Paris Est Marne et Bois",
      "@type": [
        "schema:Organization",
        "foaf:Agent",
        "Agent"
      ],
      "foaf:homepage": [
        "http://www.vincennes-tourisme.fr/"
      ]
    }
  ],
  "lastUpdate": "2022-07-23",
  "lastUpdateDatatourisme": "2023-10-02T05:53:31.723Z"
}