{
  "@id": "https://data.datatourisme.fr/13/50986711-5389-3292-bba9-606abde0e9f8",
  "dc:identifier": "782689",
  "@type": [
    "olo:OrderedList",
    "PlaceOfInterest",
    "PointOfInterest",
    "RoadTour",
    "SportsAndLeisurePlace",
    "Tour"
  ],
  "rdfs:comment": {
    "de": [
      "Diese 45 km lange Strecke führt Sie von einer Entdeckung zur nächsten.\r\nZunächst Boulieu, dessen mittelalterlichen Charakter man schon am Eingang sehr schnell erahnen kann, dann der Ternay-Staudamm in seiner grünen Umgebung."
    ],
    "en": [
      "This 45 km circuit will take you from discovery to discovery. First, in Boulieu, a recognisably medieval village, and then the Ternay dam, in its beautiful green setting."
    ],
    "it": [
      "Questo circuito di 45 km vi condurrà di scoperta in scoperta.\r\nPrima Boulieu, il cui carattere medievale è subito evidente fin dall'ingresso, poi la diga di Ternay, nella sua cornice verde."
    ],
    "fr": [
      "Ce circuit de 45 km vous conduira de découverte en découverte.\r\nD’abord Boulieu, dont on devine très vite le caractère médiéval dès l’entrée, puis le barrage du Ternay, dans son écrin de verdure."
    ],
    "es": [
      "Este circuito de 45 km le llevará de descubrimiento en descubrimiento.\r\nPrimero Boulieu, cuyo carácter medieval se percibe rápidamente desde la entrada, y luego la presa de Ternay, en su entorno verde."
    ],
    "nl": [
      "Dit circuit van 45 km leidt u van ontdekking naar ontdekking.\r\nEerst Boulieu, waarvan het middeleeuwse karakter bij de ingang al snel duidelijk wordt, daarna de stuwdam van Ternay, in zijn groene omgeving."
    ]
  },
  "rdfs:label": {
    "en": [
      "Car trip focusing on the heritage of Ardèche Grand Air"
    ],
    "fr": [
      "Circuit voiture autour du patrimoine Ardèche Grand Air"
    ]
  },
  "hasBeenCreatedBy": {
    "@id": "https://data.datatourisme.fr/13/0f28b5d4-9b30-30af-aecd-95b4009adf4c",
    "dc:identifier": "141",
    "schema:email": [
      "communication@ardechegrandair.com",
      "direction@ardechegrandair.com",
      "directionvalday@ardechegrandair.com",
      "myriam.guigal@ardechegrandair.com"
    ],
    "schema:legalName": "Office de Tourisme Ardèche Grand Air",
    "@type": [
      "schema:Organization",
      "foaf:Agent",
      "Agent"
    ],
    "foaf:homepage": [
      "http://www.ardechegrandair.com/"
    ]
  },
  "hasBeenPublishedBy": [
    {
      "@id": "https://data.datatourisme.fr/dbca899d-3f22-364b-b99d-40af1e917c58",
      "schema:legalName": "Agence de Développement Touristique de l'Ardèche - source : Apidae Tourisme",
      "@type": [
        "schema:Organization",
        "foaf:Agent",
        "Agent"
      ],
      "foaf:homepage": [
        "https://www.apidae-tourisme.com/"
      ]
    }
  ],
  "hasContact": [
    {
      "@id": "https://data.datatourisme.fr/c9a5cda3-b1f9-341c-9e60-d734c6c4d076",
      "schema:email": [
        "contact@ardechegrandair.com"
      ],
      "schema:telephone": [
        "+33 4 75 33 24 51"
      ],
      "@type": [
        "foaf:Agent",
        "Agent"
      ],
      "foaf:homepage": [
        "http://www.ardechegrandair.com/",
        "https://www.cirkwi.com/fr/circuit/50520-circuit-autour-du-patrimoine-ardeche-grand-air"
      ]
    }
  ],
  "hasDescription": [
    {
      "@id": "https://data.datatourisme.fr/be861004-dc10-3512-963f-c1fb6b450d96",
      "@type": [
        "Description"
      ],
      "hasTranslatedProperty": [
        {
          "@id": "https://data.datatourisme.fr/0b084fad-52e0-3a92-a910-36141466b8ed",
          "dc:contributor": [
            "https://api.deepl.com/v2/translate"
          ],
          "rdf:language": [
            "it"
          ],
          "rdf:predicate": [
            "shortDescription"
          ]
        },
        {
          "@id": "https://data.datatourisme.fr/46ef9255-63ff-33c6-b7e0-6fab2f56b5fb",
          "dc:contributor": [
            "https://api.deepl.com/v2/translate"
          ],
          "rdf:language": [
            "de"
          ],
          "rdf:predicate": [
            "shortDescription"
          ]
        },
        {
          "@id": "https://data.datatourisme.fr/bd969683-ba0b-3e4b-8ff6-cb08f4f5c075",
          "dc:contributor": [
            "https://api.deepl.com/v2/translate"
          ],
          "rdf:language": [
            "nl"
          ],
          "rdf:predicate": [
            "shortDescription"
          ]
        },
        {
          "@id": "https://data.datatourisme.fr/f962fa33-db6e-3909-b1d0-4c4cf564363c",
          "dc:contributor": [
            "https://api.deepl.com/v2/translate"
          ],
          "rdf:language": [
            "es"
          ],
          "rdf:predicate": [
            "shortDescription"
          ]
        }
      ],
      "shortDescription": {
        "de": [
          "Diese 45 km lange Strecke führt Sie von einer Entdeckung zur nächsten.\r\nZunächst Boulieu, dessen mittelalterlichen Charakter man schon am Eingang sehr schnell erahnen kann, dann der Ternay-Staudamm in seiner grünen Umgebung."
        ],
        "en": [
          "This 45 km circuit will take you from discovery to discovery. First, in Boulieu, a recognisably medieval village, and then the Ternay dam, in its beautiful green setting."
        ],
        "it": [
          "Questo circuito di 45 km vi condurrà di scoperta in scoperta.\r\nPrima Boulieu, il cui carattere medievale è subito evidente fin dall'ingresso, poi la diga di Ternay, nella sua cornice verde."
        ],
        "fr": [
          "Ce circuit de 45 km vous conduira de découverte en découverte.\r\nD’abord Boulieu, dont on devine très vite le caractère médiéval dès l’entrée, puis le barrage du Ternay, dans son écrin de verdure."
        ],
        "es": [
          "Este circuito de 45 km le llevará de descubrimiento en descubrimiento.\r\nPrimero Boulieu, cuyo carácter medieval se percibe rápidamente desde la entrada, y luego la presa de Ternay, en su entorno verde."
        ],
        "nl": [
          "Dit circuit van 45 km leidt u van ontdekking naar ontdekking.\r\nEerst Boulieu, waarvan het middeleeuwse karakter bij de ingang al snel duidelijk wordt, daarna de stuwdam van Ternay, in zijn groene omgeving."
        ]
      }
    }
  ],
  "hasTranslatedProperty": [
    {
      "@id": "https://data.datatourisme.fr/208c77ad-7bcd-3027-ae51-58f9473b4497",
      "dc:contributor": [
        "https://api.deepl.com/v2/translate"
      ],
      "rdf:language": [
        "es"
      ],
      "rdf:predicate": [
        {
          "@id": "rdfs:comment"
        }
      ]
    },
    {
      "@id": "https://data.datatourisme.fr/4b21ce2b-3e79-3b3c-b535-38b56fbadbff",
      "dc:contributor": [
        "https://api.deepl.com/v2/translate"
      ],
      "rdf:language": [
        "it"
      ],
      "rdf:predicate": [
        {
          "@id": "rdfs:comment"
        }
      ]
    },
    {
      "@id": "https://data.datatourisme.fr/9616243b-b5fd-3192-9062-4082a93fc13a",
      "dc:contributor": [
        "https://api.deepl.com/v2/translate"
      ],
      "rdf:language": [
        "nl"
      ],
      "rdf:predicate": [
        {
          "@id": "rdfs:comment"
        }
      ]
    },
    {
      "@id": "https://data.datatourisme.fr/da3126e9-8fa1-39c3-be25-cc96eecdc26e",
      "dc:contributor": [
        "https://api.deepl.com/v2/translate"
      ],
      "rdf:language": [
        "de"
      ],
      "rdf:predicate": [
        {
          "@id": "rdfs:comment"
        }
      ]
    }
  ],
  "isLocatedAt": [
    {
      "@id": "https://data.datatourisme.fr/354cc07c-560c-32ea-8e57-fef0aebebb59",
      "schema:address": [
        {
          "@id": "https://data.datatourisme.fr/0220ea37-d8f3-3a0d-93da-ca2c2bbb5c00",
          "schema:addressLocality": "Annonay",
          "schema:postalCode": "07100",
          "schema:streetAddress": [
            "Départ devant l'Office de Tourisme, place des Cordeliers"
          ],
          "@type": [
            "schema:PostalAddress",
            "PostalAddress"
          ],
          "hasAddressCity": {
            "@id": "kb:07010",
            "@type": [
              "City"
            ],
            "rdfs:label": {
              "de": [
                "Annonay"
              ],
              "pt": [
                "Annonay"
              ],
              "en": [
                "Annonay"
              ],
              "it": [
                "Annonay"
              ],
              "fr": [
                "Annonay"
              ],
              "nl": [
                "Annonay"
              ],
              "es": [
                "Annonay"
              ]
            },
            "insee": "07010",
            "isPartOfDepartment": {
              "@id": "kb:France8407",
              "@type": [
                "Department"
              ],
              "rdfs:label": {
                "de": [
                  "Ardèche"
                ],
                "pt": [
                  "Ardèche"
                ],
                "en": [
                  "Ardèche"
                ],
                "it": [
                  "Ardèche"
                ],
                "fr": [
                  "Ardèche"
                ],
                "nl": [
                  "Ardèche"
                ],
                "es": [
                  "Ardèche"
                ]
              },
              "insee": "07",
              "isPartOfRegion": {
                "@id": "kb:France84",
                "@type": [
                  "Region"
                ],
                "rdfs:label": {
                  "de": [
                    "Auvergne-Rhône-Alpes"
                  ],
                  "pt": [
                    "Auvergne-Rhône-Alpes"
                  ],
                  "en": [
                    "Auvergne-Rhône-Alpes"
                  ],
                  "it": [
                    "Auvergne-Rhône-Alpes"
                  ],
                  "fr": [
                    "Auvergne-Rhône-Alpes"
                  ],
                  "nl": [
                    "Auvergne-Rhône-Alpes"
                  ],
                  "es": [
                    "Auvergne-Rhône-Alpes"
                  ]
                },
                "insee": "84",
                "isPartOfCountry": {
                  "@id": "kb:France",
                  "@type": [
                    "schema:Country"
                  ],
                  "rdfs:label": {
                    "de": [
                      "France",
                      "Frankreich"
                    ],
                    "pt": [
                      "França",
                      "France"
                    ],
                    "en": [
                      "France"
                    ],
                    "it": [
                      "France",
                      "Francia"
                    ],
                    "fr": [
                      "France"
                    ],
                    "nl": [
                      "France",
                      "Frankrijk"
                    ],
                    "es": [
                      "France",
                      "Francia"
                    ]
                  }
                }
              }
            }
          }
        }
      ],
      "schema:geo": {
        "@id": "https://data.datatourisme.fr/615542b9-5781-3af5-aaed-e0c2412c0a69",
        "schema:latitude": "45.240451",
        "schema:longitude": "4.672744",
        "@type": [
          "schema:GeoCoordinates"
        ]
      },
      "schema:openingHoursSpecification": [
        {
          "@id": "https://data.datatourisme.fr/f87e535a-636d-3343-ad63-8a03392e7511",
          "schema:validFrom": "2023-01-01T00:00:00",
          "schema:validThrough": "2023-12-31T23:59:59",
          "@type": [
            "schema:OpeningHoursSpecification"
          ]
        }
      ],
      "@type": [
        "schema:Place",
        "Place"
      ]
    }
  ],
  "isOwnedBy": [
    {
      "@id": "https://data.datatourisme.fr/3e141ebd-d3da-33b3-94c3-096fd7e178a7",
      "schema:email": [
        "communication@ardechegrandair.com",
        "direction@ardechegrandair.com",
        "directionvalday@ardechegrandair.com",
        "myriam.guigal@ardechegrandair.com"
      ],
      "schema:legalName": "Office de Tourisme Ardèche Grand Air",
      "@type": [
        "schema:Organization",
        "foaf:Agent",
        "Agent"
      ],
      "foaf:homepage": [
        "http://www.ardechegrandair.com/"
      ]
    }
  ],
  "lastUpdate": "2017-06-27",
  "lastUpdateDatatourisme": "2023-02-01T18:07:36.179Z"
}