{
  "@id": "https://data.datatourisme.fr/13/50dc4852-02be-37d7-b383-0e1c6e6ffc27",
  "dc:identifier": "547478",
  "@type": [
    "olo:OrderedList",
    "PlaceOfInterest",
    "PointOfInterest",
    "RoadTour",
    "SportsAndLeisurePlace",
    "Tour"
  ],
  "rdfs:comment": {
    "de": [
      "Entdecken Sie das Land der Kunst und Geschichte des südlichen Vivarais mit seinem außergewöhnlichen architektonischen Erbe ab der mittelalterlichen Stadt Viviers."
    ],
    "en": [
      "Come and visit southern Vivarais, a land of art and history, with an exceptional architectural heritage beginning with the medieval town of Viviers."
    ],
    "it": [
      "Venite a scoprire il Pays d'art et d'histoire du Vivarais méridional con un eccezionale patrimonio architettonico dalla città medievale di Viviers."
    ],
    "fr": [
      "Venez découvrir le Pays d'art et d'histoire du Vivarais méridional avec un patrimoine architectural exceptionnel depuis la cité médiévale de Viviers."
    ],
    "es": [
      "Venga a descubrir el Pays d'art et d'histoire du Vivarais méridional con un patrimonio arquitectónico excepcional de la ciudad medieval de Viviers."
    ],
    "nl": [
      "Kom en ontdek het Pays d'art et d'histoire du Vivarais méridional met een uitzonderlijk architecturaal erfgoed van de middeleeuwse stad Viviers."
    ]
  },
  "rdfs:label": {
    "en": [
      "Ardèche, an exceptional architectural heritage"
    ],
    "fr": [
      "L'Ardèche, un patrimoine bâti exceptionnel"
    ]
  },
  "hasBeenCreatedBy": {
    "@id": "https://data.datatourisme.fr/13/26657d5f-f902-3d2a-befe-558796b99584",
    "dc:identifier": "96",
    "schema:email": [
      "ncharra@ardeche-guide.com"
    ],
    "schema:legalName": "Agence de Développement Touristique de l'Ardèche",
    "@type": [
      "schema:Organization",
      "foaf:Agent",
      "Agent"
    ],
    "foaf:homepage": [
      "https://www.ardeche-guide.com/"
    ]
  },
  "hasBeenPublishedBy": [
    {
      "@id": "https://data.datatourisme.fr/dbca899d-3f22-364b-b99d-40af1e917c58",
      "schema:legalName": "Agence de Développement Touristique de l'Ardèche - source : Apidae Tourisme",
      "@type": [
        "schema:Organization",
        "foaf:Agent",
        "Agent"
      ],
      "foaf:homepage": [
        "https://www.apidae-tourisme.com/"
      ]
    }
  ],
  "hasContact": [
    {
      "@id": "https://data.datatourisme.fr/394dd748-93dd-30b8-840b-b0f0e071c265",
      "schema:email": [
        "adt07@ardeche-guide.com"
      ],
      "schema:telephone": [
        "+33 4 75 64 04 66"
      ],
      "@type": [
        "foaf:Agent",
        "Agent"
      ],
      "foaf:homepage": [
        "https://www.ardeche-guide.com/"
      ]
    }
  ],
  "hasDescription": [
    {
      "@id": "https://data.datatourisme.fr/fdc84824-5212-3f21-b286-f367b9acb309",
      "@type": [
        "Description"
      ],
      "hasTranslatedProperty": [
        {
          "@id": "https://data.datatourisme.fr/2480d961-cb4b-3505-aa18-3acac7acbbca",
          "dc:contributor": [
            "https://api.deepl.com/v2/translate"
          ],
          "rdf:language": [
            "es"
          ],
          "rdf:predicate": [
            "shortDescription"
          ]
        },
        {
          "@id": "https://data.datatourisme.fr/3b1e593a-6140-302d-8c91-5d67908fbefe",
          "dc:contributor": [
            "https://api.deepl.com/v2/translate"
          ],
          "rdf:language": [
            "it"
          ],
          "rdf:predicate": [
            "shortDescription"
          ]
        },
        {
          "@id": "https://data.datatourisme.fr/9d870cac-0e7c-3a0a-b38c-933c9ae5080c",
          "dc:contributor": [
            "https://api.deepl.com/v2/translate"
          ],
          "rdf:language": [
            "nl"
          ],
          "rdf:predicate": [
            "shortDescription"
          ]
        },
        {
          "@id": "https://data.datatourisme.fr/f8058ab8-aad2-3a55-8ef3-496b472720e4",
          "dc:contributor": [
            "https://api.deepl.com/v2/translate"
          ],
          "rdf:language": [
            "de"
          ],
          "rdf:predicate": [
            "shortDescription"
          ]
        }
      ],
      "shortDescription": {
        "de": [
          "Entdecken Sie das Land der Kunst und Geschichte des südlichen Vivarais mit seinem außergewöhnlichen architektonischen Erbe ab der mittelalterlichen Stadt Viviers."
        ],
        "en": [
          "Come and visit southern Vivarais, a land of art and history, with an exceptional architectural heritage beginning with the medieval town of Viviers."
        ],
        "it": [
          "Venite a scoprire il Pays d'art et d'histoire du Vivarais méridional con un eccezionale patrimonio architettonico dalla città medievale di Viviers."
        ],
        "fr": [
          "Venez découvrir le Pays d'art et d'histoire du Vivarais méridional avec un patrimoine architectural exceptionnel depuis la cité médiévale de Viviers."
        ],
        "es": [
          "Venga a descubrir el Pays d'art et d'histoire du Vivarais méridional con un patrimonio arquitectónico excepcional de la ciudad medieval de Viviers."
        ],
        "nl": [
          "Kom en ontdek het Pays d'art et d'histoire du Vivarais méridional met een uitzonderlijk architecturaal erfgoed van de middeleeuwse stad Viviers."
        ]
      }
    }
  ],
  "hasTranslatedProperty": [
    {
      "@id": "https://data.datatourisme.fr/23bb9e79-b6f9-3a64-8f37-8c74e690e58d",
      "dc:contributor": [
        "https://api.deepl.com/v2/translate"
      ],
      "rdf:language": [
        "nl"
      ],
      "rdf:predicate": [
        {
          "@id": "rdfs:comment"
        }
      ]
    },
    {
      "@id": "https://data.datatourisme.fr/2f3a705d-ed10-3d01-83b5-12e4e6eaac2a",
      "dc:contributor": [
        "https://api.deepl.com/v2/translate"
      ],
      "rdf:language": [
        "es"
      ],
      "rdf:predicate": [
        {
          "@id": "rdfs:comment"
        }
      ]
    },
    {
      "@id": "https://data.datatourisme.fr/506e2c5a-fd32-3acd-9679-310bf605c82a",
      "dc:contributor": [
        "https://api.deepl.com/v2/translate"
      ],
      "rdf:language": [
        "de"
      ],
      "rdf:predicate": [
        {
          "@id": "rdfs:comment"
        }
      ]
    },
    {
      "@id": "https://data.datatourisme.fr/63473185-8e5d-3069-9544-6a54f8d2c5a6",
      "dc:contributor": [
        "https://api.deepl.com/v2/translate"
      ],
      "rdf:language": [
        "it"
      ],
      "rdf:predicate": [
        {
          "@id": "rdfs:comment"
        }
      ]
    }
  ],
  "isLocatedAt": [
    {
      "@id": "https://data.datatourisme.fr/18d2970b-6a36-3025-86fc-07c066bac407",
      "schema:address": [
        {
          "@id": "https://data.datatourisme.fr/258861c9-5b18-3cc2-a27d-ad00d404c1bf",
          "schema:addressLocality": "Viviers",
          "schema:postalCode": "07220",
          "@type": [
            "schema:PostalAddress",
            "PostalAddress"
          ],
          "hasAddressCity": {
            "@id": "kb:07346",
            "@type": [
              "City"
            ],
            "rdfs:label": {
              "de": [
                "Viviers"
              ],
              "pt": [
                "Viviers"
              ],
              "en": [
                "Viviers"
              ],
              "it": [
                "Viviers"
              ],
              "fr": [
                "Viviers"
              ],
              "nl": [
                "Viviers"
              ],
              "es": [
                "Viviers"
              ]
            },
            "insee": "07346",
            "isPartOfDepartment": {
              "@id": "kb:France8407",
              "@type": [
                "Department"
              ],
              "rdfs:label": {
                "de": [
                  "Ardèche"
                ],
                "pt": [
                  "Ardèche"
                ],
                "en": [
                  "Ardèche"
                ],
                "it": [
                  "Ardèche"
                ],
                "fr": [
                  "Ardèche"
                ],
                "nl": [
                  "Ardèche"
                ],
                "es": [
                  "Ardèche"
                ]
              },
              "insee": "07",
              "isPartOfRegion": {
                "@id": "kb:France84",
                "@type": [
                  "Region"
                ],
                "rdfs:label": {
                  "de": [
                    "Auvergne-Rhône-Alpes"
                  ],
                  "pt": [
                    "Auvergne-Rhône-Alpes"
                  ],
                  "en": [
                    "Auvergne-Rhône-Alpes"
                  ],
                  "it": [
                    "Auvergne-Rhône-Alpes"
                  ],
                  "fr": [
                    "Auvergne-Rhône-Alpes"
                  ],
                  "nl": [
                    "Auvergne-Rhône-Alpes"
                  ],
                  "es": [
                    "Auvergne-Rhône-Alpes"
                  ]
                },
                "insee": "84",
                "isPartOfCountry": {
                  "@id": "kb:France",
                  "@type": [
                    "schema:Country"
                  ],
                  "rdfs:label": {
                    "de": [
                      "France",
                      "Frankreich"
                    ],
                    "pt": [
                      "França",
                      "France"
                    ],
                    "en": [
                      "France"
                    ],
                    "it": [
                      "France",
                      "Francia"
                    ],
                    "fr": [
                      "France"
                    ],
                    "nl": [
                      "France",
                      "Frankrijk"
                    ],
                    "es": [
                      "France",
                      "Francia"
                    ]
                  }
                }
              }
            }
          }
        }
      ],
      "schema:geo": {
        "@id": "https://data.datatourisme.fr/9a3e3415-5d2c-3b75-895a-63ee03d7fcca",
        "schema:latitude": "44.480269",
        "schema:longitude": "4.691053",
        "@type": [
          "schema:GeoCoordinates"
        ]
      },
      "schema:openingHoursSpecification": [
        {
          "@id": "https://data.datatourisme.fr/f87e535a-636d-3343-ad63-8a03392e7511",
          "schema:validFrom": "2023-01-01T00:00:00",
          "schema:validThrough": "2023-12-31T23:59:59",
          "@type": [
            "schema:OpeningHoursSpecification"
          ]
        }
      ],
      "@type": [
        "schema:Place",
        "Place"
      ]
    }
  ],
  "isOwnedBy": [
    {
      "@id": "https://data.datatourisme.fr/6ef576cd-2c5c-33d6-b250-09b105230dfc",
      "schema:email": [
        "ncharra@ardeche-guide.com"
      ],
      "schema:legalName": "Agence de Développement Touristique de l'Ardèche",
      "@type": [
        "schema:Organization",
        "foaf:Agent",
        "Agent"
      ],
      "foaf:homepage": [
        "https://www.ardeche-guide.com/"
      ]
    }
  ],
  "lastUpdate": "2022-06-14",
  "lastUpdateDatatourisme": "2023-02-01T18:07:35.935Z"
}