{
  "@id": "https://data.datatourisme.fr/13/85d1a037-88d7-3e0f-833d-dc8456857791",
  "dc:identifier": "679721",
  "@type": [
    "schema:Accommodation",
    "schema:Hotel",
    "schema:LodgingBusiness",
    "Accommodation",
    "Hotel",
    "HotelTrade",
    "PlaceOfInterest",
    "PointOfInterest"
  ],
  "rdfs:comment": {
    "de": [
      "Für einen Aufenthalt vor den Toren von Paris und in der Nähe der großen Sehenswürdigkeiten der Peripherie (Flohmarkt Paris Saint-Ouen, Basilika Kathedrale von Saint-Denis), wählen Sie das Ibis Budget Paris porte de la Chapelle!"
    ],
    "en": [
      "For a stay at the gates of Paris and close to the major sites of the suburbs (Flea Market, Cathedral Basilica of Saint-Denis), choose Etap Hotel Paris Porte de la Chapelle! Rooms are functional for a reasonable budget."
    ],
    "it": [
      "Per un soggiorno alle porte di Parigi e vicino ai principali siti della periferia (mercato delle pulci di Parigi Saint-Ouen, basilica della cattedrale di Saint-Denis), scegliete l'Ibis Budget Paris Porte de la Chapelle!"
    ],
    "fr": [
      "Pour un séjour aux portes de Paris et proche des grands sites de la périphérie (marché aux Puces Paris Saint-Ouen, basilique cathédrale de Saint-Denis), choisissez l'Ibis Budget Paris porte de la Chapelle !"
    ],
    "nl": [
      "Kies het Ibis Budget Paris Porte de la Chapelle voor een verblijf aan de poort van Parijs en dicht bij de belangrijkste bezienswaardigheden aan de rand (vlooienmarkt Parijs Saint-Ouen, basiliek Saint-Denis)!"
    ],
    "es": [
      "Ibis Budget París porte de la Chapelle es ideal para una estancia a las puertas de París y cerca de los lugares más importantes de la periferia (Mercado de las Pulgas, Basílica de Saint-Denis). Cuenta con habitaciones funcionales a un precio razonable."
    ]
  },
  "rdfs:label": {
    "fr": [
      "Greet hotel Paris Nord 18ème - ex ibis Budget Paris Nord 18ème"
    ]
  },
  "hasBeenCreatedBy": {
    "@id": "https://data.datatourisme.fr/13/298923c8-1900-35e9-9288-b430794814c4",
    "dc:identifier": "1015",
    "schema:email": [
      "jt.charbonnier@plainecommunetourisme.com",
      "s.vallier@plainecommunetourisme.com",
      "webmarketer@plainecommunetourisme.com"
    ],
    "schema:legalName": "Office de Tourisme Plaine commune grand Paris",
    "@type": [
      "schema:Organization",
      "foaf:Agent",
      "Agent"
    ],
    "foaf:homepage": [
      "https://www.tourisme-plainecommune-paris.com/"
    ]
  },
  "hasBeenPublishedBy": [
    {
      "@id": "https://data.datatourisme.fr/8a9feb4b-2cbd-3d2c-b507-bd6c6776b23b",
      "schema:legalName": "Apidae Tourisme Scic SA - source : Apidae Tourisme",
      "@type": [
        "schema:Organization",
        "foaf:Agent",
        "Agent"
      ],
      "foaf:homepage": [
        "https://www.apidae-tourisme.com/"
      ]
    }
  ],
  "hasContact": [
    {
      "@id": "https://data.datatourisme.fr/1fd0895f-c890-398e-aa8e-f13e1031a6b9",
      "schema:email": [
        "h5091@accor.com"
      ],
      "schema:telephone": [
        "+33 1 58 34 00 10"
      ],
      "@type": [
        "foaf:Agent",
        "Agent"
      ],
      "foaf:homepage": [
        "https://all.accor.com/hotel/5091/index.fr.shtml?dateIn=&nights=&compositions=1&stayplus=false#section-description"
      ]
    }
  ],
  "hasDescription": [
    {
      "@id": "https://data.datatourisme.fr/e537319b-304b-3e7b-ac3a-8940416cd51a",
      "@type": [
        "Description"
      ],
      "hasTranslatedProperty": [
        {
          "@id": "https://data.datatourisme.fr/071bfcf8-0b09-3797-829a-0638ea34fa83",
          "dc:contributor": [
            "https://api.deepl.com/v2/translate"
          ],
          "rdf:language": [
            "it"
          ],
          "rdf:predicate": [
            "shortDescription"
          ]
        },
        {
          "@id": "https://data.datatourisme.fr/556cae68-5677-34e0-8bee-acdd86cbace4",
          "dc:contributor": [
            "https://api.deepl.com/v2/translate"
          ],
          "rdf:language": [
            "de"
          ],
          "rdf:predicate": [
            "shortDescription"
          ]
        },
        {
          "@id": "https://data.datatourisme.fr/d5a51aea-b032-3c32-8f54-7f1ea5bdc50a",
          "dc:contributor": [
            "https://api.deepl.com/v2/translate"
          ],
          "rdf:language": [
            "nl"
          ],
          "rdf:predicate": [
            "shortDescription"
          ]
        }
      ],
      "shortDescription": {
        "de": [
          "Für einen Aufenthalt vor den Toren von Paris und in der Nähe der großen Sehenswürdigkeiten der Peripherie (Flohmarkt Paris Saint-Ouen, Basilika Kathedrale von Saint-Denis), wählen Sie das Ibis Budget Paris porte de la Chapelle!"
        ],
        "en": [
          "For a stay at the gates of Paris and close to the major sites of the suburbs (Flea Market, Cathedral Basilica of Saint-Denis), choose Etap Hotel Paris Porte de la Chapelle! Rooms are functional for a reasonable budget."
        ],
        "it": [
          "Per un soggiorno alle porte di Parigi e vicino ai principali siti della periferia (mercato delle pulci di Parigi Saint-Ouen, basilica della cattedrale di Saint-Denis), scegliete l'Ibis Budget Paris Porte de la Chapelle!"
        ],
        "fr": [
          "Pour un séjour aux portes de Paris et proche des grands sites de la périphérie (marché aux Puces Paris Saint-Ouen, basilique cathédrale de Saint-Denis), choisissez l'Ibis Budget Paris porte de la Chapelle !"
        ],
        "nl": [
          "Kies het Ibis Budget Paris Porte de la Chapelle voor een verblijf aan de poort van Parijs en dicht bij de belangrijkste bezienswaardigheden aan de rand (vlooienmarkt Parijs Saint-Ouen, basiliek Saint-Denis)!"
        ],
        "es": [
          "Ibis Budget París porte de la Chapelle es ideal para una estancia a las puertas de París y cerca de los lugares más importantes de la periferia (Mercado de las Pulgas, Basílica de Saint-Denis). Cuenta con habitaciones funcionales a un precio razonable."
        ]
      }
    }
  ],
  "hasTranslatedProperty": [
    {
      "@id": "https://data.datatourisme.fr/55bdfa89-0af7-3597-8857-c6476fc16df4",
      "dc:contributor": [
        "https://api.deepl.com/v2/translate"
      ],
      "rdf:language": [
        "de"
      ],
      "rdf:predicate": [
        {
          "@id": "rdfs:comment"
        }
      ]
    },
    {
      "@id": "https://data.datatourisme.fr/b6865b55-03fe-3bca-9117-0da31274534d",
      "dc:contributor": [
        "https://api.deepl.com/v2/translate"
      ],
      "rdf:language": [
        "nl"
      ],
      "rdf:predicate": [
        {
          "@id": "rdfs:comment"
        }
      ]
    },
    {
      "@id": "https://data.datatourisme.fr/b845fe8a-6d9e-3bed-b470-d22a8337d800",
      "dc:contributor": [
        "https://api.deepl.com/v2/translate"
      ],
      "rdf:language": [
        "it"
      ],
      "rdf:predicate": [
        {
          "@id": "rdfs:comment"
        }
      ]
    }
  ],
  "isLocatedAt": [
    {
      "@id": "https://data.datatourisme.fr/37b0f337-4762-387b-935f-48528af4ec1c",
      "schema:address": [
        {
          "@id": "https://data.datatourisme.fr/137bd291-f433-3c5b-919c-c46b9c3830d6",
          "schema:addressLocality": "Paris",
          "schema:postalCode": "75018",
          "schema:streetAddress": [
            "7-9 impasse Marteau"
          ],
          "@type": [
            "schema:PostalAddress",
            "PostalAddress"
          ],
          "hasAddressCity": {
            "@id": "kb:75056",
            "@type": [
              "City"
            ],
            "rdfs:label": {
              "de": [
                "Paris"
              ],
              "pt": [
                "Paris"
              ],
              "en": [
                "Paris"
              ],
              "it": [
                "Paris"
              ],
              "fr": [
                "Paris"
              ],
              "nl": [
                "Paris"
              ],
              "es": [
                "Paris"
              ]
            },
            "insee": "75056",
            "isPartOfDepartment": {
              "@id": "kb:France1175",
              "@type": [
                "Department"
              ],
              "rdfs:label": {
                "de": [
                  "Paris"
                ],
                "pt": [
                  "Paris"
                ],
                "en": [
                  "Paris"
                ],
                "it": [
                  "Paris"
                ],
                "fr": [
                  "Paris"
                ],
                "nl": [
                  "Paris"
                ],
                "es": [
                  "Paris"
                ]
              },
              "insee": "75",
              "isPartOfRegion": {
                "@id": "kb:France11",
                "@type": [
                  "Region"
                ],
                "rdfs:label": {
                  "de": [
                    "Île-de-France"
                  ],
                  "pt": [
                    "Île-de-France"
                  ],
                  "en": [
                    "Île-de-France"
                  ],
                  "it": [
                    "Île-de-France"
                  ],
                  "fr": [
                    "Île-de-France"
                  ],
                  "nl": [
                    "Île-de-France"
                  ],
                  "es": [
                    "Île-de-France"
                  ]
                },
                "insee": "11",
                "isPartOfCountry": {
                  "@id": "kb:France",
                  "@type": [
                    "schema:Country"
                  ],
                  "rdfs:label": {
                    "de": [
                      "France",
                      "Frankreich"
                    ],
                    "pt": [
                      "França",
                      "France"
                    ],
                    "en": [
                      "France"
                    ],
                    "it": [
                      "France",
                      "Francia"
                    ],
                    "fr": [
                      "France"
                    ],
                    "nl": [
                      "France",
                      "Frankrijk"
                    ],
                    "es": [
                      "France",
                      "Francia"
                    ]
                  }
                }
              }
            }
          }
        }
      ],
      "schema:geo": {
        "@id": "https://data.datatourisme.fr/7db30206-3c4b-3a5b-aab6-998489ef8d3c",
        "schema:latitude": "48.901731",
        "schema:longitude": "2.360392",
        "@type": [
          "schema:GeoCoordinates"
        ]
      },
      "schema:openingHoursSpecification": [
        {
          "@id": "https://data.datatourisme.fr/c5544b4d-a172-38d1-a90d-9239acb17fbe",
          "schema:validFrom": "2023-01-01T00:00:00",
          "schema:validThrough": "2023-12-31T23:59:59",
          "@type": [
            "schema:OpeningHoursSpecification"
          ],
          "additionalInformation": {
            "de": [
              "Das Hotel Ibis Budget Paris Nord 18è ist derzeit wegen Renovierungsarbeiten geschlossen."
            ],
            "en": [
              "The Ibis Budget Paris Nord 18è hotel is currently closed for renovation."
            ],
            "it": [
              "L'hotel Ibis Budget Paris Nord 18è è attualmente chiuso per ristrutturazione."
            ],
            "fr": [
              "L'hôtel Ibis Budget Paris Nord 18è est actuellement fermé pour rénovation."
            ],
            "nl": [
              "Het Ibis Budget Paris Nord 18è hotel is momenteel gesloten voor renovatie."
            ],
            "es": [
              "El hotel Ibis Budget Paris Nord 18è está actualmente cerrado por reformas."
            ]
          },
          "hasTranslatedProperty": [
            {
              "@id": "https://data.datatourisme.fr/118d0f06-68a9-3d4a-b7b4-79121155cd3b",
              "dc:contributor": [
                "https://api.deepl.com/v2/translate"
              ],
              "rdf:language": [
                "de"
              ],
              "rdf:predicate": [
                "additionalInformation"
              ]
            },
            {
              "@id": "https://data.datatourisme.fr/284c7be9-24b3-3f48-b946-0b31b57d5962",
              "dc:contributor": [
                "https://api.deepl.com/v2/translate"
              ],
              "rdf:language": [
                "it"
              ],
              "rdf:predicate": [
                "additionalInformation"
              ]
            },
            {
              "@id": "https://data.datatourisme.fr/8c3ee96c-2d9f-3c57-a376-17c280891ce9",
              "dc:contributor": [
                "https://api.deepl.com/v2/translate"
              ],
              "rdf:language": [
                "en"
              ],
              "rdf:predicate": [
                "additionalInformation"
              ]
            },
            {
              "@id": "https://data.datatourisme.fr/e75f29dd-3b14-36ad-8247-7f67bb6bc74f",
              "dc:contributor": [
                "https://api.deepl.com/v2/translate"
              ],
              "rdf:language": [
                "es"
              ],
              "rdf:predicate": [
                "additionalInformation"
              ]
            },
            {
              "@id": "https://data.datatourisme.fr/f4291f13-a8ed-3e37-9e35-c0c125a8c415",
              "dc:contributor": [
                "https://api.deepl.com/v2/translate"
              ],
              "rdf:language": [
                "nl"
              ],
              "rdf:predicate": [
                "additionalInformation"
              ]
            }
          ]
        }
      ],
      "@type": [
        "schema:Place",
        "Place"
      ]
    }
  ],
  "isOwnedBy": [
    {
      "@id": "https://data.datatourisme.fr/0d295593-2e92-3cc3-8700-156dfc8eed88",
      "schema:email": [
        "jt.charbonnier@plainecommunetourisme.com",
        "s.vallier@plainecommunetourisme.com",
        "webmarketer@plainecommunetourisme.com"
      ],
      "schema:legalName": "Office de Tourisme Plaine commune grand Paris",
      "@type": [
        "schema:Organization",
        "foaf:Agent",
        "Agent"
      ],
      "foaf:homepage": [
        "https://www.tourisme-plainecommune-paris.com/"
      ]
    }
  ],
  "lastUpdate": "2021-10-02",
  "lastUpdateDatatourisme": "2023-10-02T05:53:31.683Z"
}