{
  "@id": "https://data.datatourisme.fr/19/857a1170-b11e-3c72-b984-b4f99d199bce",
  "dc:identifier": "7a3e0bc8-58dd-4851-822b-501ba39d5a19",
  "@type": [
    "CulturalSite",
    "PlaceOfInterest",
    "PointOfInterest"
  ],
  "rdfs:comment": {
    "de": [
      "Das 1865 auf Anordnung von Baron Haussmann errichtete symbolträchtige Gebäude im Parc de La Villette, das an seinen Stahlträgern und den großen Glasfenstern zu erkennen ist, war früher eine Rinderhalle. Der Komplex wurde 1974 in ein Ausstellungszentrum umgewandelt und 2005 renoviert und ist heute einer der wichtigsten Orte für Kultur und Musik in Paris. Jedes Jahr zieht er zahlreiche Besucher an, die sich Aufführungen, Konzerte, Festivals, Ausstellungen oder Messen ansehen."
    ],
    "en": [
      "Created in 1865 on the orders of Baron Haussmann, this emblematic building in the Parc de La Villette, recognizable by its metal beams and large glass windows, is a former bullock hall. Rehabilitated as an exhibition centre in 1974, then renovated in 2005, the complex is now one of the most important cultural and music venues in Paris. It attracts many visitors every year, who come to attend shows, concerts, festivals, exhibitions or fairs."
    ],
    "it": [
      "Creato nel 1865 su ordine del barone Haussmann, questo edificio emblematico del Parc de La Villette, riconoscibile per le sue travi metalliche e le grandi vetrate, è un ex mercato del bestiame. Riabilitato come centro espositivo nel 1974 e poi rinnovato nel 2005, il complesso è oggi uno dei luoghi culturali e musicali più importanti di Parigi. Ogni anno attira molti visitatori per assistere a spettacoli, concerti, festival, mostre e fiere."
    ],
    "fr": [
      "Créé en 1865 sur ordre du Baron Haussmann, ce bâtiment emblématique du parc de La Villette, reconnaissable à ses poutres métalliques et à ses larges verrières, est une ancienne halle aux bœufs. Réhabilité en centre d'exposition en 1974, puis rénové en 2005, le complexe est aujourd'hui l'un des hauts lieux de la culture et de la musique à Paris. Il attire chaque année de nombreux visiteurs, venus assister à des spectacles, concerts, festivals, expositions ou salons."
    ],
    "nl": [
      "Dit emblematische gebouw in het Parc de La Villette, herkenbaar aan zijn metalen balken en grote glazen ramen, werd in 1865 in opdracht van baron Haussmann gebouwd en is een voormalige veemarkt. Het complex werd in 1974 gerehabiliteerd als tentoonstellingscentrum en vervolgens in 2005 gerenoveerd. Het is nu een van de belangrijkste culturele en muziekpodia van Parijs. Het trekt elk jaar vele bezoekers om shows, concerten, festivals, tentoonstellingen en beurzen bij te wonen."
    ],
    "es": [
      "Creado en 1865 por orden del barón Haussmann, este emblemático edificio del parque de La Villette, reconocible por sus vigas metálicas y sus grandes cristaleras, es un antiguo mercado de ganado. Rehabilitado como centro de exposiciones en 1974 y renovado en 2005, el complejo es hoy uno de los recintos culturales y musicales más importantes de París. Cada año atrae a numerosos visitantes para asistir a espectáculos, conciertos, festivales, exposiciones y ferias."
    ]
  },
  "rdfs:label": {
    "fr": [
      "Grande Halle de La Villette"
    ]
  },
  "owl:sameAs": [
    "http://www.wikidata.org/entity/Q2010697"
  ],
  "hasBeenCreatedBy": {
    "@id": "https://data.datatourisme.fr/73f9361b-7fdb-3a8c-8c11-182ef0152392",
    "schema:email": [
      "opendata@parisinfo.com"
    ],
    "schema:legalName": "Office de Tourisme de Paris",
    "@type": [
      "schema:Organization",
      "foaf:Agent",
      "Agent"
    ],
    "foaf:homepage": [
      "https://www.parisinfo.com/"
    ]
  },
  "hasBeenPublishedBy": [
    {
      "@id": "https://data.datatourisme.fr/73f9361b-7fdb-3a8c-8c11-182ef0152392",
      "schema:email": [
        "opendata@parisinfo.com"
      ],
      "schema:legalName": "Office de Tourisme de Paris",
      "@type": [
        "schema:Organization",
        "foaf:Agent",
        "Agent"
      ],
      "foaf:homepage": [
        "https://www.parisinfo.com/"
      ]
    }
  ],
  "hasContact": [
    {
      "@id": "https://data.datatourisme.fr/9f56ec60-c95c-3c7d-9e05-c753cbf6f9bf",
      "schema:email": [
        "c.eppghv@villette.com"
      ],
      "schema:telephone": [
        "+33 1 40 03 75 75"
      ],
      "@type": [
        "foaf:Agent",
        "Agent"
      ],
      "foaf:homepage": [
        "https://lavillette.com/"
      ]
    }
  ],
  "hasDescription": [
    {
      "@id": "https://data.datatourisme.fr/2966bcd0-4c53-395c-836f-05d20b505258",
      "dc:description": {
        "de": [
          "Das 1865 auf Anordnung von Baron Haussmann errichtete symbolträchtige Gebäude im Parc de La Villette, das an seinen Stahlträgern und den großen Glasfenstern zu erkennen ist, war früher eine Rinderhalle. Der Komplex wurde 1974 in ein Ausstellungszentrum umgewandelt und 2005 renoviert und ist heute einer der wichtigsten Orte für Kultur und Musik in Paris. Jedes Jahr zieht er zahlreiche Besucher an, die sich Aufführungen, Konzerte, Festivals, Ausstellungen oder Messen ansehen."
        ],
        "en": [
          "Created in 1865 on the orders of Baron Haussmann, this emblematic building in the Parc de La Villette, recognizable by its metal beams and large glass windows, is a former bullock hall. Rehabilitated as an exhibition centre in 1974, then renovated in 2005, the complex is now one of the most important cultural and music venues in Paris. It attracts many visitors every year, who come to attend shows, concerts, festivals, exhibitions or fairs."
        ],
        "it": [
          "Creato nel 1865 su ordine del barone Haussmann, questo edificio emblematico del Parc de La Villette, riconoscibile per le sue travi metalliche e le grandi vetrate, è un ex mercato del bestiame. Riabilitato come centro espositivo nel 1974 e poi rinnovato nel 2005, il complesso è oggi uno dei luoghi culturali e musicali più importanti di Parigi. Ogni anno attira molti visitatori per assistere a spettacoli, concerti, festival, mostre e fiere."
        ],
        "fr": [
          "Créé en 1865 sur ordre du Baron Haussmann, ce bâtiment emblématique du parc de La Villette, reconnaissable à ses poutres métalliques et à ses larges verrières, est une ancienne halle aux bœufs. Réhabilité en centre d'exposition en 1974, puis rénové en 2005, le complexe est aujourd'hui l'un des hauts lieux de la culture et de la musique à Paris. Il attire chaque année de nombreux visiteurs, venus assister à des spectacles, concerts, festivals, expositions ou salons."
        ],
        "nl": [
          "Dit emblematische gebouw in het Parc de La Villette, herkenbaar aan zijn metalen balken en grote glazen ramen, werd in 1865 in opdracht van baron Haussmann gebouwd en is een voormalige veemarkt. Het complex werd in 1974 gerehabiliteerd als tentoonstellingscentrum en vervolgens in 2005 gerenoveerd. Het is nu een van de belangrijkste culturele en muziekpodia van Parijs. Het trekt elk jaar vele bezoekers om shows, concerten, festivals, tentoonstellingen en beurzen bij te wonen."
        ],
        "es": [
          "Creado en 1865 por orden del barón Haussmann, este emblemático edificio del parque de La Villette, reconocible por sus vigas metálicas y sus grandes cristaleras, es un antiguo mercado de ganado. Rehabilitado como centro de exposiciones en 1974 y renovado en 2005, el complejo es hoy uno de los recintos culturales y musicales más importantes de París. Cada año atrae a numerosos visitantes para asistir a espectáculos, conciertos, festivales, exposiciones y ferias."
        ]
      },
      "@type": [
        "Description"
      ],
      "hasTranslatedProperty": [
        {
          "@id": "https://data.datatourisme.fr/340c614b-1844-3db3-a1f0-d3665ac26055",
          "dc:contributor": [
            "https://api.deepl.com/v2/translate"
          ],
          "rdf:language": [
            "nl"
          ],
          "rdf:predicate": [
            "shortDescription"
          ]
        },
        {
          "@id": "https://data.datatourisme.fr/396a7465-4d75-3715-8fa8-e0d7bb85fad9",
          "dc:contributor": [
            "https://api.deepl.com/v2/translate"
          ],
          "rdf:language": [
            "es"
          ],
          "rdf:predicate": [
            "shortDescription"
          ]
        },
        {
          "@id": "https://data.datatourisme.fr/488c28cb-1717-3480-86be-4b6ee3ad270c",
          "dc:contributor": [
            "https://api.deepl.com/v2/translate"
          ],
          "rdf:language": [
            "es"
          ],
          "rdf:predicate": [
            {
              "@id": "dc:description"
            }
          ]
        },
        {
          "@id": "https://data.datatourisme.fr/72f7b05e-1619-34e3-a448-3652aec81f9c",
          "dc:contributor": [
            "https://api.deepl.com/v2/translate"
          ],
          "rdf:language": [
            "it"
          ],
          "rdf:predicate": [
            {
              "@id": "dc:description"
            }
          ]
        },
        {
          "@id": "https://data.datatourisme.fr/814a366c-eecf-3f4a-9424-6fe68eadd303",
          "dc:contributor": [
            "https://api.deepl.com/v2/translate"
          ],
          "rdf:language": [
            "en"
          ],
          "rdf:predicate": [
            {
              "@id": "dc:description"
            }
          ]
        },
        {
          "@id": "https://data.datatourisme.fr/83eec90d-c0f2-3b58-af9e-3a027bffd4bd",
          "dc:contributor": [
            "https://api.deepl.com/v2/translate"
          ],
          "rdf:language": [
            "it"
          ],
          "rdf:predicate": [
            "shortDescription"
          ]
        },
        {
          "@id": "https://data.datatourisme.fr/931062c7-4a03-300a-8460-319fa6b4b776",
          "dc:contributor": [
            "https://api.deepl.com/v2/translate"
          ],
          "rdf:language": [
            "en"
          ],
          "rdf:predicate": [
            "shortDescription"
          ]
        },
        {
          "@id": "https://data.datatourisme.fr/9f5cb7c7-e602-3435-93fa-bee8328f3fa1",
          "dc:contributor": [
            "https://api.deepl.com/v2/translate"
          ],
          "rdf:language": [
            "de"
          ],
          "rdf:predicate": [
            {
              "@id": "dc:description"
            }
          ]
        },
        {
          "@id": "https://data.datatourisme.fr/9fa1e475-485e-3797-89be-8df94bb60b04",
          "dc:contributor": [
            "https://api.deepl.com/v2/translate"
          ],
          "rdf:language": [
            "nl"
          ],
          "rdf:predicate": [
            {
              "@id": "dc:description"
            }
          ]
        },
        {
          "@id": "https://data.datatourisme.fr/ad2a66da-2b2d-3d33-9c5c-80a58963b37f",
          "dc:contributor": [
            "https://api.deepl.com/v2/translate"
          ],
          "rdf:language": [
            "de"
          ],
          "rdf:predicate": [
            "shortDescription"
          ]
        }
      ],
      "shortDescription": {
        "de": [
          "Das 1865 auf Anordnung von Baron Haussmann errichtete symbolträchtige Gebäude im Parc de La Villette, das an seinen Stahlträgern und den großen Glasfenstern zu erkennen ist, war früher eine Rinderhalle. Der Komplex wurde 1974 in ein Ausstellungszentrum umgewandelt und 2005 renoviert und ist heute einer der wichtigsten Orte für Kultur und Musik in Paris. Jedes Jahr zieht er zahlreiche Besucher an, die sich Aufführungen, Konzerte, Festivals, Ausstellungen oder Messen ansehen."
        ],
        "en": [
          "Created in 1865 on the orders of Baron Haussmann, this emblematic building in the Parc de La Villette, recognizable by its metal beams and large glass windows, is a former bullock hall. Rehabilitated as an exhibition centre in 1974, then renovated in 2005, the complex is now one of the most important cultural and music venues in Paris. It attracts many visitors every year, who come to attend shows, concerts, festivals, exhibitions or fairs."
        ],
        "it": [
          "Creato nel 1865 su ordine del barone Haussmann, questo edificio emblematico del Parc de La Villette, riconoscibile per le sue travi metalliche e le grandi vetrate, è un ex mercato del bestiame. Riabilitato come centro espositivo nel 1974 e poi rinnovato nel 2005, il complesso è oggi uno dei luoghi culturali e musicali più importanti di Parigi. Ogni anno attira molti visitatori per assistere a spettacoli, concerti, festival, mostre e fiere."
        ],
        "fr": [
          "Créé en 1865 sur ordre du Baron Haussmann, ce bâtiment emblématique du parc de La Villette, reconnaissable à ses poutres métalliques et à ses larges verrières, est une ancienne halle aux bœufs. Réhabilité en centre d'exposition en 1974, puis rénové en 2005, le complexe est aujourd'hui l'un des hauts lieux de la culture et de la musique à Paris. Il attire chaque année de nombreux visiteurs, venus assister à des spectacles, concerts, festivals, expositions ou salons."
        ],
        "nl": [
          "Dit emblematische gebouw in het Parc de La Villette, herkenbaar aan zijn metalen balken en grote glazen ramen, werd in 1865 in opdracht van baron Haussmann gebouwd en is een voormalige veemarkt. Het complex werd in 1974 gerehabiliteerd als tentoonstellingscentrum en vervolgens in 2005 gerenoveerd. Het is nu een van de belangrijkste culturele en muziekpodia van Parijs. Het trekt elk jaar vele bezoekers om shows, concerten, festivals, tentoonstellingen en beurzen bij te wonen."
        ],
        "es": [
          "Creado en 1865 por orden del barón Haussmann, este emblemático edificio del parque de La Villette, reconocible por sus vigas metálicas y sus grandes cristaleras, es un antiguo mercado de ganado. Rehabilitado como centro de exposiciones en 1974 y renovado en 2005, el complejo es hoy uno de los recintos culturales y musicales más importantes de París. Cada año atrae a numerosos visitantes para asistir a espectáculos, conciertos, festivales, exposiciones y ferias."
        ]
      }
    }
  ],
  "hasRepresentation": [
    {
      "@id": "https://data.datatourisme.fr/6ee64b5b-653a-36ff-94b5-e487de755c78",
      "ebucore:hasAnnotation": [
        {
          "@id": "https://data.datatourisme.fr/f716b81b-749b-3da8-91f8-af3ccf197900",
          "ebucore:isCoveredBy": "CC BY-SA 3.0",
          "ebucore:title": {
            "fr": [
              "P1080895 Paris XIX grande halle de la Villette rwk"
            ]
          },
          "@type": [
            "ebucore:Annotation"
          ],
          "credits": [
            "Mbzt (https://commons.wikimedia.org/wiki/User:Mbzt)"
          ]
        }
      ],
      "ebucore:hasRelatedResource": [
        {
          "@id": "https://data.datatourisme.fr/ffbbc3f8-ed7a-3a46-9522-b09383e2641a",
          "ebucore:fileSize": [
            1355476
          ],
          "ebucore:hasMimeType": [
            {
              "@id": "kb:JPEG",
              "@type": [
                "ebucore:MimeType"
              ],
              "rdfs:comment": {
                "de": [
                  "JPEG-Bild"
                ],
                "pt": [
                  "Imagem JPEG"
                ],
                "en": [
                  "JPEG image file"
                ],
                "it": [
                  "Immagine JPEG"
                ],
                "fr": [
                  "Image JPEG"
                ],
                "nl": [
                  "JPEG-afbeelding"
                ],
                "es": [
                  "Imagen JPEG"
                ]
              },
              "rdfs:label": {
                "de": [
                  "image/jpeg"
                ],
                "pt": [
                  "image/jpeg"
                ],
                "en": [
                  "image/jpeg"
                ],
                "it": [
                  "image/jpeg"
                ],
                "fr": [
                  "image/jpeg"
                ],
                "nl": [
                  "image/jpeg"
                ],
                "es": [
                  "image/jpeg"
                ]
              }
            }
          ],
          "ebucore:height": 880,
          "ebucore:locator": [
            "https://upload.wikimedia.org/wikipedia/commons/0/0d/P1080895_Paris_XIX_grande_halle_de_la_Villette_rwk.JPG"
          ],
          "ebucore:width": 2000,
          "@type": [
            "ebucore:Resource"
          ]
        }
      ],
      "@type": [
        "ebucore:EditorialObject"
      ]
    }
  ],
  "hasTranslatedProperty": [
    {
      "@id": "https://data.datatourisme.fr/0fe996c1-7851-3f30-826a-08f9d331fa4f",
      "dc:contributor": [
        "https://api.deepl.com/v2/translate"
      ],
      "rdf:language": [
        "nl"
      ],
      "rdf:predicate": [
        {
          "@id": "rdfs:comment"
        }
      ]
    },
    {
      "@id": "https://data.datatourisme.fr/1785ab23-61b1-3568-9788-79e7cf3a6224",
      "dc:contributor": [
        "https://api.deepl.com/v2/translate"
      ],
      "rdf:language": [
        "de"
      ],
      "rdf:predicate": [
        {
          "@id": "rdfs:comment"
        }
      ]
    },
    {
      "@id": "https://data.datatourisme.fr/7cc1d2e9-86fa-3bc8-b95a-0b48d9f1cf2d",
      "dc:contributor": [
        "https://api.deepl.com/v2/translate"
      ],
      "rdf:language": [
        "es"
      ],
      "rdf:predicate": [
        {
          "@id": "rdfs:comment"
        }
      ]
    },
    {
      "@id": "https://data.datatourisme.fr/b44198b7-304d-3331-ad78-07e4bf450f5b",
      "dc:contributor": [
        "https://api.deepl.com/v2/translate"
      ],
      "rdf:language": [
        "it"
      ],
      "rdf:predicate": [
        {
          "@id": "rdfs:comment"
        }
      ]
    },
    {
      "@id": "https://data.datatourisme.fr/e4e62711-c3eb-3ac8-bbaf-ec2d30dbf092",
      "dc:contributor": [
        "https://api.deepl.com/v2/translate"
      ],
      "rdf:language": [
        "en"
      ],
      "rdf:predicate": [
        {
          "@id": "rdfs:comment"
        }
      ]
    }
  ],
  "isLocatedAt": [
    {
      "@id": "https://data.datatourisme.fr/27cd9e1e-94a9-3f66-bd43-61962774b830",
      "schema:address": [
        {
          "@id": "https://data.datatourisme.fr/4052fb80-c675-32ca-8a32-3fdda20d1522",
          "schema:addressLocality": "Paris",
          "schema:postalCode": "75019",
          "schema:streetAddress": [
            "Parc de la Villette - 211 avenue Jean Jaurès"
          ],
          "@type": [
            "schema:PostalAddress",
            "PostalAddress"
          ],
          "hasAddressCity": {
            "@id": "kb:75056",
            "@type": [
              "City"
            ],
            "rdfs:label": {
              "de": [
                "Paris"
              ],
              "pt": [
                "Paris"
              ],
              "en": [
                "Paris"
              ],
              "it": [
                "Paris"
              ],
              "fr": [
                "Paris"
              ],
              "nl": [
                "Paris"
              ],
              "es": [
                "Paris"
              ]
            },
            "insee": "75056",
            "isPartOfDepartment": {
              "@id": "kb:France1175",
              "@type": [
                "Department"
              ],
              "rdfs:label": {
                "de": [
                  "Paris"
                ],
                "pt": [
                  "Paris"
                ],
                "en": [
                  "Paris"
                ],
                "it": [
                  "Paris"
                ],
                "fr": [
                  "Paris"
                ],
                "nl": [
                  "Paris"
                ],
                "es": [
                  "Paris"
                ]
              },
              "insee": "75",
              "isPartOfRegion": {
                "@id": "kb:France11",
                "@type": [
                  "Region"
                ],
                "rdfs:label": {
                  "de": [
                    "Île-de-France"
                  ],
                  "pt": [
                    "Île-de-France"
                  ],
                  "en": [
                    "Île-de-France"
                  ],
                  "it": [
                    "Île-de-France"
                  ],
                  "fr": [
                    "Île-de-France"
                  ],
                  "nl": [
                    "Île-de-France"
                  ],
                  "es": [
                    "Île-de-France"
                  ]
                },
                "insee": "11",
                "isPartOfCountry": {
                  "@id": "kb:France",
                  "@type": [
                    "schema:Country"
                  ],
                  "rdfs:label": {
                    "de": [
                      "France",
                      "Frankreich"
                    ],
                    "pt": [
                      "França",
                      "France"
                    ],
                    "en": [
                      "France"
                    ],
                    "it": [
                      "France",
                      "Francia"
                    ],
                    "fr": [
                      "France"
                    ],
                    "nl": [
                      "France",
                      "Frankrijk"
                    ],
                    "es": [
                      "France",
                      "Francia"
                    ]
                  }
                }
              }
            }
          }
        }
      ],
      "schema:geo": {
        "@id": "https://data.datatourisme.fr/3dbed154-8940-32d1-83df-3b6fcc56a588",
        "schema:latitude": "48.88909229999999",
        "schema:longitude": "2.3944320000000516",
        "@type": [
          "schema:GeoCoordinates"
        ]
      },
      "schema:openingHoursSpecification": [
        {
          "@id": "https://data.datatourisme.fr/81f5a28f-b6ee-390d-a744-6c9121fb9cad",
          "@type": [
            "schema:OpeningHoursSpecification"
          ],
          "additionalInformation": {
            "de": [
              "Abhängig von der Programmierung."
            ],
            "en": [
              "Depending on the programming."
            ],
            "it": [
              "A seconda della programmazione."
            ],
            "fr": [
              "En fonction de la programmation."
            ],
            "es": [
              "Según la programación."
            ],
            "nl": [
              "Afhankelijk van de programmering."
            ]
          },
          "hasTranslatedProperty": [
            {
              "@id": "https://data.datatourisme.fr/4f89de73-9dda-3124-a19d-1617d2ca87f2",
              "dc:contributor": [
                "https://api.deepl.com/v2/translate"
              ],
              "rdf:language": [
                "es"
              ],
              "rdf:predicate": [
                "additionalInformation"
              ]
            },
            {
              "@id": "https://data.datatourisme.fr/6392e1a8-87a5-3652-a670-1fb4e232087f",
              "dc:contributor": [
                "https://api.deepl.com/v2/translate"
              ],
              "rdf:language": [
                "nl"
              ],
              "rdf:predicate": [
                "additionalInformation"
              ]
            },
            {
              "@id": "https://data.datatourisme.fr/8bc15310-0432-3f21-b6a4-ada715b738f0",
              "dc:contributor": [
                "https://api.deepl.com/v2/translate"
              ],
              "rdf:language": [
                "en"
              ],
              "rdf:predicate": [
                "additionalInformation"
              ]
            },
            {
              "@id": "https://data.datatourisme.fr/cadeb310-eca8-37ab-8ac2-68eb847d7eea",
              "dc:contributor": [
                "https://api.deepl.com/v2/translate"
              ],
              "rdf:language": [
                "it"
              ],
              "rdf:predicate": [
                "additionalInformation"
              ]
            },
            {
              "@id": "https://data.datatourisme.fr/d33b65ca-e746-3b3d-a978-0a6982acaac6",
              "dc:contributor": [
                "https://api.deepl.com/v2/translate"
              ],
              "rdf:language": [
                "de"
              ],
              "rdf:predicate": [
                "additionalInformation"
              ]
            }
          ]
        }
      ],
      "@type": [
        "schema:Place",
        "Place"
      ]
    }
  ],
  "lastUpdate": "2023-06-30",
  "lastUpdateDatatourisme": "2023-10-12T16:59:40.006Z"
}