{
  "@id": "https://data.datatourisme.fr/13/77a0b4c0-6e4e-3a63-ab94-a4dba216361f",
  "dc:identifier": "5176737",
  "@type": [
    "CulturalSite",
    "PlaceOfInterest",
    "PointOfInterest"
  ],
  "rdfs:comment": {
    "de": [
      "Eine Streetart-Galerie unter freiem Himmel im Herzen der Hauptstadt? Begeben Sie sich in die Rue Dénoyez in Belleville und tauchen Sie vollständig in die farbenfrohe Welt der Graffiti ein."
    ],
    "en": [
      "An open-air street art gallery in the heart of the capital? Go to rue Dénoyez in Belleville for a complete immersion in the colorful world of graffiti."
    ],
    "it": [
      "Una galleria d'arte di strada a cielo aperto nel cuore della capitale? Andate in rue Dénoyez a Belleville per un'immersione completa nel colorato mondo dei graffiti."
    ],
    "fr": [
      "Une galerie street art à ciel ouvert en plein cœur de la capitale ? Rendez-vous rue Dénoyez à Belleville pour une immersion complète dans l'univers coloré du graffiti."
    ],
    "es": [
      "¿Una galería de arte callejero al aire libre en el corazón de la capital? Acérquese a la calle Dénoyez, en Belleville, para sumergirse por completo en el colorido mundo del grafiti."
    ],
    "nl": [
      "Een openlucht kunstgalerie in het hart van de hoofdstad? Ga naar de rue Dénoyez in Belleville voor een volledige onderdompeling in de kleurrijke wereld van de graffiti."
    ]
  },
  "rdfs:label": {
    "en": [
      "Dénoyez Road"
    ],
    "fr": [
      "Rue Dénoyez"
    ]
  },
  "owl:sameAs": [
    "http://www.wikidata.org/entity/Q3447763"
  ],
  "hasBeenCreatedBy": {
    "@id": "https://data.datatourisme.fr/13/03e0704b-5690-32de-a186-1dc3ad3316c9",
    "dc:identifier": "1019",
    "schema:email": [
      "bgeigle@visitparisregion.com",
      "hcaldo@visitparisregion.com",
      "mtanaskovic@visitparisregion.com"
    ],
    "schema:legalName": "Choose Paris Region",
    "@type": [
      "schema:Organization",
      "foaf:Agent",
      "Agent"
    ],
    "foaf:homepage": [
      "http://www.visitparisregion.com/"
    ]
  },
  "hasBeenPublishedBy": [
    {
      "@id": "https://data.datatourisme.fr/8a9feb4b-2cbd-3d2c-b507-bd6c6776b23b",
      "schema:legalName": "Apidae Tourisme Scic SA - source : Apidae Tourisme",
      "@type": [
        "schema:Organization",
        "foaf:Agent",
        "Agent"
      ],
      "foaf:homepage": [
        "https://www.apidae-tourisme.com/"
      ]
    }
  ],
  "hasDescription": [
    {
      "@id": "https://data.datatourisme.fr/ee3412d9-d8fc-372d-8227-ee582f4006dd",
      "@type": [
        "Description"
      ],
      "hasTranslatedProperty": [
        {
          "@id": "https://data.datatourisme.fr/17889ecf-41cc-34a2-bfee-115b27a4e17f",
          "dc:contributor": [
            "https://api.deepl.com/v2/translate"
          ],
          "rdf:language": [
            "de"
          ],
          "rdf:predicate": [
            "shortDescription"
          ]
        },
        {
          "@id": "https://data.datatourisme.fr/73704a2b-5c8a-3cf5-9292-d478b9412b84",
          "dc:contributor": [
            "https://api.deepl.com/v2/translate"
          ],
          "rdf:language": [
            "en"
          ],
          "rdf:predicate": [
            "shortDescription"
          ]
        },
        {
          "@id": "https://data.datatourisme.fr/9c4a691f-9e4e-3fd8-8d6b-be42582b9a8c",
          "dc:contributor": [
            "https://api.deepl.com/v2/translate"
          ],
          "rdf:language": [
            "it"
          ],
          "rdf:predicate": [
            "shortDescription"
          ]
        },
        {
          "@id": "https://data.datatourisme.fr/ab32187b-166e-30fe-8dbb-936ea6cf6104",
          "dc:contributor": [
            "https://api.deepl.com/v2/translate"
          ],
          "rdf:language": [
            "es"
          ],
          "rdf:predicate": [
            "shortDescription"
          ]
        },
        {
          "@id": "https://data.datatourisme.fr/c185fcb1-d9fa-3b99-98af-f07c6bd162f5",
          "dc:contributor": [
            "https://api.deepl.com/v2/translate"
          ],
          "rdf:language": [
            "nl"
          ],
          "rdf:predicate": [
            "shortDescription"
          ]
        }
      ],
      "shortDescription": {
        "de": [
          "Eine Streetart-Galerie unter freiem Himmel im Herzen der Hauptstadt? Begeben Sie sich in die Rue Dénoyez in Belleville und tauchen Sie vollständig in die farbenfrohe Welt der Graffiti ein."
        ],
        "en": [
          "An open-air street art gallery in the heart of the capital? Go to rue Dénoyez in Belleville for a complete immersion in the colorful world of graffiti."
        ],
        "it": [
          "Una galleria d'arte di strada a cielo aperto nel cuore della capitale? Andate in rue Dénoyez a Belleville per un'immersione completa nel colorato mondo dei graffiti."
        ],
        "fr": [
          "Une galerie street art à ciel ouvert en plein cœur de la capitale ? Rendez-vous rue Dénoyez à Belleville pour une immersion complète dans l'univers coloré du graffiti."
        ],
        "es": [
          "¿Una galería de arte callejero al aire libre en el corazón de la capital? Acérquese a la calle Dénoyez, en Belleville, para sumergirse por completo en el colorido mundo del grafiti."
        ],
        "nl": [
          "Een openlucht kunstgalerie in het hart van de hoofdstad? Ga naar de rue Dénoyez in Belleville voor een volledige onderdompeling in de kleurrijke wereld van de graffiti."
        ]
      }
    }
  ],
  "hasRepresentation": [
    {
      "@id": "https://data.datatourisme.fr/c016445c-7424-3948-beb8-20de39d0648f",
      "ebucore:hasAnnotation": [
        {
          "@id": "https://data.datatourisme.fr/3dd6bf88-67af-386d-b498-f83df2ea14e8",
          "ebucore:isCoveredBy": "CC BY-SA 3.0",
          "ebucore:title": {
            "fr": [
              "Rue Dénoyez - Paris (France)"
            ]
          },
          "@type": [
            "ebucore:Annotation"
          ],
          "credits": [
            "Wikinade (https://commons.wikimedia.org/wiki/User:Wikinade)"
          ]
        }
      ],
      "ebucore:hasRelatedResource": [
        {
          "@id": "https://data.datatourisme.fr/8c21afe2-48c7-3bb1-ae4e-3a66909d200a",
          "ebucore:fileSize": [
            3345798
          ],
          "ebucore:hasMimeType": [
            {
              "@id": "kb:JPEG",
              "@type": [
                "ebucore:MimeType"
              ],
              "rdfs:comment": {
                "de": [
                  "JPEG-Bild"
                ],
                "pt": [
                  "Imagem JPEG"
                ],
                "en": [
                  "JPEG image file"
                ],
                "it": [
                  "Immagine JPEG"
                ],
                "fr": [
                  "Image JPEG"
                ],
                "nl": [
                  "JPEG-afbeelding"
                ],
                "es": [
                  "Imagen JPEG"
                ]
              },
              "rdfs:label": {
                "de": [
                  "image/jpeg"
                ],
                "pt": [
                  "image/jpeg"
                ],
                "en": [
                  "image/jpeg"
                ],
                "it": [
                  "image/jpeg"
                ],
                "fr": [
                  "image/jpeg"
                ],
                "nl": [
                  "image/jpeg"
                ],
                "es": [
                  "image/jpeg"
                ]
              }
            }
          ],
          "ebucore:height": 2304,
          "ebucore:locator": [
            "https://upload.wikimedia.org/wikipedia/commons/b/ba/Rue_D%C3%A9noyez_-_Paris_%28France%29.JPG"
          ],
          "ebucore:width": 3072,
          "@type": [
            "ebucore:Resource"
          ]
        }
      ],
      "@type": [
        "ebucore:EditorialObject"
      ]
    }
  ],
  "hasTheme": [
    {
      "@id": "kb:Culture",
      "@type": [
        "CulturalTheme"
      ],
      "rdfs:label": {
        "de": [
          "Kultur"
        ],
        "pt": [
          "Cultura"
        ],
        "en": [
          "Culture"
        ],
        "it": [
          "Cultura"
        ],
        "fr": [
          "Culture"
        ],
        "nl": [
          "Cultuur"
        ],
        "es": [
          "Cultura"
        ]
      }
    }
  ],
  "hasTranslatedProperty": [
    {
      "@id": "https://data.datatourisme.fr/005e3cca-24ba-3ab9-a384-c546e2355b64",
      "dc:contributor": [
        "https://api.deepl.com/v2/translate"
      ],
      "rdf:language": [
        "it"
      ],
      "rdf:predicate": [
        {
          "@id": "rdfs:comment"
        }
      ]
    },
    {
      "@id": "https://data.datatourisme.fr/2c6baf6a-cc2a-3d32-a1a6-ac827d2af199",
      "dc:contributor": [
        "https://api.deepl.com/v2/translate"
      ],
      "rdf:language": [
        "nl"
      ],
      "rdf:predicate": [
        {
          "@id": "rdfs:comment"
        }
      ]
    },
    {
      "@id": "https://data.datatourisme.fr/3ca58673-4c6c-31fe-9eb2-2006eef87c66",
      "dc:contributor": [
        "https://api.deepl.com/v2/translate"
      ],
      "rdf:language": [
        "es"
      ],
      "rdf:predicate": [
        {
          "@id": "rdfs:comment"
        }
      ]
    },
    {
      "@id": "https://data.datatourisme.fr/9ddc28b5-f38e-3838-b836-10f7fd972222",
      "dc:contributor": [
        "https://api.deepl.com/v2/translate"
      ],
      "rdf:language": [
        "en"
      ],
      "rdf:predicate": [
        {
          "@id": "rdfs:comment"
        }
      ]
    },
    {
      "@id": "https://data.datatourisme.fr/ebe27bcc-bf92-34e8-bdf6-16b21684c644",
      "dc:contributor": [
        "https://api.deepl.com/v2/translate"
      ],
      "rdf:language": [
        "de"
      ],
      "rdf:predicate": [
        {
          "@id": "rdfs:comment"
        }
      ]
    }
  ],
  "isLocatedAt": [
    {
      "@id": "https://data.datatourisme.fr/ee4a07ff-20c5-30d4-8bf3-d69004002ee7",
      "schema:address": [
        {
          "@id": "https://data.datatourisme.fr/92b22848-eca5-31af-8ffb-2b79edc84b2a",
          "schema:addressLocality": "Paris",
          "schema:postalCode": "75020",
          "schema:streetAddress": [
            "Rue Dénoyez"
          ],
          "@type": [
            "schema:PostalAddress",
            "PostalAddress"
          ],
          "hasAddressCity": {
            "@id": "kb:75056",
            "@type": [
              "City"
            ],
            "rdfs:label": {
              "de": [
                "Paris"
              ],
              "pt": [
                "Paris"
              ],
              "en": [
                "Paris"
              ],
              "it": [
                "Paris"
              ],
              "fr": [
                "Paris"
              ],
              "nl": [
                "Paris"
              ],
              "es": [
                "Paris"
              ]
            },
            "insee": "75056",
            "isPartOfDepartment": {
              "@id": "kb:France1175",
              "@type": [
                "Department"
              ],
              "rdfs:label": {
                "de": [
                  "Paris"
                ],
                "pt": [
                  "Paris"
                ],
                "en": [
                  "Paris"
                ],
                "it": [
                  "Paris"
                ],
                "fr": [
                  "Paris"
                ],
                "nl": [
                  "Paris"
                ],
                "es": [
                  "Paris"
                ]
              },
              "insee": "75",
              "isPartOfRegion": {
                "@id": "kb:France11",
                "@type": [
                  "Region"
                ],
                "rdfs:label": {
                  "de": [
                    "Île-de-France"
                  ],
                  "pt": [
                    "Île-de-France"
                  ],
                  "en": [
                    "Île-de-France"
                  ],
                  "it": [
                    "Île-de-France"
                  ],
                  "fr": [
                    "Île-de-France"
                  ],
                  "nl": [
                    "Île-de-France"
                  ],
                  "es": [
                    "Île-de-France"
                  ]
                },
                "insee": "11",
                "isPartOfCountry": {
                  "@id": "kb:France",
                  "@type": [
                    "schema:Country"
                  ],
                  "rdfs:label": {
                    "de": [
                      "France",
                      "Frankreich"
                    ],
                    "pt": [
                      "França",
                      "France"
                    ],
                    "en": [
                      "France"
                    ],
                    "it": [
                      "France",
                      "Francia"
                    ],
                    "fr": [
                      "France"
                    ],
                    "nl": [
                      "France",
                      "Frankrijk"
                    ],
                    "es": [
                      "France",
                      "Francia"
                    ]
                  }
                }
              }
            }
          }
        }
      ],
      "schema:geo": {
        "@id": "https://data.datatourisme.fr/59296c3b-650c-3006-8afb-e9115e513051",
        "schema:latitude": "48.871668",
        "schema:longitude": "2.378529",
        "@type": [
          "schema:GeoCoordinates"
        ]
      },
      "schema:openingHoursSpecification": [
        {
          "@id": "https://data.datatourisme.fr/f87e535a-636d-3343-ad63-8a03392e7511",
          "schema:validFrom": "2023-01-01T00:00:00",
          "schema:validThrough": "2023-12-31T23:59:59",
          "@type": [
            "schema:OpeningHoursSpecification"
          ]
        }
      ],
      "@type": [
        "schema:Place",
        "Place"
      ]
    }
  ],
  "isOwnedBy": [
    {
      "@id": "https://data.datatourisme.fr/26ecd6f0-563c-356a-b0f9-ad3ec17effc4",
      "schema:email": [
        "bgeigle@visitparisregion.com",
        "hcaldo@visitparisregion.com",
        "mtanaskovic@visitparisregion.com"
      ],
      "schema:legalName": "Comité Régional du Tourisme Paris Ile de France",
      "@type": [
        "schema:Organization",
        "foaf:Agent",
        "Agent"
      ],
      "foaf:homepage": [
        "http://www.visitparisregion.com/"
      ]
    }
  ],
  "lastUpdate": "2023-07-13",
  "lastUpdateDatatourisme": "2023-10-17T05:52:15.591Z"
}