{
  "@id": "https://data.datatourisme.fr/13/77c461ba-f566-39c6-818e-17fa52086783",
  "dc:identifier": "768316",
  "@type": [
    "schema:FoodEstablishment",
    "schema:Winery",
    "BistroOrWineBar",
    "FoodEstablishment",
    "PlaceOfInterest",
    "PointOfInterest",
    "SportsAndLeisurePlace"
  ],
  "rdfs:comment": {
    "de": [
      "Ein lokales Bier, ein Laden im Herzen eines Viertels, das sich im Umbruch befindet, ein Ort des Lebens und des Austauschs, eine Brauerei, die man besuchen sollte!"
    ],
    "en": [
      "A local beer, a shop in the heart of a district in full mutation, a place of life and exchange, a brewery to visit!"
    ],
    "it": [
      "Una birra locale, un negozio nel cuore di un quartiere in evoluzione, un luogo di vita e di scambio, un birrificio da visitare!"
    ],
    "fr": [
      "Une bière locale, une boutique au coeur d'un quartier en pleine mutation, un lieu de vie et d'échange, une brasserie à visiter !"
    ],
    "es": [
      "Una cerveza local, una tienda en el corazón de un barrio cambiante, un lugar para vivir e intercambiar, ¡una cervecería para visitar!"
    ],
    "nl": [
      "Een lokaal bier, een winkel in het hart van een veranderende buurt, een plek om te wonen en te ruilen, een brouwerij om te bezoeken!"
    ]
  },
  "rdfs:label": {
    "fr": [
      "Brasserie de la Goutte d'Or"
    ]
  },
  "hasBeenCreatedBy": {
    "@id": "https://data.datatourisme.fr/13/03e0704b-5690-32de-a186-1dc3ad3316c9",
    "dc:identifier": "1019",
    "schema:email": [
      "bgeigle@visitparisregion.com",
      "hcaldo@visitparisregion.com",
      "mtanaskovic@visitparisregion.com"
    ],
    "schema:legalName": "Choose Paris Region",
    "@type": [
      "schema:Organization",
      "foaf:Agent",
      "Agent"
    ],
    "foaf:homepage": [
      "http://www.visitparisregion.com/"
    ]
  },
  "hasBeenPublishedBy": [
    {
      "@id": "https://data.datatourisme.fr/8a9feb4b-2cbd-3d2c-b507-bd6c6776b23b",
      "schema:legalName": "Apidae Tourisme Scic SA - source : Apidae Tourisme",
      "@type": [
        "schema:Organization",
        "foaf:Agent",
        "Agent"
      ],
      "foaf:homepage": [
        "https://www.apidae-tourisme.com/"
      ]
    }
  ],
  "hasContact": [
    {
      "@id": "https://data.datatourisme.fr/156b4ce5-65d1-34b1-a1ed-ff9f96065af0",
      "schema:email": [
        "contact@brasserielagouttedor.com"
      ],
      "schema:telephone": [
        "+33 9 80 64 23 51"
      ],
      "@type": [
        "foaf:Agent",
        "Agent"
      ],
      "foaf:homepage": [
        "http://www.brasserielagouttedor.com/"
      ]
    }
  ],
  "hasDescription": [
    {
      "@id": "https://data.datatourisme.fr/1033bd99-29b4-3383-93ee-04cc1868bd1e",
      "@type": [
        "Description"
      ],
      "hasTranslatedProperty": [
        {
          "@id": "https://data.datatourisme.fr/4af25f11-90c7-3023-9ae3-d773438ff15f",
          "dc:contributor": [
            "https://api.deepl.com/v2/translate"
          ],
          "rdf:language": [
            "it"
          ],
          "rdf:predicate": [
            "shortDescription"
          ]
        },
        {
          "@id": "https://data.datatourisme.fr/73034449-8a86-3197-8390-ab2dcb0cff46",
          "dc:contributor": [
            "https://api.deepl.com/v2/translate"
          ],
          "rdf:language": [
            "nl"
          ],
          "rdf:predicate": [
            "shortDescription"
          ]
        },
        {
          "@id": "https://data.datatourisme.fr/bf15956b-4cbe-3b8d-8b9a-a1af336292ac",
          "dc:contributor": [
            "https://api.deepl.com/v2/translate"
          ],
          "rdf:language": [
            "es"
          ],
          "rdf:predicate": [
            "shortDescription"
          ]
        },
        {
          "@id": "https://data.datatourisme.fr/c2687aae-9330-30ab-9ebb-186572686895",
          "dc:contributor": [
            "https://api.deepl.com/v2/translate"
          ],
          "rdf:language": [
            "de"
          ],
          "rdf:predicate": [
            "shortDescription"
          ]
        },
        {
          "@id": "https://data.datatourisme.fr/ddd3c1d6-79c9-3eb4-8461-f99eccb6b2dc",
          "dc:contributor": [
            "https://api.deepl.com/v2/translate"
          ],
          "rdf:language": [
            "en"
          ],
          "rdf:predicate": [
            "shortDescription"
          ]
        }
      ],
      "shortDescription": {
        "de": [
          "Ein lokales Bier, ein Laden im Herzen eines Viertels, das sich im Umbruch befindet, ein Ort des Lebens und des Austauschs, eine Brauerei, die man besuchen sollte!"
        ],
        "en": [
          "A local beer, a shop in the heart of a district in full mutation, a place of life and exchange, a brewery to visit!"
        ],
        "it": [
          "Una birra locale, un negozio nel cuore di un quartiere in evoluzione, un luogo di vita e di scambio, un birrificio da visitare!"
        ],
        "fr": [
          "Une bière locale, une boutique au coeur d'un quartier en pleine mutation, un lieu de vie et d'échange, une brasserie à visiter !"
        ],
        "es": [
          "Una cerveza local, una tienda en el corazón de un barrio cambiante, un lugar para vivir e intercambiar, ¡una cervecería para visitar!"
        ],
        "nl": [
          "Een lokaal bier, een winkel in het hart van een veranderende buurt, een plek om te wonen en te ruilen, een brouwerij om te bezoeken!"
        ]
      }
    }
  ],
  "hasTranslatedProperty": [
    {
      "@id": "https://data.datatourisme.fr/059ab07c-ea6f-35e0-92f1-b8b6ad858455",
      "dc:contributor": [
        "https://api.deepl.com/v2/translate"
      ],
      "rdf:language": [
        "it"
      ],
      "rdf:predicate": [
        {
          "@id": "rdfs:comment"
        }
      ]
    },
    {
      "@id": "https://data.datatourisme.fr/4765036b-9591-3523-93ea-e02d6e86c39c",
      "dc:contributor": [
        "https://api.deepl.com/v2/translate"
      ],
      "rdf:language": [
        "nl"
      ],
      "rdf:predicate": [
        {
          "@id": "rdfs:comment"
        }
      ]
    },
    {
      "@id": "https://data.datatourisme.fr/5a614c75-b937-3321-920a-6a98c52ca78d",
      "dc:contributor": [
        "https://api.deepl.com/v2/translate"
      ],
      "rdf:language": [
        "en"
      ],
      "rdf:predicate": [
        {
          "@id": "rdfs:comment"
        }
      ]
    },
    {
      "@id": "https://data.datatourisme.fr/c9d1e050-e922-3071-af38-4b8541767ccc",
      "dc:contributor": [
        "https://api.deepl.com/v2/translate"
      ],
      "rdf:language": [
        "es"
      ],
      "rdf:predicate": [
        {
          "@id": "rdfs:comment"
        }
      ]
    },
    {
      "@id": "https://data.datatourisme.fr/e5f6a234-0b2b-3fa0-b90c-8754a41de9d7",
      "dc:contributor": [
        "https://api.deepl.com/v2/translate"
      ],
      "rdf:language": [
        "de"
      ],
      "rdf:predicate": [
        {
          "@id": "rdfs:comment"
        }
      ]
    }
  ],
  "isLocatedAt": [
    {
      "@id": "https://data.datatourisme.fr/f2f80865-b155-3217-bea1-044ee84db2f3",
      "schema:address": [
        {
          "@id": "https://data.datatourisme.fr/99b2d844-9473-3aa0-afca-7d13135ad846",
          "schema:addressLocality": "Paris",
          "schema:postalCode": "75018",
          "schema:streetAddress": [
            "28 rue de la Goutte d'Or"
          ],
          "@type": [
            "schema:PostalAddress",
            "PostalAddress"
          ],
          "hasAddressCity": {
            "@id": "kb:75056",
            "@type": [
              "City"
            ],
            "rdfs:label": {
              "de": [
                "Paris"
              ],
              "pt": [
                "Paris"
              ],
              "en": [
                "Paris"
              ],
              "it": [
                "Paris"
              ],
              "fr": [
                "Paris"
              ],
              "nl": [
                "Paris"
              ],
              "es": [
                "Paris"
              ]
            },
            "insee": "75056",
            "isPartOfDepartment": {
              "@id": "kb:France1175",
              "@type": [
                "Department"
              ],
              "rdfs:label": {
                "de": [
                  "Paris"
                ],
                "pt": [
                  "Paris"
                ],
                "en": [
                  "Paris"
                ],
                "it": [
                  "Paris"
                ],
                "fr": [
                  "Paris"
                ],
                "nl": [
                  "Paris"
                ],
                "es": [
                  "Paris"
                ]
              },
              "insee": "75",
              "isPartOfRegion": {
                "@id": "kb:France11",
                "@type": [
                  "Region"
                ],
                "rdfs:label": {
                  "de": [
                    "Île-de-France"
                  ],
                  "pt": [
                    "Île-de-France"
                  ],
                  "en": [
                    "Île-de-France"
                  ],
                  "it": [
                    "Île-de-France"
                  ],
                  "fr": [
                    "Île-de-France"
                  ],
                  "nl": [
                    "Île-de-France"
                  ],
                  "es": [
                    "Île-de-France"
                  ]
                },
                "insee": "11",
                "isPartOfCountry": {
                  "@id": "kb:France",
                  "@type": [
                    "schema:Country"
                  ],
                  "rdfs:label": {
                    "de": [
                      "France",
                      "Frankreich"
                    ],
                    "pt": [
                      "França",
                      "France"
                    ],
                    "en": [
                      "France"
                    ],
                    "it": [
                      "France",
                      "Francia"
                    ],
                    "fr": [
                      "France"
                    ],
                    "nl": [
                      "France",
                      "Frankrijk"
                    ],
                    "es": [
                      "France",
                      "Francia"
                    ]
                  }
                }
              }
            }
          }
        }
      ],
      "schema:geo": {
        "@id": "https://data.datatourisme.fr/2083a339-0b5c-31df-836a-a8539599175b",
        "schema:latitude": "48.885149",
        "schema:longitude": "2.352408",
        "@type": [
          "schema:GeoCoordinates"
        ]
      },
      "schema:openingHoursSpecification": [
        {
          "@id": "https://data.datatourisme.fr/85b674aa-67cc-3010-99d1-e00aed83ada5",
          "schema:closes": "19:00:00",
          "schema:opens": "17:00:00",
          "schema:validFrom": "2023-01-01T00:00:00",
          "schema:validThrough": "2023-12-31T23:59:59",
          "@type": [
            "schema:OpeningHoursSpecification"
          ],
          "additionalInformation": {
            "de": [
              "Samstags ab 14.00 Uhr geöffnet"
            ],
            "en": [
              "Open from 2pm on Saturdays"
            ],
            "it": [
              "Aperto dalle 14:00 di sabato"
            ],
            "fr": [
              "Ouvert dès 14h00 le samedi"
            ],
            "nl": [
              "Open vanaf 14:00 op zaterdag"
            ],
            "es": [
              "Abierto a partir de las 14:00 horas del sábado"
            ]
          },
          "hasTranslatedProperty": [
            {
              "@id": "https://data.datatourisme.fr/4edbd6f8-af58-31c4-a870-a725fd943e70",
              "dc:contributor": [
                "https://api.deepl.com/v2/translate"
              ],
              "rdf:language": [
                "de"
              ],
              "rdf:predicate": [
                "additionalInformation"
              ]
            },
            {
              "@id": "https://data.datatourisme.fr/50d65aeb-30d3-35e6-9b75-108480f79c5e",
              "dc:contributor": [
                "https://api.deepl.com/v2/translate"
              ],
              "rdf:language": [
                "nl"
              ],
              "rdf:predicate": [
                "additionalInformation"
              ]
            },
            {
              "@id": "https://data.datatourisme.fr/52a8d4d0-d215-36ab-80b4-3859747d329b",
              "dc:contributor": [
                "https://api.deepl.com/v2/translate"
              ],
              "rdf:language": [
                "it"
              ],
              "rdf:predicate": [
                "additionalInformation"
              ]
            },
            {
              "@id": "https://data.datatourisme.fr/55913f89-527c-3c05-b945-d2a28047aa17",
              "dc:contributor": [
                "https://api.deepl.com/v2/translate"
              ],
              "rdf:language": [
                "en"
              ],
              "rdf:predicate": [
                "additionalInformation"
              ]
            },
            {
              "@id": "https://data.datatourisme.fr/7f7f1174-0294-382e-bcb6-2a9980908d7c",
              "dc:contributor": [
                "https://api.deepl.com/v2/translate"
              ],
              "rdf:language": [
                "es"
              ],
              "rdf:predicate": [
                "additionalInformation"
              ]
            }
          ]
        }
      ],
      "@type": [
        "schema:Place",
        "Place"
      ]
    }
  ],
  "isOwnedBy": [
    {
      "@id": "https://data.datatourisme.fr/26ecd6f0-563c-356a-b0f9-ad3ec17effc4",
      "schema:email": [
        "bgeigle@visitparisregion.com",
        "hcaldo@visitparisregion.com",
        "mtanaskovic@visitparisregion.com"
      ],
      "schema:legalName": "Comité Régional du Tourisme Paris Ile de France",
      "@type": [
        "schema:Organization",
        "foaf:Agent",
        "Agent"
      ],
      "foaf:homepage": [
        "http://www.visitparisregion.com/"
      ]
    }
  ],
  "lastUpdate": "2020-02-18",
  "lastUpdateDatatourisme": "2023-10-02T05:53:31.653Z"
}