{
  "@id": "https://data.datatourisme.fr/13/771c2ce1-1a5b-39bb-b419-97d58c7473c8",
  "dc:identifier": "5170354",
  "@type": [
    "CulturalSite",
    "PlaceOfInterest",
    "PointOfInterest"
  ],
  "rdfs:comment": {
    "de": [
      "Mehr als 250 Street Artists haben sich bereits auf der Mur Oberkampf ausgedrückt. In einem Viertel, in dem es von urbanen Kunstwerken nur so wimmelt, wird dieses Stück Mauer zum Aushängeschild der Pariser Street Culture."
    ],
    "en": [
      "More than 250 street artists have already expressed themselves on the Oberkampf Wall. In a neighborhood full of urban artworks, this wall is becoming the figurehead of Parisian street culture."
    ],
    "it": [
      "Più di 250 artisti di strada si sono già espressi sul muro di Oberkampf. In un quartiere ricco di opere d'arte urbana, questo muro sta diventando la figura di riferimento della cultura di strada parigina."
    ],
    "fr": [
      "Plus de 250 street artistes se sont déjà exprimés sur le Mur Oberkampf. Dans un quartier qui regorge d’œuvres d'art urbaines, ce pan de mur devient la figure de proue de la street culture parisienne."
    ],
    "nl": [
      "Meer dan 250 straatartiesten hebben zich al uitgesproken op de Oberkampf Wall. In een wijk vol stedelijke kunstwerken wordt deze muur het boegbeeld van de Parijse straatcultuur."
    ],
    "es": [
      "Más de 250 artistas callejeros se han expresado ya en el muro de Oberkampf. En un barrio lleno de obras de arte urbanas, este muro se está convirtiendo en el mascarón de proa de la cultura callejera parisina."
    ]
  },
  "rdfs:label": {
    "en": [
      "The Mur Oberkampf"
    ],
    "fr": [
      "Le Mur Oberkampf"
    ]
  },
  "hasBeenCreatedBy": {
    "@id": "https://data.datatourisme.fr/13/03e0704b-5690-32de-a186-1dc3ad3316c9",
    "dc:identifier": "1019",
    "schema:email": [
      "bgeigle@visitparisregion.com",
      "hcaldo@visitparisregion.com",
      "mtanaskovic@visitparisregion.com"
    ],
    "schema:legalName": "Choose Paris Region",
    "@type": [
      "schema:Organization",
      "foaf:Agent",
      "Agent"
    ],
    "foaf:homepage": [
      "http://www.visitparisregion.com/"
    ]
  },
  "hasBeenPublishedBy": [
    {
      "@id": "https://data.datatourisme.fr/8a9feb4b-2cbd-3d2c-b507-bd6c6776b23b",
      "schema:legalName": "Apidae Tourisme Scic SA - source : Apidae Tourisme",
      "@type": [
        "schema:Organization",
        "foaf:Agent",
        "Agent"
      ],
      "foaf:homepage": [
        "https://www.apidae-tourisme.com/"
      ]
    }
  ],
  "hasContact": [
    {
      "@id": "https://data.datatourisme.fr/390110c6-839f-345a-a826-c6fab1f570f8",
      "schema:email": [
        "associationlemur@gmail.com"
      ],
      "schema:telephone": [
        "+33 6 88 56 04 39"
      ],
      "@type": [
        "foaf:Agent",
        "Agent"
      ],
      "foaf:homepage": [
        "http://www.lemur.fr/"
      ]
    }
  ],
  "hasDescription": [
    {
      "@id": "https://data.datatourisme.fr/5b85f704-800b-3eb0-9f11-eec5824867a1",
      "@type": [
        "Description"
      ],
      "hasTranslatedProperty": [
        {
          "@id": "https://data.datatourisme.fr/346baeeb-fcbe-33f4-83d0-c92f23a6ad78",
          "dc:contributor": [
            "https://api.deepl.com/v2/translate"
          ],
          "rdf:language": [
            "it"
          ],
          "rdf:predicate": [
            "shortDescription"
          ]
        },
        {
          "@id": "https://data.datatourisme.fr/b4bcba2e-41b1-35c8-9899-5e37a3131eec",
          "dc:contributor": [
            "https://api.deepl.com/v2/translate"
          ],
          "rdf:language": [
            "nl"
          ],
          "rdf:predicate": [
            "shortDescription"
          ]
        },
        {
          "@id": "https://data.datatourisme.fr/b7360d6f-6c3b-321b-9ae3-3dce46e21351",
          "dc:contributor": [
            "https://api.deepl.com/v2/translate"
          ],
          "rdf:language": [
            "de"
          ],
          "rdf:predicate": [
            "shortDescription"
          ]
        },
        {
          "@id": "https://data.datatourisme.fr/b9fae869-ea60-30ae-bfa4-4a221c1c3948",
          "dc:contributor": [
            "https://api.deepl.com/v2/translate"
          ],
          "rdf:language": [
            "en"
          ],
          "rdf:predicate": [
            "shortDescription"
          ]
        },
        {
          "@id": "https://data.datatourisme.fr/bf153646-bd25-3b64-a673-5805e97e30c6",
          "dc:contributor": [
            "https://api.deepl.com/v2/translate"
          ],
          "rdf:language": [
            "es"
          ],
          "rdf:predicate": [
            "shortDescription"
          ]
        }
      ],
      "shortDescription": {
        "de": [
          "Mehr als 250 Street Artists haben sich bereits auf der Mur Oberkampf ausgedrückt. In einem Viertel, in dem es von urbanen Kunstwerken nur so wimmelt, wird dieses Stück Mauer zum Aushängeschild der Pariser Street Culture."
        ],
        "en": [
          "More than 250 street artists have already expressed themselves on the Oberkampf Wall. In a neighborhood full of urban artworks, this wall is becoming the figurehead of Parisian street culture."
        ],
        "it": [
          "Più di 250 artisti di strada si sono già espressi sul muro di Oberkampf. In un quartiere ricco di opere d'arte urbana, questo muro sta diventando la figura di riferimento della cultura di strada parigina."
        ],
        "fr": [
          "Plus de 250 street artistes se sont déjà exprimés sur le Mur Oberkampf. Dans un quartier qui regorge d’œuvres d'art urbaines, ce pan de mur devient la figure de proue de la street culture parisienne."
        ],
        "nl": [
          "Meer dan 250 straatartiesten hebben zich al uitgesproken op de Oberkampf Wall. In een wijk vol stedelijke kunstwerken wordt deze muur het boegbeeld van de Parijse straatcultuur."
        ],
        "es": [
          "Más de 250 artistas callejeros se han expresado ya en el muro de Oberkampf. En un barrio lleno de obras de arte urbanas, este muro se está convirtiendo en el mascarón de proa de la cultura callejera parisina."
        ]
      }
    }
  ],
  "hasTheme": [
    {
      "@id": "kb:Culture",
      "@type": [
        "CulturalTheme"
      ],
      "rdfs:label": {
        "de": [
          "Kultur"
        ],
        "pt": [
          "Cultura"
        ],
        "en": [
          "Culture"
        ],
        "it": [
          "Cultura"
        ],
        "fr": [
          "Culture"
        ],
        "nl": [
          "Cultuur"
        ],
        "es": [
          "Cultura"
        ]
      }
    }
  ],
  "hasTranslatedProperty": [
    {
      "@id": "https://data.datatourisme.fr/23b7f6d7-68c9-3f26-9f38-23acff4fafda",
      "dc:contributor": [
        "https://api.deepl.com/v2/translate"
      ],
      "rdf:language": [
        "en"
      ],
      "rdf:predicate": [
        {
          "@id": "rdfs:comment"
        }
      ]
    },
    {
      "@id": "https://data.datatourisme.fr/3ff35632-af4a-3aae-b291-6d9b7f2bace6",
      "dc:contributor": [
        "https://api.deepl.com/v2/translate"
      ],
      "rdf:language": [
        "de"
      ],
      "rdf:predicate": [
        {
          "@id": "rdfs:comment"
        }
      ]
    },
    {
      "@id": "https://data.datatourisme.fr/40a893b1-b455-34cf-8399-f435fac82aaa",
      "dc:contributor": [
        "https://api.deepl.com/v2/translate"
      ],
      "rdf:language": [
        "it"
      ],
      "rdf:predicate": [
        {
          "@id": "rdfs:comment"
        }
      ]
    },
    {
      "@id": "https://data.datatourisme.fr/8d543ad2-8f4e-3baf-8683-29b1e5463ed1",
      "dc:contributor": [
        "https://api.deepl.com/v2/translate"
      ],
      "rdf:language": [
        "nl"
      ],
      "rdf:predicate": [
        {
          "@id": "rdfs:comment"
        }
      ]
    },
    {
      "@id": "https://data.datatourisme.fr/9af0f8e5-e091-310c-b47c-d528a33e370f",
      "dc:contributor": [
        "https://api.deepl.com/v2/translate"
      ],
      "rdf:language": [
        "es"
      ],
      "rdf:predicate": [
        {
          "@id": "rdfs:comment"
        }
      ]
    }
  ],
  "isLocatedAt": [
    {
      "@id": "https://data.datatourisme.fr/e083e103-6190-3361-9e96-fcab50fb30f4",
      "schema:address": [
        {
          "@id": "https://data.datatourisme.fr/a634e405-80cd-3170-b9b6-56b8d6d7482f",
          "schema:addressLocality": "Paris 11e Arrondissement",
          "schema:postalCode": "75011",
          "schema:streetAddress": [
            "107 rue Oberkampf"
          ],
          "@type": [
            "schema:PostalAddress",
            "PostalAddress"
          ],
          "hasAddressCity": {
            "@id": "kb:75111",
            "@type": [
              "City"
            ],
            "rdfs:label": {
              "de": [
                "Paris 11e Arrondissement"
              ],
              "pt": [
                "Paris 11e Arrondissement"
              ],
              "en": [
                "Paris 11e Arrondissement"
              ],
              "it": [
                "Paris 11e Arrondissement"
              ],
              "fr": [
                "Paris 11e Arrondissement"
              ],
              "nl": [
                "Paris 11e Arrondissement"
              ],
              "es": [
                "Paris 11e Arrondissement"
              ]
            },
            "insee": "75111",
            "isPartOfDepartment": {
              "@id": "kb:France1175",
              "@type": [
                "Department"
              ],
              "rdfs:label": {
                "de": [
                  "Paris"
                ],
                "pt": [
                  "Paris"
                ],
                "en": [
                  "Paris"
                ],
                "it": [
                  "Paris"
                ],
                "fr": [
                  "Paris"
                ],
                "nl": [
                  "Paris"
                ],
                "es": [
                  "Paris"
                ]
              },
              "insee": "75",
              "isPartOfRegion": {
                "@id": "kb:France11",
                "@type": [
                  "Region"
                ],
                "rdfs:label": {
                  "de": [
                    "Île-de-France"
                  ],
                  "pt": [
                    "Île-de-France"
                  ],
                  "en": [
                    "Île-de-France"
                  ],
                  "it": [
                    "Île-de-France"
                  ],
                  "fr": [
                    "Île-de-France"
                  ],
                  "nl": [
                    "Île-de-France"
                  ],
                  "es": [
                    "Île-de-France"
                  ]
                },
                "insee": "11",
                "isPartOfCountry": {
                  "@id": "kb:France",
                  "@type": [
                    "schema:Country"
                  ],
                  "rdfs:label": {
                    "de": [
                      "France",
                      "Frankreich"
                    ],
                    "pt": [
                      "França",
                      "France"
                    ],
                    "en": [
                      "France"
                    ],
                    "it": [
                      "France",
                      "Francia"
                    ],
                    "fr": [
                      "France"
                    ],
                    "nl": [
                      "France",
                      "Frankrijk"
                    ],
                    "es": [
                      "France",
                      "Francia"
                    ]
                  }
                }
              }
            }
          }
        }
      ],
      "schema:geo": {
        "@id": "https://data.datatourisme.fr/454f9c7c-6c71-3cf2-b1d1-6d12a6d1bfe6",
        "schema:latitude": "48.86585",
        "schema:longitude": "2.377788",
        "@type": [
          "schema:GeoCoordinates"
        ]
      },
      "schema:openingHoursSpecification": [
        {
          "@id": "https://data.datatourisme.fr/f87e535a-636d-3343-ad63-8a03392e7511",
          "schema:validFrom": "2023-01-01T00:00:00",
          "schema:validThrough": "2023-12-31T23:59:59",
          "@type": [
            "schema:OpeningHoursSpecification"
          ]
        }
      ],
      "@type": [
        "schema:Place",
        "Place"
      ]
    }
  ],
  "isOwnedBy": [
    {
      "@id": "https://data.datatourisme.fr/26ecd6f0-563c-356a-b0f9-ad3ec17effc4",
      "schema:email": [
        "bgeigle@visitparisregion.com",
        "hcaldo@visitparisregion.com",
        "mtanaskovic@visitparisregion.com"
      ],
      "schema:legalName": "Comité Régional du Tourisme Paris Ile de France",
      "@type": [
        "schema:Organization",
        "foaf:Agent",
        "Agent"
      ],
      "foaf:homepage": [
        "http://www.visitparisregion.com/"
      ]
    }
  ],
  "lastUpdate": "2023-07-13",
  "lastUpdateDatatourisme": "2023-10-02T05:53:31.807Z"
}