{
  "@id": "https://data.datatourisme.fr/13/77e279d1-6045-3fcb-b01f-c4b378edc13e",
  "dc:identifier": "697438",
  "@type": [
    "CivilCemetery",
    "CulturalSite",
    "PlaceOfInterest",
    "PointOfInterest",
    "RemembranceSite"
  ],
  "rdfs:comment": {
    "de": [
      "Jim Morrison, Edith piaf und Molière auf \"Père-Lachaise\": Die größte Grünfläche von Paris ist auch einer der größten Friedhöfe der Welt."
    ],
    "en": [
      "Jim Morrison, Edith piaf and Molière at \"Père-Lachaise\": the largest green space in Paris is also one of the largest cemeteries in the world."
    ],
    "it": [
      "Jim Morrison, Edith Piaf e Molière al Père-Lachaise: il più grande spazio verde di Parigi è anche uno dei più grandi cimiteri del mondo."
    ],
    "fr": [
      "Jim Morrison, Edith piaf et Molière au « Père-Lachaise » : le plus grand espace vert de Paris est aussi l’un des plus grands cimetières au monde."
    ],
    "es": [
      "Jim Morrison, Edith Piaf y Molière en el Père-Lachaise: el mayor espacio verde de París es también uno de los mayores cementerios del mundo."
    ],
    "nl": [
      "Jim Morrison, Edith Piaf en Molière op \"Père-Lachaise\": de grootste groene ruimte van Parijs is ook een van de grootste begraafplaatsen ter wereld."
    ]
  },
  "rdfs:label": {
    "en": [
      "Cimetière du Père-Lachaise"
    ],
    "fr": [
      "Cimetière du Père-Lachaise"
    ]
  },
  "owl:sameAs": [
    "http://www.wikidata.org/entity/Q311"
  ],
  "hasBeenCreatedBy": {
    "@id": "https://data.datatourisme.fr/13/03e0704b-5690-32de-a186-1dc3ad3316c9",
    "dc:identifier": "1019",
    "schema:email": [
      "bgeigle@visitparisregion.com",
      "hcaldo@visitparisregion.com",
      "mtanaskovic@visitparisregion.com"
    ],
    "schema:legalName": "Choose Paris Region",
    "@type": [
      "schema:Organization",
      "foaf:Agent",
      "Agent"
    ],
    "foaf:homepage": [
      "http://www.visitparisregion.com/"
    ]
  },
  "hasBeenPublishedBy": [
    {
      "@id": "https://data.datatourisme.fr/8a9feb4b-2cbd-3d2c-b507-bd6c6776b23b",
      "schema:legalName": "Apidae Tourisme Scic SA - source : Apidae Tourisme",
      "@type": [
        "schema:Organization",
        "foaf:Agent",
        "Agent"
      ],
      "foaf:homepage": [
        "https://www.apidae-tourisme.com/"
      ]
    }
  ],
  "hasContact": [
    {
      "@id": "https://data.datatourisme.fr/07539799-fe25-3796-ab1d-ab5ea73a8b0f",
      "schema:telephone": [
        "+33 1 55 25 82 10"
      ],
      "@type": [
        "foaf:Agent",
        "Agent"
      ],
      "foaf:homepage": [
        "https://pere-lachaise.com/"
      ]
    }
  ],
  "hasDescription": [
    {
      "@id": "https://data.datatourisme.fr/c96796f5-6d6a-3e00-b0ac-35be4ba83e54",
      "@type": [
        "Description"
      ],
      "hasTranslatedProperty": [
        {
          "@id": "https://data.datatourisme.fr/36881ea2-ac35-32d6-9bee-290f69a0706e",
          "dc:contributor": [
            "https://api.deepl.com/v2/translate"
          ],
          "rdf:language": [
            "nl"
          ],
          "rdf:predicate": [
            "shortDescription"
          ]
        },
        {
          "@id": "https://data.datatourisme.fr/737f772e-3458-32c0-bc14-8cb082077243",
          "dc:contributor": [
            "https://api.deepl.com/v2/translate"
          ],
          "rdf:language": [
            "en"
          ],
          "rdf:predicate": [
            "shortDescription"
          ]
        },
        {
          "@id": "https://data.datatourisme.fr/be5f246e-8e1a-334d-830f-da773ff1d6ba",
          "dc:contributor": [
            "https://api.deepl.com/v2/translate"
          ],
          "rdf:language": [
            "de"
          ],
          "rdf:predicate": [
            "shortDescription"
          ]
        },
        {
          "@id": "https://data.datatourisme.fr/f1a73592-f9cc-36b9-8cd3-be8743ce5cea",
          "dc:contributor": [
            "https://api.deepl.com/v2/translate"
          ],
          "rdf:language": [
            "it"
          ],
          "rdf:predicate": [
            "shortDescription"
          ]
        },
        {
          "@id": "https://data.datatourisme.fr/fd0890bb-24eb-31e0-9d6e-c4f5b5d5338a",
          "dc:contributor": [
            "https://api.deepl.com/v2/translate"
          ],
          "rdf:language": [
            "es"
          ],
          "rdf:predicate": [
            "shortDescription"
          ]
        }
      ],
      "shortDescription": {
        "de": [
          "Jim Morrison, Edith piaf und Molière auf \"Père-Lachaise\": Die größte Grünfläche von Paris ist auch einer der größten Friedhöfe der Welt."
        ],
        "en": [
          "Jim Morrison, Edith piaf and Molière at \"Père-Lachaise\": the largest green space in Paris is also one of the largest cemeteries in the world."
        ],
        "it": [
          "Jim Morrison, Edith Piaf e Molière al Père-Lachaise: il più grande spazio verde di Parigi è anche uno dei più grandi cimiteri del mondo."
        ],
        "fr": [
          "Jim Morrison, Edith piaf et Molière au « Père-Lachaise » : le plus grand espace vert de Paris est aussi l’un des plus grands cimetières au monde."
        ],
        "es": [
          "Jim Morrison, Edith Piaf y Molière en el Père-Lachaise: el mayor espacio verde de París es también uno de los mayores cementerios del mundo."
        ],
        "nl": [
          "Jim Morrison, Edith Piaf en Molière op \"Père-Lachaise\": de grootste groene ruimte van Parijs is ook een van de grootste begraafplaatsen ter wereld."
        ]
      }
    }
  ],
  "hasRepresentation": [
    {
      "@id": "https://data.datatourisme.fr/fd597d8b-5d3f-35cf-90b0-51c0513d18ac",
      "ebucore:hasAnnotation": [
        {
          "@id": "https://data.datatourisme.fr/394051ce-7ae6-3e20-a351-44cf624c1f4d",
          "ebucore:isCoveredBy": "CC BY-SA 2.0",
          "ebucore:title": {
            "fr": [
              "Main gate of the Père-Lachaise Cemetery, Paris 13 June 2014"
            ]
          },
          "@type": [
            "ebucore:Annotation"
          ],
          "credits": [
            "<a rel=\"nofollow\" class=\"external text\" href=\"https://www.flickr.com/people/22251936@N00\">Connie Ma</a> from Chicago, United States of America"
          ]
        }
      ],
      "ebucore:hasRelatedResource": [
        {
          "@id": "https://data.datatourisme.fr/5c076244-f286-3b38-80cb-60b50734e581",
          "ebucore:fileSize": [
            5555793
          ],
          "ebucore:hasMimeType": [
            {
              "@id": "kb:JPEG",
              "@type": [
                "ebucore:MimeType"
              ],
              "rdfs:comment": {
                "de": [
                  "JPEG-Bild"
                ],
                "pt": [
                  "Imagem JPEG"
                ],
                "en": [
                  "JPEG image file"
                ],
                "it": [
                  "Immagine JPEG"
                ],
                "fr": [
                  "Image JPEG"
                ],
                "nl": [
                  "JPEG-afbeelding"
                ],
                "es": [
                  "Imagen JPEG"
                ]
              },
              "rdfs:label": {
                "de": [
                  "image/jpeg"
                ],
                "pt": [
                  "image/jpeg"
                ],
                "en": [
                  "image/jpeg"
                ],
                "it": [
                  "image/jpeg"
                ],
                "fr": [
                  "image/jpeg"
                ],
                "nl": [
                  "image/jpeg"
                ],
                "es": [
                  "image/jpeg"
                ]
              }
            }
          ],
          "ebucore:height": 2848,
          "ebucore:locator": [
            "https://upload.wikimedia.org/wikipedia/commons/b/b0/Main_gate_of_the_P%C3%A8re-Lachaise_Cemetery%2C_Paris_13_June_2014.jpg"
          ],
          "ebucore:width": 4272,
          "@type": [
            "ebucore:Resource"
          ]
        }
      ],
      "@type": [
        "ebucore:EditorialObject"
      ]
    }
  ],
  "hasTheme": [
    {
      "@id": "kb:Culture",
      "@type": [
        "CulturalTheme"
      ],
      "rdfs:label": {
        "de": [
          "Kultur"
        ],
        "pt": [
          "Cultura"
        ],
        "en": [
          "Culture"
        ],
        "it": [
          "Cultura"
        ],
        "fr": [
          "Culture"
        ],
        "nl": [
          "Cultuur"
        ],
        "es": [
          "Cultura"
        ]
      }
    }
  ],
  "hasTranslatedProperty": [
    {
      "@id": "https://data.datatourisme.fr/05af0056-4988-34ea-ba41-406a68b14a30",
      "dc:contributor": [
        "https://api.deepl.com/v2/translate"
      ],
      "rdf:language": [
        "es"
      ],
      "rdf:predicate": [
        {
          "@id": "rdfs:comment"
        }
      ]
    },
    {
      "@id": "https://data.datatourisme.fr/182a8ba1-e7f7-3a77-b511-05a7fb0b5388",
      "dc:contributor": [
        "https://api.deepl.com/v2/translate"
      ],
      "rdf:language": [
        "de"
      ],
      "rdf:predicate": [
        {
          "@id": "rdfs:comment"
        }
      ]
    },
    {
      "@id": "https://data.datatourisme.fr/4974a65f-259e-3c99-9576-50cccf4f8d3d",
      "dc:contributor": [
        "https://api.deepl.com/v2/translate"
      ],
      "rdf:language": [
        "nl"
      ],
      "rdf:predicate": [
        {
          "@id": "rdfs:comment"
        }
      ]
    },
    {
      "@id": "https://data.datatourisme.fr/8997445f-434f-3914-95d4-aaf55e5b4ab6",
      "dc:contributor": [
        "https://api.deepl.com/v2/translate"
      ],
      "rdf:language": [
        "en"
      ],
      "rdf:predicate": [
        {
          "@id": "rdfs:comment"
        }
      ]
    },
    {
      "@id": "https://data.datatourisme.fr/bc1db582-d759-3e1a-b758-6f792c348801",
      "dc:contributor": [
        "https://api.deepl.com/v2/translate"
      ],
      "rdf:language": [
        "it"
      ],
      "rdf:predicate": [
        {
          "@id": "rdfs:comment"
        }
      ]
    }
  ],
  "isLocatedAt": [
    {
      "@id": "https://data.datatourisme.fr/f909d99f-0d5c-3143-952c-09ded124d7df",
      "schema:address": [
        {
          "@id": "https://data.datatourisme.fr/d890d3e4-855a-38a3-a1ab-14518122dfdc",
          "schema:addressLocality": "Paris",
          "schema:postalCode": "75020",
          "schema:streetAddress": [
            "16 rue du Repos"
          ],
          "@type": [
            "schema:PostalAddress",
            "PostalAddress"
          ],
          "hasAddressCity": {
            "@id": "kb:75056",
            "@type": [
              "City"
            ],
            "rdfs:label": {
              "de": [
                "Paris"
              ],
              "pt": [
                "Paris"
              ],
              "en": [
                "Paris"
              ],
              "it": [
                "Paris"
              ],
              "fr": [
                "Paris"
              ],
              "nl": [
                "Paris"
              ],
              "es": [
                "Paris"
              ]
            },
            "insee": "75056",
            "isPartOfDepartment": {
              "@id": "kb:France1175",
              "@type": [
                "Department"
              ],
              "rdfs:label": {
                "de": [
                  "Paris"
                ],
                "pt": [
                  "Paris"
                ],
                "en": [
                  "Paris"
                ],
                "it": [
                  "Paris"
                ],
                "fr": [
                  "Paris"
                ],
                "nl": [
                  "Paris"
                ],
                "es": [
                  "Paris"
                ]
              },
              "insee": "75",
              "isPartOfRegion": {
                "@id": "kb:France11",
                "@type": [
                  "Region"
                ],
                "rdfs:label": {
                  "de": [
                    "Île-de-France"
                  ],
                  "pt": [
                    "Île-de-France"
                  ],
                  "en": [
                    "Île-de-France"
                  ],
                  "it": [
                    "Île-de-France"
                  ],
                  "fr": [
                    "Île-de-France"
                  ],
                  "nl": [
                    "Île-de-France"
                  ],
                  "es": [
                    "Île-de-France"
                  ]
                },
                "insee": "11",
                "isPartOfCountry": {
                  "@id": "kb:France",
                  "@type": [
                    "schema:Country"
                  ],
                  "rdfs:label": {
                    "de": [
                      "France",
                      "Frankreich"
                    ],
                    "pt": [
                      "França",
                      "France"
                    ],
                    "en": [
                      "France"
                    ],
                    "it": [
                      "France",
                      "Francia"
                    ],
                    "fr": [
                      "France"
                    ],
                    "nl": [
                      "France",
                      "Frankrijk"
                    ],
                    "es": [
                      "France",
                      "Francia"
                    ]
                  }
                }
              }
            }
          }
        }
      ],
      "schema:geo": {
        "@id": "https://data.datatourisme.fr/b8fa6493-b335-388b-80e9-1683e2647601",
        "schema:latitude": "48.861163",
        "schema:longitude": "2.396173",
        "@type": [
          "schema:GeoCoordinates"
        ]
      },
      "schema:openingHoursSpecification": [
        {
          "@id": "https://data.datatourisme.fr/07dc1883-fda9-3de3-ab33-7544a5a3c4c3",
          "schema:closes": "18:00:00",
          "schema:opens": "08:00:00",
          "schema:validFrom": "2023-03-16T00:00:00",
          "schema:validThrough": "2023-11-05T23:59:59",
          "@type": [
            "schema:OpeningHoursSpecification"
          ],
          "additionalInformation": {
            "de": [
              "Öffnungszeiten: 8:30 Uhr am Samstag und 9:00 Uhr an Sonn- und Feiertagen"
            ],
            "en": [
              "Open at 8.30 a.m. on Saturdays and 9.00 a.m. on Sundays and public holidays"
            ],
            "it": [
              "Apertura alle 8.30 il sabato e alle 9.00 la domenica e i giorni festivi"
            ],
            "fr": [
              "Ouverture à 8h30 le samedi et 9h00 le dimanche et les jours fériés"
            ],
            "nl": [
              "Open om 8.30 uur op zaterdag en 9.00 uur op zon- en feestdagen"
            ],
            "es": [
              "Abierto los sábados a las 8.30 h. y los domingos y festivos a las 9.00 h"
            ]
          },
          "hasTranslatedProperty": [
            {
              "@id": "https://data.datatourisme.fr/00a4e727-d2f1-3f0b-9504-c5646e133e3d",
              "dc:contributor": [
                "https://api.deepl.com/v2/translate"
              ],
              "rdf:language": [
                "es"
              ],
              "rdf:predicate": [
                "additionalInformation"
              ]
            },
            {
              "@id": "https://data.datatourisme.fr/3ef7e89e-f0ae-3397-a1d3-483fe037af9b",
              "dc:contributor": [
                "https://api.deepl.com/v2/translate"
              ],
              "rdf:language": [
                "nl"
              ],
              "rdf:predicate": [
                "additionalInformation"
              ]
            },
            {
              "@id": "https://data.datatourisme.fr/a5e1d9ad-1407-3932-85fa-c1e8facbddb4",
              "dc:contributor": [
                "https://api.deepl.com/v2/translate"
              ],
              "rdf:language": [
                "en"
              ],
              "rdf:predicate": [
                "additionalInformation"
              ]
            },
            {
              "@id": "https://data.datatourisme.fr/ab466bb5-baf1-363e-917c-379b08fd81da",
              "dc:contributor": [
                "https://api.deepl.com/v2/translate"
              ],
              "rdf:language": [
                "de"
              ],
              "rdf:predicate": [
                "additionalInformation"
              ]
            },
            {
              "@id": "https://data.datatourisme.fr/fd3e4adf-ad16-3b48-b92e-03e48fdc4cc8",
              "dc:contributor": [
                "https://api.deepl.com/v2/translate"
              ],
              "rdf:language": [
                "it"
              ],
              "rdf:predicate": [
                "additionalInformation"
              ]
            }
          ]
        },
        {
          "@id": "https://data.datatourisme.fr/e04aa6be-5610-396d-8827-f534cc96a7cb",
          "schema:closes": "17:30:00",
          "schema:opens": "08:00:00",
          "schema:validFrom": "2023-11-06T00:00:00",
          "schema:validThrough": "2023-03-15T23:59:59",
          "@type": [
            "schema:OpeningHoursSpecification"
          ],
          "additionalInformation": {
            "de": [
              "Öffnungszeiten: 8:30 Uhr am Samstag und 9:00 Uhr an Sonn- und Feiertagen"
            ],
            "en": [
              "Open at 8.30 a.m. on Saturdays and 9.00 a.m. on Sundays and public holidays"
            ],
            "it": [
              "Apertura alle 8.30 il sabato e alle 9.00 la domenica e i giorni festivi"
            ],
            "fr": [
              "Ouverture à 8h30 le samedi et 9h00 le dimanche et les jours fériés"
            ],
            "nl": [
              "Open om 8.30 uur op zaterdag en 9.00 uur op zon- en feestdagen"
            ],
            "es": [
              "Abierto los sábados a las 8.30 h. y los domingos y festivos a las 9.00 h"
            ]
          },
          "hasTranslatedProperty": [
            {
              "@id": "https://data.datatourisme.fr/6796af90-72b4-371d-8ed4-819571b4644c",
              "dc:contributor": [
                "https://api.deepl.com/v2/translate"
              ],
              "rdf:language": [
                "en"
              ],
              "rdf:predicate": [
                "additionalInformation"
              ]
            },
            {
              "@id": "https://data.datatourisme.fr/95c098f0-b9f6-3b31-a418-9735b2c21bb7",
              "dc:contributor": [
                "https://api.deepl.com/v2/translate"
              ],
              "rdf:language": [
                "nl"
              ],
              "rdf:predicate": [
                "additionalInformation"
              ]
            },
            {
              "@id": "https://data.datatourisme.fr/97e22178-0cfb-3e7f-8eb6-e712a8003438",
              "dc:contributor": [
                "https://api.deepl.com/v2/translate"
              ],
              "rdf:language": [
                "de"
              ],
              "rdf:predicate": [
                "additionalInformation"
              ]
            },
            {
              "@id": "https://data.datatourisme.fr/cab173a4-8e81-36d2-89ea-44c49355d844",
              "dc:contributor": [
                "https://api.deepl.com/v2/translate"
              ],
              "rdf:language": [
                "it"
              ],
              "rdf:predicate": [
                "additionalInformation"
              ]
            },
            {
              "@id": "https://data.datatourisme.fr/cb6fe11e-df9e-374d-a506-b8ec8c504269",
              "dc:contributor": [
                "https://api.deepl.com/v2/translate"
              ],
              "rdf:language": [
                "es"
              ],
              "rdf:predicate": [
                "additionalInformation"
              ]
            }
          ]
        }
      ],
      "@type": [
        "schema:Place",
        "Place"
      ]
    }
  ],
  "isOwnedBy": [
    {
      "@id": "https://data.datatourisme.fr/3b8a790a-ebad-39c6-9a18-c5663001f469",
      "schema:email": [
        "bgeigle@visitparisregion.com",
        "hcaldo@visitparisregion.com",
        "mtanaskovic@visitparisregion.com"
      ],
      "schema:legalName": "Choose Paris Region",
      "@type": [
        "schema:Organization",
        "foaf:Agent",
        "Agent"
      ],
      "foaf:homepage": [
        "http://www.visitparisregion.com/"
      ]
    }
  ],
  "lastUpdate": "2023-07-13",
  "lastUpdateDatatourisme": "2023-10-02T05:53:31.693Z"
}