{
  "@id": "https://data.datatourisme.fr/19/778aa026-1abc-3064-974a-ad4d3740cefd",
  "dc:identifier": "39f704ee-5a3c-c24e-473b-57236f945506",
  "@type": [
    "schema:LocalBusiness",
    "schema:Museum",
    "CulturalSite",
    "Museum",
    "PlaceOfInterest",
    "PointOfInterest"
  ],
  "rdfs:comment": {
    "de": [
      "Die Keller des Louvre wurden im 18. Jahrhundert vom Sommelier Ludwigs XV. erbaut. Sie beherbergten damals die Weine, die am Hof des französischen Königs serviert wurden, und waren durch einen Tunnel mit dem Louvre verbunden, um Diebstähle durch Räuber zu verhindern. Einige Jahrhunderte später sind diese Keller immer noch dem Wein gewidmet und bieten spielerische Experimente an, um die Geheimnisse des kostbaren Nektars zu entdecken und dabei unsere fünf Sinne anzusprechen. Nach einem Rundgang durch die verschiedenen Räume - den Verkostungsraum, den Raum der Aromen, den Raum der Flaschenabfüllung... - wird der Besucher zum wahren Genießer. - wird der Besucher zum Kenner oder gar Liebhaber?"
    ],
    "en": [
      "The Caves du Louvre were built in the 18th century by the sommelier of Louis XV. They housed the wines served at the court of the King of France and were connected to the Louvre by a tunnel to avoid robberies. A few centuries later, these cellars are still dedicated to wine and offer fun experiences to discover the secrets of the precious nectar, using all five senses. After visiting the different areas - the tasting room, the aroma room, the bottling room... - the visitor will come out a connoisseur, even an amateur.."
    ],
    "it": [
      "Le Grotte del Louvre furono costruite nel XVIII secolo dal sommelier di Luigi XV. Ospitavano i vini serviti alla corte del re di Francia ed erano collegati al Louvre da un tunnel per evitare i furti. Qualche secolo dopo, queste cantine sono ancora dedicate al vino e offrono esperienze divertenti per scoprire i segreti del prezioso nettare, facendo appello ai nostri cinque sensi. Dopo aver visitato le diverse aree - la sala di degustazione, la sala degli aromi, la sala di imbottigliamento... - il visitatore ne uscirà un conoscitore o addirittura un dilettante?"
    ],
    "fr": [
      "Les Caves du Louvre ont été construites au XVIIIe siècle par le sommelier de Louis XV. Elles abritaient alors les vins servis à la cour du roi de France et étaient reliées au Louvre par un tunnel pour éviter les vols de brigands. Quelques siècles plus tard, ces caves sont toujours dédiées au vin et proposent des expériences ludiques pour découvrir les secrets du précieux nectar, en faisant appel à nos cinq sens. Après avoir parcouru ses différents espaces - la salle de dégustation, des arômes, de mise en bouteille... - le visiteur en sortira connaisseur, voire amateur…"
    ],
    "es": [
      "Las Cuevas del Louvre fueron construidas en el siglo XVIII por el sumiller de Luis XV. Albergaban los vinos que se servían en la corte del rey de Francia y estaban unidas al Louvre por un túnel para evitar robos. Unos siglos después, estas bodegas siguen dedicadas al vino y ofrecen divertidas experiencias para descubrir los secretos del preciado néctar, apelando a nuestros cinco sentidos. Después de visitar las diferentes áreas - la sala de catas, la sala de aromas, la sala de embotellado... - ¿el visitante saldrá convertido en un entendido, o incluso en un aficionado?"
    ],
    "nl": [
      "De Caves du Louvre werden in de 18e eeuw gebouwd door de sommelier van Lodewijk XV. Zij herbergden de wijnen die aan het hof van de koning van Frankrijk werden geschonken en waren met het Louvre verbonden door een tunnel om overvallen te voorkomen. Enkele eeuwen later zijn deze kelders nog steeds gewijd aan wijn en bieden ze leuke ervaringen om de geheimen van de kostbare nectar te ontdekken, door een beroep te doen op onze vijf zintuigen. Na een bezoek aan de verschillende ruimtes - het proeflokaal, het aroma lokaal, de bottelarij... - zal de bezoeker een kenner worden, of zelfs een amateur?"
    ]
  },
  "rdfs:label": {
    "fr": [
      "Les Caves du Louvre"
    ]
  },
  "owl:sameAs": [
    "http://www.wikidata.org/entity/Q108781876"
  ],
  "hasBeenCreatedBy": {
    "@id": "https://data.datatourisme.fr/73f9361b-7fdb-3a8c-8c11-182ef0152392",
    "schema:email": [
      "opendata@parisinfo.com"
    ],
    "schema:legalName": "Office de Tourisme de Paris",
    "@type": [
      "schema:Organization",
      "foaf:Agent",
      "Agent"
    ],
    "foaf:homepage": [
      "https://www.parisinfo.com/"
    ]
  },
  "hasBeenPublishedBy": [
    {
      "@id": "https://data.datatourisme.fr/73f9361b-7fdb-3a8c-8c11-182ef0152392",
      "schema:email": [
        "opendata@parisinfo.com"
      ],
      "schema:legalName": "Office de Tourisme de Paris",
      "@type": [
        "schema:Organization",
        "foaf:Agent",
        "Agent"
      ],
      "foaf:homepage": [
        "https://www.parisinfo.com/"
      ]
    }
  ],
  "hasContact": [
    {
      "@id": "https://data.datatourisme.fr/0d6daeab-ae55-3dd3-afbf-24558db2be68",
      "schema:email": [
        "contact@cavesdulouvre.com"
      ],
      "schema:telephone": [
        "+33 1 40 28 13 11"
      ],
      "@type": [
        "foaf:Agent",
        "Agent"
      ],
      "foaf:homepage": [
        "https://www.cavesdulouvre.com/"
      ]
    }
  ],
  "hasDescription": [
    {
      "@id": "https://data.datatourisme.fr/81f10461-332e-3506-905c-69a3da1d1b59",
      "dc:description": {
        "de": [
          "Die Keller des Louvre wurden im 18. Jahrhundert vom Sommelier Ludwigs XV. erbaut. Sie beherbergten damals die Weine, die am Hof des französischen Königs serviert wurden, und waren durch einen Tunnel mit dem Louvre verbunden, um Diebstähle durch Räuber zu verhindern. Einige Jahrhunderte später sind diese Keller immer noch dem Wein gewidmet und bieten spielerische Experimente an, um die Geheimnisse des kostbaren Nektars zu entdecken und dabei unsere fünf Sinne anzusprechen. Nach einem Rundgang durch die verschiedenen Räume - den Verkostungsraum, den Raum der Aromen, den Raum der Flaschenabfüllung... - wird der Besucher zum wahren Genießer. - wird der Besucher zum Kenner oder gar Liebhaber?"
        ],
        "en": [
          "The Caves du Louvre were built in the 18th century by the sommelier of Louis XV. They housed the wines served at the court of the King of France and were connected to the Louvre by a tunnel to avoid robberies. A few centuries later, these cellars are still dedicated to wine and offer fun experiences to discover the secrets of the precious nectar, using all five senses. After visiting the different areas - the tasting room, the aroma room, the bottling room... - the visitor will come out a connoisseur, even an amateur.."
        ],
        "it": [
          "Le Grotte del Louvre furono costruite nel XVIII secolo dal sommelier di Luigi XV. Ospitavano i vini serviti alla corte del re di Francia ed erano collegati al Louvre da un tunnel per evitare i furti. Qualche secolo dopo, queste cantine sono ancora dedicate al vino e offrono esperienze divertenti per scoprire i segreti del prezioso nettare, facendo appello ai nostri cinque sensi. Dopo aver visitato le diverse aree - la sala di degustazione, la sala degli aromi, la sala di imbottigliamento... - il visitatore ne uscirà un conoscitore o addirittura un dilettante?"
        ],
        "fr": [
          "Les Caves du Louvre ont été construites au XVIIIe siècle par le sommelier de Louis XV. Elles abritaient alors les vins servis à la cour du roi de France et étaient reliées au Louvre par un tunnel pour éviter les vols de brigands. Quelques siècles plus tard, ces caves sont toujours dédiées au vin et proposent des expériences ludiques pour découvrir les secrets du précieux nectar, en faisant appel à nos cinq sens. Après avoir parcouru ses différents espaces - la salle de dégustation, des arômes, de mise en bouteille... - le visiteur en sortira connaisseur, voire amateur…"
        ],
        "es": [
          "Las Cuevas del Louvre fueron construidas en el siglo XVIII por el sumiller de Luis XV. Albergaban los vinos que se servían en la corte del rey de Francia y estaban unidas al Louvre por un túnel para evitar robos. Unos siglos después, estas bodegas siguen dedicadas al vino y ofrecen divertidas experiencias para descubrir los secretos del preciado néctar, apelando a nuestros cinco sentidos. Después de visitar las diferentes áreas - la sala de catas, la sala de aromas, la sala de embotellado... - ¿el visitante saldrá convertido en un entendido, o incluso en un aficionado?"
        ],
        "nl": [
          "De Caves du Louvre werden in de 18e eeuw gebouwd door de sommelier van Lodewijk XV. Zij herbergden de wijnen die aan het hof van de koning van Frankrijk werden geschonken en waren met het Louvre verbonden door een tunnel om overvallen te voorkomen. Enkele eeuwen later zijn deze kelders nog steeds gewijd aan wijn en bieden ze leuke ervaringen om de geheimen van de kostbare nectar te ontdekken, door een beroep te doen op onze vijf zintuigen. Na een bezoek aan de verschillende ruimtes - het proeflokaal, het aroma lokaal, de bottelarij... - zal de bezoeker een kenner worden, of zelfs een amateur?"
        ]
      },
      "@type": [
        "Description"
      ],
      "hasTranslatedProperty": [
        {
          "@id": "https://data.datatourisme.fr/077632ae-9aa2-329c-a653-7708ab050e0a",
          "dc:contributor": [
            "https://api.deepl.com/v2/translate"
          ],
          "rdf:language": [
            "es"
          ],
          "rdf:predicate": [
            {
              "@id": "dc:description"
            }
          ]
        },
        {
          "@id": "https://data.datatourisme.fr/0d2d3323-1272-3afa-a518-8d2c6ec9d470",
          "dc:contributor": [
            "https://api.deepl.com/v2/translate"
          ],
          "rdf:language": [
            "it"
          ],
          "rdf:predicate": [
            "shortDescription"
          ]
        },
        {
          "@id": "https://data.datatourisme.fr/2b4dccb6-a26d-31f0-a1a9-08eb1ed0160b",
          "dc:contributor": [
            "https://api.deepl.com/v2/translate"
          ],
          "rdf:language": [
            "de"
          ],
          "rdf:predicate": [
            {
              "@id": "dc:description"
            }
          ]
        },
        {
          "@id": "https://data.datatourisme.fr/53f030ff-fee9-3a47-af3f-0a8c9226431d",
          "dc:contributor": [
            "https://api.deepl.com/v2/translate"
          ],
          "rdf:language": [
            "nl"
          ],
          "rdf:predicate": [
            "shortDescription"
          ]
        },
        {
          "@id": "https://data.datatourisme.fr/690131a6-8bf9-3c5a-bd4b-319a1701e3f9",
          "dc:contributor": [
            "https://api.deepl.com/v2/translate"
          ],
          "rdf:language": [
            "en"
          ],
          "rdf:predicate": [
            "shortDescription"
          ]
        },
        {
          "@id": "https://data.datatourisme.fr/798e2cb5-1a42-3f34-845d-e821e75b82ff",
          "dc:contributor": [
            "https://api.deepl.com/v2/translate"
          ],
          "rdf:language": [
            "de"
          ],
          "rdf:predicate": [
            "shortDescription"
          ]
        },
        {
          "@id": "https://data.datatourisme.fr/7f654129-ef07-3c89-805d-297ba64d4ddc",
          "dc:contributor": [
            "https://api.deepl.com/v2/translate"
          ],
          "rdf:language": [
            "nl"
          ],
          "rdf:predicate": [
            {
              "@id": "dc:description"
            }
          ]
        },
        {
          "@id": "https://data.datatourisme.fr/8ca6d53b-5fe4-350c-a96a-6a474476533c",
          "dc:contributor": [
            "https://api.deepl.com/v2/translate"
          ],
          "rdf:language": [
            "es"
          ],
          "rdf:predicate": [
            "shortDescription"
          ]
        },
        {
          "@id": "https://data.datatourisme.fr/d78493ec-4b83-3054-b5b9-d92a73831a05",
          "dc:contributor": [
            "https://api.deepl.com/v2/translate"
          ],
          "rdf:language": [
            "it"
          ],
          "rdf:predicate": [
            {
              "@id": "dc:description"
            }
          ]
        },
        {
          "@id": "https://data.datatourisme.fr/f5dda5c8-5837-38a3-afff-6a40721f959d",
          "dc:contributor": [
            "https://api.deepl.com/v2/translate"
          ],
          "rdf:language": [
            "en"
          ],
          "rdf:predicate": [
            {
              "@id": "dc:description"
            }
          ]
        }
      ],
      "shortDescription": {
        "de": [
          "Die Keller des Louvre wurden im 18. Jahrhundert vom Sommelier Ludwigs XV. erbaut. Sie beherbergten damals die Weine, die am Hof des französischen Königs serviert wurden, und waren durch einen Tunnel mit dem Louvre verbunden, um Diebstähle durch Räuber zu verhindern. Einige Jahrhunderte später sind diese Keller immer noch dem Wein gewidmet und bieten spielerische Experimente an, um die Geheimnisse des kostbaren Nektars zu entdecken und dabei unsere fünf Sinne anzusprechen. Nach einem Rundgang durch die verschiedenen Räume - den Verkostungsraum, den Raum der Aromen, den Raum der Flaschenabfüllung... - wird der Besucher zum wahren Genießer. - wird der Besucher zum Kenner oder gar Liebhaber?"
        ],
        "en": [
          "The Caves du Louvre were built in the 18th century by the sommelier of Louis XV. They housed the wines served at the court of the King of France and were connected to the Louvre by a tunnel to avoid robberies. A few centuries later, these cellars are still dedicated to wine and offer fun experiences to discover the secrets of the precious nectar, using all five senses. After visiting the different areas - the tasting room, the aroma room, the bottling room... - the visitor will come out a connoisseur, even an amateur.."
        ],
        "it": [
          "Le Grotte del Louvre furono costruite nel XVIII secolo dal sommelier di Luigi XV. Ospitavano i vini serviti alla corte del re di Francia ed erano collegati al Louvre da un tunnel per evitare i furti. Qualche secolo dopo, queste cantine sono ancora dedicate al vino e offrono esperienze divertenti per scoprire i segreti del prezioso nettare, facendo appello ai nostri cinque sensi. Dopo aver visitato le diverse aree - la sala di degustazione, la sala degli aromi, la sala di imbottigliamento... - il visitatore ne uscirà un conoscitore o addirittura un dilettante?"
        ],
        "fr": [
          "Les Caves du Louvre ont été construites au XVIIIe siècle par le sommelier de Louis XV. Elles abritaient alors les vins servis à la cour du roi de France et étaient reliées au Louvre par un tunnel pour éviter les vols de brigands. Quelques siècles plus tard, ces caves sont toujours dédiées au vin et proposent des expériences ludiques pour découvrir les secrets du précieux nectar, en faisant appel à nos cinq sens. Après avoir parcouru ses différents espaces - la salle de dégustation, des arômes, de mise en bouteille... - le visiteur en sortira connaisseur, voire amateur…"
        ],
        "es": [
          "Las Cuevas del Louvre fueron construidas en el siglo XVIII por el sumiller de Luis XV. Albergaban los vinos que se servían en la corte del rey de Francia y estaban unidas al Louvre por un túnel para evitar robos. Unos siglos después, estas bodegas siguen dedicadas al vino y ofrecen divertidas experiencias para descubrir los secretos del preciado néctar, apelando a nuestros cinco sentidos. Después de visitar las diferentes áreas - la sala de catas, la sala de aromas, la sala de embotellado... - ¿el visitante saldrá convertido en un entendido, o incluso en un aficionado?"
        ],
        "nl": [
          "De Caves du Louvre werden in de 18e eeuw gebouwd door de sommelier van Lodewijk XV. Zij herbergden de wijnen die aan het hof van de koning van Frankrijk werden geschonken en waren met het Louvre verbonden door een tunnel om overvallen te voorkomen. Enkele eeuwen later zijn deze kelders nog steeds gewijd aan wijn en bieden ze leuke ervaringen om de geheimen van de kostbare nectar te ontdekken, door een beroep te doen op onze vijf zintuigen. Na een bezoek aan de verschillende ruimtes - het proeflokaal, het aroma lokaal, de bottelarij... - zal de bezoeker een kenner worden, of zelfs een amateur?"
        ]
      }
    }
  ],
  "hasTranslatedProperty": [
    {
      "@id": "https://data.datatourisme.fr/1319b3cf-14dc-3839-ad04-8dc77ac3710f",
      "dc:contributor": [
        "https://api.deepl.com/v2/translate"
      ],
      "rdf:language": [
        "en"
      ],
      "rdf:predicate": [
        {
          "@id": "rdfs:comment"
        }
      ]
    },
    {
      "@id": "https://data.datatourisme.fr/15392c48-8a90-317c-813e-ea5c72772167",
      "dc:contributor": [
        "https://api.deepl.com/v2/translate"
      ],
      "rdf:language": [
        "nl"
      ],
      "rdf:predicate": [
        {
          "@id": "rdfs:comment"
        }
      ]
    },
    {
      "@id": "https://data.datatourisme.fr/824270b5-eae1-3d9d-8768-40ba0efc2fa5",
      "dc:contributor": [
        "https://api.deepl.com/v2/translate"
      ],
      "rdf:language": [
        "de"
      ],
      "rdf:predicate": [
        {
          "@id": "rdfs:comment"
        }
      ]
    },
    {
      "@id": "https://data.datatourisme.fr/aab04be1-5a64-3b77-ba64-7f5087d7319e",
      "dc:contributor": [
        "https://api.deepl.com/v2/translate"
      ],
      "rdf:language": [
        "es"
      ],
      "rdf:predicate": [
        {
          "@id": "rdfs:comment"
        }
      ]
    },
    {
      "@id": "https://data.datatourisme.fr/b6a4297e-a54d-315c-9a1a-f00ba38fcb71",
      "dc:contributor": [
        "https://api.deepl.com/v2/translate"
      ],
      "rdf:language": [
        "it"
      ],
      "rdf:predicate": [
        {
          "@id": "rdfs:comment"
        }
      ]
    }
  ],
  "isLocatedAt": [
    {
      "@id": "https://data.datatourisme.fr/7cefcc2a-c7eb-395e-8375-149a9e695e19",
      "schema:address": [
        {
          "@id": "https://data.datatourisme.fr/59ffb669-9152-3b2e-889d-80bc7afca90f",
          "schema:addressLocality": "Paris",
          "schema:postalCode": "75001",
          "schema:streetAddress": [
            "52 rue de l’Arbre Sec"
          ],
          "@type": [
            "schema:PostalAddress",
            "PostalAddress"
          ],
          "hasAddressCity": {
            "@id": "kb:75056",
            "@type": [
              "City"
            ],
            "rdfs:label": {
              "de": [
                "Paris"
              ],
              "pt": [
                "Paris"
              ],
              "en": [
                "Paris"
              ],
              "it": [
                "Paris"
              ],
              "fr": [
                "Paris"
              ],
              "nl": [
                "Paris"
              ],
              "es": [
                "Paris"
              ]
            },
            "insee": "75056",
            "isPartOfDepartment": {
              "@id": "kb:France1175",
              "@type": [
                "Department"
              ],
              "rdfs:label": {
                "de": [
                  "Paris"
                ],
                "pt": [
                  "Paris"
                ],
                "en": [
                  "Paris"
                ],
                "it": [
                  "Paris"
                ],
                "fr": [
                  "Paris"
                ],
                "nl": [
                  "Paris"
                ],
                "es": [
                  "Paris"
                ]
              },
              "insee": "75",
              "isPartOfRegion": {
                "@id": "kb:France11",
                "@type": [
                  "Region"
                ],
                "rdfs:label": {
                  "de": [
                    "Île-de-France"
                  ],
                  "pt": [
                    "Île-de-France"
                  ],
                  "en": [
                    "Île-de-France"
                  ],
                  "it": [
                    "Île-de-France"
                  ],
                  "fr": [
                    "Île-de-France"
                  ],
                  "nl": [
                    "Île-de-France"
                  ],
                  "es": [
                    "Île-de-France"
                  ]
                },
                "insee": "11",
                "isPartOfCountry": {
                  "@id": "kb:France",
                  "@type": [
                    "schema:Country"
                  ],
                  "rdfs:label": {
                    "de": [
                      "France",
                      "Frankreich"
                    ],
                    "pt": [
                      "França",
                      "France"
                    ],
                    "en": [
                      "France"
                    ],
                    "it": [
                      "France",
                      "Francia"
                    ],
                    "fr": [
                      "France"
                    ],
                    "nl": [
                      "France",
                      "Frankrijk"
                    ],
                    "es": [
                      "France",
                      "Francia"
                    ]
                  }
                }
              }
            }
          }
        }
      ],
      "schema:geo": {
        "@id": "https://data.datatourisme.fr/26eba837-5b7d-394f-aba8-db609818f990",
        "schema:latitude": "48.8609185",
        "schema:longitude": "2.3426595999999336",
        "@type": [
          "schema:GeoCoordinates"
        ]
      },
      "schema:openingHoursSpecification": [
        {
          "@id": "https://data.datatourisme.fr/73eab381-4a1a-3b1e-ba67-88871543fbb5",
          "@type": [
            "schema:OpeningHoursSpecification"
          ],
          "additionalInformation": {
            "de": [
              "Montag-Samstag, 14.00-18.00 Uhr (letzter Einlass); Sonntag, 14.00-17.00 Uhr (letzter Einlass).\n\nFreie Besichtigung mit Audioguide von Montag bis Freitag von 10:00 bis 13:30 Uhr (letzter Einlass 12:45 Uhr) ohne Reservierung\n\nFührungen nur mit Reservierung von Montag bis Samstag von 14:00 bis 18:00 Uhr (letzter Einlass) und Sonntag von 14:00 bis 17:00 Uhr (letzter Einlass)."
            ],
            "en": [
              "Monday-Saturday, 2-6pm (last entry); Sunday, 2-5pm (last entry).\n\nAudio-guided tours from Monday to Friday from 10 am to 1:30 pm (last entry at 12:45 pm) without reservation\n\nGuided tour by reservation only from Monday to Saturday from 2:00 pm to 6:00 pm (last entry) and on Sunday from 2:00 pm to 5:00 pm (last entry)."
            ],
            "it": [
              "Lunedì-sabato, 14-18 (ultimo ingresso); domenica, 14-17 (ultimo ingresso).\n\nVisita audioguidata dal lunedì al venerdì, dalle 10.00 alle 13.30 (ultimo ingresso alle 12.45) senza prenotazione\n\nVisita guidata su prenotazione dal lunedì al sabato dalle 14.00 alle 18.00 (ultimo ingresso) e la domenica dalle 14.00 alle 17.00 (ultimo ingresso)."
            ],
            "fr": [
              "Lundi-samedi, 14h-18h (dernière entrée) ; dimanche, 14h-17h (dernière entrée).\n\nVisite libre audioguidée du lundi au vendredi de 10h à 13H30 (dernière entrée à 12h45) sans réservation. \n\nVisite guidée sur réservation uniquement du lundi au samedi de 14h à 18h (dernière entrée) et le dimanche de 14h à 17h (dernière entrée)."
            ],
            "nl": [
              "Maandag-zaterdag, 14-18 uur (laatste toegang); zondag, 14-5 uur (laatste toegang).\n\nZelfstandige audiotour van maandag tot vrijdag van 10 tot 13.30 uur (laatste toegang om 12.45 uur) zonder reservering\n\nRondleiding alleen op reservering van maandag tot zaterdag van 14 tot 18 uur (laatste toegang) en op zondag van 14 tot 17 uur (laatste toegang)."
            ],
            "es": [
              "De lunes a sábado, de 14.00 a 18.00 horas (última entrada); domingos, de 14.00 a 17.00 horas (última entrada).\n\nVisita audioguiada de lunes a viernes, de 10.00 a 13.30 h (última entrada a las 12.45 h) sin reserva previa\n\nVisita guiada previa reserva de lunes a sábado de 14:00 a 18:00 (última entrada) y los domingos de 14:00 a 17:00 (última entrada)."
            ]
          },
          "hasTranslatedProperty": [
            {
              "@id": "https://data.datatourisme.fr/24b1b4f2-efa1-3010-adc0-693f071f3b00",
              "dc:contributor": [
                "https://api.deepl.com/v2/translate"
              ],
              "rdf:language": [
                "en"
              ],
              "rdf:predicate": [
                "additionalInformation"
              ]
            },
            {
              "@id": "https://data.datatourisme.fr/3e2e5867-e27f-3263-ba06-6124b6f1316e",
              "dc:contributor": [
                "https://api.deepl.com/v2/translate"
              ],
              "rdf:language": [
                "nl"
              ],
              "rdf:predicate": [
                "additionalInformation"
              ]
            },
            {
              "@id": "https://data.datatourisme.fr/431a66f9-ac37-31e6-b8dd-670638e1eaf9",
              "dc:contributor": [
                "https://api.deepl.com/v2/translate"
              ],
              "rdf:language": [
                "it"
              ],
              "rdf:predicate": [
                "additionalInformation"
              ]
            },
            {
              "@id": "https://data.datatourisme.fr/d801fa85-2ed9-3ebe-a4c3-b143f92f2cc6",
              "dc:contributor": [
                "https://api.deepl.com/v2/translate"
              ],
              "rdf:language": [
                "de"
              ],
              "rdf:predicate": [
                "additionalInformation"
              ]
            },
            {
              "@id": "https://data.datatourisme.fr/debc7999-9f7d-31f1-9463-fd680679a1e3",
              "dc:contributor": [
                "https://api.deepl.com/v2/translate"
              ],
              "rdf:language": [
                "es"
              ],
              "rdf:predicate": [
                "additionalInformation"
              ]
            }
          ]
        }
      ],
      "@type": [
        "schema:Place",
        "Place"
      ]
    }
  ],
  "lastUpdate": "2023-06-30",
  "lastUpdateDatatourisme": "2023-10-12T16:59:40.008Z"
}