{
  "@id": "https://data.datatourisme.fr/19/69050e52-c7d1-369b-bd04-b75d426ecb68",
  "dc:identifier": "5b9f096c-5b05-1007-3399-501ba3196e94",
  "@type": [
    "CulturalSite",
    "PlaceOfInterest",
    "PointOfInterest",
    "ReligiousSite"
  ],
  "rdfs:label": {
    "fr": [
      "Église Saint-Leu Saint-Gilles"
    ]
  },
  "owl:sameAs": [
    "http://www.wikidata.org/entity/Q1629670"
  ],
  "hasBeenCreatedBy": {
    "@id": "https://data.datatourisme.fr/73f9361b-7fdb-3a8c-8c11-182ef0152392",
    "schema:email": [
      "opendata@parisinfo.com"
    ],
    "schema:legalName": "Office de Tourisme de Paris",
    "@type": [
      "schema:Organization",
      "foaf:Agent",
      "Agent"
    ],
    "foaf:homepage": [
      "https://www.parisinfo.com/"
    ]
  },
  "hasBeenPublishedBy": [
    {
      "@id": "https://data.datatourisme.fr/73f9361b-7fdb-3a8c-8c11-182ef0152392",
      "schema:email": [
        "opendata@parisinfo.com"
      ],
      "schema:legalName": "Office de Tourisme de Paris",
      "@type": [
        "schema:Organization",
        "foaf:Agent",
        "Agent"
      ],
      "foaf:homepage": [
        "https://www.parisinfo.com/"
      ]
    }
  ],
  "hasContact": [
    {
      "@id": "https://data.datatourisme.fr/19477678-0266-33e7-b4d5-b9752fd3fc4b",
      "schema:email": [
        "saintleu.eglise@gmail.fr"
      ],
      "schema:telephone": [
        "+33 1 42 33 50 22"
      ],
      "@type": [
        "foaf:Agent",
        "Agent"
      ],
      "foaf:homepage": [
        "https://www.saintleuparis.catholique.fr/"
      ]
    }
  ],
  "hasRepresentation": [
    {
      "@id": "https://data.datatourisme.fr/14066fa7-e8be-3a1a-b93a-3918a688b1ea",
      "ebucore:hasAnnotation": [
        {
          "@id": "https://data.datatourisme.fr/ab806766-ee43-3008-ac96-1f886731f17e",
          "ebucore:isCoveredBy": "CC BY 3.0",
          "ebucore:title": {
            "fr": [
              "Église Saint-Leu-Saint-Gilles (Paris) 1"
            ]
          },
          "@type": [
            "ebucore:Annotation"
          ],
          "credits": [
            "<table style=\"margin: 1.5em auto; width:60%; background-color:#CCCCCC; border:2px solid #aaaaaa; padding:1px;\" cellspacing=\"10\"><tbody><tr><td><i><a href=\"https://upload.wikimedia.org/wikipedia/commons/9/99/%C3%89glise_Saint-Leu-Saint-Gilles_%28Paris%29_1.jpg\" class=\"internal\" title=\"Église Saint-Leu-Saint-Gilles (Paris) 1.jpg\"><b>This illustration</b></a> <b>was made by</b> </i><b><a href=\"//commons.wikimedia.org/wiki/User:Peter17\" title=\"User:Peter17\">Peter Potrowl</a></b><i>.</i>\n<p>Please credit this with : <b>© Peter Potrowl</b> in the immediate vicinity of the image. A link to my website <a rel=\"nofollow\" class=\"external text\" href=\"https://www.sitemai.eu\">sitemai.eu</a> would be much appreciated but isn't mandatory.\n</p><p>An email to\n<span typeof=\"mw:File\"><a href=\"//commons.wikimedia.org/wiki/File:UserIconMail.svg\" class=\"mw-file-description\"><img src=\"https://upload.wikimedia.org/wikipedia/commons/thumb/e/ea/UserIconMail.svg/24px-UserIconMail.svg.png\" decoding=\"async\" width=\"24\" height=\"24\" class=\"mw-file-element\" srcset=\"https://upload.wikimedia.org/wikipedia/commons/thumb/e/ea/UserIconMail.svg/36px-UserIconMail.svg.png 1.5x, https://upload.wikimedia.org/wikipedia/commons/thumb/e/ea/UserIconMail.svg/48px-UserIconMail.svg.png 2x\" data-file-width=\"700\" data-file-height=\"700\"></a></span>\n<a href=\"//commons.wikimedia.org/wiki/Special:EmailUser/Peter17\" title=\"Special:EmailUser/Peter17\">Peter Potrowl</a> would be appreciated too.\n</p><p>Do not copy this image illegally by ignoring the terms of the license below, as it is <b>not</b> in the public domain.\nIf you would like special permission to use, license, or purchase the image please contact me <span typeof=\"mw:File\"><a href=\"//commons.wikimedia.org/wiki/File:UserIconMail.svg\" class=\"mw-file-description\"><img src=\"https://upload.wikimedia.org/wikipedia/commons/thumb/e/ea/UserIconMail.svg/24px-UserIconMail.svg.png\" decoding=\"async\" width=\"24\" height=\"24\" class=\"mw-file-element\" srcset=\"https://upload.wikimedia.org/wikipedia/commons/thumb/e/ea/UserIconMail.svg/36px-UserIconMail.svg.png 1.5x, https://upload.wikimedia.org/wikipedia/commons/thumb/e/ea/UserIconMail.svg/48px-UserIconMail.svg.png 2x\" data-file-width=\"700\" data-file-height=\"700\"></a></span><a href=\"//commons.wikimedia.org/wiki/Special:EmailUser/Peter17\" title=\"Special:EmailUser/Peter17\">Peter Potrowl</a> to negotiate terms.\n</p><p>More free pictures in my <a rel=\"nofollow\" class=\"external text\" href=\"https://www.sitemai.eu\">website</a>. Donations are accepted <a rel=\"nofollow\" class=\"external text\" href=\"https://paypal.me/Peter017\">here</a> and <a rel=\"nofollow\" class=\"external text\" href=\"https://buymeacoffee.com/peter17\">here</a>.\n</p>\n</td></tr></tbody></table> (<a href=\"//commons.wikimedia.org/wiki/User_talk:Peter17\" title=\"User talk:Peter17\"><span class=\"signature-talk\">talk</span></a>)"
          ]
        }
      ],
      "ebucore:hasRelatedResource": [
        {
          "@id": "https://data.datatourisme.fr/b5159865-3c00-3b7c-b1d3-78067de70799",
          "ebucore:fileSize": [
            308535
          ],
          "ebucore:hasMimeType": [
            {
              "@id": "kb:JPEG",
              "@type": [
                "ebucore:MimeType"
              ],
              "rdfs:comment": {
                "de": [
                  "JPEG-Bild"
                ],
                "pt": [
                  "Imagem JPEG"
                ],
                "en": [
                  "JPEG image file"
                ],
                "it": [
                  "Immagine JPEG"
                ],
                "fr": [
                  "Image JPEG"
                ],
                "nl": [
                  "JPEG-afbeelding"
                ],
                "es": [
                  "Imagen JPEG"
                ]
              },
              "rdfs:label": {
                "de": [
                  "image/jpeg"
                ],
                "pt": [
                  "image/jpeg"
                ],
                "en": [
                  "image/jpeg"
                ],
                "it": [
                  "image/jpeg"
                ],
                "fr": [
                  "image/jpeg"
                ],
                "nl": [
                  "image/jpeg"
                ],
                "es": [
                  "image/jpeg"
                ]
              }
            }
          ],
          "ebucore:height": 1824,
          "ebucore:locator": [
            "https://upload.wikimedia.org/wikipedia/commons/9/99/%C3%89glise_Saint-Leu-Saint-Gilles_%28Paris%29_1.jpg"
          ],
          "ebucore:width": 1368,
          "@type": [
            "ebucore:Resource"
          ]
        }
      ],
      "@type": [
        "ebucore:EditorialObject"
      ]
    }
  ],
  "isLocatedAt": [
    {
      "@id": "https://data.datatourisme.fr/0ce2996a-c3e9-3f03-986b-238ca61c5d69",
      "schema:address": [
        {
          "@id": "https://data.datatourisme.fr/c249ecf6-4085-3ecc-8ee5-6226b96837f6",
          "schema:addressLocality": "Paris",
          "schema:postalCode": "75001",
          "schema:streetAddress": [
            "92 bis rue Saint-Denis"
          ],
          "@type": [
            "schema:PostalAddress",
            "PostalAddress"
          ],
          "hasAddressCity": {
            "@id": "kb:75056",
            "@type": [
              "City"
            ],
            "rdfs:label": {
              "de": [
                "Paris"
              ],
              "pt": [
                "Paris"
              ],
              "en": [
                "Paris"
              ],
              "it": [
                "Paris"
              ],
              "fr": [
                "Paris"
              ],
              "nl": [
                "Paris"
              ],
              "es": [
                "Paris"
              ]
            },
            "insee": "75056",
            "isPartOfDepartment": {
              "@id": "kb:France1175",
              "@type": [
                "Department"
              ],
              "rdfs:label": {
                "de": [
                  "Paris"
                ],
                "pt": [
                  "Paris"
                ],
                "en": [
                  "Paris"
                ],
                "it": [
                  "Paris"
                ],
                "fr": [
                  "Paris"
                ],
                "nl": [
                  "Paris"
                ],
                "es": [
                  "Paris"
                ]
              },
              "insee": "75",
              "isPartOfRegion": {
                "@id": "kb:France11",
                "@type": [
                  "Region"
                ],
                "rdfs:label": {
                  "de": [
                    "Île-de-France"
                  ],
                  "pt": [
                    "Île-de-France"
                  ],
                  "en": [
                    "Île-de-France"
                  ],
                  "it": [
                    "Île-de-France"
                  ],
                  "fr": [
                    "Île-de-France"
                  ],
                  "nl": [
                    "Île-de-France"
                  ],
                  "es": [
                    "Île-de-France"
                  ]
                },
                "insee": "11",
                "isPartOfCountry": {
                  "@id": "kb:France",
                  "@type": [
                    "schema:Country"
                  ],
                  "rdfs:label": {
                    "de": [
                      "France",
                      "Frankreich"
                    ],
                    "pt": [
                      "França",
                      "France"
                    ],
                    "en": [
                      "France"
                    ],
                    "it": [
                      "France",
                      "Francia"
                    ],
                    "fr": [
                      "France"
                    ],
                    "nl": [
                      "France",
                      "Frankrijk"
                    ],
                    "es": [
                      "France",
                      "Francia"
                    ]
                  }
                }
              }
            }
          }
        }
      ],
      "schema:geo": {
        "@id": "https://data.datatourisme.fr/b13db37e-c101-3998-93c4-237af17d3ac3",
        "schema:latitude": "48.8626691",
        "schema:longitude": "2.349599600000033",
        "@type": [
          "schema:GeoCoordinates"
        ]
      },
      "schema:openingHoursSpecification": [
        {
          "@id": "https://data.datatourisme.fr/be664335-fbaf-3743-9c80-89e3c1a0e7e5",
          "@type": [
            "schema:OpeningHoursSpecification"
          ],
          "additionalInformation": {
            "de": [
              "Montag-Samstag, 14:00-19:30 Uhr; Sonntag, 9:00-13:00 Uhr."
            ],
            "en": [
              "Monday-Saturday, 2pm-7:30pm; Sunday, 9am-1pm."
            ],
            "it": [
              "Lunedì-sabato, 14.00-19.30; domenica, 9.00-13.00."
            ],
            "fr": [
              "Lundi-samedi, 14h-19h30 ; dimanche, 9h-13h."
            ],
            "nl": [
              "Maandag-zaterdag, 14.00-19.30 uur; zondag, 09.00-13.00 uur."
            ],
            "es": [
              "De lunes a sábado, de 14.00 a 19.30 h.; domingos, de 9.00 a 13.00 h."
            ]
          },
          "hasTranslatedProperty": [
            {
              "@id": "https://data.datatourisme.fr/0af57df4-2a0a-356a-b888-39865afa231b",
              "dc:contributor": [
                "https://api.deepl.com/v2/translate"
              ],
              "rdf:language": [
                "nl"
              ],
              "rdf:predicate": [
                "additionalInformation"
              ]
            },
            {
              "@id": "https://data.datatourisme.fr/858f49d4-92d0-3162-9efa-01acf31e50fd",
              "dc:contributor": [
                "https://api.deepl.com/v2/translate"
              ],
              "rdf:language": [
                "es"
              ],
              "rdf:predicate": [
                "additionalInformation"
              ]
            },
            {
              "@id": "https://data.datatourisme.fr/c8c6e44c-f8c0-36c9-b1fd-865b5d655cf1",
              "dc:contributor": [
                "https://api.deepl.com/v2/translate"
              ],
              "rdf:language": [
                "en"
              ],
              "rdf:predicate": [
                "additionalInformation"
              ]
            },
            {
              "@id": "https://data.datatourisme.fr/d7ba7167-1916-3d33-985f-11686499e9bf",
              "dc:contributor": [
                "https://api.deepl.com/v2/translate"
              ],
              "rdf:language": [
                "de"
              ],
              "rdf:predicate": [
                "additionalInformation"
              ]
            },
            {
              "@id": "https://data.datatourisme.fr/ff820784-dcc1-300a-b387-0b91c0861df8",
              "dc:contributor": [
                "https://api.deepl.com/v2/translate"
              ],
              "rdf:language": [
                "it"
              ],
              "rdf:predicate": [
                "additionalInformation"
              ]
            }
          ]
        }
      ],
      "@type": [
        "schema:Place",
        "Place"
      ]
    }
  ],
  "lastUpdate": "2023-06-30",
  "lastUpdateDatatourisme": "2023-10-12T16:59:40.007Z"
}