{
  "@id": "https://data.datatourisme.fr/13/faa5782f-467b-317a-a917-c85e7e5ee29a",
  "dc:identifier": "5217348",
  "@type": [
    "olo:OrderedList",
    "CyclingTour",
    "PlaceOfInterest",
    "PointOfInterest",
    "SportsAndLeisurePlace",
    "Tour"
  ],
  "rdfs:comment": {
    "de": [
      "Die romanische, hoch gelegene Kirche von Vion ist zweifellos das Ziel dieser Wanderung. Aber auch die kurvenreiche und panoramareiche Abfahrt in die Hänge des Saint Joseph sowie die ViaRhona entlang des Flusses haben einiges zu bieten. Nicht zu vergessen die Pause im Weinkeller."
    ],
    "en": [
      "A beautiful ride takes you down to Arras and its hilltop tower in the Rhône\r\nValley before climbing a secret road to admire the Romanesque church in Vion."
    ],
    "it": [
      "La chiesa romanica arroccata di Vion è senza dubbio la meta di questa passeggiata. Ma la tortuosa e panoramica discesa sulle colline di Saint Joseph, così come la ViaRhona lungo il fiume, non sono prive di pregi. Senza dimenticare la pausa in cantina."
    ],
    "fr": [
      "L'église romane et perchée de Vion est sans conteste le but de cette balade. Mais la descente sinueuse et panoramique dans les coteaux du Saint Joseph, ainsi que la ViaRhona le long du fleuve ne manquent pas d'atouts. Sans oublier la pause à la cave."
    ],
    "es": [
      "La iglesia románica encaramada de Vion es sin duda la meta de este paseo. Pero el sinuoso y panorámico descenso a las colinas de San José, así como la ViaRhona a lo largo del río, no carecen de activos. Sin olvidar el descanso en la bodega."
    ],
    "nl": [
      "De hooggelegen Romaanse kerk van Vion is ongetwijfeld het doel van deze wandeling. Maar de kronkelende en panoramische afdaling in de heuvels van Saint Joseph, evenals de ViaRhona langs de rivier, ontbreken niet aan troeven. En niet te vergeten de pauze in de kelder."
    ]
  },
  "rdfs:label": {
    "en": [
      "E bike Tour : The church of Vion"
    ],
    "fr": [
      "Circuit VAE : L'église de Vion"
    ]
  },
  "hasBeenCreatedBy": {
    "@id": "https://data.datatourisme.fr/13/185c29dc-2432-3934-ae37-7cfda20e414c",
    "dc:identifier": "627",
    "schema:email": [
      "a.ferrel@ah-tourisme.com",
      "d.mathieu@ah-tourisme.com",
      "s.monneron@ah-tourisme.com"
    ],
    "schema:legalName": "Ardèche Hermitage Tourisme",
    "@type": [
      "schema:Organization",
      "foaf:Agent",
      "Agent"
    ],
    "foaf:homepage": [
      "http://ardeche-hermitage.com/"
    ]
  },
  "hasBeenPublishedBy": [
    {
      "@id": "https://data.datatourisme.fr/dbca899d-3f22-364b-b99d-40af1e917c58",
      "schema:legalName": "Agence de Développement Touristique de l'Ardèche - source : Apidae Tourisme",
      "@type": [
        "schema:Organization",
        "foaf:Agent",
        "Agent"
      ],
      "foaf:homepage": [
        "https://www.apidae-tourisme.com/"
      ]
    }
  ],
  "hasContact": [
    {
      "@id": "https://data.datatourisme.fr/70c0d7d6-5666-30ad-8fcf-fa6783032bb0",
      "schema:email": [
        "info@ah-tourisme.com"
      ],
      "schema:telephone": [
        "+33 4 75 08 10 23"
      ],
      "@type": [
        "foaf:Agent",
        "Agent"
      ],
      "foaf:homepage": [
        "https://rando-ardeche-hermitage.fr/velo-a-assistance-electrique/leglise-de-vion/"
      ]
    }
  ],
  "hasDescription": [
    {
      "@id": "https://data.datatourisme.fr/722def33-ebcd-3c84-a9f2-2fff11aec06f",
      "@type": [
        "Description"
      ],
      "hasTranslatedProperty": [
        {
          "@id": "https://data.datatourisme.fr/6984e49e-5814-3b3f-a054-ccf052d42b6d",
          "dc:contributor": [
            "https://api.deepl.com/v2/translate"
          ],
          "rdf:language": [
            "it"
          ],
          "rdf:predicate": [
            "shortDescription"
          ]
        },
        {
          "@id": "https://data.datatourisme.fr/be74c340-d643-36cc-b02b-20aa31e0c519",
          "dc:contributor": [
            "https://api.deepl.com/v2/translate"
          ],
          "rdf:language": [
            "es"
          ],
          "rdf:predicate": [
            "shortDescription"
          ]
        },
        {
          "@id": "https://data.datatourisme.fr/cf1beeab-29fb-3604-a44e-9a438a062056",
          "dc:contributor": [
            "https://api.deepl.com/v2/translate"
          ],
          "rdf:language": [
            "nl"
          ],
          "rdf:predicate": [
            "shortDescription"
          ]
        },
        {
          "@id": "https://data.datatourisme.fr/e7bd397b-08df-30f1-9142-67298f4e26ea",
          "dc:contributor": [
            "https://api.deepl.com/v2/translate"
          ],
          "rdf:language": [
            "de"
          ],
          "rdf:predicate": [
            "shortDescription"
          ]
        }
      ],
      "shortDescription": {
        "de": [
          "Die romanische, hoch gelegene Kirche von Vion ist zweifellos das Ziel dieser Wanderung. Aber auch die kurvenreiche und panoramareiche Abfahrt in die Hänge des Saint Joseph sowie die ViaRhona entlang des Flusses haben einiges zu bieten. Nicht zu vergessen die Pause im Weinkeller."
        ],
        "en": [
          "A beautiful ride takes you down to Arras and its hilltop tower in the Rhône\r\nValley before climbing a secret road to admire the Romanesque church in Vion."
        ],
        "it": [
          "La chiesa romanica arroccata di Vion è senza dubbio la meta di questa passeggiata. Ma la tortuosa e panoramica discesa sulle colline di Saint Joseph, così come la ViaRhona lungo il fiume, non sono prive di pregi. Senza dimenticare la pausa in cantina."
        ],
        "fr": [
          "L'église romane et perchée de Vion est sans conteste le but de cette balade. Mais la descente sinueuse et panoramique dans les coteaux du Saint Joseph, ainsi que la ViaRhona le long du fleuve ne manquent pas d'atouts. Sans oublier la pause à la cave."
        ],
        "es": [
          "La iglesia románica encaramada de Vion es sin duda la meta de este paseo. Pero el sinuoso y panorámico descenso a las colinas de San José, así como la ViaRhona a lo largo del río, no carecen de activos. Sin olvidar el descanso en la bodega."
        ],
        "nl": [
          "De hooggelegen Romaanse kerk van Vion is ongetwijfeld het doel van deze wandeling. Maar de kronkelende en panoramische afdaling in de heuvels van Saint Joseph, evenals de ViaRhona langs de rivier, ontbreken niet aan troeven. En niet te vergeten de pauze in de kelder."
        ]
      }
    }
  ],
  "hasTheme": [
    {
      "@id": "kb:Bike",
      "@type": [
        "SportsTheme"
      ],
      "rdfs:label": {
        "de": [
          "Fahrrad"
        ],
        "pt": [
          "Bicicleta"
        ],
        "en": [
          "Bike"
        ],
        "it": [
          "Bicicletta"
        ],
        "fr": [
          "Vélo"
        ],
        "nl": [
          "Fiets"
        ],
        "es": [
          "Bicicleta"
        ]
      }
    },
    {
      "@id": "kb:ElectricallyAssistedBicycle",
      "@type": [
        "SportsTheme"
      ],
      "rdfs:label": {
        "de": [
          "Ladestation für Elektrofahrräder"
        ],
        "pt": [
          "Bicicleta elétrica"
        ],
        "en": [
          "Electrically assisted bicycle"
        ],
        "it": [
          "Bicicletta a pedalata assistita"
        ],
        "fr": [
          "Vélo à assistance électrique, VAE"
        ],
        "nl": [
          "Elektrische fiets"
        ],
        "es": [
          "Bicicleta eléctrica, VAE"
        ]
      }
    }
  ],
  "hasTranslatedProperty": [
    {
      "@id": "https://data.datatourisme.fr/387e3212-106d-359d-a91e-6bd9a9e1983e",
      "dc:contributor": [
        "https://api.deepl.com/v2/translate"
      ],
      "rdf:language": [
        "de"
      ],
      "rdf:predicate": [
        {
          "@id": "rdfs:comment"
        }
      ]
    },
    {
      "@id": "https://data.datatourisme.fr/62fc3687-f996-3e99-8c0a-621b1f0a58b3",
      "dc:contributor": [
        "https://api.deepl.com/v2/translate"
      ],
      "rdf:language": [
        "es"
      ],
      "rdf:predicate": [
        {
          "@id": "rdfs:comment"
        }
      ]
    },
    {
      "@id": "https://data.datatourisme.fr/b75d5d9e-c6bf-3a34-9c86-e91153633cc0",
      "dc:contributor": [
        "https://api.deepl.com/v2/translate"
      ],
      "rdf:language": [
        "it"
      ],
      "rdf:predicate": [
        {
          "@id": "rdfs:comment"
        }
      ]
    },
    {
      "@id": "https://data.datatourisme.fr/beea158c-32b7-3dcf-9bcf-79698b981b7d",
      "dc:contributor": [
        "https://api.deepl.com/v2/translate"
      ],
      "rdf:language": [
        "nl"
      ],
      "rdf:predicate": [
        {
          "@id": "rdfs:comment"
        }
      ]
    }
  ],
  "isLocatedAt": [
    {
      "@id": "https://data.datatourisme.fr/2d7624b1-0d29-38d4-b5e6-e4407e98a4b7",
      "schema:address": [
        {
          "@id": "https://data.datatourisme.fr/01965426-4e39-3641-b499-e0e337502701",
          "schema:addressLocality": "Sécheras",
          "schema:postalCode": "07610",
          "schema:streetAddress": [
            "Place du cimetière"
          ],
          "@type": [
            "schema:PostalAddress",
            "PostalAddress"
          ],
          "hasAddressCity": {
            "@id": "kb:07312",
            "@type": [
              "City"
            ],
            "rdfs:label": {
              "de": [
                "Sécheras"
              ],
              "pt": [
                "Sécheras"
              ],
              "en": [
                "Sécheras"
              ],
              "it": [
                "Sécheras"
              ],
              "fr": [
                "Sécheras"
              ],
              "nl": [
                "Sécheras"
              ],
              "es": [
                "Sécheras"
              ]
            },
            "insee": "07312",
            "isPartOfDepartment": {
              "@id": "kb:France8407",
              "@type": [
                "Department"
              ],
              "rdfs:label": {
                "de": [
                  "Ardèche"
                ],
                "pt": [
                  "Ardèche"
                ],
                "en": [
                  "Ardèche"
                ],
                "it": [
                  "Ardèche"
                ],
                "fr": [
                  "Ardèche"
                ],
                "nl": [
                  "Ardèche"
                ],
                "es": [
                  "Ardèche"
                ]
              },
              "insee": "07",
              "isPartOfRegion": {
                "@id": "kb:France84",
                "@type": [
                  "Region"
                ],
                "rdfs:label": {
                  "de": [
                    "Auvergne-Rhône-Alpes"
                  ],
                  "pt": [
                    "Auvergne-Rhône-Alpes"
                  ],
                  "en": [
                    "Auvergne-Rhône-Alpes"
                  ],
                  "it": [
                    "Auvergne-Rhône-Alpes"
                  ],
                  "fr": [
                    "Auvergne-Rhône-Alpes"
                  ],
                  "nl": [
                    "Auvergne-Rhône-Alpes"
                  ],
                  "es": [
                    "Auvergne-Rhône-Alpes"
                  ]
                },
                "insee": "84",
                "isPartOfCountry": {
                  "@id": "kb:France",
                  "@type": [
                    "schema:Country"
                  ],
                  "rdfs:label": {
                    "de": [
                      "France",
                      "Frankreich"
                    ],
                    "pt": [
                      "França",
                      "France"
                    ],
                    "en": [
                      "France"
                    ],
                    "it": [
                      "France",
                      "Francia"
                    ],
                    "fr": [
                      "France"
                    ],
                    "nl": [
                      "France",
                      "Frankrijk"
                    ],
                    "es": [
                      "France",
                      "Francia"
                    ]
                  }
                }
              }
            }
          }
        }
      ],
      "schema:geo": {
        "@id": "https://data.datatourisme.fr/4e17fca3-ef69-30ce-adcb-c2e789566286",
        "schema:elevation": "400",
        "schema:latitude": "45.13",
        "schema:longitude": "4.7635",
        "@type": [
          "schema:GeoCoordinates"
        ]
      },
      "schema:openingHoursSpecification": [
        {
          "@id": "https://data.datatourisme.fr/03780169-2460-3040-9176-c3205012347e",
          "schema:validFrom": "2023-01-01T00:00:00",
          "schema:validThrough": "2023-12-31T23:59:59",
          "@type": [
            "schema:OpeningHoursSpecification"
          ],
          "additionalInformation": {
            "de": [
              "Beste Jahreszeit: April bis Juni und September Oktober"
            ],
            "en": [
              "Best season: April to June and September October"
            ],
            "it": [
              "Stagione migliore: da aprile a giugno e da settembre a ottobre"
            ],
            "fr": [
              "Meilleure saison : avril à juin et septembre octobre"
            ],
            "es": [
              "Mejor temporada: de abril a junio y de septiembre a octubre"
            ],
            "nl": [
              "Beste seizoen: april tot juni en september tot oktober"
            ]
          },
          "hasTranslatedProperty": [
            {
              "@id": "https://data.datatourisme.fr/3d3d4e28-9046-36cd-847d-7add992cf27a",
              "dc:contributor": [
                "https://api.deepl.com/v2/translate"
              ],
              "rdf:language": [
                "en"
              ],
              "rdf:predicate": [
                "additionalInformation"
              ]
            },
            {
              "@id": "https://data.datatourisme.fr/786b7e15-1ecb-3e29-b055-a4cca07d9ce9",
              "dc:contributor": [
                "https://api.deepl.com/v2/translate"
              ],
              "rdf:language": [
                "de"
              ],
              "rdf:predicate": [
                "additionalInformation"
              ]
            },
            {
              "@id": "https://data.datatourisme.fr/7cd158c5-bd29-343f-8911-fd3fb24fb1fb",
              "dc:contributor": [
                "https://api.deepl.com/v2/translate"
              ],
              "rdf:language": [
                "nl"
              ],
              "rdf:predicate": [
                "additionalInformation"
              ]
            },
            {
              "@id": "https://data.datatourisme.fr/a2732ea0-e55b-3eda-b39a-ba322a508183",
              "dc:contributor": [
                "https://api.deepl.com/v2/translate"
              ],
              "rdf:language": [
                "es"
              ],
              "rdf:predicate": [
                "additionalInformation"
              ]
            },
            {
              "@id": "https://data.datatourisme.fr/e914ec9a-1003-31c4-85f1-874a22806265",
              "dc:contributor": [
                "https://api.deepl.com/v2/translate"
              ],
              "rdf:language": [
                "it"
              ],
              "rdf:predicate": [
                "additionalInformation"
              ]
            }
          ]
        }
      ],
      "@type": [
        "schema:Place",
        "Place"
      ]
    }
  ],
  "isOwnedBy": [
    {
      "@id": "https://data.datatourisme.fr/e485229f-e26b-3c2e-8f16-ebf98c03d1e5",
      "schema:email": [
        "a.ferrel@ah-tourisme.com",
        "d.mathieu@ah-tourisme.com",
        "s.monneron@ah-tourisme.com"
      ],
      "schema:legalName": "Ardèche Hermitage Tourisme",
      "@type": [
        "schema:Organization",
        "foaf:Agent",
        "Agent"
      ],
      "foaf:homepage": [
        "http://ardeche-hermitage.com/"
      ]
    }
  ],
  "lastUpdate": "2022-03-03",
  "lastUpdateDatatourisme": "2023-02-08T06:39:49.145Z"
}