{
  "@id": "https://data.datatourisme.fr/13/b284cc84-3709-3b53-82ea-647587bbf7bb",
  "dc:identifier": "5181239",
  "@type": [
    "olo:OrderedList",
    "CyclingTour",
    "PlaceOfInterest",
    "PointOfInterest",
    "SportsAndLeisurePlace",
    "Tour"
  ],
  "rdfs:comment": {
    "de": [
      "Der Rundweg am Ufer der Rhône ist der ultimative Familienspaziergang, bei dem es keine Höhenunterschiede gibt. Die Wasserflächen und Altarme der Rhône sind allesamt natürliche Sehenswürdigkeiten. Für die Sportlicheren unter Ihnen verspricht der Aufstieg zum Pic Saint Romain ein schönes Panorama."
    ],
    "en": [
      "The short cycling trail along the river Rhône is ideal for a family outing,\r\nmostly on safe, nature cycling routes. On the longer trail, amateur cyclists\r\nwill be thrilled with the view after an uphill effort to Pic Saint-Romain."
    ],
    "it": [
      "L'anello lungo il Rodano è una passeggiata perfetta per le famiglie, senza variazioni di altitudine. Gli specchi d'acqua e i bracci morti del Rodano sono tutte curiosità naturali. Per i più sportivi, la salita al Pic Saint Romain promette un bellissimo panorama."
    ],
    "fr": [
      "La boucle au bord du Rhône est la balade familiale par excellence, sans aucun dénivelé. Les plans d'eau et bras morts du Rhône sont autant de curiosités naturelles. Pour les plus sportifs, la montée au Pic Saint Romain est la promesse d'un beau panorama."
    ],
    "es": [
      "El bucle a lo largo del Ródano es el paseo familiar perfecto, sin cambios de altitud. Las masas de agua y los brazos muertos del Ródano son curiosidades naturales. Para los más deportistas, la subida al Pic Saint Romain promete un hermoso panorama."
    ],
    "nl": [
      "De lus langs de Rhône is de perfecte gezinswandeling, zonder hoogteverschillen. De wateren en dode armen van de Rhône zijn allemaal natuurlijke bezienswaardigheden. Voor de sportievelingen belooft de klim naar de Pic Saint Romain een prachtig panorama."
    ]
  },
  "rdfs:label": {
    "en": [
      "E bike Tour : The river king"
    ],
    "fr": [
      "Circuit VAE : Le fleuve roi"
    ]
  },
  "hasBeenCreatedBy": {
    "@id": "https://data.datatourisme.fr/13/185c29dc-2432-3934-ae37-7cfda20e414c",
    "dc:identifier": "627",
    "schema:email": [
      "a.ferrel@ah-tourisme.com",
      "d.mathieu@ah-tourisme.com",
      "s.monneron@ah-tourisme.com"
    ],
    "schema:legalName": "Ardèche Hermitage Tourisme",
    "@type": [
      "schema:Organization",
      "foaf:Agent",
      "Agent"
    ],
    "foaf:homepage": [
      "http://ardeche-hermitage.com/"
    ]
  },
  "hasBeenPublishedBy": [
    {
      "@id": "https://data.datatourisme.fr/dbca899d-3f22-364b-b99d-40af1e917c58",
      "schema:legalName": "Agence de Développement Touristique de l'Ardèche - source : Apidae Tourisme",
      "@type": [
        "schema:Organization",
        "foaf:Agent",
        "Agent"
      ],
      "foaf:homepage": [
        "https://www.apidae-tourisme.com/"
      ]
    }
  ],
  "hasContact": [
    {
      "@id": "https://data.datatourisme.fr/114b1bcd-9e14-30e1-b08f-128d51343f03",
      "schema:email": [
        "info@ah-tourisme.com"
      ],
      "schema:telephone": [
        "+33 4 75 08 10 23"
      ],
      "@type": [
        "foaf:Agent",
        "Agent"
      ],
      "foaf:homepage": [
        "https://rando-ardeche-hermitage.fr/velo-a-assistance-electrique/le-fleuve-roi/"
      ]
    }
  ],
  "hasDescription": [
    {
      "@id": "https://data.datatourisme.fr/e55f3a31-fd9f-322b-b6f6-10ffa0087a91",
      "@type": [
        "Description"
      ],
      "hasTranslatedProperty": [
        {
          "@id": "https://data.datatourisme.fr/2845277b-c611-32ab-a022-174750de32e4",
          "dc:contributor": [
            "https://api.deepl.com/v2/translate"
          ],
          "rdf:language": [
            "de"
          ],
          "rdf:predicate": [
            "shortDescription"
          ]
        },
        {
          "@id": "https://data.datatourisme.fr/82d459cb-928a-39d6-af20-650b8cee4cd5",
          "dc:contributor": [
            "https://api.deepl.com/v2/translate"
          ],
          "rdf:language": [
            "it"
          ],
          "rdf:predicate": [
            "shortDescription"
          ]
        },
        {
          "@id": "https://data.datatourisme.fr/9843868a-f0b7-330f-b811-a6e7e15fdbcb",
          "dc:contributor": [
            "https://api.deepl.com/v2/translate"
          ],
          "rdf:language": [
            "nl"
          ],
          "rdf:predicate": [
            "shortDescription"
          ]
        },
        {
          "@id": "https://data.datatourisme.fr/f645ada6-6a54-3af6-abe7-547594e663e9",
          "dc:contributor": [
            "https://api.deepl.com/v2/translate"
          ],
          "rdf:language": [
            "es"
          ],
          "rdf:predicate": [
            "shortDescription"
          ]
        }
      ],
      "shortDescription": {
        "de": [
          "Der Rundweg am Ufer der Rhône ist der ultimative Familienspaziergang, bei dem es keine Höhenunterschiede gibt. Die Wasserflächen und Altarme der Rhône sind allesamt natürliche Sehenswürdigkeiten. Für die Sportlicheren unter Ihnen verspricht der Aufstieg zum Pic Saint Romain ein schönes Panorama."
        ],
        "en": [
          "The short cycling trail along the river Rhône is ideal for a family outing,\r\nmostly on safe, nature cycling routes. On the longer trail, amateur cyclists\r\nwill be thrilled with the view after an uphill effort to Pic Saint-Romain."
        ],
        "it": [
          "L'anello lungo il Rodano è una passeggiata perfetta per le famiglie, senza variazioni di altitudine. Gli specchi d'acqua e i bracci morti del Rodano sono tutte curiosità naturali. Per i più sportivi, la salita al Pic Saint Romain promette un bellissimo panorama."
        ],
        "fr": [
          "La boucle au bord du Rhône est la balade familiale par excellence, sans aucun dénivelé. Les plans d'eau et bras morts du Rhône sont autant de curiosités naturelles. Pour les plus sportifs, la montée au Pic Saint Romain est la promesse d'un beau panorama."
        ],
        "es": [
          "El bucle a lo largo del Ródano es el paseo familiar perfecto, sin cambios de altitud. Las masas de agua y los brazos muertos del Ródano son curiosidades naturales. Para los más deportistas, la subida al Pic Saint Romain promete un hermoso panorama."
        ],
        "nl": [
          "De lus langs de Rhône is de perfecte gezinswandeling, zonder hoogteverschillen. De wateren en dode armen van de Rhône zijn allemaal natuurlijke bezienswaardigheden. Voor de sportievelingen belooft de klim naar de Pic Saint Romain een prachtig panorama."
        ]
      }
    }
  ],
  "hasTheme": [
    {
      "@id": "kb:Bike",
      "@type": [
        "SportsTheme"
      ],
      "rdfs:label": {
        "de": [
          "Fahrrad"
        ],
        "pt": [
          "Bicicleta"
        ],
        "en": [
          "Bike"
        ],
        "it": [
          "Bicicletta"
        ],
        "fr": [
          "Vélo"
        ],
        "nl": [
          "Fiets"
        ],
        "es": [
          "Bicicleta"
        ]
      }
    },
    {
      "@id": "kb:ElectricallyAssistedBicycle",
      "@type": [
        "SportsTheme"
      ],
      "rdfs:label": {
        "de": [
          "Ladestation für Elektrofahrräder"
        ],
        "pt": [
          "Bicicleta elétrica"
        ],
        "en": [
          "Electrically assisted bicycle"
        ],
        "it": [
          "Bicicletta a pedalata assistita"
        ],
        "fr": [
          "Vélo à assistance électrique, VAE"
        ],
        "nl": [
          "Elektrische fiets"
        ],
        "es": [
          "Bicicleta eléctrica, VAE"
        ]
      }
    }
  ],
  "hasTranslatedProperty": [
    {
      "@id": "https://data.datatourisme.fr/904dedcd-c78b-30b8-98d8-f082e6544973",
      "dc:contributor": [
        "https://api.deepl.com/v2/translate"
      ],
      "rdf:language": [
        "nl"
      ],
      "rdf:predicate": [
        {
          "@id": "rdfs:comment"
        }
      ]
    },
    {
      "@id": "https://data.datatourisme.fr/be5f9026-8d0c-342e-abce-0d0a2185d72f",
      "dc:contributor": [
        "https://api.deepl.com/v2/translate"
      ],
      "rdf:language": [
        "es"
      ],
      "rdf:predicate": [
        {
          "@id": "rdfs:comment"
        }
      ]
    },
    {
      "@id": "https://data.datatourisme.fr/c756198a-5829-37af-9914-3a0369f1e3d5",
      "dc:contributor": [
        "https://api.deepl.com/v2/translate"
      ],
      "rdf:language": [
        "it"
      ],
      "rdf:predicate": [
        {
          "@id": "rdfs:comment"
        }
      ]
    },
    {
      "@id": "https://data.datatourisme.fr/cc182a1e-fc39-3df5-b5fc-9ecb2e5ebfdc",
      "dc:contributor": [
        "https://api.deepl.com/v2/translate"
      ],
      "rdf:language": [
        "de"
      ],
      "rdf:predicate": [
        {
          "@id": "rdfs:comment"
        }
      ]
    }
  ],
  "isLocatedAt": [
    {
      "@id": "https://data.datatourisme.fr/70aed0a7-864b-3cb9-9b00-d6aab7ac3b56",
      "schema:address": [
        {
          "@id": "https://data.datatourisme.fr/49759898-00df-3bb0-a5b2-aaac306e8ec7",
          "schema:addressLocality": "Glun",
          "schema:postalCode": "07300",
          "schema:streetAddress": [
            "Centre du village"
          ],
          "@type": [
            "schema:PostalAddress",
            "PostalAddress"
          ],
          "hasAddressCity": {
            "@id": "kb:07097",
            "@type": [
              "City"
            ],
            "rdfs:label": {
              "de": [
                "Glun"
              ],
              "pt": [
                "Glun"
              ],
              "en": [
                "Glun"
              ],
              "it": [
                "Glun"
              ],
              "fr": [
                "Glun"
              ],
              "nl": [
                "Glun"
              ],
              "es": [
                "Glun"
              ]
            },
            "insee": "07097",
            "isPartOfDepartment": {
              "@id": "kb:France8407",
              "@type": [
                "Department"
              ],
              "rdfs:label": {
                "de": [
                  "Ardèche"
                ],
                "pt": [
                  "Ardèche"
                ],
                "en": [
                  "Ardèche"
                ],
                "it": [
                  "Ardèche"
                ],
                "fr": [
                  "Ardèche"
                ],
                "nl": [
                  "Ardèche"
                ],
                "es": [
                  "Ardèche"
                ]
              },
              "insee": "07",
              "isPartOfRegion": {
                "@id": "kb:France84",
                "@type": [
                  "Region"
                ],
                "rdfs:label": {
                  "de": [
                    "Auvergne-Rhône-Alpes"
                  ],
                  "pt": [
                    "Auvergne-Rhône-Alpes"
                  ],
                  "en": [
                    "Auvergne-Rhône-Alpes"
                  ],
                  "it": [
                    "Auvergne-Rhône-Alpes"
                  ],
                  "fr": [
                    "Auvergne-Rhône-Alpes"
                  ],
                  "nl": [
                    "Auvergne-Rhône-Alpes"
                  ],
                  "es": [
                    "Auvergne-Rhône-Alpes"
                  ]
                },
                "insee": "84",
                "isPartOfCountry": {
                  "@id": "kb:France",
                  "@type": [
                    "schema:Country"
                  ],
                  "rdfs:label": {
                    "de": [
                      "France",
                      "Frankreich"
                    ],
                    "pt": [
                      "França",
                      "France"
                    ],
                    "en": [
                      "France"
                    ],
                    "it": [
                      "France",
                      "Francia"
                    ],
                    "fr": [
                      "France"
                    ],
                    "nl": [
                      "France",
                      "Frankrijk"
                    ],
                    "es": [
                      "France",
                      "Francia"
                    ]
                  }
                }
              }
            }
          }
        }
      ],
      "schema:geo": {
        "@id": "https://data.datatourisme.fr/d43f7d2c-d890-3a95-9d57-16697f4d79a4",
        "schema:elevation": "100",
        "schema:latitude": "45.015256",
        "schema:longitude": "4.839789",
        "@type": [
          "schema:GeoCoordinates"
        ]
      },
      "schema:openingHoursSpecification": [
        {
          "@id": "https://data.datatourisme.fr/03780169-2460-3040-9176-c3205012347e",
          "schema:validFrom": "2023-01-01T00:00:00",
          "schema:validThrough": "2023-12-31T23:59:59",
          "@type": [
            "schema:OpeningHoursSpecification"
          ],
          "additionalInformation": {
            "de": [
              "Beste Jahreszeit: April bis Juni und September Oktober"
            ],
            "en": [
              "Best season: April to June and September October"
            ],
            "it": [
              "Stagione migliore: da aprile a giugno e da settembre a ottobre"
            ],
            "fr": [
              "Meilleure saison : avril à juin et septembre octobre"
            ],
            "es": [
              "Mejor temporada: de abril a junio y de septiembre a octubre"
            ],
            "nl": [
              "Beste seizoen: april tot juni en september tot oktober"
            ]
          },
          "hasTranslatedProperty": [
            {
              "@id": "https://data.datatourisme.fr/3d3d4e28-9046-36cd-847d-7add992cf27a",
              "dc:contributor": [
                "https://api.deepl.com/v2/translate"
              ],
              "rdf:language": [
                "en"
              ],
              "rdf:predicate": [
                "additionalInformation"
              ]
            },
            {
              "@id": "https://data.datatourisme.fr/786b7e15-1ecb-3e29-b055-a4cca07d9ce9",
              "dc:contributor": [
                "https://api.deepl.com/v2/translate"
              ],
              "rdf:language": [
                "de"
              ],
              "rdf:predicate": [
                "additionalInformation"
              ]
            },
            {
              "@id": "https://data.datatourisme.fr/7cd158c5-bd29-343f-8911-fd3fb24fb1fb",
              "dc:contributor": [
                "https://api.deepl.com/v2/translate"
              ],
              "rdf:language": [
                "nl"
              ],
              "rdf:predicate": [
                "additionalInformation"
              ]
            },
            {
              "@id": "https://data.datatourisme.fr/a2732ea0-e55b-3eda-b39a-ba322a508183",
              "dc:contributor": [
                "https://api.deepl.com/v2/translate"
              ],
              "rdf:language": [
                "es"
              ],
              "rdf:predicate": [
                "additionalInformation"
              ]
            },
            {
              "@id": "https://data.datatourisme.fr/e914ec9a-1003-31c4-85f1-874a22806265",
              "dc:contributor": [
                "https://api.deepl.com/v2/translate"
              ],
              "rdf:language": [
                "it"
              ],
              "rdf:predicate": [
                "additionalInformation"
              ]
            }
          ]
        }
      ],
      "@type": [
        "schema:Place",
        "Place"
      ]
    }
  ],
  "isOwnedBy": [
    {
      "@id": "https://data.datatourisme.fr/e485229f-e26b-3c2e-8f16-ebf98c03d1e5",
      "schema:email": [
        "a.ferrel@ah-tourisme.com",
        "d.mathieu@ah-tourisme.com",
        "s.monneron@ah-tourisme.com"
      ],
      "schema:legalName": "Ardèche Hermitage Tourisme",
      "@type": [
        "schema:Organization",
        "foaf:Agent",
        "Agent"
      ],
      "foaf:homepage": [
        "http://ardeche-hermitage.com/"
      ]
    }
  ],
  "lastUpdate": "2022-03-03",
  "lastUpdateDatatourisme": "2023-02-08T06:39:49.099Z"
}