{
  "@id": "https://data.datatourisme.fr/19/1dc3693d-3ad9-365a-8c5e-f7a1b6ff9eeb",
  "dc:identifier": "6b4298f3-297c-ec53-1ad1-501ba37323f5",
  "@type": [
    "schema:LocalBusiness",
    "schema:Museum",
    "CulturalSite",
    "Museum",
    "PlaceOfInterest",
    "PointOfInterest"
  ],
  "rdfs:comment": {
    "de": [
      "Das Musée de l'Orangerie liegt in der Nähe des Place de la Concorde und beherbergt eine der monumentalsten Errungenschaften in der Geschichte der Malerei: acht großformatige Kompositionen von Claude Monet - aus der berühmten Serie der Seerosen (Nymphéas). Im Untergeschoss ehrt die Sammlung Jean Walter und Paul Guillaume die großen Namen des 20. Jahrhunderts: Renoir, Cézanne, Matisse, Picasso, Soutine..."
    ],
    "en": [
      "Located near the Place de la Concorde, the Musée de l'Orangerie houses one of the most monumental works in the history of painting: eight large-format compositions by Claude Monet - from the famous Water Lilies series. In the basement, the Jean Walter and Paul Guillaume collection pays tribute to the great names of the 20th century: Renoir, Cézanne, Matisse, Picasso, Soutine..."
    ],
    "it": [
      "Situato vicino a Place de la Concorde, il Musée de l'Orangerie ospita una delle opere più monumentali della storia della pittura: otto composizioni di grande formato di Claude Monet, appartenenti alla famosa serie delle Ninfee. Nel seminterrato, la collezione Jean Walter e Paul Guillaume rende omaggio ai grandi nomi del XX secolo: Renoir, Cézanne, Matisse, Picasso, Soutine..."
    ],
    "fr": [
      "Situé à proximité de la place de la Concorde, le musée de l’Orangerie abrite l'une des réalisations les plus monumentales de l'histoire de la peinture : huit compositions grand format de Claude Monet - provenant de la fameuse série des Nymphéas. Au sous-sol, la collection Jean Walter et Paul Guillaume rend hommage aux grands noms du XXe siècle : Renoir, Cézanne, Matisse, Picasso, Soutine..."
    ],
    "es": [
      "Situado cerca de la plaza de la Concordia, el museo de la Orangerie alberga una de las obras más monumentales de la historia de la pintura: ocho composiciones de gran formato de Claude Monet, pertenecientes a la famosa serie de los Nenúfares. En el sótano, la colección Jean Walter y Paul Guillaume rinde homenaje a los grandes nombres del siglo XX: Renoir, Cézanne, Matisse, Picasso, Soutine..."
    ],
    "nl": [
      "In het nabij de Place de la Concorde gelegen Musée de l'Orangerie bevindt zich een van de meest monumentale werken uit de geschiedenis van de schilderkunst: acht groot formaat composities van Claude Monet - uit de beroemde serie Waterlelies. In het souterrain brengt de collectie Jean Walter en Paul Guillaume hulde aan de grote namen van de 20e eeuw: Renoir, Cézanne, Matisse, Picasso, Soutine..."
    ]
  },
  "rdfs:label": {
    "fr": [
      "Musée de l'Orangerie"
    ]
  },
  "owl:sameAs": [
    "http://www.wikidata.org/entity/Q726781"
  ],
  "hasBeenCreatedBy": {
    "@id": "https://data.datatourisme.fr/73f9361b-7fdb-3a8c-8c11-182ef0152392",
    "schema:email": [
      "opendata@parisinfo.com"
    ],
    "schema:legalName": "Office de Tourisme de Paris",
    "@type": [
      "schema:Organization",
      "foaf:Agent",
      "Agent"
    ],
    "foaf:homepage": [
      "https://www.parisinfo.com/"
    ]
  },
  "hasBeenPublishedBy": [
    {
      "@id": "https://data.datatourisme.fr/73f9361b-7fdb-3a8c-8c11-182ef0152392",
      "schema:email": [
        "opendata@parisinfo.com"
      ],
      "schema:legalName": "Office de Tourisme de Paris",
      "@type": [
        "schema:Organization",
        "foaf:Agent",
        "Agent"
      ],
      "foaf:homepage": [
        "https://www.parisinfo.com/"
      ]
    }
  ],
  "hasContact": [
    {
      "@id": "https://data.datatourisme.fr/111ef1c3-3257-30a0-b0e9-a8b717bd3aca",
      "schema:email": [
        "information@musee-orangerie.fr"
      ],
      "schema:telephone": [
        "+33 1 44 77 80 07"
      ],
      "@type": [
        "foaf:Agent",
        "Agent"
      ],
      "foaf:homepage": [
        "https://www.musee-orangerie.fr/"
      ]
    }
  ],
  "hasDescription": [
    {
      "@id": "https://data.datatourisme.fr/5a6003fa-3aef-3071-aad7-a62bda29673a",
      "dc:description": {
        "de": [
          "Das Musée de l'Orangerie liegt in der Nähe des Place de la Concorde und beherbergt eine der monumentalsten Errungenschaften in der Geschichte der Malerei: acht großformatige Kompositionen von Claude Monet - aus der berühmten Serie der Seerosen (Nymphéas). Im Untergeschoss ehrt die Sammlung Jean Walter und Paul Guillaume die großen Namen des 20. Jahrhunderts: Renoir, Cézanne, Matisse, Picasso, Soutine..."
        ],
        "en": [
          "Located near the Place de la Concorde, the Musée de l'Orangerie houses one of the most monumental works in the history of painting: eight large-format compositions by Claude Monet - from the famous Water Lilies series. In the basement, the Jean Walter and Paul Guillaume collection pays tribute to the great names of the 20th century: Renoir, Cézanne, Matisse, Picasso, Soutine..."
        ],
        "it": [
          "Situato vicino a Place de la Concorde, il Musée de l'Orangerie ospita una delle opere più monumentali della storia della pittura: otto composizioni di grande formato di Claude Monet, appartenenti alla famosa serie delle Ninfee. Nel seminterrato, la collezione Jean Walter e Paul Guillaume rende omaggio ai grandi nomi del XX secolo: Renoir, Cézanne, Matisse, Picasso, Soutine..."
        ],
        "fr": [
          "Situé à proximité de la place de la Concorde, le musée de l’Orangerie abrite l'une des réalisations les plus monumentales de l'histoire de la peinture : huit compositions grand format de Claude Monet - provenant de la fameuse série des Nymphéas. Au sous-sol, la collection Jean Walter et Paul Guillaume rend hommage aux grands noms du XXe siècle : Renoir, Cézanne, Matisse, Picasso, Soutine..."
        ],
        "es": [
          "Situado cerca de la plaza de la Concordia, el museo de la Orangerie alberga una de las obras más monumentales de la historia de la pintura: ocho composiciones de gran formato de Claude Monet, pertenecientes a la famosa serie de los Nenúfares. En el sótano, la colección Jean Walter y Paul Guillaume rinde homenaje a los grandes nombres del siglo XX: Renoir, Cézanne, Matisse, Picasso, Soutine..."
        ],
        "nl": [
          "In het nabij de Place de la Concorde gelegen Musée de l'Orangerie bevindt zich een van de meest monumentale werken uit de geschiedenis van de schilderkunst: acht groot formaat composities van Claude Monet - uit de beroemde serie Waterlelies. In het souterrain brengt de collectie Jean Walter en Paul Guillaume hulde aan de grote namen van de 20e eeuw: Renoir, Cézanne, Matisse, Picasso, Soutine..."
        ]
      },
      "@type": [
        "Description"
      ],
      "hasTranslatedProperty": [
        {
          "@id": "https://data.datatourisme.fr/1692e671-60ee-3d00-a5ca-3b54c5efffd2",
          "dc:contributor": [
            "https://api.deepl.com/v2/translate"
          ],
          "rdf:language": [
            "nl"
          ],
          "rdf:predicate": [
            "shortDescription"
          ]
        },
        {
          "@id": "https://data.datatourisme.fr/2f7fbf6a-bcd4-3a65-b0bf-65b123ef421f",
          "dc:contributor": [
            "https://api.deepl.com/v2/translate"
          ],
          "rdf:language": [
            "es"
          ],
          "rdf:predicate": [
            "shortDescription"
          ]
        },
        {
          "@id": "https://data.datatourisme.fr/39e9d4f2-53fe-323f-8e7c-320cf8889ddc",
          "dc:contributor": [
            "https://api.deepl.com/v2/translate"
          ],
          "rdf:language": [
            "es"
          ],
          "rdf:predicate": [
            {
              "@id": "dc:description"
            }
          ]
        },
        {
          "@id": "https://data.datatourisme.fr/4f40090a-cfdd-378f-b3a3-59fa67540a26",
          "dc:contributor": [
            "https://api.deepl.com/v2/translate"
          ],
          "rdf:language": [
            "en"
          ],
          "rdf:predicate": [
            {
              "@id": "dc:description"
            }
          ]
        },
        {
          "@id": "https://data.datatourisme.fr/5c4a0bb7-153c-3a21-88e0-60ce25764ad7",
          "dc:contributor": [
            "https://api.deepl.com/v2/translate"
          ],
          "rdf:language": [
            "it"
          ],
          "rdf:predicate": [
            "shortDescription"
          ]
        },
        {
          "@id": "https://data.datatourisme.fr/875ee6ae-e8fc-3589-981e-2dea3af5f273",
          "dc:contributor": [
            "https://api.deepl.com/v2/translate"
          ],
          "rdf:language": [
            "en"
          ],
          "rdf:predicate": [
            "shortDescription"
          ]
        },
        {
          "@id": "https://data.datatourisme.fr/92579da3-a776-359a-b40a-dab1c633a805",
          "dc:contributor": [
            "https://api.deepl.com/v2/translate"
          ],
          "rdf:language": [
            "it"
          ],
          "rdf:predicate": [
            {
              "@id": "dc:description"
            }
          ]
        },
        {
          "@id": "https://data.datatourisme.fr/93feada5-6731-3d0c-9e3d-fa9553880286",
          "dc:contributor": [
            "https://api.deepl.com/v2/translate"
          ],
          "rdf:language": [
            "nl"
          ],
          "rdf:predicate": [
            {
              "@id": "dc:description"
            }
          ]
        },
        {
          "@id": "https://data.datatourisme.fr/bb342698-5764-3b87-9839-9ce78f0a8aba",
          "dc:contributor": [
            "https://api.deepl.com/v2/translate"
          ],
          "rdf:language": [
            "de"
          ],
          "rdf:predicate": [
            "shortDescription"
          ]
        },
        {
          "@id": "https://data.datatourisme.fr/e2adaba8-5771-3eac-904c-e7a75c6c044d",
          "dc:contributor": [
            "https://api.deepl.com/v2/translate"
          ],
          "rdf:language": [
            "de"
          ],
          "rdf:predicate": [
            {
              "@id": "dc:description"
            }
          ]
        }
      ],
      "shortDescription": {
        "de": [
          "Das Musée de l'Orangerie liegt in der Nähe des Place de la Concorde und beherbergt eine der monumentalsten Errungenschaften in der Geschichte der Malerei: acht großformatige Kompositionen von Claude Monet - aus der berühmten Serie der Seerosen (Nymphéas). Im Untergeschoss ehrt die Sammlung Jean Walter und Paul Guillaume die großen Namen des 20. Jahrhunderts: Renoir, Cézanne, Matisse, Picasso, Soutine..."
        ],
        "en": [
          "Located near the Place de la Concorde, the Musée de l'Orangerie houses one of the most monumental works in the history of painting: eight large-format compositions by Claude Monet - from the famous Water Lilies series. In the basement, the Jean Walter and Paul Guillaume collection pays tribute to the great names of the 20th century: Renoir, Cézanne, Matisse, Picasso, Soutine..."
        ],
        "it": [
          "Situato vicino a Place de la Concorde, il Musée de l'Orangerie ospita una delle opere più monumentali della storia della pittura: otto composizioni di grande formato di Claude Monet, appartenenti alla famosa serie delle Ninfee. Nel seminterrato, la collezione Jean Walter e Paul Guillaume rende omaggio ai grandi nomi del XX secolo: Renoir, Cézanne, Matisse, Picasso, Soutine..."
        ],
        "fr": [
          "Situé à proximité de la place de la Concorde, le musée de l’Orangerie abrite l'une des réalisations les plus monumentales de l'histoire de la peinture : huit compositions grand format de Claude Monet - provenant de la fameuse série des Nymphéas. Au sous-sol, la collection Jean Walter et Paul Guillaume rend hommage aux grands noms du XXe siècle : Renoir, Cézanne, Matisse, Picasso, Soutine..."
        ],
        "es": [
          "Situado cerca de la plaza de la Concordia, el museo de la Orangerie alberga una de las obras más monumentales de la historia de la pintura: ocho composiciones de gran formato de Claude Monet, pertenecientes a la famosa serie de los Nenúfares. En el sótano, la colección Jean Walter y Paul Guillaume rinde homenaje a los grandes nombres del siglo XX: Renoir, Cézanne, Matisse, Picasso, Soutine..."
        ],
        "nl": [
          "In het nabij de Place de la Concorde gelegen Musée de l'Orangerie bevindt zich een van de meest monumentale werken uit de geschiedenis van de schilderkunst: acht groot formaat composities van Claude Monet - uit de beroemde serie Waterlelies. In het souterrain brengt de collectie Jean Walter en Paul Guillaume hulde aan de grote namen van de 20e eeuw: Renoir, Cézanne, Matisse, Picasso, Soutine..."
        ]
      }
    }
  ],
  "hasRepresentation": [
    {
      "@id": "https://data.datatourisme.fr/b293fd04-4957-3980-9652-5912b94c9a64",
      "ebucore:hasAnnotation": [
        {
          "@id": "https://data.datatourisme.fr/98237a60-cc4c-3818-9bc3-8855bafb13e9",
          "ebucore:isCoveredBy": "CC BY-SA 3.0",
          "ebucore:title": {
            "fr": [
              "2011-12-Musee de lorangerie"
            ]
          },
          "@type": [
            "ebucore:Annotation"
          ],
          "credits": [
            "Traktorminze (https://commons.wikimedia.org/w/index.php?title=User:Traktorminze&amp;action=edit&amp;redlink=1)"
          ]
        }
      ],
      "ebucore:hasRelatedResource": [
        {
          "@id": "https://data.datatourisme.fr/5819f6e8-650b-3b14-b452-729dc6d60d26",
          "ebucore:fileSize": [
            3631785
          ],
          "ebucore:hasMimeType": [
            {
              "@id": "kb:JPEG",
              "@type": [
                "ebucore:MimeType"
              ],
              "rdfs:comment": {
                "de": [
                  "JPEG-Bild"
                ],
                "pt": [
                  "Imagem JPEG"
                ],
                "en": [
                  "JPEG image file"
                ],
                "it": [
                  "Immagine JPEG"
                ],
                "fr": [
                  "Image JPEG"
                ],
                "nl": [
                  "JPEG-afbeelding"
                ],
                "es": [
                  "Imagen JPEG"
                ]
              },
              "rdfs:label": {
                "de": [
                  "image/jpeg"
                ],
                "pt": [
                  "image/jpeg"
                ],
                "en": [
                  "image/jpeg"
                ],
                "it": [
                  "image/jpeg"
                ],
                "fr": [
                  "image/jpeg"
                ],
                "nl": [
                  "image/jpeg"
                ],
                "es": [
                  "image/jpeg"
                ]
              }
            }
          ],
          "ebucore:height": 1748,
          "ebucore:locator": [
            "https://upload.wikimedia.org/wikipedia/commons/1/11/2011-12-Musee_de_lorangerie.jpg"
          ],
          "ebucore:width": 2640,
          "@type": [
            "ebucore:Resource"
          ]
        }
      ],
      "@type": [
        "ebucore:EditorialObject"
      ]
    },
    {
      "@id": "https://data.datatourisme.fr/b7995c1f-3541-3887-bc05-fd4a6990805e"
    }
  ],
  "hasTranslatedProperty": [
    {
      "@id": "https://data.datatourisme.fr/72fdf7bd-7e2f-366d-ad09-7fb3fec115b5",
      "dc:contributor": [
        "https://api.deepl.com/v2/translate"
      ],
      "rdf:language": [
        "de"
      ],
      "rdf:predicate": [
        {
          "@id": "rdfs:comment"
        }
      ]
    },
    {
      "@id": "https://data.datatourisme.fr/822e7abf-9745-39e4-8a66-bf5220863c2c",
      "dc:contributor": [
        "https://api.deepl.com/v2/translate"
      ],
      "rdf:language": [
        "en"
      ],
      "rdf:predicate": [
        {
          "@id": "rdfs:comment"
        }
      ]
    },
    {
      "@id": "https://data.datatourisme.fr/92743f95-5c9b-3c0a-875d-6ad88439baa1",
      "dc:contributor": [
        "https://api.deepl.com/v2/translate"
      ],
      "rdf:language": [
        "es"
      ],
      "rdf:predicate": [
        {
          "@id": "rdfs:comment"
        }
      ]
    },
    {
      "@id": "https://data.datatourisme.fr/a5ce6170-0c37-3e45-bd02-762460b7e388",
      "dc:contributor": [
        "https://api.deepl.com/v2/translate"
      ],
      "rdf:language": [
        "nl"
      ],
      "rdf:predicate": [
        {
          "@id": "rdfs:comment"
        }
      ]
    },
    {
      "@id": "https://data.datatourisme.fr/e1c33c23-5940-39a7-9e2b-3f1e9310bd56",
      "dc:contributor": [
        "https://api.deepl.com/v2/translate"
      ],
      "rdf:language": [
        "it"
      ],
      "rdf:predicate": [
        {
          "@id": "rdfs:comment"
        }
      ]
    }
  ],
  "isLocatedAt": [
    {
      "@id": "https://data.datatourisme.fr/e1a3b91c-54d4-3ac1-a56c-0e2377ba7e60",
      "schema:address": [
        {
          "@id": "https://data.datatourisme.fr/9bf82906-e8ec-3427-8dd5-9b4ac3894dfb",
          "schema:addressLocality": "Paris",
          "schema:postalCode": "75001",
          "schema:streetAddress": [
            "Jardin des Tuileries, côté Seine"
          ],
          "@type": [
            "schema:PostalAddress",
            "PostalAddress"
          ],
          "hasAddressCity": {
            "@id": "kb:75056",
            "@type": [
              "City"
            ],
            "rdfs:label": {
              "de": [
                "Paris"
              ],
              "pt": [
                "Paris"
              ],
              "en": [
                "Paris"
              ],
              "it": [
                "Paris"
              ],
              "fr": [
                "Paris"
              ],
              "nl": [
                "Paris"
              ],
              "es": [
                "Paris"
              ]
            },
            "insee": "75056",
            "isPartOfDepartment": {
              "@id": "kb:France1175",
              "@type": [
                "Department"
              ],
              "rdfs:label": {
                "de": [
                  "Paris"
                ],
                "pt": [
                  "Paris"
                ],
                "en": [
                  "Paris"
                ],
                "it": [
                  "Paris"
                ],
                "fr": [
                  "Paris"
                ],
                "nl": [
                  "Paris"
                ],
                "es": [
                  "Paris"
                ]
              },
              "insee": "75",
              "isPartOfRegion": {
                "@id": "kb:France11",
                "@type": [
                  "Region"
                ],
                "rdfs:label": {
                  "de": [
                    "Île-de-France"
                  ],
                  "pt": [
                    "Île-de-France"
                  ],
                  "en": [
                    "Île-de-France"
                  ],
                  "it": [
                    "Île-de-France"
                  ],
                  "fr": [
                    "Île-de-France"
                  ],
                  "nl": [
                    "Île-de-France"
                  ],
                  "es": [
                    "Île-de-France"
                  ]
                },
                "insee": "11",
                "isPartOfCountry": {
                  "@id": "kb:France",
                  "@type": [
                    "schema:Country"
                  ],
                  "rdfs:label": {
                    "de": [
                      "France",
                      "Frankreich"
                    ],
                    "pt": [
                      "França",
                      "France"
                    ],
                    "en": [
                      "France"
                    ],
                    "it": [
                      "France",
                      "Francia"
                    ],
                    "fr": [
                      "France"
                    ],
                    "nl": [
                      "France",
                      "Frankrijk"
                    ],
                    "es": [
                      "France",
                      "Francia"
                    ]
                  }
                }
              }
            }
          }
        }
      ],
      "schema:geo": {
        "@id": "https://data.datatourisme.fr/218409c2-de7d-3973-aada-70d913f52423",
        "schema:latitude": "48.8639507",
        "schema:longitude": "2.3221814999999424",
        "@type": [
          "schema:GeoCoordinates"
        ]
      },
      "schema:openingHoursSpecification": [
        {
          "@id": "https://data.datatourisme.fr/0097e495-80d5-3311-87c5-543c713a4936",
          "@type": [
            "schema:OpeningHoursSpecification"
          ],
          "additionalInformation": {
            "de": [
              "Mittwoch bis Montag, 9-18 Uhr."
            ],
            "en": [
              "Wednesday-Monday, 9am-6pm."
            ],
            "it": [
              "Mercoledì-lunedì, dalle 9.00 alle 18.00."
            ],
            "fr": [
              "Mercredi-lundi, 9h-18h."
            ],
            "nl": [
              "Woensdag-maandag, 9u tot 18u."
            ],
            "es": [
              "De miércoles a lunes, de 9.00 a 18.00 h."
            ]
          },
          "hasTranslatedProperty": [
            {
              "@id": "https://data.datatourisme.fr/09200b04-8b3c-3ca1-b4b2-988269d98f3e",
              "dc:contributor": [
                "https://api.deepl.com/v2/translate"
              ],
              "rdf:language": [
                "nl"
              ],
              "rdf:predicate": [
                "additionalInformation"
              ]
            },
            {
              "@id": "https://data.datatourisme.fr/62579724-5363-3cb1-ad30-1a44fffa9f95",
              "dc:contributor": [
                "https://api.deepl.com/v2/translate"
              ],
              "rdf:language": [
                "en"
              ],
              "rdf:predicate": [
                "additionalInformation"
              ]
            },
            {
              "@id": "https://data.datatourisme.fr/805252ba-15a8-3b10-affa-c271da1a1a61",
              "dc:contributor": [
                "https://api.deepl.com/v2/translate"
              ],
              "rdf:language": [
                "it"
              ],
              "rdf:predicate": [
                "additionalInformation"
              ]
            },
            {
              "@id": "https://data.datatourisme.fr/a7c5ac07-529f-32d2-99b7-b94c4451d3a9",
              "dc:contributor": [
                "https://api.deepl.com/v2/translate"
              ],
              "rdf:language": [
                "de"
              ],
              "rdf:predicate": [
                "additionalInformation"
              ]
            },
            {
              "@id": "https://data.datatourisme.fr/de85e78f-f180-3b4d-8d1a-119f49c829c5",
              "dc:contributor": [
                "https://api.deepl.com/v2/translate"
              ],
              "rdf:language": [
                "es"
              ],
              "rdf:predicate": [
                "additionalInformation"
              ]
            }
          ]
        }
      ],
      "@type": [
        "schema:Place",
        "Place"
      ]
    }
  ],
  "lastUpdate": "2023-06-30",
  "lastUpdateDatatourisme": "2023-10-12T16:59:40.008Z"
}