{
  "@id": "https://data.datatourisme.fr/13/55b836e9-1205-3a3b-9375-34aef35cb762",
  "dc:identifier": "6547952",
  "@type": [
    "CulturalSite",
    "PlaceOfInterest",
    "PointOfInterest"
  ],
  "rdfs:comment": {
    "de": [
      "In dieser überdachten Passage, einer der ungewöhnlichsten in Paris, ist Abwechslung garantiert. Lassen Sie sich von Düften, Geschmäckern und Farben aus Indien oder Pakistan inspirieren."
    ],
    "en": [
      "A change of scenery is guaranteed in this covered passage, one of the most unusual in Paris. Soak up scents, tastes and colors straight from India or Pakistan."
    ],
    "it": [
      "Un cambiamento di scenario è garantito in questo passaggio coperto, uno dei più insoliti di Parigi. Immergetevi nei profumi, nei sapori e nei colori provenienti direttamente dall'India o dal Pakistan."
    ],
    "fr": [
      "Dépaysement garanti dans ce passage couvert, l’un des plus insolites de Paris. Imprégnez-vous de senteurs, de goûts et de couleurs venus tout droit d’Inde ou du Pakistan."
    ],
    "es": [
      "El cambio de aires está garantizado en este pasaje cubierto, uno de los más insólitos de París. Empápese de los olores, sabores y colores llegados directamente de la India o Pakistán."
    ],
    "nl": [
      "Een verandering van omgeving is gegarandeerd in deze overdekte passage, een van de meest ongewone in Parijs. Snuif de geuren, smaken en kleuren rechtstreeks op uit India of Pakistan."
    ]
  },
  "rdfs:label": {
    "fr": [
      "Passage Brady"
    ]
  },
  "owl:sameAs": [
    "http://www.wikidata.org/entity/Q1567455"
  ],
  "hasBeenCreatedBy": {
    "@id": "https://data.datatourisme.fr/13/03e0704b-5690-32de-a186-1dc3ad3316c9",
    "dc:identifier": "1019",
    "schema:email": [
      "bgeigle@visitparisregion.com",
      "hcaldo@visitparisregion.com",
      "mtanaskovic@visitparisregion.com"
    ],
    "schema:legalName": "Choose Paris Region",
    "@type": [
      "schema:Organization",
      "foaf:Agent",
      "Agent"
    ],
    "foaf:homepage": [
      "http://www.visitparisregion.com/"
    ]
  },
  "hasBeenPublishedBy": [
    {
      "@id": "https://data.datatourisme.fr/8a9feb4b-2cbd-3d2c-b507-bd6c6776b23b",
      "schema:legalName": "Apidae Tourisme Scic SA - source : Apidae Tourisme",
      "@type": [
        "schema:Organization",
        "foaf:Agent",
        "Agent"
      ],
      "foaf:homepage": [
        "https://www.apidae-tourisme.com/"
      ]
    }
  ],
  "hasDescription": [
    {
      "@id": "https://data.datatourisme.fr/e4c7e043-15a6-30d3-b65f-b4cf506fad12",
      "@type": [
        "Description"
      ],
      "hasTranslatedProperty": [
        {
          "@id": "https://data.datatourisme.fr/0c3d4e38-8e25-3fd8-a991-aa6439421c64",
          "dc:contributor": [
            "https://api.deepl.com/v2/translate"
          ],
          "rdf:language": [
            "es"
          ],
          "rdf:predicate": [
            "shortDescription"
          ]
        },
        {
          "@id": "https://data.datatourisme.fr/25e11cee-a9fe-3fcb-9479-276699c4f24d",
          "dc:contributor": [
            "https://api.deepl.com/v2/translate"
          ],
          "rdf:language": [
            "de"
          ],
          "rdf:predicate": [
            "shortDescription"
          ]
        },
        {
          "@id": "https://data.datatourisme.fr/75ce3177-11b0-3f3d-885e-aaed3ccaf799",
          "dc:contributor": [
            "https://api.deepl.com/v2/translate"
          ],
          "rdf:language": [
            "it"
          ],
          "rdf:predicate": [
            "shortDescription"
          ]
        },
        {
          "@id": "https://data.datatourisme.fr/a6e01b3e-eff4-311f-bfec-205053e60da4",
          "dc:contributor": [
            "https://api.deepl.com/v2/translate"
          ],
          "rdf:language": [
            "en"
          ],
          "rdf:predicate": [
            "shortDescription"
          ]
        },
        {
          "@id": "https://data.datatourisme.fr/d47a8e9c-c5fb-349c-aa2e-7c205faabc0c",
          "dc:contributor": [
            "https://api.deepl.com/v2/translate"
          ],
          "rdf:language": [
            "nl"
          ],
          "rdf:predicate": [
            "shortDescription"
          ]
        }
      ],
      "shortDescription": {
        "de": [
          "In dieser überdachten Passage, einer der ungewöhnlichsten in Paris, ist Abwechslung garantiert. Lassen Sie sich von Düften, Geschmäckern und Farben aus Indien oder Pakistan inspirieren."
        ],
        "en": [
          "A change of scenery is guaranteed in this covered passage, one of the most unusual in Paris. Soak up scents, tastes and colors straight from India or Pakistan."
        ],
        "it": [
          "Un cambiamento di scenario è garantito in questo passaggio coperto, uno dei più insoliti di Parigi. Immergetevi nei profumi, nei sapori e nei colori provenienti direttamente dall'India o dal Pakistan."
        ],
        "fr": [
          "Dépaysement garanti dans ce passage couvert, l’un des plus insolites de Paris. Imprégnez-vous de senteurs, de goûts et de couleurs venus tout droit d’Inde ou du Pakistan."
        ],
        "es": [
          "El cambio de aires está garantizado en este pasaje cubierto, uno de los más insólitos de París. Empápese de los olores, sabores y colores llegados directamente de la India o Pakistán."
        ],
        "nl": [
          "Een verandering van omgeving is gegarandeerd in deze overdekte passage, een van de meest ongewone in Parijs. Snuif de geuren, smaken en kleuren rechtstreeks op uit India of Pakistan."
        ]
      }
    }
  ],
  "hasRepresentation": [
    {
      "@id": "https://data.datatourisme.fr/f411b54a-b947-36c6-a5e9-51ccc1b30da7",
      "ebucore:hasAnnotation": [
        {
          "@id": "https://data.datatourisme.fr/61caa992-84dc-3886-8f0c-4d508a580793",
          "ebucore:isCoveredBy": "CC BY 2.0",
          "ebucore:title": {
            "fr": [
              "Passage Brady"
            ]
          },
          "@type": [
            "ebucore:Annotation"
          ],
          "credits": [
            "Ratozamanana Andriankoto (https:https://www.flickr.com/photos/75544836@N00)"
          ]
        }
      ],
      "ebucore:hasRelatedResource": [
        {
          "@id": "https://data.datatourisme.fr/9abedc93-87c3-32ed-b12f-3e33374bfcf9",
          "ebucore:fileSize": [
            959305
          ],
          "ebucore:hasMimeType": [
            {
              "@id": "kb:JPEG",
              "@type": [
                "ebucore:MimeType"
              ],
              "rdfs:comment": {
                "de": [
                  "JPEG-Bild"
                ],
                "pt": [
                  "Imagem JPEG"
                ],
                "en": [
                  "JPEG image file"
                ],
                "it": [
                  "Immagine JPEG"
                ],
                "fr": [
                  "Image JPEG"
                ],
                "nl": [
                  "JPEG-afbeelding"
                ],
                "es": [
                  "Imagen JPEG"
                ]
              },
              "rdfs:label": {
                "de": [
                  "image/jpeg"
                ],
                "pt": [
                  "image/jpeg"
                ],
                "en": [
                  "image/jpeg"
                ],
                "it": [
                  "image/jpeg"
                ],
                "fr": [
                  "image/jpeg"
                ],
                "nl": [
                  "image/jpeg"
                ],
                "es": [
                  "image/jpeg"
                ]
              }
            }
          ],
          "ebucore:height": 1536,
          "ebucore:locator": [
            "https://upload.wikimedia.org/wikipedia/commons/1/12/Passage_Brady.jpg"
          ],
          "ebucore:width": 2048,
          "@type": [
            "ebucore:Resource"
          ]
        }
      ],
      "@type": [
        "ebucore:EditorialObject"
      ]
    }
  ],
  "hasTheme": [
    {
      "@id": "kb:Culture",
      "@type": [
        "CulturalTheme"
      ],
      "rdfs:label": {
        "de": [
          "Kultur"
        ],
        "pt": [
          "Cultura"
        ],
        "en": [
          "Culture"
        ],
        "it": [
          "Cultura"
        ],
        "fr": [
          "Culture"
        ],
        "nl": [
          "Cultuur"
        ],
        "es": [
          "Cultura"
        ]
      }
    }
  ],
  "hasTranslatedProperty": [
    {
      "@id": "https://data.datatourisme.fr/1162f7d4-8df5-39a2-be97-32120f5a0f1a",
      "dc:contributor": [
        "https://api.deepl.com/v2/translate"
      ],
      "rdf:language": [
        "nl"
      ],
      "rdf:predicate": [
        {
          "@id": "rdfs:comment"
        }
      ]
    },
    {
      "@id": "https://data.datatourisme.fr/75e570bb-0761-3028-b80a-dd23a7b25e98",
      "dc:contributor": [
        "https://api.deepl.com/v2/translate"
      ],
      "rdf:language": [
        "de"
      ],
      "rdf:predicate": [
        {
          "@id": "rdfs:comment"
        }
      ]
    },
    {
      "@id": "https://data.datatourisme.fr/9de33b62-ef3f-3136-8f32-d12a2563a589",
      "dc:contributor": [
        "https://api.deepl.com/v2/translate"
      ],
      "rdf:language": [
        "it"
      ],
      "rdf:predicate": [
        {
          "@id": "rdfs:comment"
        }
      ]
    },
    {
      "@id": "https://data.datatourisme.fr/c93a8624-c331-36b1-ae80-9d0093c9018f",
      "dc:contributor": [
        "https://api.deepl.com/v2/translate"
      ],
      "rdf:language": [
        "en"
      ],
      "rdf:predicate": [
        {
          "@id": "rdfs:comment"
        }
      ]
    },
    {
      "@id": "https://data.datatourisme.fr/e05dcdcd-9ad5-39dc-bfa0-039ec861f3c4",
      "dc:contributor": [
        "https://api.deepl.com/v2/translate"
      ],
      "rdf:language": [
        "es"
      ],
      "rdf:predicate": [
        {
          "@id": "rdfs:comment"
        }
      ]
    }
  ],
  "isLocatedAt": [
    {
      "@id": "https://data.datatourisme.fr/cc32afd8-57f0-3dac-9b50-8c1a725541d0",
      "schema:address": [
        {
          "@id": "https://data.datatourisme.fr/6d9d59e9-0e1b-35d3-8f3a-0b67c6546881",
          "schema:addressLocality": "Paris",
          "schema:postalCode": "75010",
          "schema:streetAddress": [
            "46 rue du Faubourg Saint-Denis"
          ],
          "@type": [
            "schema:PostalAddress",
            "PostalAddress"
          ],
          "hasAddressCity": {
            "@id": "kb:75056",
            "@type": [
              "City"
            ],
            "rdfs:label": {
              "de": [
                "Paris"
              ],
              "pt": [
                "Paris"
              ],
              "en": [
                "Paris"
              ],
              "it": [
                "Paris"
              ],
              "fr": [
                "Paris"
              ],
              "nl": [
                "Paris"
              ],
              "es": [
                "Paris"
              ]
            },
            "insee": "75056",
            "isPartOfDepartment": {
              "@id": "kb:France1175",
              "@type": [
                "Department"
              ],
              "rdfs:label": {
                "de": [
                  "Paris"
                ],
                "pt": [
                  "Paris"
                ],
                "en": [
                  "Paris"
                ],
                "it": [
                  "Paris"
                ],
                "fr": [
                  "Paris"
                ],
                "nl": [
                  "Paris"
                ],
                "es": [
                  "Paris"
                ]
              },
              "insee": "75",
              "isPartOfRegion": {
                "@id": "kb:France11",
                "@type": [
                  "Region"
                ],
                "rdfs:label": {
                  "de": [
                    "Île-de-France"
                  ],
                  "pt": [
                    "Île-de-France"
                  ],
                  "en": [
                    "Île-de-France"
                  ],
                  "it": [
                    "Île-de-France"
                  ],
                  "fr": [
                    "Île-de-France"
                  ],
                  "nl": [
                    "Île-de-France"
                  ],
                  "es": [
                    "Île-de-France"
                  ]
                },
                "insee": "11",
                "isPartOfCountry": {
                  "@id": "kb:France",
                  "@type": [
                    "schema:Country"
                  ],
                  "rdfs:label": {
                    "de": [
                      "France",
                      "Frankreich"
                    ],
                    "pt": [
                      "França",
                      "France"
                    ],
                    "en": [
                      "France"
                    ],
                    "it": [
                      "France",
                      "Francia"
                    ],
                    "fr": [
                      "France"
                    ],
                    "nl": [
                      "France",
                      "Frankrijk"
                    ],
                    "es": [
                      "France",
                      "Francia"
                    ]
                  }
                }
              }
            }
          }
        }
      ],
      "schema:geo": {
        "@id": "https://data.datatourisme.fr/185cf89a-4cda-361d-83c1-9d6e1efa595c",
        "schema:latitude": "48.871601",
        "schema:longitude": "2.353784",
        "@type": [
          "schema:GeoCoordinates"
        ]
      },
      "schema:openingHoursSpecification": [
        {
          "@id": "https://data.datatourisme.fr/f87e535a-636d-3343-ad63-8a03392e7511",
          "schema:validFrom": "2023-01-01T00:00:00",
          "schema:validThrough": "2023-12-31T23:59:59",
          "@type": [
            "schema:OpeningHoursSpecification"
          ]
        }
      ],
      "@type": [
        "schema:Place",
        "Place"
      ]
    }
  ],
  "isOwnedBy": [
    {
      "@id": "https://data.datatourisme.fr/3b8a790a-ebad-39c6-9a18-c5663001f469",
      "schema:email": [
        "bgeigle@visitparisregion.com",
        "hcaldo@visitparisregion.com",
        "mtanaskovic@visitparisregion.com"
      ],
      "schema:legalName": "Choose Paris Region",
      "@type": [
        "schema:Organization",
        "foaf:Agent",
        "Agent"
      ],
      "foaf:homepage": [
        "http://www.visitparisregion.com/"
      ]
    }
  ],
  "lastUpdate": "2023-06-02",
  "lastUpdateDatatourisme": "2023-10-17T05:52:15.643Z"
}