{
  "@id": "https://data.datatourisme.fr/13/a3d77180-b56c-35a0-8bab-b3955ccfc940",
  "dc:identifier": "6546528",
  "@type": [
    "CulturalSite",
    "PlaceOfInterest",
    "PointOfInterest"
  ],
  "rdfs:comment": {
    "de": [
      "Die Galerie Vivienne ist einer der Schätze des zweiten Arrondissements. Jahrhunderts. Die neoklassizistische Einrichtung überrascht durch ihre Pracht. Schmiedeeisen, Mosaike, Vergoldungen, Rotunde und Arkaden? Es ist eine Reise in das Herz des Pariser Kulturerbes."
    ],
    "en": [
      "The Galerie Vivienne is one of the treasures of the 2nd arrondissement. Dating from the early 19th century, its neoclassical decor is astonishingly lavish. Wrought iron, mosaics, gilding, rotundas and arcades? It's a journey to the heart of Parisian heritage."
    ],
    "it": [
      "La Galerie Vivienne è uno dei tesori del 2° arrondissement. Risalente agli inizi del XIX secolo, il suo arredamento neoclassico è sorprendente nel suo splendore. Ferro battuto, mosaici, dorature, rotonde e arcate? È un viaggio nel cuore del patrimonio parigino."
    ],
    "fr": [
      "La galerie Vivienne est l’un des trésors du 2ème arrondissement. Datant du début du XIXe siècle, son décor néoclassique étonne par son faste. Fer forgé, mosaïques, dorures, rotonde et arcades… C’est un voyage au cœur du patrimoine parisien."
    ],
    "es": [
      "La Galería Vivienne es uno de los tesoros del distrito II. De principios del siglo XIX, su decoración neoclásica sorprende por su esplendor. Hierro forjado, mosaicos, dorados, rotondas y arcadas.. Es un viaje al corazón del patrimonio parisino."
    ],
    "nl": [
      "De Galerie Vivienne is een van de schatten van het 2e arrondissement. Het neoklassieke decor dateert uit het begin van de 19e eeuw en is verbluffend mooi. Smeedijzer, mozaïeken, verguldsel, rotondes en arcades? Het is een reis naar het hart van het Parijse erfgoed."
    ]
  },
  "rdfs:label": {
    "fr": [
      "Galerie Vivienne"
    ]
  },
  "hasBeenCreatedBy": {
    "@id": "https://data.datatourisme.fr/13/03e0704b-5690-32de-a186-1dc3ad3316c9",
    "dc:identifier": "1019",
    "schema:email": [
      "bgeigle@visitparisregion.com",
      "hcaldo@visitparisregion.com",
      "mtanaskovic@visitparisregion.com"
    ],
    "schema:legalName": "Choose Paris Region",
    "@type": [
      "schema:Organization",
      "foaf:Agent",
      "Agent"
    ],
    "foaf:homepage": [
      "http://www.visitparisregion.com/"
    ]
  },
  "hasBeenPublishedBy": [
    {
      "@id": "https://data.datatourisme.fr/8a9feb4b-2cbd-3d2c-b507-bd6c6776b23b",
      "schema:legalName": "Apidae Tourisme Scic SA - source : Apidae Tourisme",
      "@type": [
        "schema:Organization",
        "foaf:Agent",
        "Agent"
      ],
      "foaf:homepage": [
        "https://www.apidae-tourisme.com/"
      ]
    }
  ],
  "hasContact": [
    {
      "@id": "https://data.datatourisme.fr/9e35d3f3-791a-3c4b-9f7d-ef9ef8957340",
      "@type": [
        "foaf:Agent",
        "Agent"
      ],
      "foaf:homepage": [
        "http://www.galerie-vivienne.com/"
      ]
    }
  ],
  "hasDescription": [
    {
      "@id": "https://data.datatourisme.fr/9e474516-5f01-368e-8534-56e896712701",
      "@type": [
        "Description"
      ],
      "hasTranslatedProperty": [
        {
          "@id": "https://data.datatourisme.fr/205d9309-9e3d-3260-8dc2-e03d439f75ac",
          "dc:contributor": [
            "https://api.deepl.com/v2/translate"
          ],
          "rdf:language": [
            "it"
          ],
          "rdf:predicate": [
            "shortDescription"
          ]
        },
        {
          "@id": "https://data.datatourisme.fr/622eb958-9034-361f-ac8e-238d4ac24a58",
          "dc:contributor": [
            "https://api.deepl.com/v2/translate"
          ],
          "rdf:language": [
            "es"
          ],
          "rdf:predicate": [
            "shortDescription"
          ]
        },
        {
          "@id": "https://data.datatourisme.fr/83105b08-58e8-36a1-b329-897683cdce74",
          "dc:contributor": [
            "https://api.deepl.com/v2/translate"
          ],
          "rdf:language": [
            "de"
          ],
          "rdf:predicate": [
            "shortDescription"
          ]
        },
        {
          "@id": "https://data.datatourisme.fr/8edeabaf-3e90-34f9-8fbd-bc70df9f4f5b",
          "dc:contributor": [
            "https://api.deepl.com/v2/translate"
          ],
          "rdf:language": [
            "nl"
          ],
          "rdf:predicate": [
            "shortDescription"
          ]
        },
        {
          "@id": "https://data.datatourisme.fr/c489e6cf-eb47-3702-b4c6-32d99b757e28",
          "dc:contributor": [
            "https://api.deepl.com/v2/translate"
          ],
          "rdf:language": [
            "en"
          ],
          "rdf:predicate": [
            "shortDescription"
          ]
        }
      ],
      "shortDescription": {
        "de": [
          "Die Galerie Vivienne ist einer der Schätze des zweiten Arrondissements. Jahrhunderts. Die neoklassizistische Einrichtung überrascht durch ihre Pracht. Schmiedeeisen, Mosaike, Vergoldungen, Rotunde und Arkaden? Es ist eine Reise in das Herz des Pariser Kulturerbes."
        ],
        "en": [
          "The Galerie Vivienne is one of the treasures of the 2nd arrondissement. Dating from the early 19th century, its neoclassical decor is astonishingly lavish. Wrought iron, mosaics, gilding, rotundas and arcades? It's a journey to the heart of Parisian heritage."
        ],
        "it": [
          "La Galerie Vivienne è uno dei tesori del 2° arrondissement. Risalente agli inizi del XIX secolo, il suo arredamento neoclassico è sorprendente nel suo splendore. Ferro battuto, mosaici, dorature, rotonde e arcate? È un viaggio nel cuore del patrimonio parigino."
        ],
        "fr": [
          "La galerie Vivienne est l’un des trésors du 2ème arrondissement. Datant du début du XIXe siècle, son décor néoclassique étonne par son faste. Fer forgé, mosaïques, dorures, rotonde et arcades… C’est un voyage au cœur du patrimoine parisien."
        ],
        "es": [
          "La Galería Vivienne es uno de los tesoros del distrito II. De principios del siglo XIX, su decoración neoclásica sorprende por su esplendor. Hierro forjado, mosaicos, dorados, rotondas y arcadas.. Es un viaje al corazón del patrimonio parisino."
        ],
        "nl": [
          "De Galerie Vivienne is een van de schatten van het 2e arrondissement. Het neoklassieke decor dateert uit het begin van de 19e eeuw en is verbluffend mooi. Smeedijzer, mozaïeken, verguldsel, rotondes en arcades? Het is een reis naar het hart van het Parijse erfgoed."
        ]
      }
    }
  ],
  "hasTheme": [
    {
      "@id": "kb:Culture",
      "@type": [
        "CulturalTheme"
      ],
      "rdfs:label": {
        "de": [
          "Kultur"
        ],
        "pt": [
          "Cultura"
        ],
        "en": [
          "Culture"
        ],
        "it": [
          "Cultura"
        ],
        "fr": [
          "Culture"
        ],
        "nl": [
          "Cultuur"
        ],
        "es": [
          "Cultura"
        ]
      }
    }
  ],
  "hasTranslatedProperty": [
    {
      "@id": "https://data.datatourisme.fr/1b1c9e5f-90db-3b14-9c56-c8824d777763",
      "dc:contributor": [
        "https://api.deepl.com/v2/translate"
      ],
      "rdf:language": [
        "en"
      ],
      "rdf:predicate": [
        {
          "@id": "rdfs:comment"
        }
      ]
    },
    {
      "@id": "https://data.datatourisme.fr/88fb8d24-f0f8-357c-804f-7b5112b4a684",
      "dc:contributor": [
        "https://api.deepl.com/v2/translate"
      ],
      "rdf:language": [
        "es"
      ],
      "rdf:predicate": [
        {
          "@id": "rdfs:comment"
        }
      ]
    },
    {
      "@id": "https://data.datatourisme.fr/c7fd374f-7699-3ed0-9723-5f3c2ff93adf",
      "dc:contributor": [
        "https://api.deepl.com/v2/translate"
      ],
      "rdf:language": [
        "nl"
      ],
      "rdf:predicate": [
        {
          "@id": "rdfs:comment"
        }
      ]
    },
    {
      "@id": "https://data.datatourisme.fr/d1d7e6d6-7fc5-32eb-85a2-bca2d417c6f6",
      "dc:contributor": [
        "https://api.deepl.com/v2/translate"
      ],
      "rdf:language": [
        "it"
      ],
      "rdf:predicate": [
        {
          "@id": "rdfs:comment"
        }
      ]
    },
    {
      "@id": "https://data.datatourisme.fr/e6912e68-0260-36dc-82ab-3be21c1cd173",
      "dc:contributor": [
        "https://api.deepl.com/v2/translate"
      ],
      "rdf:language": [
        "de"
      ],
      "rdf:predicate": [
        {
          "@id": "rdfs:comment"
        }
      ]
    }
  ],
  "isLocatedAt": [
    {
      "@id": "https://data.datatourisme.fr/93c08b97-bc50-3a60-9c1b-b58eb1356d86",
      "schema:address": [
        {
          "@id": "https://data.datatourisme.fr/f2d3fd4d-5913-3fd7-8b91-1aecf12f8938",
          "schema:addressLocality": "Paris",
          "schema:postalCode": "75002",
          "schema:streetAddress": [
            "4 Rue des Petits Champs"
          ],
          "@type": [
            "schema:PostalAddress",
            "PostalAddress"
          ],
          "hasAddressCity": {
            "@id": "kb:75056",
            "@type": [
              "City"
            ],
            "rdfs:label": {
              "de": [
                "Paris"
              ],
              "pt": [
                "Paris"
              ],
              "en": [
                "Paris"
              ],
              "it": [
                "Paris"
              ],
              "fr": [
                "Paris"
              ],
              "nl": [
                "Paris"
              ],
              "es": [
                "Paris"
              ]
            },
            "insee": "75056",
            "isPartOfDepartment": {
              "@id": "kb:France1175",
              "@type": [
                "Department"
              ],
              "rdfs:label": {
                "de": [
                  "Paris"
                ],
                "pt": [
                  "Paris"
                ],
                "en": [
                  "Paris"
                ],
                "it": [
                  "Paris"
                ],
                "fr": [
                  "Paris"
                ],
                "nl": [
                  "Paris"
                ],
                "es": [
                  "Paris"
                ]
              },
              "insee": "75",
              "isPartOfRegion": {
                "@id": "kb:France11",
                "@type": [
                  "Region"
                ],
                "rdfs:label": {
                  "de": [
                    "Île-de-France"
                  ],
                  "pt": [
                    "Île-de-France"
                  ],
                  "en": [
                    "Île-de-France"
                  ],
                  "it": [
                    "Île-de-France"
                  ],
                  "fr": [
                    "Île-de-France"
                  ],
                  "nl": [
                    "Île-de-France"
                  ],
                  "es": [
                    "Île-de-France"
                  ]
                },
                "insee": "11",
                "isPartOfCountry": {
                  "@id": "kb:France",
                  "@type": [
                    "schema:Country"
                  ],
                  "rdfs:label": {
                    "de": [
                      "France",
                      "Frankreich"
                    ],
                    "pt": [
                      "França",
                      "France"
                    ],
                    "en": [
                      "France"
                    ],
                    "it": [
                      "France",
                      "Francia"
                    ],
                    "fr": [
                      "France"
                    ],
                    "nl": [
                      "France",
                      "Frankrijk"
                    ],
                    "es": [
                      "France",
                      "Francia"
                    ]
                  }
                }
              }
            }
          }
        }
      ],
      "schema:geo": {
        "@id": "https://data.datatourisme.fr/e328c0a8-a5a9-3d8d-933f-75154f2a53c6",
        "schema:latitude": "48.866215",
        "schema:longitude": "2.339481",
        "@type": [
          "schema:GeoCoordinates"
        ]
      },
      "schema:openingHoursSpecification": [
        {
          "@id": "https://data.datatourisme.fr/0625ec32-bd18-3a1d-813b-71ea29a69bfe",
          "schema:closes": "20:00:00",
          "schema:opens": "08:30:00",
          "schema:validFrom": "2023-01-01T00:00:00",
          "schema:validThrough": "2023-12-31T23:59:59",
          "@type": [
            "schema:OpeningHoursSpecification"
          ]
        }
      ],
      "@type": [
        "schema:Place",
        "Place"
      ]
    }
  ],
  "isOwnedBy": [
    {
      "@id": "https://data.datatourisme.fr/3b8a790a-ebad-39c6-9a18-c5663001f469",
      "schema:email": [
        "bgeigle@visitparisregion.com",
        "hcaldo@visitparisregion.com",
        "mtanaskovic@visitparisregion.com"
      ],
      "schema:legalName": "Choose Paris Region",
      "@type": [
        "schema:Organization",
        "foaf:Agent",
        "Agent"
      ],
      "foaf:homepage": [
        "http://www.visitparisregion.com/"
      ]
    }
  ],
  "lastUpdate": "2023-07-12",
  "lastUpdateDatatourisme": "2023-10-02T05:53:31.706Z"
}