{
  "@id": "https://data.datatourisme.fr/13/59f8efbe-b0e1-3833-ac77-e1a55348c9aa",
  "dc:identifier": "5173392",
  "@type": [
    "olo:OrderedList",
    "CyclingTour",
    "PlaceOfInterest",
    "PointOfInterest",
    "SportsAndLeisurePlace",
    "Tour"
  ],
  "rdfs:comment": {
    "de": [
      "Er macht seinem Namen alle Ehre mit der Reihe der Pässe Marchand, Juvenet, Gibet, Fontfreyde, Buisson und Faux, von denen einer schöner ist als der andere. Seien Sie versichert, dass nicht alle lange Anstiege erfordern. Auf dem Weg durch malerische Dörfer"
    ],
    "en": [
      "With its numerous mountain passes this trail is far from being a poor second to\r\nthe well-known Ardèchoise cycling event. Along the way, you can make a lot of stop and admire beautifull village."
    ],
    "it": [
      "Porta bene il suo nome con la serie di passi di Marchand, Juvenet, Gibet, Fontfreyde, Buisson e Faux, uno più bello dell'altro. Non è detto che tutte richiedano lunghe salite. Lungo il percorso, villaggi pittoreschi"
    ],
    "fr": [
      "Il porte bien son nom avec la série de cols du Marchand, du Juvenet, du Gibet, de Fontfreyde, du Buisson et du Faux, tous plus beaux les uns que les autres. Rassurez vous, ils ne demandent pas tous de longues ascensions. En chemin de pittoresques villages"
    ],
    "es": [
      "Lleva bien su nombre con la serie de pasos de Marchand, Juvenet, Gibet, Fontfreyde, Buisson y Faux, cada uno más bello que el anterior. Tenga la seguridad de que no todas requieren largas subidas. A lo largo del camino, pintorescos pueblos"
    ],
    "nl": [
      "Het draagt zijn naam goed met de reeks passen van Marchand, Juvenet, Gibet, Fontfreyde, Buisson en Faux, de een nog mooier dan de ander. Wees gerust, het zijn niet allemaal lange klimmen. Onderweg worden pittoreske dorpjes"
    ]
  },
  "rdfs:label": {
    "de": [
      "Circuit VAE : Le circuit des cols"
    ],
    "ru": [
      "Circuit VAE : Le circuit des cols"
    ],
    "en": [
      "Circuit VAE : Mountain pass roads"
    ],
    "it": [
      "Circuit VAE : Le circuit des cols"
    ],
    "fr": [
      "Circuit VAE : Le circuit des cols"
    ],
    "zh": [
      "Circuit VAE : Le circuit des cols"
    ],
    "nl": [
      "Circuit VAE : Le circuit des cols"
    ],
    "es": [
      "Circuit VAE : Le circuit des cols"
    ]
  },
  "hasBeenCreatedBy": {
    "@id": "https://data.datatourisme.fr/13/185c29dc-2432-3934-ae37-7cfda20e414c",
    "dc:identifier": "627",
    "schema:email": [
      "a.ferrel@ah-tourisme.com",
      "d.mathieu@ah-tourisme.com",
      "s.monneron@ah-tourisme.com"
    ],
    "schema:legalName": "Ardèche Hermitage Tourisme",
    "@type": [
      "schema:Organization",
      "foaf:Agent",
      "Agent"
    ],
    "foaf:homepage": [
      "http://ardeche-hermitage.com/"
    ]
  },
  "hasBeenPublishedBy": [
    {
      "@id": "https://data.datatourisme.fr/dbca899d-3f22-364b-b99d-40af1e917c58",
      "schema:legalName": "Agence de Développement Touristique de l'Ardèche - source : Apidae Tourisme",
      "@type": [
        "schema:Organization",
        "foaf:Agent",
        "Agent"
      ],
      "foaf:homepage": [
        "https://www.apidae-tourisme.com/"
      ]
    }
  ],
  "hasContact": [
    {
      "@id": "https://data.datatourisme.fr/8cbd11c1-7c1a-3b54-b736-9b020ac326c2",
      "schema:email": [
        "info@ah-tourisme.com"
      ],
      "schema:telephone": [
        "+33 4 75 06 06 12",
        "+33 4 75 08 10 23"
      ],
      "@type": [
        "foaf:Agent",
        "Agent"
      ],
      "foaf:homepage": [
        "https://rando-ardeche-hermitage.fr/velo-a-assistance-electrique/le-circuit-des-cols/"
      ]
    }
  ],
  "hasDescription": [
    {
      "@id": "https://data.datatourisme.fr/c1015a98-10b9-35df-af00-f49cb03492b4",
      "@type": [
        "Description"
      ],
      "hasTranslatedProperty": [
        {
          "@id": "https://data.datatourisme.fr/883e0c27-3838-3ea1-a03b-fe612577eaeb",
          "dc:contributor": [
            "https://api.deepl.com/v2/translate"
          ],
          "rdf:language": [
            "de"
          ],
          "rdf:predicate": [
            "shortDescription"
          ]
        },
        {
          "@id": "https://data.datatourisme.fr/8ba0df3e-b9de-3a02-90b5-f1fa36c03976",
          "dc:contributor": [
            "https://api.deepl.com/v2/translate"
          ],
          "rdf:language": [
            "it"
          ],
          "rdf:predicate": [
            "shortDescription"
          ]
        },
        {
          "@id": "https://data.datatourisme.fr/96ca49d2-a568-3247-9938-c824fc62270c",
          "dc:contributor": [
            "https://api.deepl.com/v2/translate"
          ],
          "rdf:language": [
            "es"
          ],
          "rdf:predicate": [
            "shortDescription"
          ]
        },
        {
          "@id": "https://data.datatourisme.fr/d430721c-6848-39df-aac3-d71083904b0a",
          "dc:contributor": [
            "https://api.deepl.com/v2/translate"
          ],
          "rdf:language": [
            "nl"
          ],
          "rdf:predicate": [
            "shortDescription"
          ]
        }
      ],
      "shortDescription": {
        "de": [
          "Er macht seinem Namen alle Ehre mit der Reihe der Pässe Marchand, Juvenet, Gibet, Fontfreyde, Buisson und Faux, von denen einer schöner ist als der andere. Seien Sie versichert, dass nicht alle lange Anstiege erfordern. Auf dem Weg durch malerische Dörfer"
        ],
        "en": [
          "With its numerous mountain passes this trail is far from being a poor second to\r\nthe well-known Ardèchoise cycling event. Along the way, you can make a lot of stop and admire beautifull village."
        ],
        "it": [
          "Porta bene il suo nome con la serie di passi di Marchand, Juvenet, Gibet, Fontfreyde, Buisson e Faux, uno più bello dell'altro. Non è detto che tutte richiedano lunghe salite. Lungo il percorso, villaggi pittoreschi"
        ],
        "fr": [
          "Il porte bien son nom avec la série de cols du Marchand, du Juvenet, du Gibet, de Fontfreyde, du Buisson et du Faux, tous plus beaux les uns que les autres. Rassurez vous, ils ne demandent pas tous de longues ascensions. En chemin de pittoresques villages"
        ],
        "es": [
          "Lleva bien su nombre con la serie de pasos de Marchand, Juvenet, Gibet, Fontfreyde, Buisson y Faux, cada uno más bello que el anterior. Tenga la seguridad de que no todas requieren largas subidas. A lo largo del camino, pintorescos pueblos"
        ],
        "nl": [
          "Het draagt zijn naam goed met de reeks passen van Marchand, Juvenet, Gibet, Fontfreyde, Buisson en Faux, de een nog mooier dan de ander. Wees gerust, het zijn niet allemaal lange klimmen. Onderweg worden pittoreske dorpjes"
        ]
      }
    }
  ],
  "hasTheme": [
    {
      "@id": "kb:Bike",
      "@type": [
        "SportsTheme"
      ],
      "rdfs:label": {
        "de": [
          "Fahrrad"
        ],
        "pt": [
          "Bicicleta"
        ],
        "en": [
          "Bike"
        ],
        "it": [
          "Bicicletta"
        ],
        "fr": [
          "Vélo"
        ],
        "nl": [
          "Fiets"
        ],
        "es": [
          "Bicicleta"
        ]
      }
    },
    {
      "@id": "kb:ElectricallyAssistedBicycle",
      "@type": [
        "SportsTheme"
      ],
      "rdfs:label": {
        "de": [
          "Ladestation für Elektrofahrräder"
        ],
        "pt": [
          "Bicicleta elétrica"
        ],
        "en": [
          "Electrically assisted bicycle"
        ],
        "it": [
          "Bicicletta a pedalata assistita"
        ],
        "fr": [
          "Vélo à assistance électrique, VAE"
        ],
        "nl": [
          "Elektrische fiets"
        ],
        "es": [
          "Bicicleta eléctrica, VAE"
        ]
      }
    }
  ],
  "hasTranslatedProperty": [
    {
      "@id": "https://data.datatourisme.fr/3f94ff39-508d-3f86-bd0d-dd80e1d00fb1",
      "dc:contributor": [
        "https://api.deepl.com/v2/translate"
      ],
      "rdf:language": [
        "es"
      ],
      "rdf:predicate": [
        {
          "@id": "rdfs:comment"
        }
      ]
    },
    {
      "@id": "https://data.datatourisme.fr/7095ae81-d9b7-333d-b83f-05fe9e271b5d",
      "dc:contributor": [
        "https://api.deepl.com/v2/translate"
      ],
      "rdf:language": [
        "nl"
      ],
      "rdf:predicate": [
        {
          "@id": "rdfs:comment"
        }
      ]
    },
    {
      "@id": "https://data.datatourisme.fr/824af650-3470-34f6-8350-70536684991d",
      "dc:contributor": [
        "https://api.deepl.com/v2/translate"
      ],
      "rdf:language": [
        "de"
      ],
      "rdf:predicate": [
        {
          "@id": "rdfs:comment"
        }
      ]
    },
    {
      "@id": "https://data.datatourisme.fr/add9cc6e-046e-39bc-9a9c-148c1d022001",
      "dc:contributor": [
        "https://api.deepl.com/v2/translate"
      ],
      "rdf:language": [
        "it"
      ],
      "rdf:predicate": [
        {
          "@id": "rdfs:comment"
        }
      ]
    }
  ],
  "isLocatedAt": [
    {
      "@id": "https://data.datatourisme.fr/ddb46c58-6e49-3503-bd5f-675560f53e7a",
      "schema:address": [
        {
          "@id": "https://data.datatourisme.fr/ea39b0e2-e158-30e8-8d01-56b5c8c12090",
          "schema:addressLocality": "Pailharès",
          "schema:postalCode": "07410",
          "schema:streetAddress": [
            "Centre du village"
          ],
          "@type": [
            "schema:PostalAddress",
            "PostalAddress"
          ],
          "hasAddressCity": {
            "@id": "kb:07170",
            "@type": [
              "City"
            ],
            "rdfs:label": {
              "de": [
                "Pailharès"
              ],
              "pt": [
                "Pailharès"
              ],
              "en": [
                "Pailharès"
              ],
              "it": [
                "Pailharès"
              ],
              "fr": [
                "Pailharès"
              ],
              "nl": [
                "Pailharès"
              ],
              "es": [
                "Pailharès"
              ]
            },
            "insee": "07170",
            "isPartOfDepartment": {
              "@id": "kb:France8407",
              "@type": [
                "Department"
              ],
              "rdfs:label": {
                "de": [
                  "Ardèche"
                ],
                "pt": [
                  "Ardèche"
                ],
                "en": [
                  "Ardèche"
                ],
                "it": [
                  "Ardèche"
                ],
                "fr": [
                  "Ardèche"
                ],
                "nl": [
                  "Ardèche"
                ],
                "es": [
                  "Ardèche"
                ]
              },
              "insee": "07",
              "isPartOfRegion": {
                "@id": "kb:France84",
                "@type": [
                  "Region"
                ],
                "rdfs:label": {
                  "de": [
                    "Auvergne-Rhône-Alpes"
                  ],
                  "pt": [
                    "Auvergne-Rhône-Alpes"
                  ],
                  "en": [
                    "Auvergne-Rhône-Alpes"
                  ],
                  "it": [
                    "Auvergne-Rhône-Alpes"
                  ],
                  "fr": [
                    "Auvergne-Rhône-Alpes"
                  ],
                  "nl": [
                    "Auvergne-Rhône-Alpes"
                  ],
                  "es": [
                    "Auvergne-Rhône-Alpes"
                  ]
                },
                "insee": "84",
                "isPartOfCountry": {
                  "@id": "kb:France",
                  "@type": [
                    "schema:Country"
                  ],
                  "rdfs:label": {
                    "de": [
                      "France",
                      "Frankreich"
                    ],
                    "pt": [
                      "França",
                      "France"
                    ],
                    "en": [
                      "France"
                    ],
                    "it": [
                      "France",
                      "Francia"
                    ],
                    "fr": [
                      "France"
                    ],
                    "nl": [
                      "France",
                      "Frankrijk"
                    ],
                    "es": [
                      "France",
                      "Francia"
                    ]
                  }
                }
              }
            }
          }
        }
      ],
      "schema:geo": {
        "@id": "https://data.datatourisme.fr/89fbf4cc-4716-347b-964e-80311e367584",
        "schema:elevation": "700",
        "schema:latitude": "45.078733",
        "schema:longitude": "4.56571",
        "@type": [
          "schema:GeoCoordinates"
        ]
      },
      "schema:openingHoursSpecification": [
        {
          "@id": "https://data.datatourisme.fr/74a24733-7ad4-3b86-a942-50b65df0f802",
          "schema:validFrom": "2023-01-01T00:00:00",
          "schema:validThrough": "2023-12-31T23:59:59",
          "@type": [
            "schema:OpeningHoursSpecification"
          ],
          "additionalInformation": {
            "de": [
              "Beste Jahreszeit: Mai bis Oktober"
            ],
            "en": [
              "Best season: May to October"
            ],
            "it": [
              "Stagione migliore: da maggio a ottobre"
            ],
            "fr": [
              "Meilleure saison : de mai à octobre"
            ],
            "es": [
              "Mejor temporada: de mayo a octubre"
            ],
            "nl": [
              "Beste seizoen: mei tot oktober"
            ]
          },
          "hasTranslatedProperty": [
            {
              "@id": "https://data.datatourisme.fr/20468a7b-0145-3cae-b8d4-68aca9171abf",
              "dc:contributor": [
                "https://api.deepl.com/v2/translate"
              ],
              "rdf:language": [
                "es"
              ],
              "rdf:predicate": [
                "additionalInformation"
              ]
            },
            {
              "@id": "https://data.datatourisme.fr/400c9fcb-ad29-3d00-ba92-0d500b56e86b",
              "dc:contributor": [
                "https://api.deepl.com/v2/translate"
              ],
              "rdf:language": [
                "de"
              ],
              "rdf:predicate": [
                "additionalInformation"
              ]
            },
            {
              "@id": "https://data.datatourisme.fr/636a720d-ad01-301c-b242-c8d98113a993",
              "dc:contributor": [
                "https://api.deepl.com/v2/translate"
              ],
              "rdf:language": [
                "en"
              ],
              "rdf:predicate": [
                "additionalInformation"
              ]
            },
            {
              "@id": "https://data.datatourisme.fr/7805578e-aad1-3d23-b01f-28b446b082c3",
              "dc:contributor": [
                "https://api.deepl.com/v2/translate"
              ],
              "rdf:language": [
                "nl"
              ],
              "rdf:predicate": [
                "additionalInformation"
              ]
            },
            {
              "@id": "https://data.datatourisme.fr/b97d2e21-b5d9-3c75-9a61-cd5dae535cee",
              "dc:contributor": [
                "https://api.deepl.com/v2/translate"
              ],
              "rdf:language": [
                "it"
              ],
              "rdf:predicate": [
                "additionalInformation"
              ]
            }
          ]
        }
      ],
      "@type": [
        "schema:Place",
        "Place"
      ]
    }
  ],
  "isOwnedBy": [
    {
      "@id": "https://data.datatourisme.fr/e485229f-e26b-3c2e-8f16-ebf98c03d1e5",
      "schema:email": [
        "a.ferrel@ah-tourisme.com",
        "d.mathieu@ah-tourisme.com",
        "s.monneron@ah-tourisme.com"
      ],
      "schema:legalName": "Ardèche Hermitage Tourisme",
      "@type": [
        "schema:Organization",
        "foaf:Agent",
        "Agent"
      ],
      "foaf:homepage": [
        "http://ardeche-hermitage.com/"
      ]
    }
  ],
  "lastUpdate": "2022-03-03",
  "lastUpdateDatatourisme": "2023-02-08T06:39:48.929Z"
}