{
  "@id": "https://data.datatourisme.fr/13/59995e53-412b-3281-abf4-1967937f3f65",
  "dc:identifier": "6405361",
  "@type": [
    "olo:OrderedList",
    "CyclingTour",
    "PlaceOfInterest",
    "PointOfInterest",
    "SportsAndLeisurePlace",
    "Tour"
  ],
  "rdfs:comment": {
    "de": [
      "Für Erwachsene geeignete Entdeckungstour durch die Region, ergänzt durch eine \"geheimnisvolle Untersuchung\" für Kinder ab 7 Jahren. Unterstützung im Fremdenverkehrsamt erhältlich."
    ],
    "en": [
      "Discovery tour of the region adapted to adults and enhanced by a \"mysterious investigation\" for children from 7 years old. Support available at the Tourist Office."
    ],
    "it": [
      "Tour di scoperta della regione adattato agli adulti e arricchito da una \"indagine misteriosa\" per i bambini a partire dai 7 anni. Assistenza disponibile presso l'Ufficio del Turismo."
    ],
    "fr": [
      "Circuit découverte du terroir adapté aux adultes et agrémenté d'une \"enquête mystérieuse\" pour les enfants à partir de 7 ans. Support disponible à l'Office de Tourisme."
    ],
    "es": [
      "Recorrido de descubrimiento de la región adaptado a los adultos y enriquecido con una \"investigación misteriosa\" para niños a partir de 7 años. Ayuda disponible en la Oficina de Turismo."
    ],
    "nl": [
      "Ontdekkingstocht door de regio aangepast aan volwassenen en aangevuld met een \"mysterie-onderzoek\" voor kinderen vanaf 7 jaar. Ondersteuning beschikbaar bij het toeristenbureau."
    ]
  },
  "rdfs:label": {
    "fr": [
      "Circuit Terroir"
    ]
  },
  "hasBeenCreatedBy": {
    "@id": "https://data.datatourisme.fr/13/274ad478-6c3a-3ca6-9fa0-97b85867d9a4",
    "dc:identifier": "204",
    "schema:email": [
      "accueil@paysdelamastre.fr",
      "contact@dolce-via.com",
      "direction@paysdelamastre.fr",
      "sebotlamastre@gmail.com",
      "thibaultmandonh@gmail.com"
    ],
    "schema:legalName": "Office de Tourisme du Pays de Lamastre",
    "@type": [
      "schema:Organization",
      "foaf:Agent",
      "Agent"
    ],
    "foaf:homepage": [
      "https://www.pays-lamastre-tourisme.com/fr"
    ]
  },
  "hasBeenPublishedBy": [
    {
      "@id": "https://data.datatourisme.fr/dbca899d-3f22-364b-b99d-40af1e917c58",
      "schema:legalName": "Agence de Développement Touristique de l'Ardèche - source : Apidae Tourisme",
      "@type": [
        "schema:Organization",
        "foaf:Agent",
        "Agent"
      ],
      "foaf:homepage": [
        "https://www.apidae-tourisme.com/"
      ]
    }
  ],
  "hasContact": [
    {
      "@id": "https://data.datatourisme.fr/1802e64f-6dec-3f8a-9acb-76d4cac9c064",
      "schema:email": [
        "accueil@paysdelamastre.fr"
      ],
      "schema:telephone": [
        "+33 4 75 06 48 99"
      ],
      "@type": [
        "foaf:Agent",
        "Agent"
      ],
      "foaf:homepage": [
        "https://www.pays-lamastre-tourisme.com/fr"
      ]
    }
  ],
  "hasDescription": [
    {
      "@id": "https://data.datatourisme.fr/6ccf8880-f6a9-3478-b00d-11bac88cbc58",
      "@type": [
        "Description"
      ],
      "hasTranslatedProperty": [
        {
          "@id": "https://data.datatourisme.fr/27396f2a-a28c-3e1e-86c1-b8dafc882f6c",
          "dc:contributor": [
            "https://api.deepl.com/v2/translate"
          ],
          "rdf:language": [
            "es"
          ],
          "rdf:predicate": [
            "shortDescription"
          ]
        },
        {
          "@id": "https://data.datatourisme.fr/42d6bc53-8deb-3076-bbeb-db1fb08eaf4f",
          "dc:contributor": [
            "https://api.deepl.com/v2/translate"
          ],
          "rdf:language": [
            "nl"
          ],
          "rdf:predicate": [
            "shortDescription"
          ]
        },
        {
          "@id": "https://data.datatourisme.fr/44235638-aa50-35a5-8265-1a43eb72ca30",
          "dc:contributor": [
            "https://api.deepl.com/v2/translate"
          ],
          "rdf:language": [
            "de"
          ],
          "rdf:predicate": [
            "shortDescription"
          ]
        },
        {
          "@id": "https://data.datatourisme.fr/60c0ecc8-256e-366e-b11f-0c0032d7f5bd",
          "dc:contributor": [
            "https://api.deepl.com/v2/translate"
          ],
          "rdf:language": [
            "en"
          ],
          "rdf:predicate": [
            "shortDescription"
          ]
        },
        {
          "@id": "https://data.datatourisme.fr/90863beb-a14f-378f-9a04-3914237fb6a7",
          "dc:contributor": [
            "https://api.deepl.com/v2/translate"
          ],
          "rdf:language": [
            "it"
          ],
          "rdf:predicate": [
            "shortDescription"
          ]
        }
      ],
      "shortDescription": {
        "de": [
          "Für Erwachsene geeignete Entdeckungstour durch die Region, ergänzt durch eine \"geheimnisvolle Untersuchung\" für Kinder ab 7 Jahren. Unterstützung im Fremdenverkehrsamt erhältlich."
        ],
        "en": [
          "Discovery tour of the region adapted to adults and enhanced by a \"mysterious investigation\" for children from 7 years old. Support available at the Tourist Office."
        ],
        "it": [
          "Tour di scoperta della regione adattato agli adulti e arricchito da una \"indagine misteriosa\" per i bambini a partire dai 7 anni. Assistenza disponibile presso l'Ufficio del Turismo."
        ],
        "fr": [
          "Circuit découverte du terroir adapté aux adultes et agrémenté d'une \"enquête mystérieuse\" pour les enfants à partir de 7 ans. Support disponible à l'Office de Tourisme."
        ],
        "es": [
          "Recorrido de descubrimiento de la región adaptado a los adultos y enriquecido con una \"investigación misteriosa\" para niños a partir de 7 años. Ayuda disponible en la Oficina de Turismo."
        ],
        "nl": [
          "Ontdekkingstocht door de regio aangepast aan volwassenen en aangevuld met een \"mysterie-onderzoek\" voor kinderen vanaf 7 jaar. Ondersteuning beschikbaar bij het toeristenbureau."
        ]
      }
    }
  ],
  "hasTheme": [
    {
      "@id": "kb:Bike",
      "@type": [
        "SportsTheme"
      ],
      "rdfs:label": {
        "de": [
          "Fahrrad"
        ],
        "pt": [
          "Bicicleta"
        ],
        "en": [
          "Bike"
        ],
        "it": [
          "Bicicletta"
        ],
        "fr": [
          "Vélo"
        ],
        "nl": [
          "Fiets"
        ],
        "es": [
          "Bicicleta"
        ]
      }
    },
    {
      "@id": "kb:ElectricallyAssistedBicycle",
      "@type": [
        "SportsTheme"
      ],
      "rdfs:label": {
        "de": [
          "Ladestation für Elektrofahrräder"
        ],
        "pt": [
          "Bicicleta elétrica"
        ],
        "en": [
          "Electrically assisted bicycle"
        ],
        "it": [
          "Bicicletta a pedalata assistita"
        ],
        "fr": [
          "Vélo à assistance électrique, VAE"
        ],
        "nl": [
          "Elektrische fiets"
        ],
        "es": [
          "Bicicleta eléctrica, VAE"
        ]
      }
    }
  ],
  "hasTranslatedProperty": [
    {
      "@id": "https://data.datatourisme.fr/04c6da01-a740-30a0-bf03-d703cc1a59fd",
      "dc:contributor": [
        "https://api.deepl.com/v2/translate"
      ],
      "rdf:language": [
        "it"
      ],
      "rdf:predicate": [
        {
          "@id": "rdfs:comment"
        }
      ]
    },
    {
      "@id": "https://data.datatourisme.fr/16cd9127-fe95-34cc-b1f7-49251f2fbde9",
      "dc:contributor": [
        "https://api.deepl.com/v2/translate"
      ],
      "rdf:language": [
        "de"
      ],
      "rdf:predicate": [
        {
          "@id": "rdfs:comment"
        }
      ]
    },
    {
      "@id": "https://data.datatourisme.fr/8e4d2e66-0b31-3f1b-82cf-48a64bf64944",
      "dc:contributor": [
        "https://api.deepl.com/v2/translate"
      ],
      "rdf:language": [
        "es"
      ],
      "rdf:predicate": [
        {
          "@id": "rdfs:comment"
        }
      ]
    },
    {
      "@id": "https://data.datatourisme.fr/d943cd6c-9ca3-3057-9aa0-4fbfbe929bcd",
      "dc:contributor": [
        "https://api.deepl.com/v2/translate"
      ],
      "rdf:language": [
        "en"
      ],
      "rdf:predicate": [
        {
          "@id": "rdfs:comment"
        }
      ]
    },
    {
      "@id": "https://data.datatourisme.fr/ef42b7c5-3592-37fe-8af8-cb592b649caf",
      "dc:contributor": [
        "https://api.deepl.com/v2/translate"
      ],
      "rdf:language": [
        "nl"
      ],
      "rdf:predicate": [
        {
          "@id": "rdfs:comment"
        }
      ]
    }
  ],
  "isLocatedAt": [
    {
      "@id": "https://data.datatourisme.fr/899032fb-0510-3521-9118-88d82c9a458b",
      "schema:address": [
        {
          "@id": "https://data.datatourisme.fr/6dc3359e-6b94-3453-a8c9-e7a59f9ba8ce",
          "schema:addressLocality": "Lamastre",
          "schema:postalCode": "07270",
          "schema:streetAddress": [
            "22 avenue Boissy d'Anglas"
          ],
          "@type": [
            "schema:PostalAddress",
            "PostalAddress"
          ],
          "hasAddressCity": {
            "@id": "kb:07129",
            "@type": [
              "City"
            ],
            "rdfs:label": {
              "de": [
                "Lamastre"
              ],
              "pt": [
                "Lamastre"
              ],
              "en": [
                "Lamastre"
              ],
              "it": [
                "Lamastre"
              ],
              "fr": [
                "Lamastre"
              ],
              "nl": [
                "Lamastre"
              ],
              "es": [
                "Lamastre"
              ]
            },
            "insee": "07129",
            "isPartOfDepartment": {
              "@id": "kb:France8407",
              "@type": [
                "Department"
              ],
              "rdfs:label": {
                "de": [
                  "Ardèche"
                ],
                "pt": [
                  "Ardèche"
                ],
                "en": [
                  "Ardèche"
                ],
                "it": [
                  "Ardèche"
                ],
                "fr": [
                  "Ardèche"
                ],
                "nl": [
                  "Ardèche"
                ],
                "es": [
                  "Ardèche"
                ]
              },
              "insee": "07",
              "isPartOfRegion": {
                "@id": "kb:France84",
                "@type": [
                  "Region"
                ],
                "rdfs:label": {
                  "de": [
                    "Auvergne-Rhône-Alpes"
                  ],
                  "pt": [
                    "Auvergne-Rhône-Alpes"
                  ],
                  "en": [
                    "Auvergne-Rhône-Alpes"
                  ],
                  "it": [
                    "Auvergne-Rhône-Alpes"
                  ],
                  "fr": [
                    "Auvergne-Rhône-Alpes"
                  ],
                  "nl": [
                    "Auvergne-Rhône-Alpes"
                  ],
                  "es": [
                    "Auvergne-Rhône-Alpes"
                  ]
                },
                "insee": "84",
                "isPartOfCountry": {
                  "@id": "kb:France",
                  "@type": [
                    "schema:Country"
                  ],
                  "rdfs:label": {
                    "de": [
                      "France",
                      "Frankreich"
                    ],
                    "pt": [
                      "França",
                      "France"
                    ],
                    "en": [
                      "France"
                    ],
                    "it": [
                      "France",
                      "Francia"
                    ],
                    "fr": [
                      "France"
                    ],
                    "nl": [
                      "France",
                      "Frankrijk"
                    ],
                    "es": [
                      "France",
                      "Francia"
                    ]
                  }
                }
              }
            }
          }
        }
      ],
      "schema:geo": {
        "@id": "https://data.datatourisme.fr/eca5bfde-4ccc-366a-8f02-0c38770b87b4",
        "schema:latitude": "44.986943",
        "schema:longitude": "4.581486",
        "@type": [
          "schema:GeoCoordinates"
        ]
      },
      "schema:openingHoursSpecification": [
        {
          "@id": "https://data.datatourisme.fr/f87e535a-636d-3343-ad63-8a03392e7511",
          "schema:validFrom": "2023-01-01T00:00:00",
          "schema:validThrough": "2023-12-31T23:59:59",
          "@type": [
            "schema:OpeningHoursSpecification"
          ]
        }
      ],
      "@type": [
        "schema:Place",
        "Place"
      ]
    }
  ],
  "isOwnedBy": [
    {
      "@id": "https://data.datatourisme.fr/b143f2cb-bdc8-3fb3-9370-9190e8161da3",
      "schema:email": [
        "accueil@paysdelamastre.fr",
        "contact@dolce-via.com",
        "direction@paysdelamastre.fr",
        "sebotlamastre@gmail.com",
        "thibaultmandonh@gmail.com"
      ],
      "schema:legalName": "Office de Tourisme du Pays de Lamastre",
      "@type": [
        "schema:Organization",
        "foaf:Agent",
        "Agent"
      ],
      "foaf:homepage": [
        "https://www.pays-lamastre-tourisme.com/fr"
      ]
    }
  ],
  "lastUpdate": "2023-02-08",
  "lastUpdateDatatourisme": "2023-02-09T06:39:55.603Z"
}