{
  "@id": "https://data.datatourisme.fr/13/5924f96b-196c-3222-adee-4b7efd67b74b",
  "dc:identifier": "6376615",
  "@type": [
    "olo:OrderedList",
    "CyclingTour",
    "PlaceOfInterest",
    "PointOfInterest",
    "SportsAndLeisurePlace",
    "Tour"
  ],
  "rdfs:comment": {
    "de": [
      "Ab Saint Félicien werden Sie von den Panoramen beeindruckt sein, die sich aneinanderreihen, eines schöner als das andere. Die Balkonstraße zwischen Nozières und Lalouvesc ist eine ständige Verzauberung. Der Abstieg über Pailharès ist eine reine Formalität."
    ],
    "en": [
      "At the beginning of Saint Félicien you will be struck by the panoramas which follow one another, all more beautiful the ones than the others. The road in balcony between Nozières and Lalouvesc is a permanent enchantment. To finish the descent by Pailharès will be a formality."
    ],
    "it": [
      "Da Saint Félicien sarete colpiti dai panorami che si susseguono, uno più bello dell'altro. La strada balconata tra Nozières e Lalouvesc è un incanto permanente. Per finire, la discesa da Pailharès sarà una formalità."
    ],
    "fr": [
      "Au départ de Saint Félicien vous serez frappés par les panoramas qui s'enchainent, tous plus beaux les uns que les autres. La route en balcon entre Nozières et Lalouvesc est un enchantement permanent. Pour finir descente par Pailharès sera une formalité."
    ],
    "nl": [
      "Vanaf Saint Félicien wordt u getroffen door de panorama's die elkaar opvolgen, het ene nog mooier dan het andere. De balkonweg tussen Nozières en Lalouvesc is een permanente betovering. De afdaling door Pailharès is een formaliteit."
    ],
    "es": [
      "Desde Saint Félicien le sorprenderán los panoramas que se suceden, a cual más bello. La carretera de los balcones entre Nozières y Lalouvesc es un encanto permanente. Para terminar, el descenso por Pailharès será una formalidad."
    ]
  },
  "rdfs:label": {
    "fr": [
      "La Panoramique"
    ]
  },
  "hasBeenCreatedBy": {
    "@id": "https://data.datatourisme.fr/13/26657d5f-f902-3d2a-befe-558796b99584",
    "dc:identifier": "96",
    "schema:email": [
      "ncharra@ardeche-guide.com"
    ],
    "schema:legalName": "Agence de Développement Touristique de l'Ardèche",
    "@type": [
      "schema:Organization",
      "foaf:Agent",
      "Agent"
    ],
    "foaf:homepage": [
      "https://www.ardeche-guide.com/"
    ]
  },
  "hasBeenPublishedBy": [
    {
      "@id": "https://data.datatourisme.fr/dbca899d-3f22-364b-b99d-40af1e917c58",
      "schema:legalName": "Agence de Développement Touristique de l'Ardèche - source : Apidae Tourisme",
      "@type": [
        "schema:Organization",
        "foaf:Agent",
        "Agent"
      ],
      "foaf:homepage": [
        "https://www.apidae-tourisme.com/"
      ]
    }
  ],
  "hasContact": [
    {
      "@id": "https://data.datatourisme.fr/3030385e-9779-3e7c-8411-0d536647b86b",
      "@type": [
        "foaf:Agent",
        "Agent"
      ],
      "foaf:homepage": [
        "https://www.ardeche-guide.com/experiences-emerveillantes/l-ardeche-velo"
      ]
    }
  ],
  "hasDescription": [
    {
      "@id": "https://data.datatourisme.fr/a3193cc1-b864-335b-8f78-f770c64013de",
      "@type": [
        "Description"
      ],
      "hasTranslatedProperty": [
        {
          "@id": "https://data.datatourisme.fr/28ac1eac-d5be-3021-a58d-59ec90006b41",
          "dc:contributor": [
            "https://api.deepl.com/v2/translate"
          ],
          "rdf:language": [
            "es"
          ],
          "rdf:predicate": [
            "shortDescription"
          ]
        },
        {
          "@id": "https://data.datatourisme.fr/39606609-feed-3dc0-850b-a0d72593a52a",
          "dc:contributor": [
            "https://api.deepl.com/v2/translate"
          ],
          "rdf:language": [
            "en"
          ],
          "rdf:predicate": [
            "shortDescription"
          ]
        },
        {
          "@id": "https://data.datatourisme.fr/45ccbd64-f5b1-3f6f-bb7b-b259910230ae",
          "dc:contributor": [
            "https://api.deepl.com/v2/translate"
          ],
          "rdf:language": [
            "nl"
          ],
          "rdf:predicate": [
            "shortDescription"
          ]
        },
        {
          "@id": "https://data.datatourisme.fr/9e054d1e-26dd-3cc6-8468-4aab4f7beeb0",
          "dc:contributor": [
            "https://api.deepl.com/v2/translate"
          ],
          "rdf:language": [
            "it"
          ],
          "rdf:predicate": [
            "shortDescription"
          ]
        },
        {
          "@id": "https://data.datatourisme.fr/fbec40f9-8190-3373-99d3-6ed01bfac85f",
          "dc:contributor": [
            "https://api.deepl.com/v2/translate"
          ],
          "rdf:language": [
            "de"
          ],
          "rdf:predicate": [
            "shortDescription"
          ]
        }
      ],
      "shortDescription": {
        "de": [
          "Ab Saint Félicien werden Sie von den Panoramen beeindruckt sein, die sich aneinanderreihen, eines schöner als das andere. Die Balkonstraße zwischen Nozières und Lalouvesc ist eine ständige Verzauberung. Der Abstieg über Pailharès ist eine reine Formalität."
        ],
        "en": [
          "At the beginning of Saint Félicien you will be struck by the panoramas which follow one another, all more beautiful the ones than the others. The road in balcony between Nozières and Lalouvesc is a permanent enchantment. To finish the descent by Pailharès will be a formality."
        ],
        "it": [
          "Da Saint Félicien sarete colpiti dai panorami che si susseguono, uno più bello dell'altro. La strada balconata tra Nozières e Lalouvesc è un incanto permanente. Per finire, la discesa da Pailharès sarà una formalità."
        ],
        "fr": [
          "Au départ de Saint Félicien vous serez frappés par les panoramas qui s'enchainent, tous plus beaux les uns que les autres. La route en balcon entre Nozières et Lalouvesc est un enchantement permanent. Pour finir descente par Pailharès sera une formalité."
        ],
        "nl": [
          "Vanaf Saint Félicien wordt u getroffen door de panorama's die elkaar opvolgen, het ene nog mooier dan het andere. De balkonweg tussen Nozières en Lalouvesc is een permanente betovering. De afdaling door Pailharès is een formaliteit."
        ],
        "es": [
          "Desde Saint Félicien le sorprenderán los panoramas que se suceden, a cual más bello. La carretera de los balcones entre Nozières y Lalouvesc es un encanto permanente. Para terminar, el descenso por Pailharès será una formalidad."
        ]
      }
    }
  ],
  "hasTheme": [
    {
      "@id": "kb:Bike",
      "@type": [
        "SportsTheme"
      ],
      "rdfs:label": {
        "de": [
          "Fahrrad"
        ],
        "pt": [
          "Bicicleta"
        ],
        "en": [
          "Bike"
        ],
        "it": [
          "Bicicletta"
        ],
        "fr": [
          "Vélo"
        ],
        "nl": [
          "Fiets"
        ],
        "es": [
          "Bicicleta"
        ]
      }
    },
    {
      "@id": "kb:ElectricallyAssistedBicycle",
      "@type": [
        "SportsTheme"
      ],
      "rdfs:label": {
        "de": [
          "Ladestation für Elektrofahrräder"
        ],
        "pt": [
          "Bicicleta elétrica"
        ],
        "en": [
          "Electrically assisted bicycle"
        ],
        "it": [
          "Bicicletta a pedalata assistita"
        ],
        "fr": [
          "Vélo à assistance électrique, VAE"
        ],
        "nl": [
          "Elektrische fiets"
        ],
        "es": [
          "Bicicleta eléctrica, VAE"
        ]
      }
    }
  ],
  "hasTranslatedProperty": [
    {
      "@id": "https://data.datatourisme.fr/38fa0d75-7ef4-3ad3-b2f3-bde9202ff4d1",
      "dc:contributor": [
        "https://api.deepl.com/v2/translate"
      ],
      "rdf:language": [
        "de"
      ],
      "rdf:predicate": [
        {
          "@id": "rdfs:comment"
        }
      ]
    },
    {
      "@id": "https://data.datatourisme.fr/b61af28d-d6fc-34c5-83a1-940e49c9e232",
      "dc:contributor": [
        "https://api.deepl.com/v2/translate"
      ],
      "rdf:language": [
        "en"
      ],
      "rdf:predicate": [
        {
          "@id": "rdfs:comment"
        }
      ]
    },
    {
      "@id": "https://data.datatourisme.fr/b9ebf1ec-5862-348c-a050-77a2a6ccb4dc",
      "dc:contributor": [
        "https://api.deepl.com/v2/translate"
      ],
      "rdf:language": [
        "es"
      ],
      "rdf:predicate": [
        {
          "@id": "rdfs:comment"
        }
      ]
    },
    {
      "@id": "https://data.datatourisme.fr/cdeb3047-a2d4-3cdf-ac4e-da972b8b447c",
      "dc:contributor": [
        "https://api.deepl.com/v2/translate"
      ],
      "rdf:language": [
        "it"
      ],
      "rdf:predicate": [
        {
          "@id": "rdfs:comment"
        }
      ]
    },
    {
      "@id": "https://data.datatourisme.fr/ceaa54ec-3a24-310e-a484-b0e8650fbe80",
      "dc:contributor": [
        "https://api.deepl.com/v2/translate"
      ],
      "rdf:language": [
        "nl"
      ],
      "rdf:predicate": [
        {
          "@id": "rdfs:comment"
        }
      ]
    }
  ],
  "isLocatedAt": [
    {
      "@id": "https://data.datatourisme.fr/4044bac5-b0df-3091-b47a-5b3c65b30cb1",
      "schema:address": [
        {
          "@id": "https://data.datatourisme.fr/aad3c473-54d3-3bd4-ab40-13ad2b828e3c",
          "schema:addressLocality": "Saint-Félicien",
          "schema:postalCode": "07410",
          "schema:streetAddress": [
            "18 place de l'Hôtel de Ville"
          ],
          "@type": [
            "schema:PostalAddress",
            "PostalAddress"
          ],
          "hasAddressCity": {
            "@id": "kb:07236",
            "@type": [
              "City"
            ],
            "rdfs:label": {
              "de": [
                "Saint-Félicien"
              ],
              "pt": [
                "Saint-Félicien"
              ],
              "en": [
                "Saint-Félicien"
              ],
              "it": [
                "Saint-Félicien"
              ],
              "fr": [
                "Saint-Félicien"
              ],
              "nl": [
                "Saint-Félicien"
              ],
              "es": [
                "Saint-Félicien"
              ]
            },
            "insee": "07236",
            "isPartOfDepartment": {
              "@id": "kb:France8407",
              "@type": [
                "Department"
              ],
              "rdfs:label": {
                "de": [
                  "Ardèche"
                ],
                "pt": [
                  "Ardèche"
                ],
                "en": [
                  "Ardèche"
                ],
                "it": [
                  "Ardèche"
                ],
                "fr": [
                  "Ardèche"
                ],
                "nl": [
                  "Ardèche"
                ],
                "es": [
                  "Ardèche"
                ]
              },
              "insee": "07",
              "isPartOfRegion": {
                "@id": "kb:France84",
                "@type": [
                  "Region"
                ],
                "rdfs:label": {
                  "de": [
                    "Auvergne-Rhône-Alpes"
                  ],
                  "pt": [
                    "Auvergne-Rhône-Alpes"
                  ],
                  "en": [
                    "Auvergne-Rhône-Alpes"
                  ],
                  "it": [
                    "Auvergne-Rhône-Alpes"
                  ],
                  "fr": [
                    "Auvergne-Rhône-Alpes"
                  ],
                  "nl": [
                    "Auvergne-Rhône-Alpes"
                  ],
                  "es": [
                    "Auvergne-Rhône-Alpes"
                  ]
                },
                "insee": "84",
                "isPartOfCountry": {
                  "@id": "kb:France",
                  "@type": [
                    "schema:Country"
                  ],
                  "rdfs:label": {
                    "de": [
                      "France",
                      "Frankreich"
                    ],
                    "pt": [
                      "França",
                      "France"
                    ],
                    "en": [
                      "France"
                    ],
                    "it": [
                      "France",
                      "Francia"
                    ],
                    "fr": [
                      "France"
                    ],
                    "nl": [
                      "France",
                      "Frankrijk"
                    ],
                    "es": [
                      "France",
                      "Francia"
                    ]
                  }
                }
              }
            }
          }
        }
      ],
      "schema:geo": {
        "@id": "https://data.datatourisme.fr/a7338b86-96f8-3422-8d03-0677879d5d05",
        "schema:latitude": "45.086659",
        "schema:longitude": "4.628135",
        "@type": [
          "schema:GeoCoordinates"
        ]
      },
      "schema:openingHoursSpecification": [
        {
          "@id": "https://data.datatourisme.fr/f87e535a-636d-3343-ad63-8a03392e7511",
          "schema:validFrom": "2023-01-01T00:00:00",
          "schema:validThrough": "2023-12-31T23:59:59",
          "@type": [
            "schema:OpeningHoursSpecification"
          ]
        }
      ],
      "@type": [
        "schema:Place",
        "Place"
      ]
    }
  ],
  "isOwnedBy": [
    {
      "@id": "https://data.datatourisme.fr/6ef576cd-2c5c-33d6-b250-09b105230dfc",
      "schema:email": [
        "ncharra@ardeche-guide.com"
      ],
      "schema:legalName": "Agence de Développement Touristique de l'Ardèche",
      "@type": [
        "schema:Organization",
        "foaf:Agent",
        "Agent"
      ],
      "foaf:homepage": [
        "https://www.ardeche-guide.com/"
      ]
    }
  ],
  "lastUpdate": "2023-02-01",
  "lastUpdateDatatourisme": "2023-02-08T06:39:49.061Z"
}