{
  "@id": "https://data.datatourisme.fr/13/73be0bc1-7515-31f4-8050-7d1b8b57592b",
  "dc:identifier": "133758",
  "@type": [
    "schema:Landform",
    "Beach",
    "NaturalHeritage",
    "PlaceOfInterest",
    "PointOfInterest",
    "SportsAndLeisurePlace"
  ],
  "rdfs:comment": {
    "de": [
      "Beaufsichtigung im Juli und August (im Jahr 2021 dienstags bis sonntags von 11 bis 19 Uhr). Strand in der Nähe des Picknickplatzes."
    ],
    "en": [
      "Lifeguards in July and August (note: no surveillance in July-August 2020).\r\nClose to picnic area."
    ],
    "it": [
      "Supervisione fornita in luglio e agosto (nel 2021 da martedì a domenica dalle 11 alle 19). Spiaggia situata vicino all'area picnic."
    ],
    "fr": [
      "Surveillance assurée en juillet-août (en 2021 du mardi au dimanche de 11h à 19h). Plage située à proximité de l'aire de pique-nique."
    ],
    "nl": [
      "Toezicht in juli en augustus (in 2021 van dinsdag tot zondag van 11 tot 19 uur). Strand in de buurt van de picknickplaats."
    ],
    "es": [
      "Supervisión en julio y agosto (en 2021 de martes a domingo de 11 a 19 horas). Playa situada cerca de la zona de picnic."
    ]
  },
  "rdfs:label": {
    "en": [
      "La Théoule Beach"
    ],
    "fr": [
      "Plage de la Théoule"
    ]
  },
  "hasBeenCreatedBy": {
    "@id": "https://data.datatourisme.fr/13/7f6ffaa6-bb0b-3080-97b6-2254211691b5",
    "dc:identifier": "112",
    "schema:email": [
      "glo@ardeche-buissonniere.fr",
      "ngarousse@ardeche-buissonniere.fr",
      "slextrait@ardeche-buissonniere.fr"
    ],
    "schema:legalName": "Privas Centre Ardèche Tourisme",
    "@type": [
      "schema:Organization",
      "foaf:Agent",
      "Agent"
    ],
    "foaf:homepage": [
      "https://www.ardeche-buissonniere.fr/"
    ]
  },
  "hasBeenPublishedBy": [
    {
      "@id": "https://data.datatourisme.fr/dbca899d-3f22-364b-b99d-40af1e917c58",
      "schema:legalName": "Agence de Développement Touristique de l'Ardèche - source : Apidae Tourisme",
      "@type": [
        "schema:Organization",
        "foaf:Agent",
        "Agent"
      ],
      "foaf:homepage": [
        "https://www.apidae-tourisme.com/"
      ]
    }
  ],
  "hasContact": [
    {
      "@id": "https://data.datatourisme.fr/b699c1c6-6bf6-3da7-b2cd-a166d0a2acc3",
      "schema:email": [
        "ma.ollie@wanadoo.fr"
      ],
      "schema:telephone": [
        "+33 4 75 66 20 45"
      ],
      "@type": [
        "foaf:Agent",
        "Agent"
      ],
      "foaf:homepage": [
        "http://www.lesollieressureyrieux.fr/"
      ]
    }
  ],
  "hasDescription": [
    {
      "@id": "https://data.datatourisme.fr/c08632e3-9aec-3b21-9b76-e82430a02c5f",
      "@type": [
        "Description"
      ],
      "hasTranslatedProperty": [
        {
          "@id": "https://data.datatourisme.fr/07ec994c-d40d-31e7-a6e6-31c60d7a8296",
          "dc:contributor": [
            "https://api.deepl.com/v2/translate"
          ],
          "rdf:language": [
            "es"
          ],
          "rdf:predicate": [
            "shortDescription"
          ]
        },
        {
          "@id": "https://data.datatourisme.fr/3fdd94ad-ad89-3822-ba71-cdd3d828777d",
          "dc:contributor": [
            "https://api.deepl.com/v2/translate"
          ],
          "rdf:language": [
            "de"
          ],
          "rdf:predicate": [
            "shortDescription"
          ]
        },
        {
          "@id": "https://data.datatourisme.fr/78a95339-bd4a-3b55-af4c-ab5d6cee1166",
          "dc:contributor": [
            "https://api.deepl.com/v2/translate"
          ],
          "rdf:language": [
            "nl"
          ],
          "rdf:predicate": [
            "shortDescription"
          ]
        },
        {
          "@id": "https://data.datatourisme.fr/e36afe80-d5dd-3714-b412-1c7f28516935",
          "dc:contributor": [
            "https://api.deepl.com/v2/translate"
          ],
          "rdf:language": [
            "it"
          ],
          "rdf:predicate": [
            "shortDescription"
          ]
        }
      ],
      "shortDescription": {
        "de": [
          "Beaufsichtigung im Juli und August (im Jahr 2021 dienstags bis sonntags von 11 bis 19 Uhr). Strand in der Nähe des Picknickplatzes."
        ],
        "en": [
          "Lifeguards in July and August (note: no surveillance in July-August 2020).\r\nClose to picnic area."
        ],
        "it": [
          "Supervisione fornita in luglio e agosto (nel 2021 da martedì a domenica dalle 11 alle 19). Spiaggia situata vicino all'area picnic."
        ],
        "fr": [
          "Surveillance assurée en juillet-août (en 2021 du mardi au dimanche de 11h à 19h). Plage située à proximité de l'aire de pique-nique."
        ],
        "nl": [
          "Toezicht in juli en augustus (in 2021 van dinsdag tot zondag van 11 tot 19 uur). Strand in de buurt van de picknickplaats."
        ],
        "es": [
          "Supervisión en julio y agosto (en 2021 de martes a domingo de 11 a 19 horas). Playa situada cerca de la zona de picnic."
        ]
      }
    }
  ],
  "hasTheme": [
    {
      "@id": "kb:Bathing",
      "@type": [
        "AccommodationAmenity",
        "SportsTheme"
      ],
      "rdfs:label": {
        "de": [
          "Baden"
        ],
        "pt": [
          "Banho"
        ],
        "en": [
          "Bathing"
        ],
        "it": [
          "Bagno"
        ],
        "fr": [
          "Baignade"
        ],
        "nl": [
          "Zwemmen"
        ],
        "es": [
          "Baño"
        ]
      }
    }
  ],
  "hasTranslatedProperty": [
    {
      "@id": "https://data.datatourisme.fr/6f8e1500-ded2-35f2-b619-59f7f57965e1",
      "dc:contributor": [
        "https://api.deepl.com/v2/translate"
      ],
      "rdf:language": [
        "de"
      ],
      "rdf:predicate": [
        {
          "@id": "rdfs:comment"
        }
      ]
    },
    {
      "@id": "https://data.datatourisme.fr/a7262491-642b-3f69-8257-25bd3d656dd3",
      "dc:contributor": [
        "https://api.deepl.com/v2/translate"
      ],
      "rdf:language": [
        "nl"
      ],
      "rdf:predicate": [
        {
          "@id": "rdfs:comment"
        }
      ]
    },
    {
      "@id": "https://data.datatourisme.fr/d3f6f986-8225-35c5-9733-773ed6b0da7b",
      "dc:contributor": [
        "https://api.deepl.com/v2/translate"
      ],
      "rdf:language": [
        "it"
      ],
      "rdf:predicate": [
        {
          "@id": "rdfs:comment"
        }
      ]
    },
    {
      "@id": "https://data.datatourisme.fr/f896c948-0b94-31ab-87f3-a64370b15c72",
      "dc:contributor": [
        "https://api.deepl.com/v2/translate"
      ],
      "rdf:language": [
        "es"
      ],
      "rdf:predicate": [
        {
          "@id": "rdfs:comment"
        }
      ]
    }
  ],
  "isLocatedAt": [
    {
      "@id": "https://data.datatourisme.fr/21d3b766-ad6f-34b0-8d4f-ab410297e650",
      "schema:address": [
        {
          "@id": "https://data.datatourisme.fr/9fada3fe-14f8-333d-a9ed-3cefa9149890",
          "schema:addressLocality": "Les Ollières-sur-Eyrieux",
          "schema:postalCode": "07360",
          "schema:streetAddress": [
            "La Théoule"
          ],
          "@type": [
            "schema:PostalAddress",
            "PostalAddress"
          ],
          "hasAddressCity": {
            "@id": "kb:07167",
            "@type": [
              "City"
            ],
            "rdfs:label": {
              "de": [
                "Les Ollières-sur-Eyrieux"
              ],
              "pt": [
                "Les Ollières-sur-Eyrieux"
              ],
              "en": [
                "Les Ollières-sur-Eyrieux"
              ],
              "it": [
                "Les Ollières-sur-Eyrieux"
              ],
              "fr": [
                "Les Ollières-sur-Eyrieux"
              ],
              "nl": [
                "Les Ollières-sur-Eyrieux"
              ],
              "es": [
                "Les Ollières-sur-Eyrieux"
              ]
            },
            "insee": "07167",
            "isPartOfDepartment": {
              "@id": "kb:France8407",
              "@type": [
                "Department"
              ],
              "rdfs:label": {
                "de": [
                  "Ardèche"
                ],
                "pt": [
                  "Ardèche"
                ],
                "en": [
                  "Ardèche"
                ],
                "it": [
                  "Ardèche"
                ],
                "fr": [
                  "Ardèche"
                ],
                "nl": [
                  "Ardèche"
                ],
                "es": [
                  "Ardèche"
                ]
              },
              "insee": "07",
              "isPartOfRegion": {
                "@id": "kb:France84",
                "@type": [
                  "Region"
                ],
                "rdfs:label": {
                  "de": [
                    "Auvergne-Rhône-Alpes"
                  ],
                  "pt": [
                    "Auvergne-Rhône-Alpes"
                  ],
                  "en": [
                    "Auvergne-Rhône-Alpes"
                  ],
                  "it": [
                    "Auvergne-Rhône-Alpes"
                  ],
                  "fr": [
                    "Auvergne-Rhône-Alpes"
                  ],
                  "nl": [
                    "Auvergne-Rhône-Alpes"
                  ],
                  "es": [
                    "Auvergne-Rhône-Alpes"
                  ]
                },
                "insee": "84",
                "isPartOfCountry": {
                  "@id": "kb:France",
                  "@type": [
                    "schema:Country"
                  ],
                  "rdfs:label": {
                    "de": [
                      "France",
                      "Frankreich"
                    ],
                    "pt": [
                      "França",
                      "France"
                    ],
                    "en": [
                      "France"
                    ],
                    "it": [
                      "France",
                      "Francia"
                    ],
                    "fr": [
                      "France"
                    ],
                    "nl": [
                      "France",
                      "Frankrijk"
                    ],
                    "es": [
                      "France",
                      "Francia"
                    ]
                  }
                }
              }
            }
          }
        }
      ],
      "schema:geo": {
        "@id": "https://data.datatourisme.fr/a58b6a24-8ceb-3133-8c2b-e9d1924b1f9c",
        "schema:latitude": "44.802946",
        "schema:longitude": "4.619171",
        "@type": [
          "schema:GeoCoordinates"
        ]
      },
      "schema:openingHoursSpecification": [
        {
          "@id": "https://data.datatourisme.fr/b35e4be4-1046-3a62-a8ae-33e181776307",
          "schema:validFrom": "2023-01-01T00:00:00",
          "schema:validThrough": "2023-12-31T23:59:59",
          "@type": [
            "schema:OpeningHoursSpecification"
          ],
          "additionalInformation": {
            "de": [
              "Beaufsichtigtes Baden im Juli/August"
            ],
            "en": [
              "Supervised swimming in July/August"
            ],
            "it": [
              "Nuoto supervisionato in luglio/agosto"
            ],
            "fr": [
              "Baignade surveillée en Juillet/Août"
            ],
            "nl": [
              "Zwemmen onder toezicht in juli/augustus"
            ],
            "es": [
              "Natación supervisada en julio/agosto"
            ]
          },
          "hasTranslatedProperty": [
            {
              "@id": "https://data.datatourisme.fr/6b82b384-b856-3885-bacb-67cbb6e3bd2a",
              "dc:contributor": [
                "https://api.deepl.com/v2/translate"
              ],
              "rdf:language": [
                "en"
              ],
              "rdf:predicate": [
                "additionalInformation"
              ]
            },
            {
              "@id": "https://data.datatourisme.fr/81ec951b-8a69-344b-8fe9-0a6336f92ced",
              "dc:contributor": [
                "https://api.deepl.com/v2/translate"
              ],
              "rdf:language": [
                "de"
              ],
              "rdf:predicate": [
                "additionalInformation"
              ]
            },
            {
              "@id": "https://data.datatourisme.fr/b5b54680-fa3e-3b11-9628-e8f0ccbe701d",
              "dc:contributor": [
                "https://api.deepl.com/v2/translate"
              ],
              "rdf:language": [
                "it"
              ],
              "rdf:predicate": [
                "additionalInformation"
              ]
            },
            {
              "@id": "https://data.datatourisme.fr/ca08e161-cd6b-30ca-b9bf-63071e32b64d",
              "dc:contributor": [
                "https://api.deepl.com/v2/translate"
              ],
              "rdf:language": [
                "nl"
              ],
              "rdf:predicate": [
                "additionalInformation"
              ]
            },
            {
              "@id": "https://data.datatourisme.fr/d7471200-6eca-3503-a9ce-caafdf930697",
              "dc:contributor": [
                "https://api.deepl.com/v2/translate"
              ],
              "rdf:language": [
                "es"
              ],
              "rdf:predicate": [
                "additionalInformation"
              ]
            }
          ]
        }
      ],
      "@type": [
        "schema:Place",
        "Place"
      ]
    }
  ],
  "isOwnedBy": [
    {
      "@id": "https://data.datatourisme.fr/364cc6a7-1a36-382e-aa57-981399d0667d",
      "schema:email": [
        "glo@ardeche-buissonniere.fr",
        "ngarousse@ardeche-buissonniere.fr",
        "slextrait@ardeche-buissonniere.fr"
      ],
      "schema:legalName": "Privas Centre Ardèche Tourisme",
      "@type": [
        "schema:Organization",
        "foaf:Agent",
        "Agent"
      ],
      "foaf:homepage": [
        "https://www.ardeche-buissonniere.fr/"
      ]
    }
  ],
  "lastUpdate": "2021-07-21",
  "lastUpdateDatatourisme": "2023-02-11T06:38:49.111Z"
}