{
  "@id": "https://data.datatourisme.fr/19/5e81f6be-67cf-352a-b73b-8835bdc95bf3",
  "dc:identifier": "92c97aed-63b9-c0b6-8076-501ba3a3e642",
  "@type": [
    "CulturalSite",
    "PlaceOfInterest",
    "PointOfInterest",
    "ReligiousSite"
  ],
  "rdfs:label": {
    "fr": [
      "The American Church in Paris"
    ]
  },
  "owl:sameAs": [
    "http://www.wikidata.org/entity/Q3408708"
  ],
  "hasBeenCreatedBy": {
    "@id": "https://data.datatourisme.fr/73f9361b-7fdb-3a8c-8c11-182ef0152392",
    "schema:email": [
      "opendata@parisinfo.com"
    ],
    "schema:legalName": "Office de Tourisme de Paris",
    "@type": [
      "schema:Organization",
      "foaf:Agent",
      "Agent"
    ],
    "foaf:homepage": [
      "https://www.parisinfo.com/"
    ]
  },
  "hasBeenPublishedBy": [
    {
      "@id": "https://data.datatourisme.fr/73f9361b-7fdb-3a8c-8c11-182ef0152392",
      "schema:email": [
        "opendata@parisinfo.com"
      ],
      "schema:legalName": "Office de Tourisme de Paris",
      "@type": [
        "schema:Organization",
        "foaf:Agent",
        "Agent"
      ],
      "foaf:homepage": [
        "https://www.parisinfo.com/"
      ]
    }
  ],
  "hasContact": [
    {
      "@id": "https://data.datatourisme.fr/5b044148-a6d7-37f7-8229-53f5d899301a",
      "schema:telephone": [
        "+33 1 40 62 05 00"
      ],
      "@type": [
        "foaf:Agent",
        "Agent"
      ],
      "foaf:homepage": [
        "http://www.acparis.org/"
      ]
    }
  ],
  "hasRepresentation": [
    {
      "@id": "https://data.datatourisme.fr/19a17497-a9aa-3877-a420-08539ddb6e6c",
      "ebucore:hasAnnotation": [
        {
          "@id": "https://data.datatourisme.fr/ca012430-dcd9-3a2b-bbca-4392105c82c0",
          "ebucore:isCoveredBy": "CC BY-SA 3.0",
          "ebucore:title": {
            "fr": [
              "P1200305 Paris VII quai Orsay N65 eglise americaine rwk"
            ]
          },
          "@type": [
            "ebucore:Annotation"
          ],
          "credits": [
            "Mbzt (https://commons.wikimedia.org/wiki/User:Mbzt)"
          ]
        }
      ],
      "ebucore:hasRelatedResource": [
        {
          "@id": "https://data.datatourisme.fr/2da9827f-ccd1-33de-8c56-8087cec7eedd",
          "ebucore:fileSize": [
            1825351
          ],
          "ebucore:hasMimeType": [
            {
              "@id": "kb:JPEG",
              "@type": [
                "ebucore:MimeType"
              ],
              "rdfs:comment": {
                "de": [
                  "JPEG-Bild"
                ],
                "pt": [
                  "Imagem JPEG"
                ],
                "en": [
                  "JPEG image file"
                ],
                "it": [
                  "Immagine JPEG"
                ],
                "fr": [
                  "Image JPEG"
                ],
                "nl": [
                  "JPEG-afbeelding"
                ],
                "es": [
                  "Imagen JPEG"
                ]
              },
              "rdfs:label": {
                "de": [
                  "image/jpeg"
                ],
                "pt": [
                  "image/jpeg"
                ],
                "en": [
                  "image/jpeg"
                ],
                "it": [
                  "image/jpeg"
                ],
                "fr": [
                  "image/jpeg"
                ],
                "nl": [
                  "image/jpeg"
                ],
                "es": [
                  "image/jpeg"
                ]
              }
            }
          ],
          "ebucore:height": 2000,
          "ebucore:locator": [
            "https://upload.wikimedia.org/wikipedia/commons/8/89/P1200305_Paris_VII_quai_Orsay_N65_eglise_americaine_rwk.jpg"
          ],
          "ebucore:width": 1462,
          "@type": [
            "ebucore:Resource"
          ]
        }
      ],
      "@type": [
        "ebucore:EditorialObject"
      ]
    }
  ],
  "isLocatedAt": [
    {
      "@id": "https://data.datatourisme.fr/c21cb1e9-bb6c-3d82-80d9-049a2e932736",
      "schema:address": [
        {
          "@id": "https://data.datatourisme.fr/1ceacf71-7236-31e1-8770-75a5a7b20431",
          "schema:addressLocality": "Paris",
          "schema:postalCode": "75007",
          "schema:streetAddress": [
            "65 quai d'Orsay"
          ],
          "@type": [
            "schema:PostalAddress",
            "PostalAddress"
          ],
          "hasAddressCity": {
            "@id": "kb:75056",
            "@type": [
              "City"
            ],
            "rdfs:label": {
              "de": [
                "Paris"
              ],
              "pt": [
                "Paris"
              ],
              "en": [
                "Paris"
              ],
              "it": [
                "Paris"
              ],
              "fr": [
                "Paris"
              ],
              "nl": [
                "Paris"
              ],
              "es": [
                "Paris"
              ]
            },
            "insee": "75056",
            "isPartOfDepartment": {
              "@id": "kb:France1175",
              "@type": [
                "Department"
              ],
              "rdfs:label": {
                "de": [
                  "Paris"
                ],
                "pt": [
                  "Paris"
                ],
                "en": [
                  "Paris"
                ],
                "it": [
                  "Paris"
                ],
                "fr": [
                  "Paris"
                ],
                "nl": [
                  "Paris"
                ],
                "es": [
                  "Paris"
                ]
              },
              "insee": "75",
              "isPartOfRegion": {
                "@id": "kb:France11",
                "@type": [
                  "Region"
                ],
                "rdfs:label": {
                  "de": [
                    "Île-de-France"
                  ],
                  "pt": [
                    "Île-de-France"
                  ],
                  "en": [
                    "Île-de-France"
                  ],
                  "it": [
                    "Île-de-France"
                  ],
                  "fr": [
                    "Île-de-France"
                  ],
                  "nl": [
                    "Île-de-France"
                  ],
                  "es": [
                    "Île-de-France"
                  ]
                },
                "insee": "11",
                "isPartOfCountry": {
                  "@id": "kb:France",
                  "@type": [
                    "schema:Country"
                  ],
                  "rdfs:label": {
                    "de": [
                      "France",
                      "Frankreich"
                    ],
                    "pt": [
                      "França",
                      "France"
                    ],
                    "en": [
                      "France"
                    ],
                    "it": [
                      "France",
                      "Francia"
                    ],
                    "fr": [
                      "France"
                    ],
                    "nl": [
                      "France",
                      "Frankrijk"
                    ],
                    "es": [
                      "France",
                      "Francia"
                    ]
                  }
                }
              }
            }
          }
        }
      ],
      "schema:geo": {
        "@id": "https://data.datatourisme.fr/3e831a84-9a74-355e-a3ec-20a4a26c0038",
        "schema:latitude": "48.8623153",
        "schema:longitude": "2.306699500000036",
        "@type": [
          "schema:GeoCoordinates"
        ]
      },
      "schema:openingHoursSpecification": [
        {
          "@id": "https://data.datatourisme.fr/af1a36e6-a4c2-3e8c-b746-a0ab39b72912",
          "@type": [
            "schema:OpeningHoursSpecification"
          ],
          "additionalInformation": {
            "de": [
              "Montag bis Samstag, 9:00-12:00 Uhr und 13:00-22:30 Uhr; Sonntag, 9:00-14:00 Uhr und 15:00-19:30 Uhr. Gottesdienste am Sonntag um 9:00 und 11:00 Uhr."
            ],
            "en": [
              "Monday to Saturday, 9am-12pm and 1pm-10.30pm; Sunday, 9am-2pm and 3pm-7.30pm. Sunday services at 9am and 11am."
            ],
            "it": [
              "Dal lunedì al sabato, dalle 9.00 alle 12.00 e dalle 13.00 alle 22.30; domenica, dalle 9.00 alle 14.00 e dalle 15.00 alle 19.30. Servizi domenicali alle 9.00 e alle 11.00."
            ],
            "fr": [
              "Lundi au samedi, 9h-12h et 13h-22h30 ; dimanche, 9h-14h et 15h-19h30. Offices le dimanche à 9h et 11h."
            ],
            "nl": [
              "Maandag t/m zaterdag, 9-12 uur en 13-10.30 uur; zondag, 9-2 uur en 15-19.30 uur. Zondagse diensten om 9 uur en 11 uur."
            ],
            "es": [
              "De lunes a sábado, de 9.00 a 12.00 h. y de 13.00 a 22.30 h.; domingos, de 9.00 a 14.00 h. y de 15.00 a 19.30 h. Servicios dominicales a las 9.00 y a las 11.00 horas."
            ]
          },
          "hasTranslatedProperty": [
            {
              "@id": "https://data.datatourisme.fr/3b7eeac0-ead7-331b-bf75-44d45c32d1dc",
              "dc:contributor": [
                "https://api.deepl.com/v2/translate"
              ],
              "rdf:language": [
                "it"
              ],
              "rdf:predicate": [
                "additionalInformation"
              ]
            },
            {
              "@id": "https://data.datatourisme.fr/7159330b-bda1-3286-9ee8-078bcb9430c6",
              "dc:contributor": [
                "https://api.deepl.com/v2/translate"
              ],
              "rdf:language": [
                "nl"
              ],
              "rdf:predicate": [
                "additionalInformation"
              ]
            },
            {
              "@id": "https://data.datatourisme.fr/8ed830d1-da67-389c-8496-febcd738e8f3",
              "dc:contributor": [
                "https://api.deepl.com/v2/translate"
              ],
              "rdf:language": [
                "es"
              ],
              "rdf:predicate": [
                "additionalInformation"
              ]
            },
            {
              "@id": "https://data.datatourisme.fr/ada6643c-543d-3430-b918-a1c6de9bf3df",
              "dc:contributor": [
                "https://api.deepl.com/v2/translate"
              ],
              "rdf:language": [
                "en"
              ],
              "rdf:predicate": [
                "additionalInformation"
              ]
            },
            {
              "@id": "https://data.datatourisme.fr/c7e8a053-97a5-383d-bd23-22f5e95ed684",
              "dc:contributor": [
                "https://api.deepl.com/v2/translate"
              ],
              "rdf:language": [
                "de"
              ],
              "rdf:predicate": [
                "additionalInformation"
              ]
            }
          ]
        }
      ],
      "@type": [
        "schema:Place",
        "Place"
      ]
    }
  ],
  "lastUpdate": "2023-06-30",
  "lastUpdateDatatourisme": "2023-10-12T16:59:40.006Z"
}