{
  "@id": "https://data.datatourisme.fr/13/8874a0c4-a853-30cc-9c62-dd37bef3df98",
  "dc:identifier": "4800773",
  "@type": [
    "schema:LocalBusiness",
    "PlaceOfInterest",
    "PointOfInterest",
    "Store"
  ],
  "rdfs:label": {
    "en": [
      "Wine Touch"
    ],
    "fr": [
      "Wine Touch"
    ]
  },
  "hasBeenCreatedBy": {
    "@id": "https://data.datatourisme.fr/13/03e0704b-5690-32de-a186-1dc3ad3316c9",
    "dc:identifier": "1019",
    "schema:email": [
      "bgeigle@visitparisregion.com",
      "hcaldo@visitparisregion.com",
      "mtanaskovic@visitparisregion.com"
    ],
    "schema:legalName": "Choose Paris Region",
    "@type": [
      "schema:Organization",
      "foaf:Agent",
      "Agent"
    ],
    "foaf:homepage": [
      "http://www.visitparisregion.com/"
    ]
  },
  "hasBeenPublishedBy": [
    {
      "@id": "https://data.datatourisme.fr/8a9feb4b-2cbd-3d2c-b507-bd6c6776b23b",
      "schema:legalName": "Apidae Tourisme Scic SA - source : Apidae Tourisme",
      "@type": [
        "schema:Organization",
        "foaf:Agent",
        "Agent"
      ],
      "foaf:homepage": [
        "https://www.apidae-tourisme.com/"
      ]
    }
  ],
  "hasContact": [
    {
      "@id": "https://data.datatourisme.fr/f2076a3d-94a0-3ae7-b36a-1f0176157965",
      "schema:telephone": [
        "+33 9 80 92 70 13"
      ],
      "@type": [
        "foaf:Agent",
        "Agent"
      ],
      "foaf:homepage": [
        "http://www.winetouch.fr/"
      ]
    }
  ],
  "isLocatedAt": [
    {
      "@id": "https://data.datatourisme.fr/02ccbb82-09b7-3b80-9cf4-ba6bc8b821be",
      "schema:address": [
        {
          "@id": "https://data.datatourisme.fr/a4c11341-ca94-3a3e-870b-cf0e00d7f9a5",
          "schema:addressLocality": "Paris 4e Arrondissement",
          "schema:postalCode": "75004",
          "schema:streetAddress": [
            "61 rue Quincampoix"
          ],
          "@type": [
            "schema:PostalAddress",
            "PostalAddress"
          ],
          "hasAddressCity": {
            "@id": "kb:75104",
            "@type": [
              "City"
            ],
            "rdfs:label": {
              "de": [
                "Paris 4e Arrondissement"
              ],
              "pt": [
                "Paris 4e Arrondissement"
              ],
              "en": [
                "Paris 4e Arrondissement"
              ],
              "it": [
                "Paris 4e Arrondissement"
              ],
              "fr": [
                "Paris 4e Arrondissement"
              ],
              "nl": [
                "Paris 4e Arrondissement"
              ],
              "es": [
                "Paris 4e Arrondissement"
              ]
            },
            "insee": "75104",
            "isPartOfDepartment": {
              "@id": "kb:France1175",
              "@type": [
                "Department"
              ],
              "rdfs:label": {
                "de": [
                  "Paris"
                ],
                "pt": [
                  "Paris"
                ],
                "en": [
                  "Paris"
                ],
                "it": [
                  "Paris"
                ],
                "fr": [
                  "Paris"
                ],
                "nl": [
                  "Paris"
                ],
                "es": [
                  "Paris"
                ]
              },
              "insee": "75",
              "isPartOfRegion": {
                "@id": "kb:France11",
                "@type": [
                  "Region"
                ],
                "rdfs:label": {
                  "de": [
                    "Île-de-France"
                  ],
                  "pt": [
                    "Île-de-France"
                  ],
                  "en": [
                    "Île-de-France"
                  ],
                  "it": [
                    "Île-de-France"
                  ],
                  "fr": [
                    "Île-de-France"
                  ],
                  "nl": [
                    "Île-de-France"
                  ],
                  "es": [
                    "Île-de-France"
                  ]
                },
                "insee": "11",
                "isPartOfCountry": {
                  "@id": "kb:France",
                  "@type": [
                    "schema:Country"
                  ],
                  "rdfs:label": {
                    "de": [
                      "France",
                      "Frankreich"
                    ],
                    "pt": [
                      "França",
                      "France"
                    ],
                    "en": [
                      "France"
                    ],
                    "it": [
                      "France",
                      "Francia"
                    ],
                    "fr": [
                      "France"
                    ],
                    "nl": [
                      "France",
                      "Frankrijk"
                    ],
                    "es": [
                      "France",
                      "Francia"
                    ]
                  }
                }
              }
            }
          }
        }
      ],
      "schema:geo": {
        "@id": "https://data.datatourisme.fr/72d40685-6327-3e41-ab50-4be82fa373b7",
        "schema:latitude": "48.861627",
        "schema:longitude": "2.350636",
        "@type": [
          "schema:GeoCoordinates"
        ]
      },
      "schema:openingHoursSpecification": [
        {
          "@id": "https://data.datatourisme.fr/145f6faa-521a-33e1-afe9-a7aa1fdffbc5",
          "schema:validFrom": "2023-01-01T00:00:00",
          "schema:validThrough": "2023-12-31T23:59:59",
          "@type": [
            "schema:OpeningHoursSpecification"
          ],
          "additionalInformation": {
            "de": [
              "Öffnungszeiten:\r\n- Dienstag und Mittwoch von 11:00 bis 21:00 Uhr\r\n- Donnerstag von 11 Uhr bis 22:30 Uhr\r\n- Freitag und Samstag von 11 Uhr bis Mitternacht"
            ],
            "en": [
              "Opening hours :\r\n- Tuesday and Wednesday from 11 am to 9 pm\r\n- Thursday from 11 am to 10:30 pm\r\n- Friday and Saturday from 11am to midnight"
            ],
            "it": [
              "Orari di apertura :\r\n- Martedì e mercoledì dalle 11.00 alle 21.00\r\n- Giovedì dalle 11:00 alle 22:30\r\n- Venerdì e sabato dalle 11.00 alle 24.00"
            ],
            "fr": [
              "Horaires d'ouverture :\r\n- Mardi et mercredi de 11h à 21 h\r\n- Jeudi de 11h à 22h30\r\n- Vendredi et samedi de 11h à minuit"
            ],
            "nl": [
              "Openingstijden :\r\n- Dinsdag en woensdag van 11 tot 21 uur\r\n- Donderdag van 11.00 tot 22.30 uur\r\n- Vrijdag en zaterdag van 11 tot middernacht"
            ],
            "es": [
              "Horario de apertura :\r\n- Martes y miércoles de 11 a 21 horas\r\n- Jueves de 11:00 a 22:30\r\n- Viernes y sábado de 11 a 24 horas"
            ]
          },
          "hasTranslatedProperty": [
            {
              "@id": "https://data.datatourisme.fr/508e7f15-acb6-3efc-b55a-8320637d2c7a",
              "dc:contributor": [
                "https://api.deepl.com/v2/translate"
              ],
              "rdf:language": [
                "en"
              ],
              "rdf:predicate": [
                "additionalInformation"
              ]
            },
            {
              "@id": "https://data.datatourisme.fr/685c772c-9e78-3ac1-a7ab-c2c175b1e281",
              "dc:contributor": [
                "https://api.deepl.com/v2/translate"
              ],
              "rdf:language": [
                "it"
              ],
              "rdf:predicate": [
                "additionalInformation"
              ]
            },
            {
              "@id": "https://data.datatourisme.fr/741ca6b9-d86e-39e6-bf0a-00a319d2065d",
              "dc:contributor": [
                "https://api.deepl.com/v2/translate"
              ],
              "rdf:language": [
                "de"
              ],
              "rdf:predicate": [
                "additionalInformation"
              ]
            },
            {
              "@id": "https://data.datatourisme.fr/aff45d54-9cae-3959-b6e1-7c662965aad3",
              "dc:contributor": [
                "https://api.deepl.com/v2/translate"
              ],
              "rdf:language": [
                "nl"
              ],
              "rdf:predicate": [
                "additionalInformation"
              ]
            },
            {
              "@id": "https://data.datatourisme.fr/c9a4a641-27c4-3bc6-8368-961156e575e8",
              "dc:contributor": [
                "https://api.deepl.com/v2/translate"
              ],
              "rdf:language": [
                "es"
              ],
              "rdf:predicate": [
                "additionalInformation"
              ]
            }
          ]
        }
      ],
      "@type": [
        "schema:Place",
        "Place"
      ]
    }
  ],
  "isOwnedBy": [
    {
      "@id": "https://data.datatourisme.fr/26ecd6f0-563c-356a-b0f9-ad3ec17effc4",
      "schema:email": [
        "bgeigle@visitparisregion.com",
        "hcaldo@visitparisregion.com",
        "mtanaskovic@visitparisregion.com"
      ],
      "schema:legalName": "Comité Régional du Tourisme Paris Ile de France",
      "@type": [
        "schema:Organization",
        "foaf:Agent",
        "Agent"
      ],
      "foaf:homepage": [
        "http://www.visitparisregion.com/"
      ]
    }
  ],
  "lastUpdate": "2020-02-18",
  "lastUpdateDatatourisme": "2023-10-02T05:53:31.778Z"
}