{
  "@id": "https://data.datatourisme.fr/13/d12b9936-519e-31a8-8761-81fba6bc0e2c",
  "dc:identifier": "697405",
  "@type": [
    "CulturalSite",
    "Palace",
    "PlaceOfInterest",
    "PointOfInterest",
    "RemarkableBuilding"
  ],
  "rdfs:comment": {
    "de": [
      "Im Herzen von Paris, an der Avenue des Champs-Élysées, für die Weltausstellung 1900 erbaut und \"von der Republik dem Ruhm der französischen Kunst\" geweiht, ist das 13500 m2 große Kirchenschiff das größte Glasdach Europas."
    ],
    "en": [
      "In the heart of Paris, on the Avenue des Champs-Élysées, built for the Universal Exhibition of 1900 and consecrated \"by the Republic to the glory of French art\", the 13500 m2 Nave is the largest glass roof in Europe."
    ],
    "it": [
      "Nel cuore di Parigi, sull'Avenue des Champs-Élysées, costruita per l'Esposizione Universale del 1900 e dedicata \"dalla Repubblica alla gloria dell'arte francese\", la Nave di 13.500 m2 è la più grande copertura in vetro d'Europa."
    ],
    "fr": [
      "Au cœur de Paris, sur l’avenue des Champs-Élysées, construit pour l’Exposition universelle de 1900 et consacré « par la République à la gloire de l’art français », la Nef de 13500 m2 est la plus grande verrière d’Europe."
    ],
    "nl": [
      "In het hart van Parijs, aan de Avenue des Champs-Élysées, gebouwd voor de wereldtentoonstelling van 1900 en opgedragen \"door de Republiek aan de glorie van de Franse kunst\", is het schip van 13.500 m2 het grootste glazen dak van Europa."
    ],
    "es": [
      "En el corazón de París, en la avenida de los Campos Elíseos, construida para la Exposición Universal de 1900 y dedicada \"por la República a la gloria del arte francés\", la Nave de 13.500 m2 es la mayor cubierta de cristal de Europa."
    ]
  },
  "rdfs:label": {
    "fr": [
      "La Nef du Grand Palais"
    ]
  },
  "owl:sameAs": [
    "http://www.wikidata.org/entity/Q18560548"
  ],
  "hasBeenCreatedBy": {
    "@id": "https://data.datatourisme.fr/13/03e0704b-5690-32de-a186-1dc3ad3316c9",
    "dc:identifier": "1019",
    "schema:email": [
      "bgeigle@visitparisregion.com",
      "hcaldo@visitparisregion.com",
      "mtanaskovic@visitparisregion.com"
    ],
    "schema:legalName": "Choose Paris Region",
    "@type": [
      "schema:Organization",
      "foaf:Agent",
      "Agent"
    ],
    "foaf:homepage": [
      "http://www.visitparisregion.com/"
    ]
  },
  "hasBeenPublishedBy": [
    {
      "@id": "https://data.datatourisme.fr/8a9feb4b-2cbd-3d2c-b507-bd6c6776b23b",
      "schema:legalName": "Apidae Tourisme Scic SA - source : Apidae Tourisme",
      "@type": [
        "schema:Organization",
        "foaf:Agent",
        "Agent"
      ],
      "foaf:homepage": [
        "https://www.apidae-tourisme.com/"
      ]
    }
  ],
  "hasContact": [
    {
      "@id": "https://data.datatourisme.fr/f71e4ad3-3e78-3cca-98ad-a913898330e9",
      "schema:telephone": [
        "+33 1 44 13 17 17"
      ],
      "@type": [
        "foaf:Agent",
        "Agent"
      ],
      "foaf:homepage": [
        "http://www.grandpalais.fr/"
      ]
    }
  ],
  "hasDescription": [
    {
      "@id": "https://data.datatourisme.fr/3df336c9-67a7-37d0-bbc1-5d8d20560295",
      "@type": [
        "Description"
      ],
      "hasTranslatedProperty": [
        {
          "@id": "https://data.datatourisme.fr/446cab24-951f-3dea-bcd5-1b0bb117f3dc",
          "dc:contributor": [
            "https://api.deepl.com/v2/translate"
          ],
          "rdf:language": [
            "de"
          ],
          "rdf:predicate": [
            "shortDescription"
          ]
        },
        {
          "@id": "https://data.datatourisme.fr/6ed901bb-c044-3288-9faf-cbf8c3752ae4",
          "dc:contributor": [
            "https://api.deepl.com/v2/translate"
          ],
          "rdf:language": [
            "nl"
          ],
          "rdf:predicate": [
            "shortDescription"
          ]
        },
        {
          "@id": "https://data.datatourisme.fr/a70e7eb1-55fc-371c-b7af-92c0d45f28f7",
          "dc:contributor": [
            "https://api.deepl.com/v2/translate"
          ],
          "rdf:language": [
            "en"
          ],
          "rdf:predicate": [
            "shortDescription"
          ]
        },
        {
          "@id": "https://data.datatourisme.fr/ee52898e-dfa2-32f9-bc39-55734152e7a6",
          "dc:contributor": [
            "https://api.deepl.com/v2/translate"
          ],
          "rdf:language": [
            "it"
          ],
          "rdf:predicate": [
            "shortDescription"
          ]
        },
        {
          "@id": "https://data.datatourisme.fr/f95ba185-f76a-399a-8c0a-a660260df7dc",
          "dc:contributor": [
            "https://api.deepl.com/v2/translate"
          ],
          "rdf:language": [
            "es"
          ],
          "rdf:predicate": [
            "shortDescription"
          ]
        }
      ],
      "shortDescription": {
        "de": [
          "Im Herzen von Paris, an der Avenue des Champs-Élysées, für die Weltausstellung 1900 erbaut und \"von der Republik dem Ruhm der französischen Kunst\" geweiht, ist das 13500 m2 große Kirchenschiff das größte Glasdach Europas."
        ],
        "en": [
          "In the heart of Paris, on the Avenue des Champs-Élysées, built for the Universal Exhibition of 1900 and consecrated \"by the Republic to the glory of French art\", the 13500 m2 Nave is the largest glass roof in Europe."
        ],
        "it": [
          "Nel cuore di Parigi, sull'Avenue des Champs-Élysées, costruita per l'Esposizione Universale del 1900 e dedicata \"dalla Repubblica alla gloria dell'arte francese\", la Nave di 13.500 m2 è la più grande copertura in vetro d'Europa."
        ],
        "fr": [
          "Au cœur de Paris, sur l’avenue des Champs-Élysées, construit pour l’Exposition universelle de 1900 et consacré « par la République à la gloire de l’art français », la Nef de 13500 m2 est la plus grande verrière d’Europe."
        ],
        "nl": [
          "In het hart van Parijs, aan de Avenue des Champs-Élysées, gebouwd voor de wereldtentoonstelling van 1900 en opgedragen \"door de Republiek aan de glorie van de Franse kunst\", is het schip van 13.500 m2 het grootste glazen dak van Europa."
        ],
        "es": [
          "En el corazón de París, en la avenida de los Campos Elíseos, construida para la Exposición Universal de 1900 y dedicada \"por la República a la gloria del arte francés\", la Nave de 13.500 m2 es la mayor cubierta de cristal de Europa."
        ]
      }
    }
  ],
  "hasRepresentation": [
    {
      "@id": "https://data.datatourisme.fr/dd58c58d-9400-3fa9-8902-61e55ac05e03",
      "ebucore:hasAnnotation": [
        {
          "@id": "https://data.datatourisme.fr/f4732c7e-f106-31fb-86c3-77551759f80a",
          "ebucore:isCoveredBy": "CC BY-SA 3.0",
          "ebucore:title": {
            "fr": [
              "Grand Palais - PA00088877 - Bonhams 2013 - Vue d'ensemble - 007"
            ]
          },
          "@type": [
            "ebucore:Annotation"
          ],
          "credits": [
            "Thesupermat (https://commons.wikimedia.org/wiki/User:Thesupermat)"
          ]
        }
      ],
      "ebucore:hasRelatedResource": [
        {
          "@id": "https://data.datatourisme.fr/8349946b-a5c3-3793-9d6d-47621bcf7b67",
          "ebucore:fileSize": [
            20242459
          ],
          "ebucore:hasMimeType": [
            {
              "@id": "kb:JPEG",
              "@type": [
                "ebucore:MimeType"
              ],
              "rdfs:comment": {
                "de": [
                  "JPEG-Bild"
                ],
                "pt": [
                  "Imagem JPEG"
                ],
                "en": [
                  "JPEG image file"
                ],
                "it": [
                  "Immagine JPEG"
                ],
                "fr": [
                  "Image JPEG"
                ],
                "nl": [
                  "JPEG-afbeelding"
                ],
                "es": [
                  "Imagen JPEG"
                ]
              },
              "rdfs:label": {
                "de": [
                  "image/jpeg"
                ],
                "pt": [
                  "image/jpeg"
                ],
                "en": [
                  "image/jpeg"
                ],
                "it": [
                  "image/jpeg"
                ],
                "fr": [
                  "image/jpeg"
                ],
                "nl": [
                  "image/jpeg"
                ],
                "es": [
                  "image/jpeg"
                ]
              }
            }
          ],
          "ebucore:height": 3168,
          "ebucore:locator": [
            "https://upload.wikimedia.org/wikipedia/commons/b/b2/Grand_Palais_-_PA00088877_-_Bonhams_2013_-_Vue_d%27ensemble_-_007.jpg"
          ],
          "ebucore:width": 4752,
          "@type": [
            "ebucore:Resource"
          ]
        }
      ],
      "@type": [
        "ebucore:EditorialObject"
      ]
    }
  ],
  "hasTheme": [
    {
      "@id": "kb:Culture",
      "@type": [
        "CulturalTheme"
      ],
      "rdfs:label": {
        "de": [
          "Kultur"
        ],
        "pt": [
          "Cultura"
        ],
        "en": [
          "Culture"
        ],
        "it": [
          "Cultura"
        ],
        "fr": [
          "Culture"
        ],
        "nl": [
          "Cultuur"
        ],
        "es": [
          "Cultura"
        ]
      }
    }
  ],
  "hasTranslatedProperty": [
    {
      "@id": "https://data.datatourisme.fr/3f174097-2128-33df-9cab-e0ebd31d43d3",
      "dc:contributor": [
        "https://api.deepl.com/v2/translate"
      ],
      "rdf:language": [
        "it"
      ],
      "rdf:predicate": [
        {
          "@id": "rdfs:comment"
        }
      ]
    },
    {
      "@id": "https://data.datatourisme.fr/4a87b3e7-fa76-3280-9eae-06a07ac737ec",
      "dc:contributor": [
        "https://api.deepl.com/v2/translate"
      ],
      "rdf:language": [
        "en"
      ],
      "rdf:predicate": [
        {
          "@id": "rdfs:comment"
        }
      ]
    },
    {
      "@id": "https://data.datatourisme.fr/a0597055-1fe7-37d3-8e55-a0fb5faec3ce",
      "dc:contributor": [
        "https://api.deepl.com/v2/translate"
      ],
      "rdf:language": [
        "es"
      ],
      "rdf:predicate": [
        {
          "@id": "rdfs:comment"
        }
      ]
    },
    {
      "@id": "https://data.datatourisme.fr/a912d148-572a-3ee6-afa5-4491a768064e",
      "dc:contributor": [
        "https://api.deepl.com/v2/translate"
      ],
      "rdf:language": [
        "de"
      ],
      "rdf:predicate": [
        {
          "@id": "rdfs:comment"
        }
      ]
    },
    {
      "@id": "https://data.datatourisme.fr/e524bd97-84d0-3455-aa10-d45a5dc834d1",
      "dc:contributor": [
        "https://api.deepl.com/v2/translate"
      ],
      "rdf:language": [
        "nl"
      ],
      "rdf:predicate": [
        {
          "@id": "rdfs:comment"
        }
      ]
    }
  ],
  "isLocatedAt": [
    {
      "@id": "https://data.datatourisme.fr/76cf628e-220d-3b63-82cd-ef56c6c9eee7",
      "schema:address": [
        {
          "@id": "https://data.datatourisme.fr/a7774bc2-abd1-3b49-a72b-bc6f3bb9e401",
          "schema:addressLocality": "Paris",
          "schema:postalCode": "75008",
          "schema:streetAddress": [
            "Avenue Winston Churchill"
          ],
          "@type": [
            "schema:PostalAddress",
            "PostalAddress"
          ],
          "hasAddressCity": {
            "@id": "kb:75056",
            "@type": [
              "City"
            ],
            "rdfs:label": {
              "de": [
                "Paris"
              ],
              "pt": [
                "Paris"
              ],
              "en": [
                "Paris"
              ],
              "it": [
                "Paris"
              ],
              "fr": [
                "Paris"
              ],
              "nl": [
                "Paris"
              ],
              "es": [
                "Paris"
              ]
            },
            "insee": "75056",
            "isPartOfDepartment": {
              "@id": "kb:France1175",
              "@type": [
                "Department"
              ],
              "rdfs:label": {
                "de": [
                  "Paris"
                ],
                "pt": [
                  "Paris"
                ],
                "en": [
                  "Paris"
                ],
                "it": [
                  "Paris"
                ],
                "fr": [
                  "Paris"
                ],
                "nl": [
                  "Paris"
                ],
                "es": [
                  "Paris"
                ]
              },
              "insee": "75",
              "isPartOfRegion": {
                "@id": "kb:France11",
                "@type": [
                  "Region"
                ],
                "rdfs:label": {
                  "de": [
                    "Île-de-France"
                  ],
                  "pt": [
                    "Île-de-France"
                  ],
                  "en": [
                    "Île-de-France"
                  ],
                  "it": [
                    "Île-de-France"
                  ],
                  "fr": [
                    "Île-de-France"
                  ],
                  "nl": [
                    "Île-de-France"
                  ],
                  "es": [
                    "Île-de-France"
                  ]
                },
                "insee": "11",
                "isPartOfCountry": {
                  "@id": "kb:France",
                  "@type": [
                    "schema:Country"
                  ],
                  "rdfs:label": {
                    "de": [
                      "France",
                      "Frankreich"
                    ],
                    "pt": [
                      "França",
                      "France"
                    ],
                    "en": [
                      "France"
                    ],
                    "it": [
                      "France",
                      "Francia"
                    ],
                    "fr": [
                      "France"
                    ],
                    "nl": [
                      "France",
                      "Frankrijk"
                    ],
                    "es": [
                      "France",
                      "Francia"
                    ]
                  }
                }
              }
            }
          }
        }
      ],
      "schema:geo": {
        "@id": "https://data.datatourisme.fr/96767b1c-5dd3-38f9-9a10-ffa3babb8e49",
        "schema:latitude": "48.866119",
        "schema:longitude": "2.313314",
        "@type": [
          "schema:GeoCoordinates"
        ]
      },
      "schema:openingHoursSpecification": [
        {
          "@id": "https://data.datatourisme.fr/e6939204-dfc0-3b88-9f3d-b4f622382b0e",
          "schema:validFrom": "2023-01-01T00:00:00",
          "schema:validThrough": "2023-12-31T23:59:59",
          "@type": [
            "schema:OpeningHoursSpecification"
          ],
          "additionalInformation": {
            "de": [
              "Nur geöffnet, wenn dort Veranstaltungen stattfinden. Variable Öffnungszeiten."
            ],
            "en": [
              "Open only according to the events taking place there. Variable hours."
            ],
            "it": [
              "Aperto solo durante gli eventi. Orario variabile."
            ],
            "fr": [
              "Ouvert uniquement en fonction des événements qui s'y déroulent. Horaires variables."
            ],
            "nl": [
              "Alleen open tijdens evenementen. Variabele uren."
            ],
            "es": [
              "Abierto sólo cuando se celebran eventos. Horario variable."
            ]
          },
          "hasTranslatedProperty": [
            {
              "@id": "https://data.datatourisme.fr/11c7bf38-d937-3557-9af6-2556ac311f8e",
              "dc:contributor": [
                "https://api.deepl.com/v2/translate"
              ],
              "rdf:language": [
                "nl"
              ],
              "rdf:predicate": [
                "additionalInformation"
              ]
            },
            {
              "@id": "https://data.datatourisme.fr/21cc84fc-de06-39cf-99e1-917078eedfea",
              "dc:contributor": [
                "https://api.deepl.com/v2/translate"
              ],
              "rdf:language": [
                "es"
              ],
              "rdf:predicate": [
                "additionalInformation"
              ]
            },
            {
              "@id": "https://data.datatourisme.fr/45a4dc5d-6b40-393b-984d-136a88722013",
              "dc:contributor": [
                "https://api.deepl.com/v2/translate"
              ],
              "rdf:language": [
                "de"
              ],
              "rdf:predicate": [
                "additionalInformation"
              ]
            },
            {
              "@id": "https://data.datatourisme.fr/b37bdd48-ccf9-3f9c-aa6b-05753bbeff50",
              "dc:contributor": [
                "https://api.deepl.com/v2/translate"
              ],
              "rdf:language": [
                "it"
              ],
              "rdf:predicate": [
                "additionalInformation"
              ]
            },
            {
              "@id": "https://data.datatourisme.fr/fbf87f49-1caa-3146-8036-37fbae5121a3",
              "dc:contributor": [
                "https://api.deepl.com/v2/translate"
              ],
              "rdf:language": [
                "en"
              ],
              "rdf:predicate": [
                "additionalInformation"
              ]
            }
          ]
        }
      ],
      "@type": [
        "schema:Place",
        "Place"
      ]
    }
  ],
  "isOwnedBy": [
    {
      "@id": "https://data.datatourisme.fr/26ecd6f0-563c-356a-b0f9-ad3ec17effc4",
      "schema:email": [
        "bgeigle@visitparisregion.com",
        "hcaldo@visitparisregion.com",
        "mtanaskovic@visitparisregion.com"
      ],
      "schema:legalName": "Comité Régional du Tourisme Paris Ile de France",
      "@type": [
        "schema:Organization",
        "foaf:Agent",
        "Agent"
      ],
      "foaf:homepage": [
        "http://www.visitparisregion.com/"
      ]
    }
  ],
  "lastUpdate": "2023-07-13",
  "lastUpdateDatatourisme": "2023-07-14T05:53:08.113Z"
}