{
  "@id": "https://data.datatourisme.fr/13/d15d50ad-407f-33ec-b35e-2d6a3361865d",
  "dc:identifier": "4720806",
  "@type": [
    "schema:LocalBusiness",
    "schema:Museum",
    "CulturalSite",
    "Museum",
    "PlaceOfInterest",
    "PointOfInterest"
  ],
  "rdfs:comment": {
    "de": [
      "Das Studio Lego® Éducation wird in der Cité des sciences et de l'industrie eröffnet, um Kinder in Workshops auf spielerische Weise an das Programmieren und den Computercode heranzuführen."
    ],
    "en": [
      "The Lego® Education Studio opens at the Cité des sciences et de l'industrie to help children discover computer programming and code in a fun way through workshops."
    ],
    "it": [
      "Il Lego® Education Studio apre alla Cité des sciences et de l'industrie per portare i bambini a scoprire la programmazione e il codice informatico in modo giocoso attraverso laboratori."
    ],
    "fr": [
      "Le Studio Lego® Éducation s'ouvre à la Cité des sciences et de l'industrie pour amener les enfants à découvrir d'une manière ludique la programmation et le code informatique à travers des ateliers."
    ],
    "es": [
      "El Lego® Education Studio abre sus puertas en la Cité des sciences et de l'industrie para que los niños descubran la programación y el código informático de forma lúdica a través de talleres."
    ],
    "nl": [
      "De Lego® Education Studio opent in het Cité des sciences et de l'industrie om kinderen op een speelse manier kennis te laten maken met programmeren en computercode door middel van workshops."
    ]
  },
  "rdfs:label": {
    "fr": [
      "Studio Lego® a la Cité des sciences et de l'industrie"
    ]
  },
  "hasBeenCreatedBy": {
    "@id": "https://data.datatourisme.fr/13/03e0704b-5690-32de-a186-1dc3ad3316c9",
    "dc:identifier": "1019",
    "schema:email": [
      "bgeigle@visitparisregion.com",
      "hcaldo@visitparisregion.com",
      "mtanaskovic@visitparisregion.com"
    ],
    "schema:legalName": "Choose Paris Region",
    "@type": [
      "schema:Organization",
      "foaf:Agent",
      "Agent"
    ],
    "foaf:homepage": [
      "http://www.visitparisregion.com/"
    ]
  },
  "hasBeenPublishedBy": [
    {
      "@id": "https://data.datatourisme.fr/8a9feb4b-2cbd-3d2c-b507-bd6c6776b23b",
      "schema:legalName": "Apidae Tourisme Scic SA - source : Apidae Tourisme",
      "@type": [
        "schema:Organization",
        "foaf:Agent",
        "Agent"
      ],
      "foaf:homepage": [
        "https://www.apidae-tourisme.com/"
      ]
    }
  ],
  "hasContact": [
    {
      "@id": "https://data.datatourisme.fr/902e6803-d6f0-320d-850f-6bf13d3ce031",
      "schema:telephone": [
        "+33 1 85 53 99 74"
      ],
      "@type": [
        "foaf:Agent",
        "Agent"
      ],
      "foaf:homepage": [
        "http://www.cite-sciences.fr/"
      ]
    }
  ],
  "hasDescription": [
    {
      "@id": "https://data.datatourisme.fr/a88dc868-8c50-352d-9736-fa282b6b5227",
      "@type": [
        "Description"
      ],
      "hasTranslatedProperty": [
        {
          "@id": "https://data.datatourisme.fr/10d57bc1-cbd4-3824-b58f-f08221e3b376",
          "dc:contributor": [
            "https://api.deepl.com/v2/translate"
          ],
          "rdf:language": [
            "en"
          ],
          "rdf:predicate": [
            "shortDescription"
          ]
        },
        {
          "@id": "https://data.datatourisme.fr/4d2dc458-6b51-3d74-9333-e955b7bcfac4",
          "dc:contributor": [
            "https://api.deepl.com/v2/translate"
          ],
          "rdf:language": [
            "es"
          ],
          "rdf:predicate": [
            "shortDescription"
          ]
        },
        {
          "@id": "https://data.datatourisme.fr/74d2f702-010f-31f9-9124-7687536a2539",
          "dc:contributor": [
            "https://api.deepl.com/v2/translate"
          ],
          "rdf:language": [
            "it"
          ],
          "rdf:predicate": [
            "shortDescription"
          ]
        },
        {
          "@id": "https://data.datatourisme.fr/e8ae410e-ab2d-3ae9-85fe-1941d83be5f7",
          "dc:contributor": [
            "https://api.deepl.com/v2/translate"
          ],
          "rdf:language": [
            "de"
          ],
          "rdf:predicate": [
            "shortDescription"
          ]
        },
        {
          "@id": "https://data.datatourisme.fr/fba37ab7-355e-3ccd-84ef-280b11880816",
          "dc:contributor": [
            "https://api.deepl.com/v2/translate"
          ],
          "rdf:language": [
            "nl"
          ],
          "rdf:predicate": [
            "shortDescription"
          ]
        }
      ],
      "shortDescription": {
        "de": [
          "Das Studio Lego® Éducation wird in der Cité des sciences et de l'industrie eröffnet, um Kinder in Workshops auf spielerische Weise an das Programmieren und den Computercode heranzuführen."
        ],
        "en": [
          "The Lego® Education Studio opens at the Cité des sciences et de l'industrie to help children discover computer programming and code in a fun way through workshops."
        ],
        "it": [
          "Il Lego® Education Studio apre alla Cité des sciences et de l'industrie per portare i bambini a scoprire la programmazione e il codice informatico in modo giocoso attraverso laboratori."
        ],
        "fr": [
          "Le Studio Lego® Éducation s'ouvre à la Cité des sciences et de l'industrie pour amener les enfants à découvrir d'une manière ludique la programmation et le code informatique à travers des ateliers."
        ],
        "es": [
          "El Lego® Education Studio abre sus puertas en la Cité des sciences et de l'industrie para que los niños descubran la programación y el código informático de forma lúdica a través de talleres."
        ],
        "nl": [
          "De Lego® Education Studio opent in het Cité des sciences et de l'industrie om kinderen op een speelse manier kennis te laten maken met programmeren en computercode door middel van workshops."
        ]
      }
    }
  ],
  "hasTheme": [
    {
      "@id": "kb:Culture",
      "@type": [
        "CulturalTheme"
      ],
      "rdfs:label": {
        "de": [
          "Kultur"
        ],
        "pt": [
          "Cultura"
        ],
        "en": [
          "Culture"
        ],
        "it": [
          "Cultura"
        ],
        "fr": [
          "Culture"
        ],
        "nl": [
          "Cultuur"
        ],
        "es": [
          "Cultura"
        ]
      }
    }
  ],
  "hasTranslatedProperty": [
    {
      "@id": "https://data.datatourisme.fr/535c80b8-4f34-384f-b1f9-14c474753c54",
      "dc:contributor": [
        "https://api.deepl.com/v2/translate"
      ],
      "rdf:language": [
        "nl"
      ],
      "rdf:predicate": [
        {
          "@id": "rdfs:comment"
        }
      ]
    },
    {
      "@id": "https://data.datatourisme.fr/5f40e284-c812-33ae-b3fe-7f0152508cc6",
      "dc:contributor": [
        "https://api.deepl.com/v2/translate"
      ],
      "rdf:language": [
        "es"
      ],
      "rdf:predicate": [
        {
          "@id": "rdfs:comment"
        }
      ]
    },
    {
      "@id": "https://data.datatourisme.fr/978f455c-b252-3540-96a4-160c98c9a2f0",
      "dc:contributor": [
        "https://api.deepl.com/v2/translate"
      ],
      "rdf:language": [
        "en"
      ],
      "rdf:predicate": [
        {
          "@id": "rdfs:comment"
        }
      ]
    },
    {
      "@id": "https://data.datatourisme.fr/9a3487b7-9ecc-39c1-a859-705aa5c30551",
      "dc:contributor": [
        "https://api.deepl.com/v2/translate"
      ],
      "rdf:language": [
        "it"
      ],
      "rdf:predicate": [
        {
          "@id": "rdfs:comment"
        }
      ]
    },
    {
      "@id": "https://data.datatourisme.fr/aefdc220-4745-3151-9f3c-e9e34b6a01cb",
      "dc:contributor": [
        "https://api.deepl.com/v2/translate"
      ],
      "rdf:language": [
        "de"
      ],
      "rdf:predicate": [
        {
          "@id": "rdfs:comment"
        }
      ]
    }
  ],
  "isLocatedAt": [
    {
      "@id": "https://data.datatourisme.fr/0a219ce1-c7e0-3617-a8e0-f499cf154e61",
      "schema:address": [
        {
          "@id": "https://data.datatourisme.fr/67907cd1-000f-3730-bb7f-cc77e1a5a5b0",
          "schema:addressLocality": "Paris",
          "schema:postalCode": "75019",
          "schema:streetAddress": [
            "30 avenue Corentin Cariou",
            "Cité des sceinces et de l'industrie"
          ],
          "@type": [
            "schema:PostalAddress",
            "PostalAddress"
          ],
          "hasAddressCity": {
            "@id": "kb:75056",
            "@type": [
              "City"
            ],
            "rdfs:label": {
              "de": [
                "Paris"
              ],
              "pt": [
                "Paris"
              ],
              "en": [
                "Paris"
              ],
              "it": [
                "Paris"
              ],
              "fr": [
                "Paris"
              ],
              "nl": [
                "Paris"
              ],
              "es": [
                "Paris"
              ]
            },
            "insee": "75056",
            "isPartOfDepartment": {
              "@id": "kb:France1175",
              "@type": [
                "Department"
              ],
              "rdfs:label": {
                "de": [
                  "Paris"
                ],
                "pt": [
                  "Paris"
                ],
                "en": [
                  "Paris"
                ],
                "it": [
                  "Paris"
                ],
                "fr": [
                  "Paris"
                ],
                "nl": [
                  "Paris"
                ],
                "es": [
                  "Paris"
                ]
              },
              "insee": "75",
              "isPartOfRegion": {
                "@id": "kb:France11",
                "@type": [
                  "Region"
                ],
                "rdfs:label": {
                  "de": [
                    "Île-de-France"
                  ],
                  "pt": [
                    "Île-de-France"
                  ],
                  "en": [
                    "Île-de-France"
                  ],
                  "it": [
                    "Île-de-France"
                  ],
                  "fr": [
                    "Île-de-France"
                  ],
                  "nl": [
                    "Île-de-France"
                  ],
                  "es": [
                    "Île-de-France"
                  ]
                },
                "insee": "11",
                "isPartOfCountry": {
                  "@id": "kb:France",
                  "@type": [
                    "schema:Country"
                  ],
                  "rdfs:label": {
                    "de": [
                      "France",
                      "Frankreich"
                    ],
                    "pt": [
                      "França",
                      "France"
                    ],
                    "en": [
                      "France"
                    ],
                    "it": [
                      "France",
                      "Francia"
                    ],
                    "fr": [
                      "France"
                    ],
                    "nl": [
                      "France",
                      "Frankrijk"
                    ],
                    "es": [
                      "France",
                      "Francia"
                    ]
                  }
                }
              }
            }
          }
        }
      ],
      "schema:geo": {
        "@id": "https://data.datatourisme.fr/5499f2ec-d053-3286-94b3-6e52b1ebc92f",
        "schema:latitude": "48.895668",
        "schema:longitude": "2.388146",
        "@type": [
          "schema:GeoCoordinates"
        ]
      },
      "schema:openingHoursSpecification": [
        {
          "@id": "https://data.datatourisme.fr/8faea0a9-b67c-3a25-88ad-a73b952895e1",
          "schema:closes": "18:00:00",
          "schema:opens": "10:00:00",
          "schema:validFrom": "2023-01-01T00:00:00",
          "schema:validThrough": "2023-12-31T23:59:59",
          "@type": [
            "schema:OpeningHoursSpecification"
          ],
          "additionalInformation": {
            "de": [
              "bis 19 Uhr am Sonntag"
            ],
            "en": [
              "until 7pm on Sunday"
            ],
            "it": [
              "fino alle 19.00 di domenica"
            ],
            "fr": [
              "jusqu’à 19h le dimanche"
            ],
            "nl": [
              "tot zondag 19.00 uur"
            ],
            "es": [
              "hasta las 19:00 horas del domingo"
            ]
          },
          "hasTranslatedProperty": [
            {
              "@id": "https://data.datatourisme.fr/28506fab-6a67-3367-9291-b33239696dc0",
              "dc:contributor": [
                "https://api.deepl.com/v2/translate"
              ],
              "rdf:language": [
                "it"
              ],
              "rdf:predicate": [
                "additionalInformation"
              ]
            },
            {
              "@id": "https://data.datatourisme.fr/36015487-24ea-3b3d-a00e-5fbf557ee375",
              "dc:contributor": [
                "https://api.deepl.com/v2/translate"
              ],
              "rdf:language": [
                "nl"
              ],
              "rdf:predicate": [
                "additionalInformation"
              ]
            },
            {
              "@id": "https://data.datatourisme.fr/9434b8a7-31eb-3686-8ef4-6cb13f9d0d52",
              "dc:contributor": [
                "https://api.deepl.com/v2/translate"
              ],
              "rdf:language": [
                "en"
              ],
              "rdf:predicate": [
                "additionalInformation"
              ]
            },
            {
              "@id": "https://data.datatourisme.fr/c686d7e6-127b-3347-8153-7244411bb741",
              "dc:contributor": [
                "https://api.deepl.com/v2/translate"
              ],
              "rdf:language": [
                "de"
              ],
              "rdf:predicate": [
                "additionalInformation"
              ]
            },
            {
              "@id": "https://data.datatourisme.fr/f0a00879-c6f8-3dfe-a78c-42d7d0b7a1dd",
              "dc:contributor": [
                "https://api.deepl.com/v2/translate"
              ],
              "rdf:language": [
                "es"
              ],
              "rdf:predicate": [
                "additionalInformation"
              ]
            }
          ]
        }
      ],
      "@type": [
        "schema:Place",
        "Place"
      ]
    }
  ],
  "isOwnedBy": [
    {
      "@id": "https://data.datatourisme.fr/26ecd6f0-563c-356a-b0f9-ad3ec17effc4",
      "schema:email": [
        "bgeigle@visitparisregion.com",
        "hcaldo@visitparisregion.com",
        "mtanaskovic@visitparisregion.com"
      ],
      "schema:legalName": "Comité Régional du Tourisme Paris Ile de France",
      "@type": [
        "schema:Organization",
        "foaf:Agent",
        "Agent"
      ],
      "foaf:homepage": [
        "http://www.visitparisregion.com/"
      ]
    }
  ],
  "lastUpdate": "2020-02-18",
  "lastUpdateDatatourisme": "2023-10-17T05:52:15.603Z",
  "offers": [
    {
      "@id": "https://data.datatourisme.fr/ea8fd027-ef99-3510-b8cb-7d8c51e4aa61",
      "schema:priceSpecification": [
        {
          "@id": "https://data.datatourisme.fr/943c0156-4cb4-334f-9809-4ce78f2ce20d",
          "schema:maxPrice": [
            "12"
          ],
          "schema:priceCurrency": "EUR",
          "@type": [
            "schema:PriceSpecification",
            "PriceSpecification"
          ],
          "appliesOnPeriod": [
            {
              "@id": "https://data.datatourisme.fr/134b755c-4075-31b4-827d-ae1bf4fed0de",
              "@type": [
                "Period"
              ],
              "endDate": "2017-12-31",
              "startDate": "2017-01-01"
            }
          ]
        }
      ],
      "@type": [
        "schema:Offer",
        "Offer"
      ]
    }
  ]
}