{
  "@id": "https://data.datatourisme.fr/13/2bfb40e9-09b8-30b5-a3a9-1fcb0ea45a26",
  "dc:identifier": "705839",
  "@type": [
    "schema:LocalBusiness",
    "schema:Museum",
    "CulturalSite",
    "Museum",
    "PlaceOfInterest",
    "PointOfInterest"
  ],
  "rdfs:comment": {
    "de": [
      "Das Cognacq-Jay-Museum, das Museum des 18. Jahrhunderts in Paris."
    ],
    "en": [
      "The Cognacq-Jay Museum, the 18th century museum in Paris."
    ],
    "it": [
      "Il Museo Cognacq-Jay, il museo del XVIII secolo di Parigi."
    ],
    "fr": [
      "Le Musée Cognacq-Jay, le musée du XVIIIe siècle à Paris."
    ],
    "nl": [
      "Het Cognacq-Jay Museum, het 18e eeuwse museum in Parijs."
    ],
    "es": [
      "El Museo Cognacq-Jay, el museo del siglo XVIII en París."
    ]
  },
  "rdfs:label": {
    "en": [
      "Cognacq-Jay museum"
    ],
    "fr": [
      "Musée Cognacq-Jay"
    ]
  },
  "owl:sameAs": [
    "http://www.wikidata.org/entity/Q1572452"
  ],
  "hasBeenCreatedBy": {
    "@id": "https://data.datatourisme.fr/13/03e0704b-5690-32de-a186-1dc3ad3316c9",
    "dc:identifier": "1019",
    "schema:email": [
      "bgeigle@visitparisregion.com",
      "hcaldo@visitparisregion.com",
      "mtanaskovic@visitparisregion.com"
    ],
    "schema:legalName": "Choose Paris Region",
    "@type": [
      "schema:Organization",
      "foaf:Agent",
      "Agent"
    ],
    "foaf:homepage": [
      "http://www.visitparisregion.com/"
    ]
  },
  "hasBeenPublishedBy": [
    {
      "@id": "https://data.datatourisme.fr/8a9feb4b-2cbd-3d2c-b507-bd6c6776b23b",
      "schema:legalName": "Apidae Tourisme Scic SA - source : Apidae Tourisme",
      "@type": [
        "schema:Organization",
        "foaf:Agent",
        "Agent"
      ],
      "foaf:homepage": [
        "https://www.apidae-tourisme.com/"
      ]
    }
  ],
  "hasContact": [
    {
      "@id": "https://data.datatourisme.fr/75cde149-d43c-394c-881a-b9c3d15cfb46",
      "schema:telephone": [
        "+33 1 40 27 07 21"
      ],
      "@type": [
        "foaf:Agent",
        "Agent"
      ],
      "foaf:homepage": [
        "http://www.museecognacqjay.paris.fr/"
      ]
    }
  ],
  "hasDescription": [
    {
      "@id": "https://data.datatourisme.fr/e1fa3336-0583-3b38-9060-3d7239495260",
      "@type": [
        "Description"
      ],
      "hasTranslatedProperty": [
        {
          "@id": "https://data.datatourisme.fr/39ec9211-8eb4-30c4-8198-99f20c1c6ddb",
          "dc:contributor": [
            "https://api.deepl.com/v2/translate"
          ],
          "rdf:language": [
            "es"
          ],
          "rdf:predicate": [
            "shortDescription"
          ]
        },
        {
          "@id": "https://data.datatourisme.fr/8098695f-0919-33cd-8391-b0f678c533f0",
          "dc:contributor": [
            "https://api.deepl.com/v2/translate"
          ],
          "rdf:language": [
            "en"
          ],
          "rdf:predicate": [
            "shortDescription"
          ]
        },
        {
          "@id": "https://data.datatourisme.fr/8a642b1b-e1c3-3c1a-89ad-afec2fc98333",
          "dc:contributor": [
            "https://api.deepl.com/v2/translate"
          ],
          "rdf:language": [
            "nl"
          ],
          "rdf:predicate": [
            "shortDescription"
          ]
        },
        {
          "@id": "https://data.datatourisme.fr/90e18c44-2b9e-33db-9bc1-6a0b8891e0e2",
          "dc:contributor": [
            "https://api.deepl.com/v2/translate"
          ],
          "rdf:language": [
            "it"
          ],
          "rdf:predicate": [
            "shortDescription"
          ]
        },
        {
          "@id": "https://data.datatourisme.fr/d2d64a52-835d-3f51-aa51-27b9c458db9f",
          "dc:contributor": [
            "https://api.deepl.com/v2/translate"
          ],
          "rdf:language": [
            "de"
          ],
          "rdf:predicate": [
            "shortDescription"
          ]
        }
      ],
      "shortDescription": {
        "de": [
          "Das Cognacq-Jay-Museum, das Museum des 18. Jahrhunderts in Paris."
        ],
        "en": [
          "The Cognacq-Jay Museum, the 18th century museum in Paris."
        ],
        "it": [
          "Il Museo Cognacq-Jay, il museo del XVIII secolo di Parigi."
        ],
        "fr": [
          "Le Musée Cognacq-Jay, le musée du XVIIIe siècle à Paris."
        ],
        "nl": [
          "Het Cognacq-Jay Museum, het 18e eeuwse museum in Parijs."
        ],
        "es": [
          "El Museo Cognacq-Jay, el museo del siglo XVIII en París."
        ]
      }
    }
  ],
  "hasRepresentation": [
    {
      "@id": "https://data.datatourisme.fr/13ef4bf6-3513-3a00-b760-738129ad39c9",
      "ebucore:hasAnnotation": [
        {
          "@id": "https://data.datatourisme.fr/68d4a2d6-21ae-3412-87b5-4d9be63ccacf",
          "ebucore:isCoveredBy": "CC BY 2.0",
          "ebucore:title": {
            "fr": [
              "Jardin Lazare-Rachline, Paris 9 June 2017 001"
            ]
          },
          "@type": [
            "ebucore:Annotation"
          ],
          "credits": [
            "<a rel=\"nofollow\" class=\"external text\" href=\"https://www.flickr.com/people/22539273@N00\">Guilhem Vellut</a> from Paris, France"
          ]
        }
      ],
      "ebucore:hasRelatedResource": [
        {
          "@id": "https://data.datatourisme.fr/ca440448-4092-369f-9dfb-5bc467d7f898",
          "ebucore:fileSize": [
            9167928
          ],
          "ebucore:hasMimeType": [
            {
              "@id": "kb:JPEG",
              "@type": [
                "ebucore:MimeType"
              ],
              "rdfs:comment": {
                "de": [
                  "JPEG-Bild"
                ],
                "pt": [
                  "Imagem JPEG"
                ],
                "en": [
                  "JPEG image file"
                ],
                "it": [
                  "Immagine JPEG"
                ],
                "fr": [
                  "Image JPEG"
                ],
                "nl": [
                  "JPEG-afbeelding"
                ],
                "es": [
                  "Imagen JPEG"
                ]
              },
              "rdfs:label": {
                "de": [
                  "image/jpeg"
                ],
                "pt": [
                  "image/jpeg"
                ],
                "en": [
                  "image/jpeg"
                ],
                "it": [
                  "image/jpeg"
                ],
                "fr": [
                  "image/jpeg"
                ],
                "nl": [
                  "image/jpeg"
                ],
                "es": [
                  "image/jpeg"
                ]
              }
            }
          ],
          "ebucore:height": 3648,
          "ebucore:locator": [
            "https://upload.wikimedia.org/wikipedia/commons/5/50/Jardin_Lazare-Rachline%2C_Paris_9_June_2017_001.jpg"
          ],
          "ebucore:width": 5472,
          "@type": [
            "ebucore:Resource"
          ]
        }
      ],
      "@type": [
        "ebucore:EditorialObject"
      ]
    }
  ],
  "hasTheme": [
    {
      "@id": "kb:Culture",
      "@type": [
        "CulturalTheme"
      ],
      "rdfs:label": {
        "de": [
          "Kultur"
        ],
        "pt": [
          "Cultura"
        ],
        "en": [
          "Culture"
        ],
        "it": [
          "Cultura"
        ],
        "fr": [
          "Culture"
        ],
        "nl": [
          "Cultuur"
        ],
        "es": [
          "Cultura"
        ]
      }
    }
  ],
  "hasTranslatedProperty": [
    {
      "@id": "https://data.datatourisme.fr/44517201-d5f9-3c7b-ac18-94403a6545d5",
      "dc:contributor": [
        "https://api.deepl.com/v2/translate"
      ],
      "rdf:language": [
        "it"
      ],
      "rdf:predicate": [
        {
          "@id": "rdfs:comment"
        }
      ]
    },
    {
      "@id": "https://data.datatourisme.fr/4de94ca6-1af5-3f46-9bcf-15a432a22458",
      "dc:contributor": [
        "https://api.deepl.com/v2/translate"
      ],
      "rdf:language": [
        "es"
      ],
      "rdf:predicate": [
        {
          "@id": "rdfs:comment"
        }
      ]
    },
    {
      "@id": "https://data.datatourisme.fr/9ddb3778-ae7c-303a-8f48-9d066a0b0166",
      "dc:contributor": [
        "https://api.deepl.com/v2/translate"
      ],
      "rdf:language": [
        "de"
      ],
      "rdf:predicate": [
        {
          "@id": "rdfs:comment"
        }
      ]
    },
    {
      "@id": "https://data.datatourisme.fr/a6c0e95e-401b-35d8-93f4-96243d04929e",
      "dc:contributor": [
        "https://api.deepl.com/v2/translate"
      ],
      "rdf:language": [
        "nl"
      ],
      "rdf:predicate": [
        {
          "@id": "rdfs:comment"
        }
      ]
    },
    {
      "@id": "https://data.datatourisme.fr/d7187b4a-b9fa-30ae-870f-d5018bc24ff1",
      "dc:contributor": [
        "https://api.deepl.com/v2/translate"
      ],
      "rdf:language": [
        "en"
      ],
      "rdf:predicate": [
        {
          "@id": "rdfs:comment"
        }
      ]
    }
  ],
  "isLocatedAt": [
    {
      "@id": "https://data.datatourisme.fr/ccbac906-471e-3593-806b-924912431a30",
      "schema:address": [
        {
          "@id": "https://data.datatourisme.fr/787079dd-5b25-35ad-af8b-b374f3464d71",
          "schema:addressLocality": "Paris 3e Arrondissement",
          "schema:postalCode": "75003",
          "schema:streetAddress": [
            "8 rue Elzevir"
          ],
          "@type": [
            "schema:PostalAddress",
            "PostalAddress"
          ],
          "hasAddressCity": {
            "@id": "kb:75103",
            "@type": [
              "City"
            ],
            "rdfs:label": {
              "de": [
                "Paris 3e Arrondissement"
              ],
              "pt": [
                "Paris 3e Arrondissement"
              ],
              "en": [
                "Paris 3e Arrondissement"
              ],
              "it": [
                "Paris 3e Arrondissement"
              ],
              "fr": [
                "Paris 3e Arrondissement"
              ],
              "nl": [
                "Paris 3e Arrondissement"
              ],
              "es": [
                "Paris 3e Arrondissement"
              ]
            },
            "insee": "75103",
            "isPartOfDepartment": {
              "@id": "kb:France1175",
              "@type": [
                "Department"
              ],
              "rdfs:label": {
                "de": [
                  "Paris"
                ],
                "pt": [
                  "Paris"
                ],
                "en": [
                  "Paris"
                ],
                "it": [
                  "Paris"
                ],
                "fr": [
                  "Paris"
                ],
                "nl": [
                  "Paris"
                ],
                "es": [
                  "Paris"
                ]
              },
              "insee": "75",
              "isPartOfRegion": {
                "@id": "kb:France11",
                "@type": [
                  "Region"
                ],
                "rdfs:label": {
                  "de": [
                    "Île-de-France"
                  ],
                  "pt": [
                    "Île-de-France"
                  ],
                  "en": [
                    "Île-de-France"
                  ],
                  "it": [
                    "Île-de-France"
                  ],
                  "fr": [
                    "Île-de-France"
                  ],
                  "nl": [
                    "Île-de-France"
                  ],
                  "es": [
                    "Île-de-France"
                  ]
                },
                "insee": "11",
                "isPartOfCountry": {
                  "@id": "kb:France",
                  "@type": [
                    "schema:Country"
                  ],
                  "rdfs:label": {
                    "de": [
                      "France",
                      "Frankreich"
                    ],
                    "pt": [
                      "França",
                      "France"
                    ],
                    "en": [
                      "France"
                    ],
                    "it": [
                      "France",
                      "Francia"
                    ],
                    "fr": [
                      "France"
                    ],
                    "nl": [
                      "France",
                      "Frankrijk"
                    ],
                    "es": [
                      "France",
                      "Francia"
                    ]
                  }
                }
              }
            }
          }
        }
      ],
      "schema:geo": {
        "@id": "https://data.datatourisme.fr/968ad125-0b97-344c-8132-56df6afe7eb5",
        "schema:latitude": "48.858159",
        "schema:longitude": "2.36161",
        "@type": [
          "schema:GeoCoordinates"
        ]
      },
      "schema:openingHoursSpecification": [
        {
          "@id": "https://data.datatourisme.fr/e1cb335b-85cd-3666-a55f-0c5107d95960",
          "schema:closes": "18:00:00",
          "schema:opens": "10:00:00",
          "schema:validFrom": "2023-12-31T00:00:00",
          "schema:validThrough": "2023-12-30T23:59:59",
          "@type": [
            "schema:OpeningHoursSpecification"
          ]
        }
      ],
      "@type": [
        "schema:Place",
        "Place"
      ]
    }
  ],
  "isOwnedBy": [
    {
      "@id": "https://data.datatourisme.fr/3b8a790a-ebad-39c6-9a18-c5663001f469",
      "schema:email": [
        "bgeigle@visitparisregion.com",
        "hcaldo@visitparisregion.com",
        "mtanaskovic@visitparisregion.com"
      ],
      "schema:legalName": "Choose Paris Region",
      "@type": [
        "schema:Organization",
        "foaf:Agent",
        "Agent"
      ],
      "foaf:homepage": [
        "http://www.visitparisregion.com/"
      ]
    }
  ],
  "lastUpdate": "2023-10-09",
  "lastUpdateDatatourisme": "2023-10-17T05:52:15.74Z"
}