{
  "@id": "https://data.datatourisme.fr/13/390d6578-3b3d-3939-bb85-ba8adfe688ec",
  "dc:identifier": "704341",
  "@type": [
    "schema:LocalBusiness",
    "schema:Museum",
    "CulturalSite",
    "DefenceSite",
    "Museum",
    "PlaceOfInterest",
    "PointOfInterest"
  ],
  "rdfs:comment": {
    "de": [
      "Von der Rüstung von Franz I. bis zum monumentalen Grabmal von Napoleon I.: Entdecken Sie die Geschichte Frankreichs anhand der Sammlungen des Armeemuseums neu, das sich im Herzen von Paris im prestigeträchtigen Hôtel national des Invalides befindet."
    ],
    "en": [
      "From Francis I's armor to the moumental tomb of Napoleon Bonaparte, discover the history of France through the collections of the musée de l'Armée, located at the heart of Paris in the prestigious Hôtel national des Invalides."
    ],
    "it": [
      "Dall'armatura di Francesco I alla tomba monumentale di Napoleone I, riscoprite la storia della Francia attraverso le collezioni del Musée de l'Armée, situato nel cuore di Parigi nella prestigiosa cornice dell'Hôtel national des Invalides."
    ],
    "fr": [
      "De l’armure de François Ier au monumental tombeau de Napoléon Ier, redécouvrez l’histoire de France à travers les collections du musée de l’Armée, situé en plein cœur de Paris dans le cadre prestigieux de l'Hôtel national des Invalides."
    ],
    "nl": [
      "Van het harnas van François I tot het monumentale graf van Napoleon I, herontdek de geschiedenis van Frankrijk via de collecties van het Musée de l'Armée, gelegen in het hart van Parijs in de prestigieuze omgeving van het Hôtel national des Invalides."
    ],
    "es": [
      "Desde la armadura de Francisco I hasta la tumba monumental de Napoleón I, redescubra la historia de Francia a través de las colecciones del Museo del Ejército, situado en el corazón de París, en el prestigioso marco del Hotel Nacional de los Inválidos."
    ]
  },
  "rdfs:label": {
    "en": [
      "Musée de l'Armée  - Hôtel National des Invalides"
    ],
    "fr": [
      "Musée de l'Armée  - Hôtel National des Invalides"
    ]
  },
  "owl:sameAs": [
    "http://www.wikidata.org/entity/Q1996069"
  ],
  "hasBeenCreatedBy": {
    "@id": "https://data.datatourisme.fr/13/03e0704b-5690-32de-a186-1dc3ad3316c9",
    "dc:identifier": "1019",
    "schema:email": [
      "bgeigle@visitparisregion.com",
      "hcaldo@visitparisregion.com",
      "mtanaskovic@visitparisregion.com"
    ],
    "schema:legalName": "Choose Paris Region",
    "@type": [
      "schema:Organization",
      "foaf:Agent",
      "Agent"
    ],
    "foaf:homepage": [
      "http://www.visitparisregion.com/"
    ]
  },
  "hasBeenPublishedBy": [
    {
      "@id": "https://data.datatourisme.fr/8a9feb4b-2cbd-3d2c-b507-bd6c6776b23b",
      "schema:legalName": "Apidae Tourisme Scic SA - source : Apidae Tourisme",
      "@type": [
        "schema:Organization",
        "foaf:Agent",
        "Agent"
      ],
      "foaf:homepage": [
        "https://www.apidae-tourisme.com/"
      ]
    }
  ],
  "hasContact": [
    {
      "@id": "https://data.datatourisme.fr/80adcb7a-c661-32b8-ac97-21c8ed8e1917",
      "schema:email": [
        "accueil@musee-armee.fr"
      ],
      "schema:telephone": [
        "+33 1 44 42 38 77"
      ],
      "@type": [
        "foaf:Agent",
        "Agent"
      ],
      "foaf:homepage": [
        "https://www.musee-armee.fr/accueil.html"
      ]
    }
  ],
  "hasDescription": [
    {
      "@id": "https://data.datatourisme.fr/8da7bc89-d510-339b-9ab2-e94cd9d7017d",
      "@type": [
        "Description"
      ],
      "hasTranslatedProperty": [
        {
          "@id": "https://data.datatourisme.fr/a11d305f-fc32-37a5-a303-df96b78260a1",
          "dc:contributor": [
            "https://api.deepl.com/v2/translate"
          ],
          "rdf:language": [
            "nl"
          ],
          "rdf:predicate": [
            "shortDescription"
          ]
        },
        {
          "@id": "https://data.datatourisme.fr/a15735e8-0ffb-3d41-b09f-b4b56a213d9f",
          "dc:contributor": [
            "https://api.deepl.com/v2/translate"
          ],
          "rdf:language": [
            "de"
          ],
          "rdf:predicate": [
            "shortDescription"
          ]
        },
        {
          "@id": "https://data.datatourisme.fr/b111840c-d182-3f46-afc7-65e5b8b54d31",
          "dc:contributor": [
            "https://api.deepl.com/v2/translate"
          ],
          "rdf:language": [
            "it"
          ],
          "rdf:predicate": [
            "shortDescription"
          ]
        },
        {
          "@id": "https://data.datatourisme.fr/d1b59177-ec04-3500-80a9-b0d8fd4d2525",
          "dc:contributor": [
            "https://api.deepl.com/v2/translate"
          ],
          "rdf:language": [
            "es"
          ],
          "rdf:predicate": [
            "shortDescription"
          ]
        }
      ],
      "shortDescription": {
        "de": [
          "Von der Rüstung von Franz I. bis zum monumentalen Grabmal von Napoleon I.: Entdecken Sie die Geschichte Frankreichs anhand der Sammlungen des Armeemuseums neu, das sich im Herzen von Paris im prestigeträchtigen Hôtel national des Invalides befindet."
        ],
        "en": [
          "From Francis I's armor to the moumental tomb of Napoleon Bonaparte, discover the history of France through the collections of the musée de l'Armée, located at the heart of Paris in the prestigious Hôtel national des Invalides."
        ],
        "it": [
          "Dall'armatura di Francesco I alla tomba monumentale di Napoleone I, riscoprite la storia della Francia attraverso le collezioni del Musée de l'Armée, situato nel cuore di Parigi nella prestigiosa cornice dell'Hôtel national des Invalides."
        ],
        "fr": [
          "De l’armure de François Ier au monumental tombeau de Napoléon Ier, redécouvrez l’histoire de France à travers les collections du musée de l’Armée, situé en plein cœur de Paris dans le cadre prestigieux de l'Hôtel national des Invalides."
        ],
        "nl": [
          "Van het harnas van François I tot het monumentale graf van Napoleon I, herontdek de geschiedenis van Frankrijk via de collecties van het Musée de l'Armée, gelegen in het hart van Parijs in de prestigieuze omgeving van het Hôtel national des Invalides."
        ],
        "es": [
          "Desde la armadura de Francisco I hasta la tumba monumental de Napoleón I, redescubra la historia de Francia a través de las colecciones del Museo del Ejército, situado en el corazón de París, en el prestigioso marco del Hotel Nacional de los Inválidos."
        ]
      }
    }
  ],
  "hasRepresentation": [
    {
      "@id": "https://data.datatourisme.fr/4e83182d-1d1a-3020-93bc-d236f9792184",
      "ebucore:hasAnnotation": [
        {
          "@id": "https://data.datatourisme.fr/2eb9ffb8-c740-3c8e-92d6-fb8e13b2a269",
          "ebucore:isCoveredBy": "CC BY 2.0",
          "ebucore:title": {
            "fr": [
              "Musée de l'Armée, Paris 4 May 2019"
            ]
          },
          "@type": [
            "ebucore:Annotation"
          ],
          "credits": [
            "<a rel=\"nofollow\" class=\"external text\" href=\"https://www.flickr.com/people/7138083@N04\">xiquinhosilva</a> from Cacau"
          ]
        }
      ],
      "ebucore:hasRelatedResource": [
        {
          "@id": "https://data.datatourisme.fr/0593d4a2-c916-3702-bb21-b7e04bf8603d",
          "ebucore:fileSize": [
            4072916
          ],
          "ebucore:hasMimeType": [
            {
              "@id": "kb:JPEG",
              "@type": [
                "ebucore:MimeType"
              ],
              "rdfs:comment": {
                "de": [
                  "JPEG-Bild"
                ],
                "pt": [
                  "Imagem JPEG"
                ],
                "en": [
                  "JPEG image file"
                ],
                "it": [
                  "Immagine JPEG"
                ],
                "fr": [
                  "Image JPEG"
                ],
                "nl": [
                  "JPEG-afbeelding"
                ],
                "es": [
                  "Imagen JPEG"
                ]
              },
              "rdfs:label": {
                "de": [
                  "image/jpeg"
                ],
                "pt": [
                  "image/jpeg"
                ],
                "en": [
                  "image/jpeg"
                ],
                "it": [
                  "image/jpeg"
                ],
                "fr": [
                  "image/jpeg"
                ],
                "nl": [
                  "image/jpeg"
                ],
                "es": [
                  "image/jpeg"
                ]
              }
            }
          ],
          "ebucore:height": 2000,
          "ebucore:locator": [
            "https://upload.wikimedia.org/wikipedia/commons/c/c4/Mus%C3%A9e_de_l%27Arm%C3%A9e%2C_Paris_4_May_2019.jpg"
          ],
          "ebucore:width": 3000,
          "@type": [
            "ebucore:Resource"
          ]
        }
      ],
      "@type": [
        "ebucore:EditorialObject"
      ]
    }
  ],
  "hasTheme": [
    {
      "@id": "kb:Culture",
      "@type": [
        "CulturalTheme"
      ],
      "rdfs:label": {
        "de": [
          "Kultur"
        ],
        "pt": [
          "Cultura"
        ],
        "en": [
          "Culture"
        ],
        "it": [
          "Cultura"
        ],
        "fr": [
          "Culture"
        ],
        "nl": [
          "Cultuur"
        ],
        "es": [
          "Cultura"
        ]
      }
    }
  ],
  "hasTranslatedProperty": [
    {
      "@id": "https://data.datatourisme.fr/05d33557-704f-37c0-aa54-95b6d669e864",
      "dc:contributor": [
        "https://api.deepl.com/v2/translate"
      ],
      "rdf:language": [
        "nl"
      ],
      "rdf:predicate": [
        {
          "@id": "rdfs:comment"
        }
      ]
    },
    {
      "@id": "https://data.datatourisme.fr/9b13a70d-b141-339b-a3ca-0273a4dc7ec3",
      "dc:contributor": [
        "https://api.deepl.com/v2/translate"
      ],
      "rdf:language": [
        "de"
      ],
      "rdf:predicate": [
        {
          "@id": "rdfs:comment"
        }
      ]
    },
    {
      "@id": "https://data.datatourisme.fr/be7f2a8a-b5ee-3814-9394-6d63f1e89c69",
      "dc:contributor": [
        "https://api.deepl.com/v2/translate"
      ],
      "rdf:language": [
        "it"
      ],
      "rdf:predicate": [
        {
          "@id": "rdfs:comment"
        }
      ]
    },
    {
      "@id": "https://data.datatourisme.fr/e5250325-8abf-3eaf-ad20-e33469efce28",
      "dc:contributor": [
        "https://api.deepl.com/v2/translate"
      ],
      "rdf:language": [
        "es"
      ],
      "rdf:predicate": [
        {
          "@id": "rdfs:comment"
        }
      ]
    }
  ],
  "isLocatedAt": [
    {
      "@id": "https://data.datatourisme.fr/60df63b6-0b68-36fe-8391-b2f5a331df74",
      "schema:address": [
        {
          "@id": "https://data.datatourisme.fr/18a1e658-c35d-3d4a-a54c-cb6c26738902",
          "schema:addressLocality": "Paris",
          "schema:postalCode": "75007",
          "schema:streetAddress": [
            "129 rue de Grenelle"
          ],
          "@type": [
            "schema:PostalAddress",
            "PostalAddress"
          ],
          "hasAddressCity": {
            "@id": "kb:75056",
            "@type": [
              "City"
            ],
            "rdfs:label": {
              "de": [
                "Paris"
              ],
              "pt": [
                "Paris"
              ],
              "en": [
                "Paris"
              ],
              "it": [
                "Paris"
              ],
              "fr": [
                "Paris"
              ],
              "nl": [
                "Paris"
              ],
              "es": [
                "Paris"
              ]
            },
            "insee": "75056",
            "isPartOfDepartment": {
              "@id": "kb:France1175",
              "@type": [
                "Department"
              ],
              "rdfs:label": {
                "de": [
                  "Paris"
                ],
                "pt": [
                  "Paris"
                ],
                "en": [
                  "Paris"
                ],
                "it": [
                  "Paris"
                ],
                "fr": [
                  "Paris"
                ],
                "nl": [
                  "Paris"
                ],
                "es": [
                  "Paris"
                ]
              },
              "insee": "75",
              "isPartOfRegion": {
                "@id": "kb:France11",
                "@type": [
                  "Region"
                ],
                "rdfs:label": {
                  "de": [
                    "Île-de-France"
                  ],
                  "pt": [
                    "Île-de-France"
                  ],
                  "en": [
                    "Île-de-France"
                  ],
                  "it": [
                    "Île-de-France"
                  ],
                  "fr": [
                    "Île-de-France"
                  ],
                  "nl": [
                    "Île-de-France"
                  ],
                  "es": [
                    "Île-de-France"
                  ]
                },
                "insee": "11",
                "isPartOfCountry": {
                  "@id": "kb:France",
                  "@type": [
                    "schema:Country"
                  ],
                  "rdfs:label": {
                    "de": [
                      "France",
                      "Frankreich"
                    ],
                    "pt": [
                      "França",
                      "France"
                    ],
                    "en": [
                      "France"
                    ],
                    "it": [
                      "France",
                      "Francia"
                    ],
                    "fr": [
                      "France"
                    ],
                    "nl": [
                      "France",
                      "Frankrijk"
                    ],
                    "es": [
                      "France",
                      "Francia"
                    ]
                  }
                }
              }
            }
          }
        }
      ],
      "schema:geo": {
        "@id": "https://data.datatourisme.fr/ff04a065-ad06-36d7-82b6-dd0025ba321b",
        "schema:latitude": "48.855935",
        "schema:longitude": "2.312543",
        "@type": [
          "schema:GeoCoordinates"
        ]
      },
      "schema:openingHoursSpecification": [
        {
          "@id": "https://data.datatourisme.fr/1a3828f0-e722-3bcd-8297-8eb7b7fa3d16",
          "schema:closes": "18:00:00",
          "schema:opens": "10:00:00",
          "schema:validFrom": "2023-04-01T00:00:00",
          "schema:validThrough": "2023-03-31T23:59:59",
          "@type": [
            "schema:OpeningHoursSpecification"
          ],
          "additionalInformation": {
            "de": [
              "Nocturne: jeden 1. Freitag im Monat von 18:00 bis 22:00 Uhr (Kassenschluss 21:00 Uhr): Zugang zu allen Bereichen des Museums: Kuppel des Invalidendoms, ständige Sammlungen und Sonderausstellungen.\r\nKassenschluss 30 Minuten vor Schließung des Museums.\r\nDas Gelände des Hôtel national des Invalides ist täglich während der Öffnungszeiten des Museums für die Öffentlichkeit zugänglich."
            ],
            "en": [
              "Nocturne: the first Friday of each month from 6:00 pm to 10:00 pm (checkout closes at 9:00 pm): access to all areas of the Museum: Dôme des Invalides, permanent collections and temporary exhibitions.\r\nTicket offices close 30 minutes before the Museum closes.\r\nThe Hôtel National des Invalides site is open to the public every day during the Museum's opening hours."
            ],
            "it": [
              "Nocturne: 1° venerdì di ogni mese dalle 18.00 alle 22.00 (la biglietteria chiude alle 21.00): accesso a tutte le aree del Museo: Dôme des Invalides, collezioni permanenti e mostre temporanee.\r\nLa biglietteria chiude 30 minuti prima della chiusura del Museo.\r\nIl sito dell'Hôtel National des Invalides è aperto al pubblico tutti i giorni durante gli orari di apertura del Museo."
            ],
            "fr": [
              "Nocturne : le 1er vendredi de chaque mois de 18h à 22h (fermeture des caisses à 21h) : accès à tous les espaces du Musée : Dôme des Invalides, collections permanentes et expositions temporaires.\r\nClôture des caisses 30 minutes avant la fermeture du Musée.\r\nLe site de l'Hôtel national des Invalides est accessible au public tous les jours aux horaires d'ouverture du Musée."
            ],
            "nl": [
              "Nocturne: 1ste vrijdag van elke maand van 18u tot 22u (kassa sluit om 21u): toegang tot alle ruimtes van het Museum: Dôme des Invalides, permanente collecties en tijdelijke tentoonstellingen.\r\nDe kassa sluit 30 minuten voor sluitingstijd van het museum.\r\nHet terrein van Hôtel National des Invalides is tijdens de openingsuren van het Museum elke dag geopend voor het publiek."
            ],
            "es": [
              "Nocturna: 1er viernes de cada mes de 18:00 a 22:00 (taquilla cerrada a las 21:00): acceso a todos los espacios del Museo: Dôme des Invalides, colecciones permanentes y exposiciones temporales.\r\nLa taquilla cierra 30 minutos antes del cierre del Museo.\r\nEl recinto del Hôtel National des Invalides está abierto al público todos los días durante el horario de apertura del Museo."
            ]
          },
          "hasTranslatedProperty": [
            {
              "@id": "https://data.datatourisme.fr/43dc2072-28d3-318a-8642-a2598af74c63",
              "dc:contributor": [
                "https://api.deepl.com/v2/translate"
              ],
              "rdf:language": [
                "en"
              ],
              "rdf:predicate": [
                "additionalInformation"
              ]
            },
            {
              "@id": "https://data.datatourisme.fr/6702c991-20e2-31b0-a2f8-0d0ca3162830",
              "dc:contributor": [
                "https://api.deepl.com/v2/translate"
              ],
              "rdf:language": [
                "de"
              ],
              "rdf:predicate": [
                "additionalInformation"
              ]
            },
            {
              "@id": "https://data.datatourisme.fr/c01514a6-0fd1-3487-8365-1b8cc92d6222",
              "dc:contributor": [
                "https://api.deepl.com/v2/translate"
              ],
              "rdf:language": [
                "es"
              ],
              "rdf:predicate": [
                "additionalInformation"
              ]
            },
            {
              "@id": "https://data.datatourisme.fr/c32a9197-6a66-3ba4-85d5-d74b38706439",
              "dc:contributor": [
                "https://api.deepl.com/v2/translate"
              ],
              "rdf:language": [
                "nl"
              ],
              "rdf:predicate": [
                "additionalInformation"
              ]
            },
            {
              "@id": "https://data.datatourisme.fr/ff0193ba-54b9-32f4-b6cc-129ac60be4ef",
              "dc:contributor": [
                "https://api.deepl.com/v2/translate"
              ],
              "rdf:language": [
                "it"
              ],
              "rdf:predicate": [
                "additionalInformation"
              ]
            }
          ]
        }
      ],
      "@type": [
        "schema:Place",
        "Place"
      ]
    }
  ],
  "isOwnedBy": [
    {
      "@id": "https://data.datatourisme.fr/3b8a790a-ebad-39c6-9a18-c5663001f469",
      "schema:email": [
        "bgeigle@visitparisregion.com",
        "hcaldo@visitparisregion.com",
        "mtanaskovic@visitparisregion.com"
      ],
      "schema:legalName": "Choose Paris Region",
      "@type": [
        "schema:Organization",
        "foaf:Agent",
        "Agent"
      ],
      "foaf:homepage": [
        "http://www.visitparisregion.com/"
      ]
    }
  ],
  "lastUpdate": "2023-07-31",
  "lastUpdateDatatourisme": "2023-10-17T05:52:15.655Z",
  "offers": [
    {
      "@id": "https://data.datatourisme.fr/e586abff-6d24-305e-af46-e78baf39bbec",
      "schema:priceSpecification": [
        {
          "@id": "https://data.datatourisme.fr/f6739c01-427b-32c2-8bfb-61cf52d6b229",
          "schema:maxPrice": [
            "12",
            "15"
          ],
          "schema:minPrice": [
            "12",
            "15"
          ],
          "schema:priceCurrency": "EUR",
          "@type": [
            "schema:PriceSpecification",
            "PriceSpecification"
          ],
          "appliesOnPeriod": [
            {
              "@id": "https://data.datatourisme.fr/8699457b-dcab-3c41-a254-5df263951236",
              "@type": [
                "Period"
              ],
              "endDate": "2024-03-31",
              "startDate": "2023-04-01"
            }
          ]
        }
      ],
      "@type": [
        "schema:Offer",
        "Offer"
      ]
    }
  ]
}