{
  "@id": "https://data.datatourisme.fr/13/265783e2-7f61-376a-b2d2-c2b4bbc0c1a5",
  "dc:identifier": "811368",
  "@type": [
    "olo:OrderedList",
    "PlaceOfInterest",
    "PointOfInterest",
    "RoadTour",
    "SportsAndLeisurePlace",
    "Tour"
  ],
  "rdfs:comment": {
    "de": [
      "Motorradtour durch die grüne Ardèche in Richtung Lamastre, dann hinauf nach Saint-Agrève, Rochepaule, Lalouvesc und schließlich nach Annonay."
    ],
    "en": [
      "This motorbike trail crosses Green Ardèche towards Lamastre, before going back via Saint-Agrève, Rochepaule, Lalouvesc and Annonay."
    ],
    "it": [
      "Tour in moto attraverso l'Ardèche Verte in direzione di Lamastre, poi fino a Saint-Agrève, Rochepaule, Lalouvesc e infine Annonay."
    ],
    "fr": [
      "Circuit moto traversant l'Ardèche Verte en direction de Lamastre, remontant ensuite sur Saint-Agrève, Rochepaule, Lalouvesc et enfin Annonay."
    ],
    "es": [
      "Recorrido en moto por la Ardèche Verte en dirección a Lamastre, luego hasta Saint-Agrève, Rochepaule, Lalouvesc y finalmente Annonay."
    ],
    "nl": [
      "Motortocht door de Ardèche Verte richting Lamastre, vervolgens naar Saint-Agrève, Rochepaule, Lalouvesc en tenslotte Annonay."
    ]
  },
  "rdfs:label": {
    "en": [
      "Motorbike trail to Lamastre and Saint-Agrève"
    ],
    "fr": [
      "Circuit moto vers Lamastre et Saint-Agrève"
    ]
  },
  "hasBeenCreatedBy": {
    "@id": "https://data.datatourisme.fr/13/0f28b5d4-9b30-30af-aecd-95b4009adf4c",
    "dc:identifier": "141",
    "schema:email": [
      "communication@ardechegrandair.com",
      "contact@valday-ardeche.com",
      "direction@ardechegrandair.com",
      "directionvalday@ardechegrandair.com",
      "myriam.guigal@ardechegrandair.com"
    ],
    "schema:legalName": "Office de Tourisme Ardèche Grand Air",
    "@type": [
      "schema:Organization",
      "foaf:Agent",
      "Agent"
    ],
    "foaf:homepage": [
      "http://www.ardechegrandair.com/"
    ]
  },
  "hasBeenPublishedBy": [
    {
      "@id": "https://data.datatourisme.fr/dbca899d-3f22-364b-b99d-40af1e917c58",
      "schema:legalName": "Agence de Développement Touristique de l'Ardèche - source : Apidae Tourisme",
      "@type": [
        "schema:Organization",
        "foaf:Agent",
        "Agent"
      ],
      "foaf:homepage": [
        "https://www.apidae-tourisme.com/"
      ]
    }
  ],
  "hasContact": [
    {
      "@id": "https://data.datatourisme.fr/8e695bd7-ea2a-3776-9476-e949af8af388",
      "schema:email": [
        "contact@ardechegrandair.com"
      ],
      "schema:telephone": [
        "+33 4 75 33 24 51"
      ],
      "@type": [
        "foaf:Agent",
        "Agent"
      ],
      "foaf:homepage": [
        "http://www.ardechegrandair.com/",
        "https://www.cirkwi.com/fr/circuit/53158-circuit-moto-vers-lamastre-et-saint-agreve"
      ]
    }
  ],
  "hasDescription": [
    {
      "@id": "https://data.datatourisme.fr/1c203b77-98fe-3f16-83ec-13a115e0ac1a",
      "@type": [
        "Description"
      ],
      "hasTranslatedProperty": [
        {
          "@id": "https://data.datatourisme.fr/20f92abd-2ae5-378d-8cff-ee1a72e0a522",
          "dc:contributor": [
            "https://api.deepl.com/v2/translate"
          ],
          "rdf:language": [
            "nl"
          ],
          "rdf:predicate": [
            "shortDescription"
          ]
        },
        {
          "@id": "https://data.datatourisme.fr/23375ca7-4521-3296-87ee-c724f845996c",
          "dc:contributor": [
            "https://api.deepl.com/v2/translate"
          ],
          "rdf:language": [
            "de"
          ],
          "rdf:predicate": [
            "shortDescription"
          ]
        },
        {
          "@id": "https://data.datatourisme.fr/611316aa-f1eb-30c8-b614-a4d036f4db80",
          "dc:contributor": [
            "https://api.deepl.com/v2/translate"
          ],
          "rdf:language": [
            "es"
          ],
          "rdf:predicate": [
            "shortDescription"
          ]
        },
        {
          "@id": "https://data.datatourisme.fr/9e290242-8f81-39a5-afcd-4ad4c9ae82c1",
          "dc:contributor": [
            "https://api.deepl.com/v2/translate"
          ],
          "rdf:language": [
            "it"
          ],
          "rdf:predicate": [
            "shortDescription"
          ]
        }
      ],
      "shortDescription": {
        "de": [
          "Motorradtour durch die grüne Ardèche in Richtung Lamastre, dann hinauf nach Saint-Agrève, Rochepaule, Lalouvesc und schließlich nach Annonay."
        ],
        "en": [
          "This motorbike trail crosses Green Ardèche towards Lamastre, before going back via Saint-Agrève, Rochepaule, Lalouvesc and Annonay."
        ],
        "it": [
          "Tour in moto attraverso l'Ardèche Verte in direzione di Lamastre, poi fino a Saint-Agrève, Rochepaule, Lalouvesc e infine Annonay."
        ],
        "fr": [
          "Circuit moto traversant l'Ardèche Verte en direction de Lamastre, remontant ensuite sur Saint-Agrève, Rochepaule, Lalouvesc et enfin Annonay."
        ],
        "es": [
          "Recorrido en moto por la Ardèche Verte en dirección a Lamastre, luego hasta Saint-Agrève, Rochepaule, Lalouvesc y finalmente Annonay."
        ],
        "nl": [
          "Motortocht door de Ardèche Verte richting Lamastre, vervolgens naar Saint-Agrève, Rochepaule, Lalouvesc en tenslotte Annonay."
        ]
      }
    }
  ],
  "hasTranslatedProperty": [
    {
      "@id": "https://data.datatourisme.fr/22844dff-b358-3764-99ef-d5e58ad60079",
      "dc:contributor": [
        "https://api.deepl.com/v2/translate"
      ],
      "rdf:language": [
        "it"
      ],
      "rdf:predicate": [
        {
          "@id": "rdfs:comment"
        }
      ]
    },
    {
      "@id": "https://data.datatourisme.fr/416acedd-def6-39d1-bfd3-8a1e0b17fde1",
      "dc:contributor": [
        "https://api.deepl.com/v2/translate"
      ],
      "rdf:language": [
        "es"
      ],
      "rdf:predicate": [
        {
          "@id": "rdfs:comment"
        }
      ]
    },
    {
      "@id": "https://data.datatourisme.fr/5d8c57b4-a051-3344-80ea-2843d90e2441",
      "dc:contributor": [
        "https://api.deepl.com/v2/translate"
      ],
      "rdf:language": [
        "nl"
      ],
      "rdf:predicate": [
        {
          "@id": "rdfs:comment"
        }
      ]
    },
    {
      "@id": "https://data.datatourisme.fr/b6c772e5-53b4-3745-815a-53972ecf5df3",
      "dc:contributor": [
        "https://api.deepl.com/v2/translate"
      ],
      "rdf:language": [
        "de"
      ],
      "rdf:predicate": [
        {
          "@id": "rdfs:comment"
        }
      ]
    }
  ],
  "isLocatedAt": [
    {
      "@id": "https://data.datatourisme.fr/027d87a1-94f7-3383-bfe3-4c84b312565f",
      "schema:address": [
        {
          "@id": "https://data.datatourisme.fr/a1dfd498-54b8-3502-84cf-2be344e768ba",
          "schema:addressLocality": "Annonay",
          "schema:postalCode": "07100",
          "schema:streetAddress": [
            "Place des Cordeliers"
          ],
          "@type": [
            "schema:PostalAddress",
            "PostalAddress"
          ],
          "hasAddressCity": {
            "@id": "kb:07010",
            "@type": [
              "City"
            ],
            "rdfs:label": {
              "de": [
                "Annonay"
              ],
              "pt": [
                "Annonay"
              ],
              "en": [
                "Annonay"
              ],
              "it": [
                "Annonay"
              ],
              "fr": [
                "Annonay"
              ],
              "nl": [
                "Annonay"
              ],
              "es": [
                "Annonay"
              ]
            },
            "insee": "07010",
            "isPartOfDepartment": {
              "@id": "kb:France8407",
              "@type": [
                "Department"
              ],
              "rdfs:label": {
                "de": [
                  "Ardèche"
                ],
                "pt": [
                  "Ardèche"
                ],
                "en": [
                  "Ardèche"
                ],
                "it": [
                  "Ardèche"
                ],
                "fr": [
                  "Ardèche"
                ],
                "nl": [
                  "Ardèche"
                ],
                "es": [
                  "Ardèche"
                ]
              },
              "insee": "07",
              "isPartOfRegion": {
                "@id": "kb:France84",
                "@type": [
                  "Region"
                ],
                "rdfs:label": {
                  "de": [
                    "Auvergne-Rhône-Alpes"
                  ],
                  "pt": [
                    "Auvergne-Rhône-Alpes"
                  ],
                  "en": [
                    "Auvergne-Rhône-Alpes"
                  ],
                  "it": [
                    "Auvergne-Rhône-Alpes"
                  ],
                  "fr": [
                    "Auvergne-Rhône-Alpes"
                  ],
                  "nl": [
                    "Auvergne-Rhône-Alpes"
                  ],
                  "es": [
                    "Auvergne-Rhône-Alpes"
                  ]
                },
                "insee": "84",
                "isPartOfCountry": {
                  "@id": "kb:France",
                  "@type": [
                    "schema:Country"
                  ],
                  "rdfs:label": {
                    "de": [
                      "France",
                      "Frankreich"
                    ],
                    "pt": [
                      "França",
                      "France"
                    ],
                    "en": [
                      "France"
                    ],
                    "it": [
                      "France",
                      "Francia"
                    ],
                    "fr": [
                      "France"
                    ],
                    "nl": [
                      "France",
                      "Frankrijk"
                    ],
                    "es": [
                      "France",
                      "Francia"
                    ]
                  }
                }
              }
            }
          }
        }
      ],
      "schema:geo": {
        "@id": "https://data.datatourisme.fr/615542b9-5781-3af5-aaed-e0c2412c0a69",
        "schema:latitude": "45.240451",
        "schema:longitude": "4.672744",
        "@type": [
          "schema:GeoCoordinates"
        ]
      },
      "schema:openingHoursSpecification": [
        {
          "@id": "https://data.datatourisme.fr/f87e535a-636d-3343-ad63-8a03392e7511",
          "schema:validFrom": "2023-01-01T00:00:00",
          "schema:validThrough": "2023-12-31T23:59:59",
          "@type": [
            "schema:OpeningHoursSpecification"
          ]
        }
      ],
      "@type": [
        "schema:Place",
        "Place"
      ]
    }
  ],
  "isOwnedBy": [
    {
      "@id": "https://data.datatourisme.fr/3e141ebd-d3da-33b3-94c3-096fd7e178a7",
      "schema:email": [
        "communication@ardechegrandair.com",
        "direction@ardechegrandair.com",
        "directionvalday@ardechegrandair.com",
        "myriam.guigal@ardechegrandair.com"
      ],
      "schema:legalName": "Office de Tourisme Ardèche Grand Air",
      "@type": [
        "schema:Organization",
        "foaf:Agent",
        "Agent"
      ],
      "foaf:homepage": [
        "http://www.ardechegrandair.com/"
      ]
    }
  ],
  "lastUpdate": "2017-06-27",
  "lastUpdateDatatourisme": "2023-02-01T18:07:35.666Z"
}