{
  "@id": "https://data.datatourisme.fr/13/7f3a162e-82c9-35ca-9ead-8a3b8d37dc81",
  "dc:identifier": "811240",
  "@type": [
    "olo:OrderedList",
    "PlaceOfInterest",
    "PointOfInterest",
    "RoadTour",
    "SportsAndLeisurePlace",
    "Tour"
  ],
  "rdfs:comment": {
    "de": [
      "Motorradtour durch das Gebiet der grünen Ardèche mit einer Passage durch Saint-Bonnet-le-Froid. Schöne Aussichtspunkte, insbesondere am Col de la Charousse."
    ],
    "en": [
      "This motorbike tour crosses Green Ardèche via Saint-Bonnet-le-Froid. Beautiful views, particularly at the Charousse Pass."
    ],
    "it": [
      "Tour in moto attraverso l'Ardèche Verte con passaggio a Saint-Bonnet-le-Froid. Bellissimi punti panoramici, soprattutto al passo di Charousse."
    ],
    "fr": [
      "Circuit moto traversant le secteur de l'Ardèche Verte avec un passage par Saint-Bonnet-le-Froid. De beaux points de vue, notamment au col de la Charousse."
    ],
    "es": [
      "Recorrido en moto por la zona de Ardèche Verte con paso por Saint-Bonnet-le-Froid. Hermosos miradores, especialmente en el paso de Charousse."
    ],
    "nl": [
      "Motortocht door het Ardèche Verte gebied met een doortocht door Saint-Bonnet-le-Froid. Mooie uitzichtpunten, vooral bij de Charousse pas."
    ]
  },
  "rdfs:label": {
    "en": [
      "Motorbike trip towards the Taillard forest"
    ],
    "fr": [
      "Circuit moto vers la forêt de Taillard"
    ]
  },
  "hasBeenCreatedBy": {
    "@id": "https://data.datatourisme.fr/13/0f28b5d4-9b30-30af-aecd-95b4009adf4c",
    "dc:identifier": "141",
    "schema:email": [
      "communication@ardechegrandair.com",
      "direction@ardechegrandair.com",
      "directionvalday@ardechegrandair.com",
      "myriam.guigal@ardechegrandair.com"
    ],
    "schema:legalName": "Office de Tourisme Ardèche Grand Air",
    "@type": [
      "schema:Organization",
      "foaf:Agent",
      "Agent"
    ],
    "foaf:homepage": [
      "http://www.ardechegrandair.com/"
    ]
  },
  "hasBeenPublishedBy": [
    {
      "@id": "https://data.datatourisme.fr/dbca899d-3f22-364b-b99d-40af1e917c58",
      "schema:legalName": "Agence de Développement Touristique de l'Ardèche - source : Apidae Tourisme",
      "@type": [
        "schema:Organization",
        "foaf:Agent",
        "Agent"
      ],
      "foaf:homepage": [
        "https://www.apidae-tourisme.com/"
      ]
    }
  ],
  "hasContact": [
    {
      "@id": "https://data.datatourisme.fr/3f3ef243-6f75-3d78-9542-db6dfc334992",
      "schema:email": [
        "contact@ardechegrandair.com"
      ],
      "schema:telephone": [
        "+33 4 75 33 24 51"
      ],
      "@type": [
        "foaf:Agent",
        "Agent"
      ],
      "foaf:homepage": [
        "https://www.cirkwi.com/fr/circuit/53156-circuit-moto-vers-la-foret-de-taillard"
      ]
    }
  ],
  "hasDescription": [
    {
      "@id": "https://data.datatourisme.fr/7e43bba5-7ffb-3f81-ad34-949bc6d41c5a",
      "@type": [
        "Description"
      ],
      "hasTranslatedProperty": [
        {
          "@id": "https://data.datatourisme.fr/6dd4c282-74e8-33be-8d36-8f9e11791813",
          "dc:contributor": [
            "https://api.deepl.com/v2/translate"
          ],
          "rdf:language": [
            "de"
          ],
          "rdf:predicate": [
            "shortDescription"
          ]
        },
        {
          "@id": "https://data.datatourisme.fr/7facb511-2630-3ce3-969e-ab954eeef013",
          "dc:contributor": [
            "https://api.deepl.com/v2/translate"
          ],
          "rdf:language": [
            "es"
          ],
          "rdf:predicate": [
            "shortDescription"
          ]
        },
        {
          "@id": "https://data.datatourisme.fr/f753e83f-0822-3f73-8378-8c7aba7106b0",
          "dc:contributor": [
            "https://api.deepl.com/v2/translate"
          ],
          "rdf:language": [
            "nl"
          ],
          "rdf:predicate": [
            "shortDescription"
          ]
        },
        {
          "@id": "https://data.datatourisme.fr/fbcf2cc5-2675-3499-9270-d0bd37fd51a4",
          "dc:contributor": [
            "https://api.deepl.com/v2/translate"
          ],
          "rdf:language": [
            "it"
          ],
          "rdf:predicate": [
            "shortDescription"
          ]
        }
      ],
      "shortDescription": {
        "de": [
          "Motorradtour durch das Gebiet der grünen Ardèche mit einer Passage durch Saint-Bonnet-le-Froid. Schöne Aussichtspunkte, insbesondere am Col de la Charousse."
        ],
        "en": [
          "This motorbike tour crosses Green Ardèche via Saint-Bonnet-le-Froid. Beautiful views, particularly at the Charousse Pass."
        ],
        "it": [
          "Tour in moto attraverso l'Ardèche Verte con passaggio a Saint-Bonnet-le-Froid. Bellissimi punti panoramici, soprattutto al passo di Charousse."
        ],
        "fr": [
          "Circuit moto traversant le secteur de l'Ardèche Verte avec un passage par Saint-Bonnet-le-Froid. De beaux points de vue, notamment au col de la Charousse."
        ],
        "es": [
          "Recorrido en moto por la zona de Ardèche Verte con paso por Saint-Bonnet-le-Froid. Hermosos miradores, especialmente en el paso de Charousse."
        ],
        "nl": [
          "Motortocht door het Ardèche Verte gebied met een doortocht door Saint-Bonnet-le-Froid. Mooie uitzichtpunten, vooral bij de Charousse pas."
        ]
      }
    }
  ],
  "hasTranslatedProperty": [
    {
      "@id": "https://data.datatourisme.fr/3dd46684-80a7-37bb-835b-9c10e40cd36c",
      "dc:contributor": [
        "https://api.deepl.com/v2/translate"
      ],
      "rdf:language": [
        "es"
      ],
      "rdf:predicate": [
        {
          "@id": "rdfs:comment"
        }
      ]
    },
    {
      "@id": "https://data.datatourisme.fr/6bd993da-8bbf-3bbd-829c-952b44dd5496",
      "dc:contributor": [
        "https://api.deepl.com/v2/translate"
      ],
      "rdf:language": [
        "de"
      ],
      "rdf:predicate": [
        {
          "@id": "rdfs:comment"
        }
      ]
    },
    {
      "@id": "https://data.datatourisme.fr/b9aa7285-f4d8-39a4-bbad-d3a752d873aa",
      "dc:contributor": [
        "https://api.deepl.com/v2/translate"
      ],
      "rdf:language": [
        "it"
      ],
      "rdf:predicate": [
        {
          "@id": "rdfs:comment"
        }
      ]
    },
    {
      "@id": "https://data.datatourisme.fr/bc4e83e2-f4ba-3d4f-82e8-b92d54f2cfc2",
      "dc:contributor": [
        "https://api.deepl.com/v2/translate"
      ],
      "rdf:language": [
        "nl"
      ],
      "rdf:predicate": [
        {
          "@id": "rdfs:comment"
        }
      ]
    }
  ],
  "isLocatedAt": [
    {
      "@id": "https://data.datatourisme.fr/027d87a1-94f7-3383-bfe3-4c84b312565f",
      "schema:address": [
        {
          "@id": "https://data.datatourisme.fr/a1dfd498-54b8-3502-84cf-2be344e768ba",
          "schema:addressLocality": "Annonay",
          "schema:postalCode": "07100",
          "schema:streetAddress": [
            "Place des Cordeliers"
          ],
          "@type": [
            "schema:PostalAddress",
            "PostalAddress"
          ],
          "hasAddressCity": {
            "@id": "kb:07010",
            "@type": [
              "City"
            ],
            "rdfs:label": {
              "de": [
                "Annonay"
              ],
              "pt": [
                "Annonay"
              ],
              "en": [
                "Annonay"
              ],
              "it": [
                "Annonay"
              ],
              "fr": [
                "Annonay"
              ],
              "nl": [
                "Annonay"
              ],
              "es": [
                "Annonay"
              ]
            },
            "insee": "07010",
            "isPartOfDepartment": {
              "@id": "kb:France8407",
              "@type": [
                "Department"
              ],
              "rdfs:label": {
                "de": [
                  "Ardèche"
                ],
                "pt": [
                  "Ardèche"
                ],
                "en": [
                  "Ardèche"
                ],
                "it": [
                  "Ardèche"
                ],
                "fr": [
                  "Ardèche"
                ],
                "nl": [
                  "Ardèche"
                ],
                "es": [
                  "Ardèche"
                ]
              },
              "insee": "07",
              "isPartOfRegion": {
                "@id": "kb:France84",
                "@type": [
                  "Region"
                ],
                "rdfs:label": {
                  "de": [
                    "Auvergne-Rhône-Alpes"
                  ],
                  "pt": [
                    "Auvergne-Rhône-Alpes"
                  ],
                  "en": [
                    "Auvergne-Rhône-Alpes"
                  ],
                  "it": [
                    "Auvergne-Rhône-Alpes"
                  ],
                  "fr": [
                    "Auvergne-Rhône-Alpes"
                  ],
                  "nl": [
                    "Auvergne-Rhône-Alpes"
                  ],
                  "es": [
                    "Auvergne-Rhône-Alpes"
                  ]
                },
                "insee": "84",
                "isPartOfCountry": {
                  "@id": "kb:France",
                  "@type": [
                    "schema:Country"
                  ],
                  "rdfs:label": {
                    "de": [
                      "France",
                      "Frankreich"
                    ],
                    "pt": [
                      "França",
                      "France"
                    ],
                    "en": [
                      "France"
                    ],
                    "it": [
                      "France",
                      "Francia"
                    ],
                    "fr": [
                      "France"
                    ],
                    "nl": [
                      "France",
                      "Frankrijk"
                    ],
                    "es": [
                      "France",
                      "Francia"
                    ]
                  }
                }
              }
            }
          }
        }
      ],
      "schema:geo": {
        "@id": "https://data.datatourisme.fr/615542b9-5781-3af5-aaed-e0c2412c0a69",
        "schema:latitude": "45.240451",
        "schema:longitude": "4.672744",
        "@type": [
          "schema:GeoCoordinates"
        ]
      },
      "schema:openingHoursSpecification": [
        {
          "@id": "https://data.datatourisme.fr/f87e535a-636d-3343-ad63-8a03392e7511",
          "schema:validFrom": "2023-01-01T00:00:00",
          "schema:validThrough": "2023-12-31T23:59:59",
          "@type": [
            "schema:OpeningHoursSpecification"
          ]
        }
      ],
      "@type": [
        "schema:Place",
        "Place"
      ]
    }
  ],
  "isOwnedBy": [
    {
      "@id": "https://data.datatourisme.fr/3e141ebd-d3da-33b3-94c3-096fd7e178a7",
      "schema:email": [
        "communication@ardechegrandair.com",
        "direction@ardechegrandair.com",
        "directionvalday@ardechegrandair.com",
        "myriam.guigal@ardechegrandair.com"
      ],
      "schema:legalName": "Office de Tourisme Ardèche Grand Air",
      "@type": [
        "schema:Organization",
        "foaf:Agent",
        "Agent"
      ],
      "foaf:homepage": [
        "http://www.ardechegrandair.com/"
      ]
    }
  ],
  "lastUpdate": "2023-04-16",
  "lastUpdateDatatourisme": "2023-04-17T05:39:15.279Z"
}