{
  "@id": "https://data.datatourisme.fr/13/7fef7a30-0454-370e-b727-3d3c8e41eca9",
  "dc:identifier": "547596",
  "@type": [
    "olo:OrderedList",
    "PlaceOfInterest",
    "PointOfInterest",
    "RoadTour",
    "SportsAndLeisurePlace",
    "Tour"
  ],
  "rdfs:comment": {
    "de": [
      "Ein Tag, um das Know-how dieses Tals zwischen La Voulte und Le Cheylard zu entdecken: die Arche der Berufe, das Woll- und Schafsmuseum, das Kastanienhaus... im wunderschönen Tal des Eyrieux, das von Terrassen und Kastanienbäumen gesäumt wird."
    ],
    "en": [
      "A day to explore the craft skills of the valley between La Voulte and Le Cheylard: L'Arche des Métiers science museum, the wool and sheep museum, the chestnut house - and all in the magnificent Eyrieux valley, lined with farming terraces and chestnut trees."
    ],
    "it": [
      "Una giornata per scoprire il savoir-faire di questa valle tra La Voulte e Le Cheylard: l'Arche des métiers, il museo della lana e delle pecore, la casa delle castagne... nella magnifica valle dell'Eyrieux, fiancheggiata da terrazze e castagni."
    ],
    "fr": [
      "Une journée à la découverte des savoir faire de cette vallée entre La Voulte et Le Cheylard : l'Arche des métiers, musée de la laine et du mouton, maison du châtaignier... dans la magnifique vallée de l'Eyrieux, bordée de terrasses et de châtaigniers."
    ],
    "es": [
      "Un día para descubrir el saber hacer de este valle entre La Voulte y Le Cheylard: el Arche des métiers, el museo de la lana y de las ovejas, la casa de los castaños... en el magnífico valle del Eyrieux, bordeado de terrazas y castaños."
    ],
    "nl": [
      "Een dag om de knowhow van deze vallei tussen La Voulte en Le Cheylard te ontdekken: de Arche des métiers, het wol- en schapenmuseum, het kastanjehuis... in de prachtige vallei van de Eyrieux, omzoomd met terrassen en kastanjebomen."
    ]
  },
  "rdfs:label": {
    "en": [
      "The secret Eyrieux valley"
    ],
    "fr": [
      "La vallée secrète de l'Eyrieux"
    ]
  },
  "hasBeenCreatedBy": {
    "@id": "https://data.datatourisme.fr/13/26657d5f-f902-3d2a-befe-558796b99584",
    "dc:identifier": "96",
    "schema:email": [
      "ncharra@ardeche-guide.com"
    ],
    "schema:legalName": "Agence de Développement Touristique de l'Ardèche",
    "@type": [
      "schema:Organization",
      "foaf:Agent",
      "Agent"
    ],
    "foaf:homepage": [
      "https://www.ardeche-guide.com/"
    ]
  },
  "hasBeenPublishedBy": [
    {
      "@id": "https://data.datatourisme.fr/dbca899d-3f22-364b-b99d-40af1e917c58",
      "schema:legalName": "Agence de Développement Touristique de l'Ardèche - source : Apidae Tourisme",
      "@type": [
        "schema:Organization",
        "foaf:Agent",
        "Agent"
      ],
      "foaf:homepage": [
        "https://www.apidae-tourisme.com/"
      ]
    }
  ],
  "hasContact": [
    {
      "@id": "https://data.datatourisme.fr/394dd748-93dd-30b8-840b-b0f0e071c265",
      "schema:email": [
        "adt07@ardeche-guide.com"
      ],
      "schema:telephone": [
        "+33 4 75 64 04 66"
      ],
      "@type": [
        "foaf:Agent",
        "Agent"
      ],
      "foaf:homepage": [
        "https://www.ardeche-guide.com/"
      ]
    }
  ],
  "hasDescription": [
    {
      "@id": "https://data.datatourisme.fr/2bdb7ce2-fbb0-34f5-958b-8cedd120487f",
      "@type": [
        "Description"
      ],
      "hasTranslatedProperty": [
        {
          "@id": "https://data.datatourisme.fr/2bf34b48-b753-3ab5-ada8-309f99a4a87f",
          "dc:contributor": [
            "https://api.deepl.com/v2/translate"
          ],
          "rdf:language": [
            "es"
          ],
          "rdf:predicate": [
            "shortDescription"
          ]
        },
        {
          "@id": "https://data.datatourisme.fr/3a5a22cc-c5c4-3fe5-8ea9-310ef4973d2b",
          "dc:contributor": [
            "https://api.deepl.com/v2/translate"
          ],
          "rdf:language": [
            "nl"
          ],
          "rdf:predicate": [
            "shortDescription"
          ]
        },
        {
          "@id": "https://data.datatourisme.fr/40f8164e-3475-3fd2-9044-c6f95d0a8157",
          "dc:contributor": [
            "https://api.deepl.com/v2/translate"
          ],
          "rdf:language": [
            "de"
          ],
          "rdf:predicate": [
            "shortDescription"
          ]
        },
        {
          "@id": "https://data.datatourisme.fr/ea97ae83-91db-3bec-a8b8-c182464b66ac",
          "dc:contributor": [
            "https://api.deepl.com/v2/translate"
          ],
          "rdf:language": [
            "it"
          ],
          "rdf:predicate": [
            "shortDescription"
          ]
        }
      ],
      "shortDescription": {
        "de": [
          "Ein Tag, um das Know-how dieses Tals zwischen La Voulte und Le Cheylard zu entdecken: die Arche der Berufe, das Woll- und Schafsmuseum, das Kastanienhaus... im wunderschönen Tal des Eyrieux, das von Terrassen und Kastanienbäumen gesäumt wird."
        ],
        "en": [
          "A day to explore the craft skills of the valley between La Voulte and Le Cheylard: L'Arche des Métiers science museum, the wool and sheep museum, the chestnut house - and all in the magnificent Eyrieux valley, lined with farming terraces and chestnut trees."
        ],
        "it": [
          "Una giornata per scoprire il savoir-faire di questa valle tra La Voulte e Le Cheylard: l'Arche des métiers, il museo della lana e delle pecore, la casa delle castagne... nella magnifica valle dell'Eyrieux, fiancheggiata da terrazze e castagni."
        ],
        "fr": [
          "Une journée à la découverte des savoir faire de cette vallée entre La Voulte et Le Cheylard : l'Arche des métiers, musée de la laine et du mouton, maison du châtaignier... dans la magnifique vallée de l'Eyrieux, bordée de terrasses et de châtaigniers."
        ],
        "es": [
          "Un día para descubrir el saber hacer de este valle entre La Voulte y Le Cheylard: el Arche des métiers, el museo de la lana y de las ovejas, la casa de los castaños... en el magnífico valle del Eyrieux, bordeado de terrazas y castaños."
        ],
        "nl": [
          "Een dag om de knowhow van deze vallei tussen La Voulte en Le Cheylard te ontdekken: de Arche des métiers, het wol- en schapenmuseum, het kastanjehuis... in de prachtige vallei van de Eyrieux, omzoomd met terrassen en kastanjebomen."
        ]
      }
    }
  ],
  "hasTranslatedProperty": [
    {
      "@id": "https://data.datatourisme.fr/2c299df2-0e9b-3a4b-acc1-3f0ffcf8221d",
      "dc:contributor": [
        "https://api.deepl.com/v2/translate"
      ],
      "rdf:language": [
        "de"
      ],
      "rdf:predicate": [
        {
          "@id": "rdfs:comment"
        }
      ]
    },
    {
      "@id": "https://data.datatourisme.fr/61833d14-ce98-3736-ae1c-b8edcdfc2ba8",
      "dc:contributor": [
        "https://api.deepl.com/v2/translate"
      ],
      "rdf:language": [
        "nl"
      ],
      "rdf:predicate": [
        {
          "@id": "rdfs:comment"
        }
      ]
    },
    {
      "@id": "https://data.datatourisme.fr/ac1be2f4-78d0-36aa-bb84-949b64096b07",
      "dc:contributor": [
        "https://api.deepl.com/v2/translate"
      ],
      "rdf:language": [
        "es"
      ],
      "rdf:predicate": [
        {
          "@id": "rdfs:comment"
        }
      ]
    },
    {
      "@id": "https://data.datatourisme.fr/c36748c9-b57b-3f81-8a6a-eb8480bec09f",
      "dc:contributor": [
        "https://api.deepl.com/v2/translate"
      ],
      "rdf:language": [
        "it"
      ],
      "rdf:predicate": [
        {
          "@id": "rdfs:comment"
        }
      ]
    }
  ],
  "isLocatedAt": [
    {
      "@id": "https://data.datatourisme.fr/db9cc19a-ac81-35b6-a6e8-2ce0fbcac007",
      "schema:address": [
        {
          "@id": "https://data.datatourisme.fr/52468608-7d58-3718-b8d4-f476dfaf045f",
          "schema:addressLocality": "Le Cheylard",
          "schema:postalCode": "07160",
          "@type": [
            "schema:PostalAddress",
            "PostalAddress"
          ],
          "hasAddressCity": {
            "@id": "kb:07064",
            "@type": [
              "City"
            ],
            "rdfs:label": {
              "de": [
                "Le Cheylard"
              ],
              "pt": [
                "Le Cheylard"
              ],
              "en": [
                "Le Cheylard"
              ],
              "it": [
                "Le Cheylard"
              ],
              "fr": [
                "Le Cheylard"
              ],
              "nl": [
                "Le Cheylard"
              ],
              "es": [
                "Le Cheylard"
              ]
            },
            "insee": "07064",
            "isPartOfDepartment": {
              "@id": "kb:France8407",
              "@type": [
                "Department"
              ],
              "rdfs:label": {
                "de": [
                  "Ardèche"
                ],
                "pt": [
                  "Ardèche"
                ],
                "en": [
                  "Ardèche"
                ],
                "it": [
                  "Ardèche"
                ],
                "fr": [
                  "Ardèche"
                ],
                "nl": [
                  "Ardèche"
                ],
                "es": [
                  "Ardèche"
                ]
              },
              "insee": "07",
              "isPartOfRegion": {
                "@id": "kb:France84",
                "@type": [
                  "Region"
                ],
                "rdfs:label": {
                  "de": [
                    "Auvergne-Rhône-Alpes"
                  ],
                  "pt": [
                    "Auvergne-Rhône-Alpes"
                  ],
                  "en": [
                    "Auvergne-Rhône-Alpes"
                  ],
                  "it": [
                    "Auvergne-Rhône-Alpes"
                  ],
                  "fr": [
                    "Auvergne-Rhône-Alpes"
                  ],
                  "nl": [
                    "Auvergne-Rhône-Alpes"
                  ],
                  "es": [
                    "Auvergne-Rhône-Alpes"
                  ]
                },
                "insee": "84",
                "isPartOfCountry": {
                  "@id": "kb:France",
                  "@type": [
                    "schema:Country"
                  ],
                  "rdfs:label": {
                    "de": [
                      "France",
                      "Frankreich"
                    ],
                    "pt": [
                      "França",
                      "France"
                    ],
                    "en": [
                      "France"
                    ],
                    "it": [
                      "France",
                      "Francia"
                    ],
                    "fr": [
                      "France"
                    ],
                    "nl": [
                      "France",
                      "Frankrijk"
                    ],
                    "es": [
                      "France",
                      "Francia"
                    ]
                  }
                }
              }
            }
          }
        }
      ],
      "schema:geo": {
        "@id": "https://data.datatourisme.fr/18f2c9df-f3d7-3370-b4ff-39089dd82fa0",
        "schema:latitude": "44.9061",
        "schema:longitude": "4.423175",
        "@type": [
          "schema:GeoCoordinates"
        ]
      },
      "schema:openingHoursSpecification": [
        {
          "@id": "https://data.datatourisme.fr/f87e535a-636d-3343-ad63-8a03392e7511",
          "schema:validFrom": "2023-01-01T00:00:00",
          "schema:validThrough": "2023-12-31T23:59:59",
          "@type": [
            "schema:OpeningHoursSpecification"
          ]
        }
      ],
      "@type": [
        "schema:Place",
        "Place"
      ]
    }
  ],
  "isOwnedBy": [
    {
      "@id": "https://data.datatourisme.fr/6ef576cd-2c5c-33d6-b250-09b105230dfc",
      "schema:email": [
        "ncharra@ardeche-guide.com"
      ],
      "schema:legalName": "Agence de Développement Touristique de l'Ardèche",
      "@type": [
        "schema:Organization",
        "foaf:Agent",
        "Agent"
      ],
      "foaf:homepage": [
        "https://www.ardeche-guide.com/"
      ]
    }
  ],
  "lastUpdate": "2023-03-02",
  "lastUpdateDatatourisme": "2023-03-03T06:39:45.523Z"
}