{
  "@id": "https://data.datatourisme.fr/13/bdcfddfd-c9bb-34f2-b3c7-d230f8997279",
  "dc:identifier": "676723",
  "@type": [
    "schema:LocalBusiness",
    "schema:Museum",
    "CulturalSite",
    "Museum",
    "PlaceOfInterest",
    "PointOfInterest"
  ],
  "rdfs:comment": {
    "de": [
      "Ein Museum, vier Kontinente\r\nAm Fuße des Eiffelturms erwartet Sie das vom Architekten Jean Nouvel entworfene Museum zu einer Entdeckungsreise durch die Künste und Zivilisationen Afrikas, Asiens, Ozeaniens und Amerikas anhand von 3.500 ausgestellten Werken."
    ],
    "en": [
      "The museum is located at the foot of the Eiffel Tower and was designed by architect Jean Nouvel. It awaits you for a journey to discover art and civilisation from Africa, Asia, Océania and the Americas, through the 3,500 works exhibited."
    ],
    "it": [
      "Un museo, 4 continenti\r\nAi piedi della Torre Eiffel, il museo, progettato dall'architetto Jean Nouvel, vi aspetta per un viaggio alla scoperta delle arti e delle civiltà dell'Africa, dell'Asia, dell'Oceania e delle Americhe grazie alle 3.500 opere esposte."
    ],
    "fr": [
      "Un musée, 4 continents\r\nAu pied de la Tour Eiffel, le musée, imaginé par l'architecte Jean Nouvel, vous attend pour un voyage à la découverte des arts et civilisations d'Afrique, d'Asie, d'Océanie et des Amériques grâce aux 3 500 œuvres exposées."
    ],
    "es": [
      "Un museo, 4 continentes\r\nA los pies de la Torre Eiffel, el museo, diseñado por el arquitecto Jean Nouvel, le espera para un viaje de descubrimiento de las artes y civilizaciones de África, Asia, Oceanía y América gracias a las 3.500 obras expuestas."
    ],
    "nl": [
      "Eén museum, 4 continenten\r\nAan de voet van de Eiffeltoren wacht het door de architect Jean Nouvel ontworpen museum op u voor een ontdekkingsreis naar de kunst en de beschavingen van Afrika, Azië, Oceanië en Amerika dankzij de 3500 tentoongestelde werken."
    ]
  },
  "rdfs:label": {
    "en": [
      "Quai Branly Museum - Jacques Chirac"
    ],
    "fr": [
      "Musée du quai Branly - Jacques Chirac"
    ]
  },
  "owl:sameAs": [
    "http://www.wikidata.org/entity/Q167863"
  ],
  "hasBeenCreatedBy": {
    "@id": "https://data.datatourisme.fr/13/03e0704b-5690-32de-a186-1dc3ad3316c9",
    "dc:identifier": "1019",
    "schema:email": [
      "bgeigle@visitparisregion.com",
      "hcaldo@visitparisregion.com",
      "mtanaskovic@visitparisregion.com"
    ],
    "schema:legalName": "Choose Paris Region",
    "@type": [
      "schema:Organization",
      "foaf:Agent",
      "Agent"
    ],
    "foaf:homepage": [
      "http://www.visitparisregion.com/"
    ]
  },
  "hasBeenPublishedBy": [
    {
      "@id": "https://data.datatourisme.fr/8a9feb4b-2cbd-3d2c-b507-bd6c6776b23b",
      "schema:legalName": "Apidae Tourisme Scic SA - source : Apidae Tourisme",
      "@type": [
        "schema:Organization",
        "foaf:Agent",
        "Agent"
      ],
      "foaf:homepage": [
        "https://www.apidae-tourisme.com/"
      ]
    }
  ],
  "hasContact": [
    {
      "@id": "https://data.datatourisme.fr/d6c1d5b2-1b7f-3916-a728-734a7ea2f1d8",
      "schema:email": [
        "tourisme@quaibranly.com"
      ],
      "schema:telephone": [
        "+33 1 56 61 70 00"
      ],
      "@type": [
        "foaf:Agent",
        "Agent"
      ],
      "foaf:homepage": [
        "http://www.quaibranly.fr/"
      ]
    }
  ],
  "hasDescription": [
    {
      "@id": "https://data.datatourisme.fr/abafb4de-7e8b-3112-85f1-b05c2755b904",
      "@type": [
        "Description"
      ],
      "hasTranslatedProperty": [
        {
          "@id": "https://data.datatourisme.fr/9461d180-5869-3c9b-b8c9-cce5984933a4",
          "dc:contributor": [
            "https://api.deepl.com/v2/translate"
          ],
          "rdf:language": [
            "de"
          ],
          "rdf:predicate": [
            "shortDescription"
          ]
        },
        {
          "@id": "https://data.datatourisme.fr/e240b2bd-ed30-31a2-a816-b2fdf3e67920",
          "dc:contributor": [
            "https://api.deepl.com/v2/translate"
          ],
          "rdf:language": [
            "it"
          ],
          "rdf:predicate": [
            "shortDescription"
          ]
        },
        {
          "@id": "https://data.datatourisme.fr/e600c160-b2cf-39fd-b90a-e8ef29a3f56c",
          "dc:contributor": [
            "https://api.deepl.com/v2/translate"
          ],
          "rdf:language": [
            "nl"
          ],
          "rdf:predicate": [
            "shortDescription"
          ]
        },
        {
          "@id": "https://data.datatourisme.fr/f35d4835-aca9-3a97-8373-c7cf7c3d4cc7",
          "dc:contributor": [
            "https://api.deepl.com/v2/translate"
          ],
          "rdf:language": [
            "es"
          ],
          "rdf:predicate": [
            "shortDescription"
          ]
        }
      ],
      "shortDescription": {
        "de": [
          "Ein Museum, vier Kontinente\r\nAm Fuße des Eiffelturms erwartet Sie das vom Architekten Jean Nouvel entworfene Museum zu einer Entdeckungsreise durch die Künste und Zivilisationen Afrikas, Asiens, Ozeaniens und Amerikas anhand von 3.500 ausgestellten Werken."
        ],
        "en": [
          "The museum is located at the foot of the Eiffel Tower and was designed by architect Jean Nouvel. It awaits you for a journey to discover art and civilisation from Africa, Asia, Océania and the Americas, through the 3,500 works exhibited."
        ],
        "it": [
          "Un museo, 4 continenti\r\nAi piedi della Torre Eiffel, il museo, progettato dall'architetto Jean Nouvel, vi aspetta per un viaggio alla scoperta delle arti e delle civiltà dell'Africa, dell'Asia, dell'Oceania e delle Americhe grazie alle 3.500 opere esposte."
        ],
        "fr": [
          "Un musée, 4 continents\r\nAu pied de la Tour Eiffel, le musée, imaginé par l'architecte Jean Nouvel, vous attend pour un voyage à la découverte des arts et civilisations d'Afrique, d'Asie, d'Océanie et des Amériques grâce aux 3 500 œuvres exposées."
        ],
        "es": [
          "Un museo, 4 continentes\r\nA los pies de la Torre Eiffel, el museo, diseñado por el arquitecto Jean Nouvel, le espera para un viaje de descubrimiento de las artes y civilizaciones de África, Asia, Oceanía y América gracias a las 3.500 obras expuestas."
        ],
        "nl": [
          "Eén museum, 4 continenten\r\nAan de voet van de Eiffeltoren wacht het door de architect Jean Nouvel ontworpen museum op u voor een ontdekkingsreis naar de kunst en de beschavingen van Afrika, Azië, Oceanië en Amerika dankzij de 3500 tentoongestelde werken."
        ]
      }
    }
  ],
  "hasRepresentation": [
    {
      "@id": "https://data.datatourisme.fr/325e47af-cb03-3c2e-8b8e-a8b5407568e1",
      "ebucore:hasAnnotation": [
        {
          "@id": "https://data.datatourisme.fr/4e82ebbc-6d77-3503-a8f3-a669380f19de",
          "ebucore:isCoveredBy": "CC BY-SA 4.0",
          "ebucore:title": {
            "fr": [
              "Musée du quai Branly - 20150801 16h07 (10629)"
            ]
          },
          "@type": [
            "ebucore:Annotation"
          ],
          "credits": [
            "<div style=\"clear:both; border: 1px solid #999; margin: 1em; padding: 1em; background-color: #eeefff;\">\n<table cellspacing=\"0\" cellpadding=\"5\" style=\"background:transparent;\"><tbody><tr><td valign=\"top\" width=\"180px\">\n</td></tr><tr><td align=\"center\"><small>Une autre de mes images:<br></small><span typeof=\"mw:File\"><a href=\"//commons.wikimedia.org/wiki/File:Tour_Saint-Nicolas_-_20150811_11h20_(11085).jpg\" class=\"mw-file-description\"><img src=\"https://upload.wikimedia.org/wikipedia/commons/thumb/d/dc/Tour_Saint-Nicolas_-_20150811_11h20_%2811085%29.jpg/100px-Tour_Saint-Nicolas_-_20150811_11h20_%2811085%29.jpg\" decoding=\"async\" width=\"100\" height=\"150\" class=\"mw-file-element\" srcset=\"https://upload.wikimedia.org/wikipedia/commons/thumb/d/dc/Tour_Saint-Nicolas_-_20150811_11h20_%2811085%29.jpg/150px-Tour_Saint-Nicolas_-_20150811_11h20_%2811085%29.jpg 1.5x, https://upload.wikimedia.org/wikipedia/commons/thumb/d/dc/Tour_Saint-Nicolas_-_20150811_11h20_%2811085%29.jpg/200px-Tour_Saint-Nicolas_-_20150811_11h20_%2811085%29.jpg 2x\" data-file-width=\"3160\" data-file-height=\"4740\"></a></span>\n<p><br></p>\n</td>\n<td>Cette photographie a été prise par <b><a href=\"//commons.wikimedia.org/wiki/User:Medium69\" title=\"User:Medium69\">Medium69</a></b> (William Crochot) et publié sous la licence ci-dessous. Vous êtes libre de l'utiliser aussi longtemps que vous citez l'auteur (William Crochot), la source (Wikimedia Commons) et la licence (CC-BY-SA 4.0) en relation étroite avec l'image.\n</td></tr></tbody></table><div style=\"border:1px solid red; background-color:#eaeeed; margin-top:6px; padding:6px;\">\n<table cellpadding=\"3px\"><tbody><tr><td style=\"padding-left:12px; padding-right:24px;\">\n<p><span typeof=\"mw:File\"><a href=\"//commons.wikimedia.org/wiki/File:No_Facebook.svg\" class=\"mw-file-description\"><img src=\"https://upload.wikimedia.org/wikipedia/commons/thumb/4/48/No_Facebook.svg/80px-No_Facebook.svg.png\" decoding=\"async\" width=\"80\" height=\"18\" class=\"mw-file-element\" srcset=\"https://upload.wikimedia.org/wikipedia/commons/thumb/4/48/No_Facebook.svg/120px-No_Facebook.svg.png 1.5x, https://upload.wikimedia.org/wikipedia/commons/thumb/4/48/No_Facebook.svg/160px-No_Facebook.svg.png 2x\" data-file-width=\"64\" data-file-height=\"14\"></a></span>\n</p>\n</td><td>\n<p>Ce fichier est publié sous une licence incompatible avec les conditions d’utilisation de Facebook. Il est donc interdit de téléverser ce fichier sur Facebook.\n</p>\n</td></tr></tbody></table></div>\n<div style=\"clear:both; border:2px solid #00cc00; background-color:#f7f7f7; margin-top:6px;\">\n<table><tbody><tr><td style=\"padding:4px;\"><span typeof=\"mw:File\"><a href=\"//commons.wikimedia.org/wiki/File:Upload-problem2.svg\" class=\"mw-file-description\"><img src=\"https://upload.wikimedia.org/wikipedia/commons/thumb/f/f9/Upload-problem2.svg/64px-Upload-problem2.svg.png\" decoding=\"async\" width=\"64\" height=\"57\" class=\"mw-file-element\" srcset=\"https://upload.wikimedia.org/wikipedia/commons/thumb/f/f9/Upload-problem2.svg/96px-Upload-problem2.svg.png 1.5x, https://upload.wikimedia.org/wikipedia/commons/thumb/f/f9/Upload-problem2.svg/128px-Upload-problem2.svg.png 2x\" data-file-width=\"159\" data-file-height=\"142\"></a></span>\n</td><td style=\"padding:4px;\">\n<div>\n<p>Merci de ne pas télécharger une image mise à jour ici sans consultation de l'auteur. Il tient à apporter des corrections seulement à sa propre source au format RAW. Ce format non compressé assure que la qualité soit toujours conservée.<br>\nSi vous pensez que des changements devraient être fait, merci d'en informer l'auteur.\nSinon, vous pouvez télécharger une nouvelle image avec un nouveau nom à l'aide du modèle <a href=\"//commons.wikimedia.org/wiki/Template:Derived_from\" title=\"Template:Derived from\">Dérivé de</a> ou <a href=\"//commons.wikimedia.org/wiki/Template:Extracted_from\" title=\"Template:Extracted from\">Extrait de</a>.\n</p>\n</div>\n</td></tr></tbody></table></div>\n</div>\n<p><br></p>"
          ]
        }
      ],
      "ebucore:hasRelatedResource": [
        {
          "@id": "https://data.datatourisme.fr/0f71b857-d1f6-3302-ae99-bb42ff81d74d",
          "ebucore:fileSize": [
            11442803
          ],
          "ebucore:hasMimeType": [
            {
              "@id": "kb:JPEG",
              "@type": [
                "ebucore:MimeType"
              ],
              "rdfs:comment": {
                "de": [
                  "JPEG-Bild"
                ],
                "pt": [
                  "Imagem JPEG"
                ],
                "en": [
                  "JPEG image file"
                ],
                "it": [
                  "Immagine JPEG"
                ],
                "fr": [
                  "Image JPEG"
                ],
                "nl": [
                  "JPEG-afbeelding"
                ],
                "es": [
                  "Imagen JPEG"
                ]
              },
              "rdfs:label": {
                "de": [
                  "image/jpeg"
                ],
                "pt": [
                  "image/jpeg"
                ],
                "en": [
                  "image/jpeg"
                ],
                "it": [
                  "image/jpeg"
                ],
                "fr": [
                  "image/jpeg"
                ],
                "nl": [
                  "image/jpeg"
                ],
                "es": [
                  "image/jpeg"
                ]
              }
            }
          ],
          "ebucore:height": 5170,
          "ebucore:locator": [
            "https://upload.wikimedia.org/wikipedia/commons/b/ba/Mus%C3%A9e_du_quai_Branly_-_20150801_16h07_%2810629%29.jpg"
          ],
          "ebucore:width": 3447,
          "@type": [
            "ebucore:Resource"
          ]
        }
      ],
      "@type": [
        "ebucore:EditorialObject"
      ]
    }
  ],
  "hasTheme": [
    {
      "@id": "kb:Culture",
      "@type": [
        "CulturalTheme"
      ],
      "rdfs:label": {
        "de": [
          "Kultur"
        ],
        "pt": [
          "Cultura"
        ],
        "en": [
          "Culture"
        ],
        "it": [
          "Cultura"
        ],
        "fr": [
          "Culture"
        ],
        "nl": [
          "Cultuur"
        ],
        "es": [
          "Cultura"
        ]
      }
    }
  ],
  "hasTranslatedProperty": [
    {
      "@id": "https://data.datatourisme.fr/0a1859ac-a9d7-37af-9165-43ebe8cb5c41",
      "dc:contributor": [
        "https://api.deepl.com/v2/translate"
      ],
      "rdf:language": [
        "nl"
      ],
      "rdf:predicate": [
        {
          "@id": "rdfs:comment"
        }
      ]
    },
    {
      "@id": "https://data.datatourisme.fr/a4bfd95f-e3cd-31a3-a306-e1e85ba3842a",
      "dc:contributor": [
        "https://api.deepl.com/v2/translate"
      ],
      "rdf:language": [
        "it"
      ],
      "rdf:predicate": [
        {
          "@id": "rdfs:comment"
        }
      ]
    },
    {
      "@id": "https://data.datatourisme.fr/a6b824b9-ca4c-3cb1-abbe-0174b6fa4bcd",
      "dc:contributor": [
        "https://api.deepl.com/v2/translate"
      ],
      "rdf:language": [
        "de"
      ],
      "rdf:predicate": [
        {
          "@id": "rdfs:comment"
        }
      ]
    },
    {
      "@id": "https://data.datatourisme.fr/aedcedf8-1b77-391c-813c-0da754016a69",
      "dc:contributor": [
        "https://api.deepl.com/v2/translate"
      ],
      "rdf:language": [
        "es"
      ],
      "rdf:predicate": [
        {
          "@id": "rdfs:comment"
        }
      ]
    }
  ],
  "isLocatedAt": [
    {
      "@id": "https://data.datatourisme.fr/becce351-91f2-3909-8da8-54f5f3143e75",
      "schema:address": [
        {
          "@id": "https://data.datatourisme.fr/2fb9a27f-db22-3d02-9ce6-2fbcf4487935",
          "schema:addressLocality": "Paris",
          "schema:postalCode": "75007",
          "schema:streetAddress": [
            "37 quai Branly"
          ],
          "@type": [
            "schema:PostalAddress",
            "PostalAddress"
          ],
          "hasAddressCity": {
            "@id": "kb:75056",
            "@type": [
              "City"
            ],
            "rdfs:label": {
              "de": [
                "Paris"
              ],
              "pt": [
                "Paris"
              ],
              "en": [
                "Paris"
              ],
              "it": [
                "Paris"
              ],
              "fr": [
                "Paris"
              ],
              "nl": [
                "Paris"
              ],
              "es": [
                "Paris"
              ]
            },
            "insee": "75056",
            "isPartOfDepartment": {
              "@id": "kb:France1175",
              "@type": [
                "Department"
              ],
              "rdfs:label": {
                "de": [
                  "Paris"
                ],
                "pt": [
                  "Paris"
                ],
                "en": [
                  "Paris"
                ],
                "it": [
                  "Paris"
                ],
                "fr": [
                  "Paris"
                ],
                "nl": [
                  "Paris"
                ],
                "es": [
                  "Paris"
                ]
              },
              "insee": "75",
              "isPartOfRegion": {
                "@id": "kb:France11",
                "@type": [
                  "Region"
                ],
                "rdfs:label": {
                  "de": [
                    "Île-de-France"
                  ],
                  "pt": [
                    "Île-de-France"
                  ],
                  "en": [
                    "Île-de-France"
                  ],
                  "it": [
                    "Île-de-France"
                  ],
                  "fr": [
                    "Île-de-France"
                  ],
                  "nl": [
                    "Île-de-France"
                  ],
                  "es": [
                    "Île-de-France"
                  ]
                },
                "insee": "11",
                "isPartOfCountry": {
                  "@id": "kb:France",
                  "@type": [
                    "schema:Country"
                  ],
                  "rdfs:label": {
                    "de": [
                      "France",
                      "Frankreich"
                    ],
                    "pt": [
                      "França",
                      "France"
                    ],
                    "en": [
                      "France"
                    ],
                    "it": [
                      "France",
                      "Francia"
                    ],
                    "fr": [
                      "France"
                    ],
                    "nl": [
                      "France",
                      "Frankrijk"
                    ],
                    "es": [
                      "France",
                      "Francia"
                    ]
                  }
                }
              }
            }
          }
        }
      ],
      "schema:geo": {
        "@id": "https://data.datatourisme.fr/c895d712-24f6-3433-a0d6-e63d1cec55fd",
        "schema:latitude": "48.861899",
        "schema:longitude": "2.297441",
        "@type": [
          "schema:GeoCoordinates"
        ]
      },
      "schema:openingHoursSpecification": [
        {
          "@id": "https://data.datatourisme.fr/64c617f8-988a-3d07-a3d9-6ef4387edaa9",
          "schema:closes": "19:00:00",
          "schema:opens": "10:30:00",
          "schema:validFrom": "2023-01-01T00:00:00",
          "schema:validThrough": "2023-12-31T23:59:59",
          "@type": [
            "schema:OpeningHoursSpecification"
          ],
          "additionalInformation": {
            "de": [
              "Donnerstag: 10:30 Uhr ? 22:00 Uhr\r\n\r\nZUGANG ZUM MUSEUM\r\nDienstag bis Sonntag 10:30 bis 19:00 Uhr, außer Donnerstag 10:30 bis 22:00 Uhr (Schließung der Kassen um 18:00 Uhr; donnerstags um 21:00 Uhr.\r\nSchrittweise Schließung der Säle ab 18:45 Uhr; donnerstags um 21:45 Uhr)\r\nWöchentliche Schließung am Montag (geöffnet während der Schulferien in allen Zonen, außer im Juli und August).\r\n\r\nZUGANG ZUM GARTEN\r\nDienstag bis Sonntag von 9.15 bis 19.30 Uhr, außer Donnerstag von 9.15 bis 22.15 Uhr\r\nWöchentliche Schließung am Montag (geöffnet während der Schulferien in allen Zonen, außer im Juli und August)."
            ],
            "en": [
              "Thursday: 10:30 a.m. to 10:00 p.m\r\n\r\nMUSEUM ACCESS\r\nTuesday to Sunday, 10:30 am to 7 pm, except Thursday, 10:30 am to 10 pm (ticket office closes at 6 pm; Thursday, 9 pm.\r\nRooms close progressively from 6:45pm; Thursdays at 9:45pm)\r\nWeekly closing on Mondays (open during school vacations in all zones, except July and August).\r\n\r\nACCESS TO THE GARDEN\r\nTuesday to Sunday, 9:15 a.m. to 7:30 p.m., except Thursday, 9:15 a.m. to 10:15 p.m\r\nClosed on Mondays (open during all school vacations, except July and August)."
            ],
            "it": [
              "Giovedì: dalle 10.30 alle 22.00\r\n\r\nACCESSO AL MUSEO\r\nDa martedì a domenica, dalle 10.30 alle 19.00, tranne il giovedì, dalle 10.30 alle 22.00 (la biglietteria chiude alle 18.00; il giovedì alle 21.00.\r\nLe sale chiudono progressivamente dalle 18.45; il giovedì alle 21.45)\r\nChiuso il lunedì (aperto durante tutte le vacanze scolastiche tranne luglio e agosto).\r\n\r\nACCESSO AL GIARDINO\r\nDa martedì a domenica, dalle 9.15 alle 19.30, tranne il giovedì, dalle 9.15 alle 22.15\r\nChiuso il lunedì (aperto durante tutte le vacanze scolastiche tranne luglio e agosto)."
            ],
            "fr": [
              "Jeudi : 10 h 30 — 22 h 00\r\n\r\nACCÈS AU MUSÉE\r\nDu mardi au dimanche, de 10h30 à 19h, sauf jeudi de 10h30 à 22h (fermeture des guichets à 18h ; le jeudi à 21h. \r\nFermeture progressive des salles à partir de 18h45 ; le jeudi à 21h45)\r\nFermeture hebdomadaire le lundi (ouvert pendant les vacances scolaires toutes zones, sauf en juillet et août).\r\n\r\nACCÈS AU JARDIN\r\nDu mardi au dimanche, de 9h15 à 19h30, sauf jeudi de 9h15 à 22h15\r\nFermeture hebdomadaire le lundi (ouvert pendant les vacances scolaires toutes zones, sauf en juillet et août)."
            ],
            "es": [
              "Jueves: de 10.30 a 22.00 h\r\n\r\nACCESO AL MUSEO\r\nDe martes a domingo, de 10.30 h a 19 h, excepto jueves, de 10.30 h a 22 h (taquilla cerrada a las 18 h; jueves a las 21 h.\r\nLas salas cierran progresivamente a partir de las 18.45 h; los jueves a las 21.45 h)\r\nCerrado los lunes (abierto durante todas las vacaciones escolares excepto julio y agosto).\r\n\r\nACCESO AL JARDÍN\r\nDe martes a domingo, de 9.15 h a 19.30 h, excepto jueves, de 9.15 h a 22.15 h\r\nCerrado los lunes (abierto durante todas las vacaciones escolares excepto julio y agosto)."
            ],
            "nl": [
              "Donderdag: 10.30 tot 22.00 uur\r\n\r\nTOEGANG TOT HET MUSEUM\r\nDinsdag t/m zondag van 10.30 tot 19.00 uur, behalve donderdag van 10.30 tot 22.00 uur (kassa sluit om 18.00 uur; donderdag om 21.00 uur.\r\nDe zalen sluiten geleidelijk vanaf 18.45 uur; donderdag om 21.45 uur)\r\nGesloten op maandag (open tijdens alle schoolvakanties behalve juli en augustus).\r\n\r\nTOEGANG TOT DE TUIN\r\nDinsdag t/m zondag van 9.15 tot 19.30 uur, behalve donderdag van 9.15 tot 22.15 uur\r\nGesloten op maandag (open tijdens alle schoolvakanties behalve juli en augustus)."
            ]
          },
          "hasTranslatedProperty": [
            {
              "@id": "https://data.datatourisme.fr/102c3eba-b34f-3d6e-9b05-9a27d382f0ad",
              "dc:contributor": [
                "https://api.deepl.com/v2/translate"
              ],
              "rdf:language": [
                "de"
              ],
              "rdf:predicate": [
                "additionalInformation"
              ]
            },
            {
              "@id": "https://data.datatourisme.fr/645fccb0-dd63-3e69-b1f1-b322b398b080",
              "dc:contributor": [
                "https://api.deepl.com/v2/translate"
              ],
              "rdf:language": [
                "it"
              ],
              "rdf:predicate": [
                "additionalInformation"
              ]
            },
            {
              "@id": "https://data.datatourisme.fr/9e0a9cd7-b067-306b-b635-6bad896cc6d9",
              "dc:contributor": [
                "https://api.deepl.com/v2/translate"
              ],
              "rdf:language": [
                "nl"
              ],
              "rdf:predicate": [
                "additionalInformation"
              ]
            },
            {
              "@id": "https://data.datatourisme.fr/d0ca3e8b-5ed7-3380-ba21-60cd6e54c40b",
              "dc:contributor": [
                "https://api.deepl.com/v2/translate"
              ],
              "rdf:language": [
                "en"
              ],
              "rdf:predicate": [
                "additionalInformation"
              ]
            },
            {
              "@id": "https://data.datatourisme.fr/e27fbf0b-6848-3030-899f-2153a32bc562",
              "dc:contributor": [
                "https://api.deepl.com/v2/translate"
              ],
              "rdf:language": [
                "es"
              ],
              "rdf:predicate": [
                "additionalInformation"
              ]
            }
          ]
        }
      ],
      "@type": [
        "schema:Place",
        "Place"
      ]
    }
  ],
  "isOwnedBy": [
    {
      "@id": "https://data.datatourisme.fr/3b8a790a-ebad-39c6-9a18-c5663001f469",
      "schema:email": [
        "bgeigle@visitparisregion.com",
        "hcaldo@visitparisregion.com",
        "mtanaskovic@visitparisregion.com"
      ],
      "schema:legalName": "Choose Paris Region",
      "@type": [
        "schema:Organization",
        "foaf:Agent",
        "Agent"
      ],
      "foaf:homepage": [
        "http://www.visitparisregion.com/"
      ]
    }
  ],
  "lastUpdate": "2023-08-01",
  "lastUpdateDatatourisme": "2023-10-02T05:53:31.758Z",
  "offers": [
    {
      "@id": "https://data.datatourisme.fr/352705b2-ba75-3fe7-a1e7-5a27bec67ca8",
      "schema:priceSpecification": [
        {
          "@id": "https://data.datatourisme.fr/1a187d4f-c785-3a21-bf4a-22c69dc0725e",
          "schema:maxPrice": [
            "12",
            "9"
          ],
          "schema:minPrice": [
            "12",
            "9"
          ],
          "schema:priceCurrency": "EUR",
          "@type": [
            "schema:PriceSpecification",
            "PriceSpecification"
          ],
          "appliesOnPeriod": [
            {
              "@id": "https://data.datatourisme.fr/a425afdf-3594-300b-b55e-1858bafa3fd4",
              "@type": [
                "Period"
              ],
              "endDate": "2023-12-31",
              "startDate": "2023-01-01"
            }
          ]
        }
      ],
      "@type": [
        "schema:Offer",
        "Offer"
      ]
    }
  ]
}