{
  "@id": "https://data.datatourisme.fr/13/7fbdf5d0-7eab-35e1-aa26-b4443b845841",
  "dc:identifier": "684694",
  "@type": [
    "schema:FoodEstablishment",
    "schema:Winery",
    "BistroOrWineBar",
    "FoodEstablishment",
    "PlaceOfInterest",
    "PointOfInterest",
    "SportsAndLeisurePlace"
  ],
  "rdfs:comment": {
    "de": [
      "In diesem alten Bistro im französischen Stil trinkt man ausgezeichnete Cocktails, lernt neue Leute kennen und hört an jedem Wochenende Jazz und Rockmusik."
    ],
    "en": [
      "In this old French-style bistro, we drink excellent cocktails, meet new people and listen to jazz and rock music every weekend."
    ],
    "it": [
      "In questo antico bistrot francese si possono bere ottimi cocktail, incontrare persone e ascoltare musica jazz e rock ogni fine settimana."
    ],
    "fr": [
      "Dans ce vieux bistrot à la française, on boit d’excellents cocktails, on fait des rencontres et on écoute du jazz et du rock chaque fin de semaine."
    ],
    "nl": [
      "In deze oude Franse bistro kunt u uitstekende cocktails drinken, mensen ontmoeten en elk weekend naar jazz- en rockmuziek luisteren."
    ],
    "es": [
      "En este antiguo bistró francés se pueden tomar excelentes cócteles, conocer gente y escuchar música de jazz y rock todos los fines de semana."
    ]
  },
  "rdfs:label": {
    "fr": [
      "Piston Pélican"
    ]
  },
  "hasBeenCreatedBy": {
    "@id": "https://data.datatourisme.fr/13/03e0704b-5690-32de-a186-1dc3ad3316c9",
    "dc:identifier": "1019",
    "schema:email": [
      "bgeigle@visitparisregion.com",
      "hcaldo@visitparisregion.com",
      "mtanaskovic@visitparisregion.com"
    ],
    "schema:legalName": "Choose Paris Region",
    "@type": [
      "schema:Organization",
      "foaf:Agent",
      "Agent"
    ],
    "foaf:homepage": [
      "http://www.visitparisregion.com/"
    ]
  },
  "hasBeenPublishedBy": [
    {
      "@id": "https://data.datatourisme.fr/8a9feb4b-2cbd-3d2c-b507-bd6c6776b23b",
      "schema:legalName": "Apidae Tourisme Scic SA - source : Apidae Tourisme",
      "@type": [
        "schema:Organization",
        "foaf:Agent",
        "Agent"
      ],
      "foaf:homepage": [
        "https://www.apidae-tourisme.com/"
      ]
    }
  ],
  "hasContact": [
    {
      "@id": "https://data.datatourisme.fr/f3af3e20-fee5-312d-99e4-8671f66cbf87",
      "schema:telephone": [
        "+33 1 43 71 15 76"
      ],
      "@type": [
        "foaf:Agent",
        "Agent"
      ],
      "foaf:homepage": [
        "http://pistonpelican.com/"
      ]
    }
  ],
  "hasDescription": [
    {
      "@id": "https://data.datatourisme.fr/406dc1a7-4273-3336-9bbe-324826622d24",
      "@type": [
        "Description"
      ],
      "hasTranslatedProperty": [
        {
          "@id": "https://data.datatourisme.fr/153cad78-af2f-3266-8094-bf6744200807",
          "dc:contributor": [
            "https://api.deepl.com/v2/translate"
          ],
          "rdf:language": [
            "en"
          ],
          "rdf:predicate": [
            "shortDescription"
          ]
        },
        {
          "@id": "https://data.datatourisme.fr/666a07d0-2ad8-368a-9b18-d8698862f4a6",
          "dc:contributor": [
            "https://api.deepl.com/v2/translate"
          ],
          "rdf:language": [
            "it"
          ],
          "rdf:predicate": [
            "shortDescription"
          ]
        },
        {
          "@id": "https://data.datatourisme.fr/8779a9e8-64ce-3af4-b9a8-06daeb9d95b7",
          "dc:contributor": [
            "https://api.deepl.com/v2/translate"
          ],
          "rdf:language": [
            "es"
          ],
          "rdf:predicate": [
            "shortDescription"
          ]
        },
        {
          "@id": "https://data.datatourisme.fr/ac3d9995-6ff2-3b8b-923c-17ed5c7d9a3e",
          "dc:contributor": [
            "https://api.deepl.com/v2/translate"
          ],
          "rdf:language": [
            "nl"
          ],
          "rdf:predicate": [
            "shortDescription"
          ]
        },
        {
          "@id": "https://data.datatourisme.fr/afba629b-25a2-3b60-9c1f-1550a355901b",
          "dc:contributor": [
            "https://api.deepl.com/v2/translate"
          ],
          "rdf:language": [
            "de"
          ],
          "rdf:predicate": [
            "shortDescription"
          ]
        }
      ],
      "shortDescription": {
        "de": [
          "In diesem alten Bistro im französischen Stil trinkt man ausgezeichnete Cocktails, lernt neue Leute kennen und hört an jedem Wochenende Jazz und Rockmusik."
        ],
        "en": [
          "In this old French-style bistro, we drink excellent cocktails, meet new people and listen to jazz and rock music every weekend."
        ],
        "it": [
          "In questo antico bistrot francese si possono bere ottimi cocktail, incontrare persone e ascoltare musica jazz e rock ogni fine settimana."
        ],
        "fr": [
          "Dans ce vieux bistrot à la française, on boit d’excellents cocktails, on fait des rencontres et on écoute du jazz et du rock chaque fin de semaine."
        ],
        "nl": [
          "In deze oude Franse bistro kunt u uitstekende cocktails drinken, mensen ontmoeten en elk weekend naar jazz- en rockmuziek luisteren."
        ],
        "es": [
          "En este antiguo bistró francés se pueden tomar excelentes cócteles, conocer gente y escuchar música de jazz y rock todos los fines de semana."
        ]
      }
    }
  ],
  "hasTranslatedProperty": [
    {
      "@id": "https://data.datatourisme.fr/05f2af21-b34c-33b8-a507-953e5fb2d5f9",
      "dc:contributor": [
        "https://api.deepl.com/v2/translate"
      ],
      "rdf:language": [
        "en"
      ],
      "rdf:predicate": [
        {
          "@id": "rdfs:comment"
        }
      ]
    },
    {
      "@id": "https://data.datatourisme.fr/372ae854-9c85-3b0c-ab22-d52f60a7afbe",
      "dc:contributor": [
        "https://api.deepl.com/v2/translate"
      ],
      "rdf:language": [
        "nl"
      ],
      "rdf:predicate": [
        {
          "@id": "rdfs:comment"
        }
      ]
    },
    {
      "@id": "https://data.datatourisme.fr/5c4cacb9-ea1a-3fd4-8e4a-848006e98fae",
      "dc:contributor": [
        "https://api.deepl.com/v2/translate"
      ],
      "rdf:language": [
        "it"
      ],
      "rdf:predicate": [
        {
          "@id": "rdfs:comment"
        }
      ]
    },
    {
      "@id": "https://data.datatourisme.fr/61c62d0e-8b5b-3b94-a0aa-9057eefdf375",
      "dc:contributor": [
        "https://api.deepl.com/v2/translate"
      ],
      "rdf:language": [
        "de"
      ],
      "rdf:predicate": [
        {
          "@id": "rdfs:comment"
        }
      ]
    },
    {
      "@id": "https://data.datatourisme.fr/91976cab-87aa-3287-83d5-08ae9888b1b1",
      "dc:contributor": [
        "https://api.deepl.com/v2/translate"
      ],
      "rdf:language": [
        "es"
      ],
      "rdf:predicate": [
        {
          "@id": "rdfs:comment"
        }
      ]
    }
  ],
  "isLocatedAt": [
    {
      "@id": "https://data.datatourisme.fr/0f739b9f-3c8a-3ddb-97d8-447001b9f757",
      "schema:address": [
        {
          "@id": "https://data.datatourisme.fr/21609cab-0bf1-38be-88d4-0e839fe6b918",
          "schema:addressLocality": "Paris",
          "schema:postalCode": "75020",
          "schema:streetAddress": [
            "15 Rue de Bagnolet"
          ],
          "@type": [
            "schema:PostalAddress",
            "PostalAddress"
          ],
          "hasAddressCity": {
            "@id": "kb:75056",
            "@type": [
              "City"
            ],
            "rdfs:label": {
              "de": [
                "Paris"
              ],
              "pt": [
                "Paris"
              ],
              "en": [
                "Paris"
              ],
              "it": [
                "Paris"
              ],
              "fr": [
                "Paris"
              ],
              "nl": [
                "Paris"
              ],
              "es": [
                "Paris"
              ]
            },
            "insee": "75056",
            "isPartOfDepartment": {
              "@id": "kb:France1175",
              "@type": [
                "Department"
              ],
              "rdfs:label": {
                "de": [
                  "Paris"
                ],
                "pt": [
                  "Paris"
                ],
                "en": [
                  "Paris"
                ],
                "it": [
                  "Paris"
                ],
                "fr": [
                  "Paris"
                ],
                "nl": [
                  "Paris"
                ],
                "es": [
                  "Paris"
                ]
              },
              "insee": "75",
              "isPartOfRegion": {
                "@id": "kb:France11",
                "@type": [
                  "Region"
                ],
                "rdfs:label": {
                  "de": [
                    "Île-de-France"
                  ],
                  "pt": [
                    "Île-de-France"
                  ],
                  "en": [
                    "Île-de-France"
                  ],
                  "it": [
                    "Île-de-France"
                  ],
                  "fr": [
                    "Île-de-France"
                  ],
                  "nl": [
                    "Île-de-France"
                  ],
                  "es": [
                    "Île-de-France"
                  ]
                },
                "insee": "11",
                "isPartOfCountry": {
                  "@id": "kb:France",
                  "@type": [
                    "schema:Country"
                  ],
                  "rdfs:label": {
                    "de": [
                      "France",
                      "Frankreich"
                    ],
                    "pt": [
                      "França",
                      "France"
                    ],
                    "en": [
                      "France"
                    ],
                    "it": [
                      "France",
                      "Francia"
                    ],
                    "fr": [
                      "France"
                    ],
                    "nl": [
                      "France",
                      "Frankrijk"
                    ],
                    "es": [
                      "France",
                      "Francia"
                    ]
                  }
                }
              }
            }
          }
        }
      ],
      "schema:geo": {
        "@id": "https://data.datatourisme.fr/fa09c2fe-ab6d-3cac-b650-180eaf736983",
        "schema:latitude": "48.856944",
        "schema:longitude": "2.395716",
        "@type": [
          "schema:GeoCoordinates"
        ]
      },
      "schema:openingHoursSpecification": [
        {
          "@id": "https://data.datatourisme.fr/5f6d3590-5114-3c61-a189-0d15cdc5ac0e",
          "schema:closes": "02:00:00",
          "schema:opens": "17:00:00",
          "schema:validFrom": "2023-01-01T00:00:00",
          "schema:validThrough": "2023-12-31T23:59:59",
          "@type": [
            "schema:OpeningHoursSpecification"
          ]
        }
      ],
      "@type": [
        "schema:Place",
        "Place"
      ]
    }
  ],
  "isOwnedBy": [
    {
      "@id": "https://data.datatourisme.fr/26ecd6f0-563c-356a-b0f9-ad3ec17effc4",
      "schema:email": [
        "bgeigle@visitparisregion.com",
        "hcaldo@visitparisregion.com",
        "mtanaskovic@visitparisregion.com"
      ],
      "schema:legalName": "Comité Régional du Tourisme Paris Ile de France",
      "@type": [
        "schema:Organization",
        "foaf:Agent",
        "Agent"
      ],
      "foaf:homepage": [
        "http://www.visitparisregion.com/"
      ]
    }
  ],
  "lastUpdate": "2020-02-18",
  "lastUpdateDatatourisme": "2023-10-02T05:53:31.682Z"
}