{
  "@id": "https://data.datatourisme.fr/13/eba69a5c-c88d-3e64-9650-fb67db355474",
  "dc:identifier": "4696386",
  "@type": [
    "olo:OrderedList",
    "PlaceOfInterest",
    "PointOfInterest",
    "SportsAndLeisurePlace",
    "Tour",
    "WalkingTour"
  ],
  "rdfs:comment": {
    "de": [
      "Dieser malerische Spaziergang lädt Sie dazu ein, das Tal des Torrenson zwischen den beiden charmanten Dörfern Saint-Etienne de Valoux und Thorrenc zu durchwandern.\r\nEntdecken Sie ihn im Reiseführer, der im Tourismusbüro erhältlich ist, und in der App \"les échappées inspirées\"."
    ],
    "en": [
      "This picturesque walk invites you to explore the Torrenson valley between the two charming villages of Saint Etienne de Valoux and Thorrenc.\r\nTo be discovered in the guidebook on sale at the tourist office and the \"échappées inspirées\" application."
    ],
    "it": [
      "Questa pittoresca passeggiata invita a esplorare la valle di Torrenson tra i due incantevoli villaggi di Saint Etienne de Valoux e Thorrenc.\r\nDa scoprire nella guida in vendita presso l'ufficio del turismo e nell'applicazione \"échappées inspirées\"."
    ],
    "fr": [
      "Cette promenade pittoresque vous invite à parcourir la vallée du Torrenson entre les deux charmants villages de Saint- Etienne de Valoux et de Thorrenc.\r\nA découvrir dans le guide en vente à l'office de tourisme et l'application les \"échappées inspirées\"."
    ],
    "es": [
      "Este pintoresco paseo le invita a explorar el valle de Torrenson entre los dos encantadores pueblos de Saint Etienne de Valoux y Thorrenc.\r\nSe puede descubrir en la guía a la venta en la oficina de turismo y en la aplicación \"échappées inspirées\"."
    ],
    "nl": [
      "Deze schilderachtige wandeling nodigt u uit om de vallei van Torrenson te verkennen tussen de twee charmante dorpjes Saint Etienne de Valoux en Thorrenc.\r\nTe ontdekken in de gids die te koop is bij het toeristenbureau en de applicatie \"échappées inspirées\"."
    ]
  },
  "rdfs:label": {
    "fr": [
      "La vallée du Torrenson"
    ]
  },
  "hasBeenCreatedBy": {
    "@id": "https://data.datatourisme.fr/13/73278a4a-8696-3eeb-976a-8fd4c9ec6997",
    "dc:identifier": "113",
    "schema:email": [
      "d.sanial@dromardeche.fr",
      "j.bruyere@dromardeche.fr"
    ],
    "schema:legalName": "Office de Tourisme Porte de DrômArdèche",
    "@type": [
      "schema:Organization",
      "foaf:Agent",
      "Agent"
    ],
    "foaf:homepage": [
      "http://www.autour-du-palais-ideal.fr/"
    ]
  },
  "hasBeenPublishedBy": [
    {
      "@id": "https://data.datatourisme.fr/d48f2ccd-2357-3a8e-b949-cb8bf19a361f",
      "schema:legalName": "Agence d'Attractivité de la Drôme - source : Apidae Tourisme",
      "@type": [
        "schema:Organization",
        "foaf:Agent",
        "Agent"
      ],
      "foaf:homepage": [
        "https://www.apidae-tourisme.com/"
      ]
    }
  ],
  "hasContact": [
    {
      "@id": "https://data.datatourisme.fr/e4a61420-5736-3383-8b66-c11b58e648c9",
      "schema:email": [
        "porte@dromardeche.fr"
      ],
      "schema:telephone": [
        "+33 4 75 23 45 33"
      ],
      "@type": [
        "foaf:Agent",
        "Agent"
      ],
      "foaf:homepage": [
        "http://www.autour-du-palais-ideal.fr/"
      ]
    }
  ],
  "hasDescription": [
    {
      "@id": "https://data.datatourisme.fr/3a0e9095-11ef-37a1-a769-aa638369e875",
      "@type": [
        "Description"
      ],
      "hasTranslatedProperty": [
        {
          "@id": "https://data.datatourisme.fr/25c9f2e9-9d11-32b2-8751-661b54aed980",
          "dc:contributor": [
            "https://api.deepl.com/v2/translate"
          ],
          "rdf:language": [
            "nl"
          ],
          "rdf:predicate": [
            "shortDescription"
          ]
        },
        {
          "@id": "https://data.datatourisme.fr/4170e3f3-efe7-379e-946d-64ef531b405a",
          "dc:contributor": [
            "https://api.deepl.com/v2/translate"
          ],
          "rdf:language": [
            "de"
          ],
          "rdf:predicate": [
            "shortDescription"
          ]
        },
        {
          "@id": "https://data.datatourisme.fr/62a9857d-fe91-3725-ab70-1990d5bb9a79",
          "dc:contributor": [
            "https://api.deepl.com/v2/translate"
          ],
          "rdf:language": [
            "es"
          ],
          "rdf:predicate": [
            "shortDescription"
          ]
        },
        {
          "@id": "https://data.datatourisme.fr/9507016d-0eb5-3263-a58c-b5fcd15189bf",
          "dc:contributor": [
            "https://api.deepl.com/v2/translate"
          ],
          "rdf:language": [
            "it"
          ],
          "rdf:predicate": [
            "shortDescription"
          ]
        }
      ],
      "shortDescription": {
        "de": [
          "Dieser malerische Spaziergang lädt Sie dazu ein, das Tal des Torrenson zwischen den beiden charmanten Dörfern Saint-Etienne de Valoux und Thorrenc zu durchwandern.\r\nEntdecken Sie ihn im Reiseführer, der im Tourismusbüro erhältlich ist, und in der App \"les échappées inspirées\"."
        ],
        "en": [
          "This picturesque walk invites you to explore the Torrenson valley between the two charming villages of Saint Etienne de Valoux and Thorrenc.\r\nTo be discovered in the guidebook on sale at the tourist office and the \"échappées inspirées\" application."
        ],
        "it": [
          "Questa pittoresca passeggiata invita a esplorare la valle di Torrenson tra i due incantevoli villaggi di Saint Etienne de Valoux e Thorrenc.\r\nDa scoprire nella guida in vendita presso l'ufficio del turismo e nell'applicazione \"échappées inspirées\"."
        ],
        "fr": [
          "Cette promenade pittoresque vous invite à parcourir la vallée du Torrenson entre les deux charmants villages de Saint- Etienne de Valoux et de Thorrenc.\r\nA découvrir dans le guide en vente à l'office de tourisme et l'application les \"échappées inspirées\"."
        ],
        "es": [
          "Este pintoresco paseo le invita a explorar el valle de Torrenson entre los dos encantadores pueblos de Saint Etienne de Valoux y Thorrenc.\r\nSe puede descubrir en la guía a la venta en la oficina de turismo y en la aplicación \"échappées inspirées\"."
        ],
        "nl": [
          "Deze schilderachtige wandeling nodigt u uit om de vallei van Torrenson te verkennen tussen de twee charmante dorpjes Saint Etienne de Valoux en Thorrenc.\r\nTe ontdekken in de gids die te koop is bij het toeristenbureau en de applicatie \"échappées inspirées\"."
        ]
      }
    }
  ],
  "hasTheme": [
    {
      "@id": "kb:Hiking",
      "@type": [
        "SportsTheme"
      ],
      "rdfs:label": {
        "de": [
          "Wanderung"
        ],
        "pt": [
          "Caminhada"
        ],
        "en": [
          "Hiking"
        ],
        "it": [
          "Escursione"
        ],
        "fr": [
          "Randonnée"
        ],
        "nl": [
          "Wandelen"
        ],
        "es": [
          "Senderismo"
        ]
      }
    },
    {
      "@id": "kb:Pedestrian",
      "@type": [
        "SportsTheme"
      ],
      "rdfs:label": {
        "de": [
          "Zu Fuß"
        ],
        "pt": [
          "Pedestre"
        ],
        "en": [
          "Pedestrian"
        ],
        "it": [
          "A piedi"
        ],
        "fr": [
          "Pédestre"
        ],
        "nl": [
          "Voetgangers"
        ],
        "es": [
          "Peatón"
        ]
      }
    },
    {
      "@id": "kb:Running",
      "@type": [
        "SportsTheme"
      ],
      "rdfs:label": {
        "de": [
          "Laufen"
        ],
        "pt": [
          "Corrida a pé"
        ],
        "en": [
          "Running"
        ],
        "it": [
          "Corsa a piedi"
        ],
        "fr": [
          "Course à pied"
        ],
        "nl": [
          "Hardlopen"
        ],
        "es": [
          "Carrera a pie"
        ]
      }
    }
  ],
  "hasTranslatedProperty": [
    {
      "@id": "https://data.datatourisme.fr/17c40664-eea8-3c66-b79d-194e4d601bf6",
      "dc:contributor": [
        "https://api.deepl.com/v2/translate"
      ],
      "rdf:language": [
        "nl"
      ],
      "rdf:predicate": [
        {
          "@id": "rdfs:comment"
        }
      ]
    },
    {
      "@id": "https://data.datatourisme.fr/2c15ca13-2678-33c1-92ec-d23dd05aa175",
      "dc:contributor": [
        "https://api.deepl.com/v2/translate"
      ],
      "rdf:language": [
        "es"
      ],
      "rdf:predicate": [
        {
          "@id": "rdfs:comment"
        }
      ]
    },
    {
      "@id": "https://data.datatourisme.fr/8bfed0f8-0981-3733-a7d4-1e0c0e03ac66",
      "dc:contributor": [
        "https://api.deepl.com/v2/translate"
      ],
      "rdf:language": [
        "de"
      ],
      "rdf:predicate": [
        {
          "@id": "rdfs:comment"
        }
      ]
    },
    {
      "@id": "https://data.datatourisme.fr/9b10c0ae-bc6f-3538-84b8-b4092cbabcaa",
      "dc:contributor": [
        "https://api.deepl.com/v2/translate"
      ],
      "rdf:language": [
        "it"
      ],
      "rdf:predicate": [
        {
          "@id": "rdfs:comment"
        }
      ]
    }
  ],
  "isLocatedAt": [
    {
      "@id": "https://data.datatourisme.fr/e10b2f9f-bebc-306f-989e-b33f55377989",
      "schema:address": [
        {
          "@id": "https://data.datatourisme.fr/6eefcb7c-8034-3dbc-9daf-9f93bbd2a50b",
          "schema:addressLocality": "Saint-Étienne-de-Valoux",
          "schema:postalCode": "07340",
          "schema:streetAddress": [
            "Place de l'église"
          ],
          "@type": [
            "schema:PostalAddress",
            "PostalAddress"
          ],
          "hasAddressCity": {
            "@id": "kb:07234",
            "@type": [
              "City"
            ],
            "rdfs:label": {
              "de": [
                "Saint-Étienne-de-Valoux"
              ],
              "pt": [
                "Saint-Étienne-de-Valoux"
              ],
              "en": [
                "Saint-Étienne-de-Valoux"
              ],
              "it": [
                "Saint-Étienne-de-Valoux"
              ],
              "fr": [
                "Saint-Étienne-de-Valoux"
              ],
              "nl": [
                "Saint-Étienne-de-Valoux"
              ],
              "es": [
                "Saint-Étienne-de-Valoux"
              ]
            },
            "insee": "07234",
            "isPartOfDepartment": {
              "@id": "kb:France8407",
              "@type": [
                "Department"
              ],
              "rdfs:label": {
                "de": [
                  "Ardèche"
                ],
                "pt": [
                  "Ardèche"
                ],
                "en": [
                  "Ardèche"
                ],
                "it": [
                  "Ardèche"
                ],
                "fr": [
                  "Ardèche"
                ],
                "nl": [
                  "Ardèche"
                ],
                "es": [
                  "Ardèche"
                ]
              },
              "insee": "07",
              "isPartOfRegion": {
                "@id": "kb:France84",
                "@type": [
                  "Region"
                ],
                "rdfs:label": {
                  "de": [
                    "Auvergne-Rhône-Alpes"
                  ],
                  "pt": [
                    "Auvergne-Rhône-Alpes"
                  ],
                  "en": [
                    "Auvergne-Rhône-Alpes"
                  ],
                  "it": [
                    "Auvergne-Rhône-Alpes"
                  ],
                  "fr": [
                    "Auvergne-Rhône-Alpes"
                  ],
                  "nl": [
                    "Auvergne-Rhône-Alpes"
                  ],
                  "es": [
                    "Auvergne-Rhône-Alpes"
                  ]
                },
                "insee": "84",
                "isPartOfCountry": {
                  "@id": "kb:France",
                  "@type": [
                    "schema:Country"
                  ],
                  "rdfs:label": {
                    "de": [
                      "France",
                      "Frankreich"
                    ],
                    "pt": [
                      "França",
                      "France"
                    ],
                    "en": [
                      "France"
                    ],
                    "it": [
                      "France",
                      "Francia"
                    ],
                    "fr": [
                      "France"
                    ],
                    "nl": [
                      "France",
                      "Frankrijk"
                    ],
                    "es": [
                      "France",
                      "Francia"
                    ]
                  }
                }
              }
            }
          }
        }
      ],
      "schema:geo": {
        "@id": "https://data.datatourisme.fr/b8c8590e-6845-3f9c-9d5f-d2330ad8ac8d",
        "schema:latitude": "45.245872",
        "schema:longitude": "4.780383",
        "@type": [
          "schema:GeoCoordinates"
        ]
      },
      "schema:openingHoursSpecification": [
        {
          "@id": "https://data.datatourisme.fr/f87e535a-636d-3343-ad63-8a03392e7511",
          "schema:validFrom": "2023-01-01T00:00:00",
          "schema:validThrough": "2023-12-31T23:59:59",
          "@type": [
            "schema:OpeningHoursSpecification"
          ]
        }
      ],
      "@type": [
        "schema:Place",
        "Place"
      ]
    }
  ],
  "isOwnedBy": [
    {
      "@id": "https://data.datatourisme.fr/c34130c6-4437-3624-9afb-3511a8692fba",
      "schema:email": [
        "d.sanial@dromardeche.fr",
        "j.bruyere@dromardeche.fr"
      ],
      "schema:legalName": "Office de Tourisme Porte de DrômArdèche",
      "@type": [
        "schema:Organization",
        "foaf:Agent",
        "Agent"
      ],
      "foaf:homepage": [
        "http://www.autour-du-palais-ideal.fr/"
      ]
    }
  ],
  "lastUpdate": "2023-05-31",
  "lastUpdateDatatourisme": "2023-06-01T05:41:13.883Z"
}