{
  "@id": "https://data.datatourisme.fr/13/eb52c8f9-6c0e-352f-af04-6bd3405b4f93",
  "dc:identifier": "5578763",
  "@type": [
    "olo:OrderedList",
    "PlaceOfInterest",
    "PointOfInterest",
    "RoadTour",
    "SportsAndLeisurePlace",
    "Tour"
  ],
  "rdfs:comment": {
    "de": [
      "Es war einmal ... Ein Gebiet. Einzigartig. Die einzigartige Geschichte des Gebiets der Gorges de l'Ardèche begann vor 6 Millionen Jahren zwischen Land und Meer."
    ],
    "en": [
      "Once upon a time... A land. Unique. The singular history of the Ardèche Gorges territory began 6 million years ago between land and sea."
    ],
    "it": [
      "C'era una volta... Un territorio. Unico. La storia unica delle Gole dell'Ardèche è iniziata 6 milioni di anni fa tra terra e mare."
    ],
    "fr": [
      "Il était une fois... Un territoire. Unique. L’histoire singulière du territoire des Gorges de l’Ardèche a débuté y a 6 millions d’années entre terre et mer."
    ],
    "es": [
      "Érase una vez... Un territorio. Único. La historia única de las Gargantas del Ardèche comenzó hace 6 millones de años entre la tierra y el mar."
    ],
    "nl": [
      "Er was eens... Een gebied. Uniek. De unieke geschiedenis van de Gorges de l'Ardèche begon 6 miljoen jaar geleden tussen land en zee."
    ]
  },
  "rdfs:label": {
    "fr": [
      "Circuit Gorges, patrimoine et Préhistoire"
    ]
  },
  "hasBeenCreatedBy": {
    "@id": "https://data.datatourisme.fr/13/26657d5f-f902-3d2a-befe-558796b99584",
    "dc:identifier": "96",
    "schema:email": [
      "ncharra@ardeche-guide.com"
    ],
    "schema:legalName": "Agence de Développement Touristique de l'Ardèche",
    "@type": [
      "schema:Organization",
      "foaf:Agent",
      "Agent"
    ],
    "foaf:homepage": [
      "https://www.ardeche-guide.com/"
    ]
  },
  "hasBeenPublishedBy": [
    {
      "@id": "https://data.datatourisme.fr/dbca899d-3f22-364b-b99d-40af1e917c58",
      "schema:legalName": "Agence de Développement Touristique de l'Ardèche - source : Apidae Tourisme",
      "@type": [
        "schema:Organization",
        "foaf:Agent",
        "Agent"
      ],
      "foaf:homepage": [
        "https://www.apidae-tourisme.com/"
      ]
    }
  ],
  "hasContact": [
    {
      "@id": "https://data.datatourisme.fr/8fca6d1a-1268-38af-9448-332be0298cda",
      "@type": [
        "foaf:Agent",
        "Agent"
      ],
      "foaf:homepage": [
        "https://www.ardeche-guide.com/circuit-itinerant-en-voiture-dans-les-gorges-de-l-ardeche"
      ]
    }
  ],
  "hasDescription": [
    {
      "@id": "https://data.datatourisme.fr/4018830f-55d2-317d-8d19-687e496c85e8",
      "@type": [
        "Description"
      ],
      "hasTranslatedProperty": [
        {
          "@id": "https://data.datatourisme.fr/00b1e20b-260b-3f36-9f86-492012ff0e8f",
          "dc:contributor": [
            "https://api.deepl.com/v2/translate"
          ],
          "rdf:language": [
            "nl"
          ],
          "rdf:predicate": [
            "shortDescription"
          ]
        },
        {
          "@id": "https://data.datatourisme.fr/1d895c88-a29b-32ba-a7f7-fb9ebae97f43",
          "dc:contributor": [
            "https://api.deepl.com/v2/translate"
          ],
          "rdf:language": [
            "it"
          ],
          "rdf:predicate": [
            "shortDescription"
          ]
        },
        {
          "@id": "https://data.datatourisme.fr/2c17a670-cfcb-331d-a595-f834256ae85d",
          "dc:contributor": [
            "https://api.deepl.com/v2/translate"
          ],
          "rdf:language": [
            "de"
          ],
          "rdf:predicate": [
            "shortDescription"
          ]
        },
        {
          "@id": "https://data.datatourisme.fr/3bb7089d-62ed-3014-a515-409f2201b87e",
          "dc:contributor": [
            "https://api.deepl.com/v2/translate"
          ],
          "rdf:language": [
            "es"
          ],
          "rdf:predicate": [
            "shortDescription"
          ]
        },
        {
          "@id": "https://data.datatourisme.fr/886e4df1-2fd3-37a6-9343-ebf8ff0e713e",
          "dc:contributor": [
            "https://api.deepl.com/v2/translate"
          ],
          "rdf:language": [
            "en"
          ],
          "rdf:predicate": [
            "shortDescription"
          ]
        }
      ],
      "shortDescription": {
        "de": [
          "Es war einmal ... Ein Gebiet. Einzigartig. Die einzigartige Geschichte des Gebiets der Gorges de l'Ardèche begann vor 6 Millionen Jahren zwischen Land und Meer."
        ],
        "en": [
          "Once upon a time... A land. Unique. The singular history of the Ardèche Gorges territory began 6 million years ago between land and sea."
        ],
        "it": [
          "C'era una volta... Un territorio. Unico. La storia unica delle Gole dell'Ardèche è iniziata 6 milioni di anni fa tra terra e mare."
        ],
        "fr": [
          "Il était une fois... Un territoire. Unique. L’histoire singulière du territoire des Gorges de l’Ardèche a débuté y a 6 millions d’années entre terre et mer."
        ],
        "es": [
          "Érase una vez... Un territorio. Único. La historia única de las Gargantas del Ardèche comenzó hace 6 millones de años entre la tierra y el mar."
        ],
        "nl": [
          "Er was eens... Een gebied. Uniek. De unieke geschiedenis van de Gorges de l'Ardèche begon 6 miljoen jaar geleden tussen land en zee."
        ]
      }
    }
  ],
  "hasTranslatedProperty": [
    {
      "@id": "https://data.datatourisme.fr/2f307f46-9482-3c2d-b5d9-ac10e6d24834",
      "dc:contributor": [
        "https://api.deepl.com/v2/translate"
      ],
      "rdf:language": [
        "es"
      ],
      "rdf:predicate": [
        {
          "@id": "rdfs:comment"
        }
      ]
    },
    {
      "@id": "https://data.datatourisme.fr/8ca4a0c0-682a-3949-8443-09d9edbc9db9",
      "dc:contributor": [
        "https://api.deepl.com/v2/translate"
      ],
      "rdf:language": [
        "de"
      ],
      "rdf:predicate": [
        {
          "@id": "rdfs:comment"
        }
      ]
    },
    {
      "@id": "https://data.datatourisme.fr/9aae892c-f7b6-3644-81ba-3dcdf8c982af",
      "dc:contributor": [
        "https://api.deepl.com/v2/translate"
      ],
      "rdf:language": [
        "it"
      ],
      "rdf:predicate": [
        {
          "@id": "rdfs:comment"
        }
      ]
    },
    {
      "@id": "https://data.datatourisme.fr/a701b5ad-823f-3952-8997-99919a0591fc",
      "dc:contributor": [
        "https://api.deepl.com/v2/translate"
      ],
      "rdf:language": [
        "en"
      ],
      "rdf:predicate": [
        {
          "@id": "rdfs:comment"
        }
      ]
    },
    {
      "@id": "https://data.datatourisme.fr/eabbfb32-3bb0-3c86-b0b9-7cd0a35684c0",
      "dc:contributor": [
        "https://api.deepl.com/v2/translate"
      ],
      "rdf:language": [
        "nl"
      ],
      "rdf:predicate": [
        {
          "@id": "rdfs:comment"
        }
      ]
    }
  ],
  "isLocatedAt": [
    {
      "@id": "https://data.datatourisme.fr/a3ed9db3-348b-3094-b97e-21b52cfc8afd",
      "schema:address": [
        {
          "@id": "https://data.datatourisme.fr/258861c9-5b18-3cc2-a27d-ad00d404c1bf",
          "schema:addressLocality": "Viviers",
          "schema:postalCode": "07220",
          "@type": [
            "schema:PostalAddress",
            "PostalAddress"
          ],
          "hasAddressCity": {
            "@id": "kb:07346",
            "@type": [
              "City"
            ],
            "rdfs:label": {
              "de": [
                "Viviers"
              ],
              "pt": [
                "Viviers"
              ],
              "en": [
                "Viviers"
              ],
              "it": [
                "Viviers"
              ],
              "fr": [
                "Viviers"
              ],
              "nl": [
                "Viviers"
              ],
              "es": [
                "Viviers"
              ]
            },
            "insee": "07346",
            "isPartOfDepartment": {
              "@id": "kb:France8407",
              "@type": [
                "Department"
              ],
              "rdfs:label": {
                "de": [
                  "Ardèche"
                ],
                "pt": [
                  "Ardèche"
                ],
                "en": [
                  "Ardèche"
                ],
                "it": [
                  "Ardèche"
                ],
                "fr": [
                  "Ardèche"
                ],
                "nl": [
                  "Ardèche"
                ],
                "es": [
                  "Ardèche"
                ]
              },
              "insee": "07",
              "isPartOfRegion": {
                "@id": "kb:France84",
                "@type": [
                  "Region"
                ],
                "rdfs:label": {
                  "de": [
                    "Auvergne-Rhône-Alpes"
                  ],
                  "pt": [
                    "Auvergne-Rhône-Alpes"
                  ],
                  "en": [
                    "Auvergne-Rhône-Alpes"
                  ],
                  "it": [
                    "Auvergne-Rhône-Alpes"
                  ],
                  "fr": [
                    "Auvergne-Rhône-Alpes"
                  ],
                  "nl": [
                    "Auvergne-Rhône-Alpes"
                  ],
                  "es": [
                    "Auvergne-Rhône-Alpes"
                  ]
                },
                "insee": "84",
                "isPartOfCountry": {
                  "@id": "kb:France",
                  "@type": [
                    "schema:Country"
                  ],
                  "rdfs:label": {
                    "de": [
                      "France",
                      "Frankreich"
                    ],
                    "pt": [
                      "França",
                      "France"
                    ],
                    "en": [
                      "France"
                    ],
                    "it": [
                      "France",
                      "Francia"
                    ],
                    "fr": [
                      "France"
                    ],
                    "nl": [
                      "France",
                      "Frankrijk"
                    ],
                    "es": [
                      "France",
                      "Francia"
                    ]
                  }
                }
              }
            }
          }
        }
      ],
      "schema:geo": {
        "@id": "https://data.datatourisme.fr/103833cd-6229-33f0-b53c-8f6406e8beed",
        "schema:latitude": "44.480471",
        "schema:longitude": "4.690767",
        "@type": [
          "schema:GeoCoordinates"
        ]
      },
      "schema:openingHoursSpecification": [
        {
          "@id": "https://data.datatourisme.fr/f87e535a-636d-3343-ad63-8a03392e7511",
          "schema:validFrom": "2023-01-01T00:00:00",
          "schema:validThrough": "2023-12-31T23:59:59",
          "@type": [
            "schema:OpeningHoursSpecification"
          ]
        }
      ],
      "@type": [
        "schema:Place",
        "Place"
      ]
    }
  ],
  "isOwnedBy": [
    {
      "@id": "https://data.datatourisme.fr/6ef576cd-2c5c-33d6-b250-09b105230dfc",
      "schema:email": [
        "ncharra@ardeche-guide.com"
      ],
      "schema:legalName": "Agence de Développement Touristique de l'Ardèche",
      "@type": [
        "schema:Organization",
        "foaf:Agent",
        "Agent"
      ],
      "foaf:homepage": [
        "https://www.ardeche-guide.com/"
      ]
    }
  ],
  "lastUpdate": "2022-06-14",
  "lastUpdateDatatourisme": "2023-02-01T18:07:36.136Z"
}