{
  "@id": "https://data.datatourisme.fr/13/871545a1-2feb-3cb2-be66-732ee2834669",
  "dc:identifier": "4984208",
  "@type": [
    "schema:LocalBusiness",
    "schema:TouristInformationCenter",
    "LocalTouristOffice",
    "PlaceOfInterest",
    "PointOfInterest",
    "Store",
    "TouristInformationCenter"
  ],
  "rdfs:comment": {
    "de": [
      "Um Montmartre, sein Kulturerbe und seine Aktualität zu entdecken oder wiederzuentdecken!\r\n\r\nInformationen, Auskünfte, Orientierung..\r\n\r\nUm Sie Montmartre entdecken oder wiederentdecken zu lassen\r\n\r\nZu Ihrem Vergnügen organisieren wir Veranstaltungen und Animationen."
    ],
    "en": [
      "To discover or rediscover Montmartre, its Heritage, its News!\r\n\r\nInform you, inform you, guide you..\r\n\r\nTo help you discover or rediscover Montmartre\r\n\r\nFor your pleasure, we organize events and animations."
    ],
    "it": [
      "Per scoprire o riscoprire Montmartre, il suo patrimonio, la sua attualità!\r\n\r\nPer informarvi, per guidarvi?\r\n\r\nPer aiutarvi a scoprire o riscoprire Montmartre\r\n\r\nPer il vostro piacere, organizziamo eventi e attività."
    ],
    "fr": [
      "Pour découvrir ou redécouvrir Montmartre, son Patrimoine, son Actualité !\r\n\r\nVous renseigner, vous informer, vous orienter…\r\n\r\nPour vous faire découvrir ou redécouvrir Montmartre\r\n\r\nPour votre plaisir, nous organisons événements et animations."
    ],
    "es": [
      "Para descubrir o redescubrir Montmartre, su patrimonio, su actualidad\r\n\r\n¿Para informarle, para guiarle?\r\n\r\nPara ayudarle a descubrir o redescubrir Montmartre\r\n\r\nPara su disfrute, organizamos eventos y actividades."
    ],
    "nl": [
      "Om Montmartre, zijn erfgoed, zijn actualiteit te ontdekken of te herontdekken!\r\n\r\nOm u te informeren, te begeleiden..\r\n\r\nOm u te helpen Montmartre te ontdekken of herontdekken\r\n\r\nVoor uw plezier organiseren wij evenementen en activiteiten."
    ]
  },
  "rdfs:label": {
    "fr": [
      "Montmartre un Village"
    ]
  },
  "hasBeenCreatedBy": {
    "@id": "https://data.datatourisme.fr/13/03e0704b-5690-32de-a186-1dc3ad3316c9",
    "dc:identifier": "1019",
    "schema:email": [
      "bgeigle@visitparisregion.com",
      "hcaldo@visitparisregion.com",
      "mtanaskovic@visitparisregion.com"
    ],
    "schema:legalName": "Choose Paris Region",
    "@type": [
      "schema:Organization",
      "foaf:Agent",
      "Agent"
    ],
    "foaf:homepage": [
      "http://www.visitparisregion.com/"
    ]
  },
  "hasBeenPublishedBy": [
    {
      "@id": "https://data.datatourisme.fr/8a9feb4b-2cbd-3d2c-b507-bd6c6776b23b",
      "schema:legalName": "Apidae Tourisme Scic SA - source : Apidae Tourisme",
      "@type": [
        "schema:Organization",
        "foaf:Agent",
        "Agent"
      ],
      "foaf:homepage": [
        "https://www.apidae-tourisme.com/"
      ]
    }
  ],
  "hasContact": [
    {
      "@id": "https://data.datatourisme.fr/70e6d1f9-5028-3afc-9b91-00ae8afa0fb1",
      "schema:telephone": [
        "+33 1 42 62 21 21"
      ],
      "@type": [
        "foaf:Agent",
        "Agent"
      ],
      "foaf:homepage": [
        "http://www.montmartre-guide.com/"
      ]
    }
  ],
  "hasDescription": [
    {
      "@id": "https://data.datatourisme.fr/120f4018-42d6-36bd-9911-9478e824eb6f",
      "@type": [
        "Description"
      ],
      "hasTranslatedProperty": [
        {
          "@id": "https://data.datatourisme.fr/13f30edc-6252-3d5a-9757-cbc04c8a00de",
          "dc:contributor": [
            "https://api.deepl.com/v2/translate"
          ],
          "rdf:language": [
            "nl"
          ],
          "rdf:predicate": [
            "shortDescription"
          ]
        },
        {
          "@id": "https://data.datatourisme.fr/5d3ddbdb-4644-3bc3-9b15-10d99dbfd6fd",
          "dc:contributor": [
            "https://api.deepl.com/v2/translate"
          ],
          "rdf:language": [
            "es"
          ],
          "rdf:predicate": [
            "shortDescription"
          ]
        },
        {
          "@id": "https://data.datatourisme.fr/640f9853-a8f5-3b45-8352-cb83b9b58e87",
          "dc:contributor": [
            "https://api.deepl.com/v2/translate"
          ],
          "rdf:language": [
            "en"
          ],
          "rdf:predicate": [
            "shortDescription"
          ]
        },
        {
          "@id": "https://data.datatourisme.fr/a8e872d3-2cff-3d9d-a02b-773f890a6bc2",
          "dc:contributor": [
            "https://api.deepl.com/v2/translate"
          ],
          "rdf:language": [
            "it"
          ],
          "rdf:predicate": [
            "shortDescription"
          ]
        },
        {
          "@id": "https://data.datatourisme.fr/b5f5317f-7f3f-3423-b6ad-3cfad30daa7a",
          "dc:contributor": [
            "https://api.deepl.com/v2/translate"
          ],
          "rdf:language": [
            "de"
          ],
          "rdf:predicate": [
            "shortDescription"
          ]
        }
      ],
      "shortDescription": {
        "de": [
          "Um Montmartre, sein Kulturerbe und seine Aktualität zu entdecken oder wiederzuentdecken!\r\n\r\nInformationen, Auskünfte, Orientierung..\r\n\r\nUm Sie Montmartre entdecken oder wiederentdecken zu lassen\r\n\r\nZu Ihrem Vergnügen organisieren wir Veranstaltungen und Animationen."
        ],
        "en": [
          "To discover or rediscover Montmartre, its Heritage, its News!\r\n\r\nInform you, inform you, guide you..\r\n\r\nTo help you discover or rediscover Montmartre\r\n\r\nFor your pleasure, we organize events and animations."
        ],
        "it": [
          "Per scoprire o riscoprire Montmartre, il suo patrimonio, la sua attualità!\r\n\r\nPer informarvi, per guidarvi?\r\n\r\nPer aiutarvi a scoprire o riscoprire Montmartre\r\n\r\nPer il vostro piacere, organizziamo eventi e attività."
        ],
        "fr": [
          "Pour découvrir ou redécouvrir Montmartre, son Patrimoine, son Actualité !\r\n\r\nVous renseigner, vous informer, vous orienter…\r\n\r\nPour vous faire découvrir ou redécouvrir Montmartre\r\n\r\nPour votre plaisir, nous organisons événements et animations."
        ],
        "es": [
          "Para descubrir o redescubrir Montmartre, su patrimonio, su actualidad\r\n\r\n¿Para informarle, para guiarle?\r\n\r\nPara ayudarle a descubrir o redescubrir Montmartre\r\n\r\nPara su disfrute, organizamos eventos y actividades."
        ],
        "nl": [
          "Om Montmartre, zijn erfgoed, zijn actualiteit te ontdekken of te herontdekken!\r\n\r\nOm u te informeren, te begeleiden..\r\n\r\nOm u te helpen Montmartre te ontdekken of herontdekken\r\n\r\nVoor uw plezier organiseren wij evenementen en activiteiten."
        ]
      }
    }
  ],
  "hasTranslatedProperty": [
    {
      "@id": "https://data.datatourisme.fr/198515ff-619a-3152-b35b-797a4175a51c",
      "dc:contributor": [
        "https://api.deepl.com/v2/translate"
      ],
      "rdf:language": [
        "en"
      ],
      "rdf:predicate": [
        {
          "@id": "rdfs:comment"
        }
      ]
    },
    {
      "@id": "https://data.datatourisme.fr/3e6b4082-d89f-3cab-92fb-fa5492090d12",
      "dc:contributor": [
        "https://api.deepl.com/v2/translate"
      ],
      "rdf:language": [
        "it"
      ],
      "rdf:predicate": [
        {
          "@id": "rdfs:comment"
        }
      ]
    },
    {
      "@id": "https://data.datatourisme.fr/87ce2ff2-bc60-3e97-a9eb-d64255d3608f",
      "dc:contributor": [
        "https://api.deepl.com/v2/translate"
      ],
      "rdf:language": [
        "de"
      ],
      "rdf:predicate": [
        {
          "@id": "rdfs:comment"
        }
      ]
    },
    {
      "@id": "https://data.datatourisme.fr/f3c578eb-7cac-3db8-bbc1-4803d021a975",
      "dc:contributor": [
        "https://api.deepl.com/v2/translate"
      ],
      "rdf:language": [
        "nl"
      ],
      "rdf:predicate": [
        {
          "@id": "rdfs:comment"
        }
      ]
    },
    {
      "@id": "https://data.datatourisme.fr/fd5f3f9d-49a2-319e-8653-ec62fbc3429f",
      "dc:contributor": [
        "https://api.deepl.com/v2/translate"
      ],
      "rdf:language": [
        "es"
      ],
      "rdf:predicate": [
        {
          "@id": "rdfs:comment"
        }
      ]
    }
  ],
  "isLocatedAt": [
    {
      "@id": "https://data.datatourisme.fr/fefe7190-10d1-3125-bd79-c94c56dbaa59",
      "schema:address": [
        {
          "@id": "https://data.datatourisme.fr/d2869a03-8815-3bb3-aee3-00cc0e5c35dd",
          "schema:addressLocality": "Paris",
          "schema:postalCode": "75018",
          "schema:streetAddress": [
            "7 rue Drevet"
          ],
          "@type": [
            "schema:PostalAddress",
            "PostalAddress"
          ],
          "hasAddressCity": {
            "@id": "kb:75056",
            "@type": [
              "City"
            ],
            "rdfs:label": {
              "de": [
                "Paris"
              ],
              "pt": [
                "Paris"
              ],
              "en": [
                "Paris"
              ],
              "it": [
                "Paris"
              ],
              "fr": [
                "Paris"
              ],
              "nl": [
                "Paris"
              ],
              "es": [
                "Paris"
              ]
            },
            "insee": "75056",
            "isPartOfDepartment": {
              "@id": "kb:France1175",
              "@type": [
                "Department"
              ],
              "rdfs:label": {
                "de": [
                  "Paris"
                ],
                "pt": [
                  "Paris"
                ],
                "en": [
                  "Paris"
                ],
                "it": [
                  "Paris"
                ],
                "fr": [
                  "Paris"
                ],
                "nl": [
                  "Paris"
                ],
                "es": [
                  "Paris"
                ]
              },
              "insee": "75",
              "isPartOfRegion": {
                "@id": "kb:France11",
                "@type": [
                  "Region"
                ],
                "rdfs:label": {
                  "de": [
                    "Île-de-France"
                  ],
                  "pt": [
                    "Île-de-France"
                  ],
                  "en": [
                    "Île-de-France"
                  ],
                  "it": [
                    "Île-de-France"
                  ],
                  "fr": [
                    "Île-de-France"
                  ],
                  "nl": [
                    "Île-de-France"
                  ],
                  "es": [
                    "Île-de-France"
                  ]
                },
                "insee": "11",
                "isPartOfCountry": {
                  "@id": "kb:France",
                  "@type": [
                    "schema:Country"
                  ],
                  "rdfs:label": {
                    "de": [
                      "France",
                      "Frankreich"
                    ],
                    "pt": [
                      "França",
                      "France"
                    ],
                    "en": [
                      "France"
                    ],
                    "it": [
                      "France",
                      "Francia"
                    ],
                    "fr": [
                      "France"
                    ],
                    "nl": [
                      "France",
                      "Frankrijk"
                    ],
                    "es": [
                      "France",
                      "Francia"
                    ]
                  }
                }
              }
            }
          }
        }
      ],
      "schema:geo": {
        "@id": "https://data.datatourisme.fr/8d47a935-94b9-3dd8-b225-e6935be2ef9c",
        "schema:latitude": "48.885587",
        "schema:longitude": "2.340579",
        "@type": [
          "schema:GeoCoordinates"
        ]
      },
      "schema:openingHoursSpecification": [
        {
          "@id": "https://data.datatourisme.fr/0076ae40-6c86-3eb3-b72a-79b8f057e5d4",
          "schema:validFrom": "2023-01-01T00:00:00",
          "schema:validThrough": "2023-12-31T23:59:59",
          "@type": [
            "schema:OpeningHoursSpecification"
          ],
          "additionalInformation": {
            "de": [
              "Vom 1. April bis 31. Oktober: Montag-Freitag, 10-17 Uhr; Samstag-Sonntag, 10-13 Uhr und 14-18 Uhr. Vom 1. November bis 31. März: Montag-Freitag, 10:00-17:00 Uhr; Samstag-Sonntag, 10:00-13:00 Uhr und 14:00-17:00 Uhr. Geschlossen am 1. Mai und 25. Dezember."
            ],
            "en": [
              "From 1 April to 31 October: Monday-Friday, 10am-5pm; Saturday-Sunday, 10am-1pm and 2pm-6pm. From 1 November to 31 March: Monday-Friday, 10am-5pm; Saturday-Sunday, 10am-1pm and 2pm-5pm. Closed on 1 May and 25 December."
            ],
            "it": [
              "Dal 1° aprile al 31 ottobre: lunedì-venerdì, 10.00-17.00; sabato-domenica, 10.00-13.00 e 14.00-18.00. Dal 1° novembre al 31 marzo: lunedì-venerdì, dalle 10.00 alle 17.00; sabato-domenica, dalle 10.00 alle 13.00 e dalle 14.00 alle 17.00. Chiuso il 1° maggio e il 25 dicembre."
            ],
            "fr": [
              "Du 1er avril au 31 octobre : lundi-vendredi, 10h-17h ; samedi-dimanche, 10h-13h et 14h-18h. Du 1er novembre au 31 mars : lundi-vendredi, 10h-17h ; samedi-dimanche, 10h-13h et 14h-17h. Fermé le 1er mai et le 25 décembre."
            ],
            "es": [
              "Del 1 de abril al 31 de octubre: de lunes a viernes, de 10:00 a 17:00 horas; sábado y domingo, de 10:00 a 13:00 y de 14:00 a 18:00 horas. Del 1 de noviembre al 31 de marzo: de lunes a viernes, de 10:00 a 17:00 horas; sábado y domingo, de 10:00 a 13:00 y de 14:00 a 17:00 horas. Cerrado el 1 de mayo y el 25 de diciembre."
            ],
            "nl": [
              "1 april tot 31 oktober: maandag-vrijdag, 10-17 uur; zaterdag-zondag, 10-17 uur en 14-18 uur. 1 november tot 31 maart: maandag-vrijdag, 10-17 uur; zaterdag-zondag, 10-17 uur en 14-17 uur. Gesloten op 1 mei en 25 december."
            ]
          },
          "hasTranslatedProperty": [
            {
              "@id": "https://data.datatourisme.fr/36b57d92-49a5-374d-a985-20ec50764182",
              "dc:contributor": [
                "https://api.deepl.com/v2/translate"
              ],
              "rdf:language": [
                "es"
              ],
              "rdf:predicate": [
                "additionalInformation"
              ]
            },
            {
              "@id": "https://data.datatourisme.fr/a8d878cd-f43a-3142-bd1f-875785d13605",
              "dc:contributor": [
                "https://api.deepl.com/v2/translate"
              ],
              "rdf:language": [
                "en"
              ],
              "rdf:predicate": [
                "additionalInformation"
              ]
            },
            {
              "@id": "https://data.datatourisme.fr/d3d5a344-6aad-3279-9dd5-e354507087d9",
              "dc:contributor": [
                "https://api.deepl.com/v2/translate"
              ],
              "rdf:language": [
                "nl"
              ],
              "rdf:predicate": [
                "additionalInformation"
              ]
            },
            {
              "@id": "https://data.datatourisme.fr/d7313bd8-41ec-365e-b2b9-433cff25461c",
              "dc:contributor": [
                "https://api.deepl.com/v2/translate"
              ],
              "rdf:language": [
                "it"
              ],
              "rdf:predicate": [
                "additionalInformation"
              ]
            },
            {
              "@id": "https://data.datatourisme.fr/f537a63d-2fba-31f2-b849-64647921a8d7",
              "dc:contributor": [
                "https://api.deepl.com/v2/translate"
              ],
              "rdf:language": [
                "de"
              ],
              "rdf:predicate": [
                "additionalInformation"
              ]
            }
          ]
        }
      ],
      "@type": [
        "schema:Place",
        "Place"
      ]
    }
  ],
  "isOwnedBy": [
    {
      "@id": "https://data.datatourisme.fr/3b8a790a-ebad-39c6-9a18-c5663001f469",
      "schema:email": [
        "bgeigle@visitparisregion.com",
        "hcaldo@visitparisregion.com",
        "mtanaskovic@visitparisregion.com"
      ],
      "schema:legalName": "Choose Paris Region",
      "@type": [
        "schema:Organization",
        "foaf:Agent",
        "Agent"
      ],
      "foaf:homepage": [
        "http://www.visitparisregion.com/"
      ]
    }
  ],
  "lastUpdate": "2020-08-04",
  "lastUpdateDatatourisme": "2023-10-02T05:53:31.797Z"
}