{
  "@id": "https://data.datatourisme.fr/13/07da625d-725f-3d78-9af4-576f397c6e82",
  "dc:identifier": "37593",
  "@type": [
    "schema:Landform",
    "NaturalHeritage",
    "PlaceOfInterest",
    "PointOfInterest",
    "River",
    "Stream"
  ],
  "rdfs:comment": {
    "de": [
      "Malerische Straße. Das Tal des Flusses Ay mit seinen scharfen Einschnitten und wunderschönen Schluchten, die von großen Granitmauern gespickt sind."
    ],
    "en": [
      "Picturesque road along the valley of river Ay with its magnificent gorges and sharp granite-rock faces."
    ],
    "it": [
      "Itinerario pittoresco. Valle del fiume d'Ay con i suoi tagli netti e le sue magnifiche gole, irte di grandi pareti di granito."
    ],
    "fr": [
      "Route pittoresque. Vallée de la rivière d'Ay avec ses découpes franches et ses gorges magnifiques, hérissées de grandes murailles granitiques."
    ],
    "nl": [
      "Schilderachtige route. Vallei van de rivier d'Ay met zijn scherpe sneden en prachtige kloven, vol met grote granieten muren."
    ],
    "es": [
      "Ruta pintoresca. Valle del río d'Ay, con sus afilados cortes y magníficas gargantas, erizadas de grandes paredes de granito."
    ]
  },
  "rdfs:label": {
    "fr": [
      "Gorges de l'Ay"
    ]
  },
  "hasBeenCreatedBy": {
    "@id": "https://data.datatourisme.fr/13/73278a4a-8696-3eeb-976a-8fd4c9ec6997",
    "dc:identifier": "113",
    "schema:email": [
      "d.sanial@dromardeche.fr",
      "j.bruyere@dromardeche.fr"
    ],
    "schema:legalName": "Office de Tourisme Porte de DrômArdèche",
    "@type": [
      "schema:Organization",
      "foaf:Agent",
      "Agent"
    ],
    "foaf:homepage": [
      "http://www.autour-du-palais-ideal.fr/"
    ]
  },
  "hasBeenPublishedBy": [
    {
      "@id": "https://data.datatourisme.fr/d48f2ccd-2357-3a8e-b949-cb8bf19a361f",
      "schema:legalName": "Agence d'Attractivité de la Drôme - source : Apidae Tourisme",
      "@type": [
        "schema:Organization",
        "foaf:Agent",
        "Agent"
      ],
      "foaf:homepage": [
        "https://www.apidae-tourisme.com/"
      ]
    }
  ],
  "hasContact": [
    {
      "@id": "https://data.datatourisme.fr/fab09f38-8dcd-3be3-b79f-e56b4c53a3a9",
      "schema:telephone": [
        "+33 4 75 23 04 81"
      ],
      "@type": [
        "foaf:Agent",
        "Agent"
      ]
    }
  ],
  "hasDescription": [
    {
      "@id": "https://data.datatourisme.fr/5def357a-9f91-300a-bdc3-6832d9f2b7f0",
      "@type": [
        "Description"
      ],
      "hasTranslatedProperty": [
        {
          "@id": "https://data.datatourisme.fr/25ffc844-1026-34ca-8397-bf82dcdf1764",
          "dc:contributor": [
            "https://api.deepl.com/v2/translate"
          ],
          "rdf:language": [
            "nl"
          ],
          "rdf:predicate": [
            "shortDescription"
          ]
        },
        {
          "@id": "https://data.datatourisme.fr/76a2803d-4eb1-3838-b304-9210bd34245a",
          "dc:contributor": [
            "https://api.deepl.com/v2/translate"
          ],
          "rdf:language": [
            "it"
          ],
          "rdf:predicate": [
            "shortDescription"
          ]
        },
        {
          "@id": "https://data.datatourisme.fr/b645ce86-ffd1-3d53-9a9f-8bd4dd9291a9",
          "dc:contributor": [
            "https://api.deepl.com/v2/translate"
          ],
          "rdf:language": [
            "es"
          ],
          "rdf:predicate": [
            "shortDescription"
          ]
        },
        {
          "@id": "https://data.datatourisme.fr/f9aa17de-b4c4-3855-91c8-6fb270ca74a6",
          "dc:contributor": [
            "https://api.deepl.com/v2/translate"
          ],
          "rdf:language": [
            "de"
          ],
          "rdf:predicate": [
            "shortDescription"
          ]
        }
      ],
      "shortDescription": {
        "de": [
          "Malerische Straße. Das Tal des Flusses Ay mit seinen scharfen Einschnitten und wunderschönen Schluchten, die von großen Granitmauern gespickt sind."
        ],
        "en": [
          "Picturesque road along the valley of river Ay with its magnificent gorges and sharp granite-rock faces."
        ],
        "it": [
          "Itinerario pittoresco. Valle del fiume d'Ay con i suoi tagli netti e le sue magnifiche gole, irte di grandi pareti di granito."
        ],
        "fr": [
          "Route pittoresque. Vallée de la rivière d'Ay avec ses découpes franches et ses gorges magnifiques, hérissées de grandes murailles granitiques."
        ],
        "nl": [
          "Schilderachtige route. Vallei van de rivier d'Ay met zijn scherpe sneden en prachtige kloven, vol met grote granieten muren."
        ],
        "es": [
          "Ruta pintoresca. Valle del río d'Ay, con sus afilados cortes y magníficas gargantas, erizadas de grandes paredes de granito."
        ]
      }
    }
  ],
  "hasTranslatedProperty": [
    {
      "@id": "https://data.datatourisme.fr/c5f2cdfb-641b-359d-b601-723cf60a5566",
      "dc:contributor": [
        "https://api.deepl.com/v2/translate"
      ],
      "rdf:language": [
        "es"
      ],
      "rdf:predicate": [
        {
          "@id": "rdfs:comment"
        }
      ]
    },
    {
      "@id": "https://data.datatourisme.fr/d192cbd7-e757-3540-987e-c46ecbc41924",
      "dc:contributor": [
        "https://api.deepl.com/v2/translate"
      ],
      "rdf:language": [
        "it"
      ],
      "rdf:predicate": [
        {
          "@id": "rdfs:comment"
        }
      ]
    },
    {
      "@id": "https://data.datatourisme.fr/df3d0b42-0b7f-3584-9a54-580315fbdb91",
      "dc:contributor": [
        "https://api.deepl.com/v2/translate"
      ],
      "rdf:language": [
        "nl"
      ],
      "rdf:predicate": [
        {
          "@id": "rdfs:comment"
        }
      ]
    },
    {
      "@id": "https://data.datatourisme.fr/f7380ea6-3bdf-3b4d-9ae2-2352da2b26bb",
      "dc:contributor": [
        "https://api.deepl.com/v2/translate"
      ],
      "rdf:language": [
        "de"
      ],
      "rdf:predicate": [
        {
          "@id": "rdfs:comment"
        }
      ]
    }
  ],
  "isLocatedAt": [
    {
      "@id": "https://data.datatourisme.fr/feb8693b-fbd8-3170-9cad-dc44585107a7",
      "schema:address": [
        {
          "@id": "https://data.datatourisme.fr/776015b3-a0e9-3680-867b-3d8733da09de",
          "schema:addressLocality": "Sarras",
          "schema:postalCode": "07370",
          "@type": [
            "schema:PostalAddress",
            "PostalAddress"
          ],
          "hasAddressCity": {
            "@id": "kb:07308",
            "@type": [
              "City"
            ],
            "rdfs:label": {
              "de": [
                "Sarras"
              ],
              "pt": [
                "Sarras"
              ],
              "en": [
                "Sarras"
              ],
              "it": [
                "Sarras"
              ],
              "fr": [
                "Sarras"
              ],
              "nl": [
                "Sarras"
              ],
              "es": [
                "Sarras"
              ]
            },
            "insee": "07308",
            "isPartOfDepartment": {
              "@id": "kb:France8407",
              "@type": [
                "Department"
              ],
              "rdfs:label": {
                "de": [
                  "Ardèche"
                ],
                "pt": [
                  "Ardèche"
                ],
                "en": [
                  "Ardèche"
                ],
                "it": [
                  "Ardèche"
                ],
                "fr": [
                  "Ardèche"
                ],
                "nl": [
                  "Ardèche"
                ],
                "es": [
                  "Ardèche"
                ]
              },
              "insee": "07",
              "isPartOfRegion": {
                "@id": "kb:France84",
                "@type": [
                  "Region"
                ],
                "rdfs:label": {
                  "de": [
                    "Auvergne-Rhône-Alpes"
                  ],
                  "pt": [
                    "Auvergne-Rhône-Alpes"
                  ],
                  "en": [
                    "Auvergne-Rhône-Alpes"
                  ],
                  "it": [
                    "Auvergne-Rhône-Alpes"
                  ],
                  "fr": [
                    "Auvergne-Rhône-Alpes"
                  ],
                  "nl": [
                    "Auvergne-Rhône-Alpes"
                  ],
                  "es": [
                    "Auvergne-Rhône-Alpes"
                  ]
                },
                "insee": "84",
                "isPartOfCountry": {
                  "@id": "kb:France",
                  "@type": [
                    "schema:Country"
                  ],
                  "rdfs:label": {
                    "de": [
                      "France",
                      "Frankreich"
                    ],
                    "pt": [
                      "França",
                      "France"
                    ],
                    "en": [
                      "France"
                    ],
                    "it": [
                      "France",
                      "Francia"
                    ],
                    "fr": [
                      "France"
                    ],
                    "nl": [
                      "France",
                      "Frankrijk"
                    ],
                    "es": [
                      "France",
                      "Francia"
                    ]
                  }
                }
              }
            }
          }
        }
      ],
      "schema:geo": {
        "@id": "https://data.datatourisme.fr/e1f17c6e-5b0f-327b-bd1c-f8e8a0803499",
        "schema:latitude": "45.191111",
        "schema:longitude": "4.793129",
        "@type": [
          "schema:GeoCoordinates"
        ]
      },
      "schema:openingHoursSpecification": [
        {
          "@id": "https://data.datatourisme.fr/f87e535a-636d-3343-ad63-8a03392e7511",
          "schema:validFrom": "2023-01-01T00:00:00",
          "schema:validThrough": "2023-12-31T23:59:59",
          "@type": [
            "schema:OpeningHoursSpecification"
          ]
        }
      ],
      "@type": [
        "schema:Place",
        "Place"
      ]
    }
  ],
  "isOwnedBy": [
    {
      "@id": "https://data.datatourisme.fr/c34130c6-4437-3624-9afb-3511a8692fba",
      "schema:email": [
        "d.sanial@dromardeche.fr",
        "j.bruyere@dromardeche.fr"
      ],
      "schema:legalName": "Office de Tourisme Porte de DrômArdèche",
      "@type": [
        "schema:Organization",
        "foaf:Agent",
        "Agent"
      ],
      "foaf:homepage": [
        "http://www.autour-du-palais-ideal.fr/"
      ]
    }
  ],
  "lastUpdate": "2018-02-16",
  "lastUpdateDatatourisme": "2023-02-01T18:07:36.15Z"
}