{
  "@id": "https://data.datatourisme.fr/13/b9607a1f-d6d3-3de1-9d76-50b4b166bd4a",
  "dc:identifier": "5165176",
  "@type": [
    "schema:LocalBusiness",
    "schema:Museum",
    "CulturalSite",
    "Museum",
    "PlaceOfInterest",
    "PointOfInterest"
  ],
  "rdfs:comment": {
    "de": [
      "Mit den schönen Tagen kommt Fluctuart an den Kai, zur Freude aller Liebhaber urbaner Kulturen!"
    ],
    "en": [
      "With the arrival of sunny weather, Fluctuart is back on the quayside, to the delight of urban culture fans!"
    ],
    "it": [
      "Con l'arrivo del bel tempo, Fluctuart si affianca alla banchina, per la gioia degli appassionati di cultura urbana!"
    ],
    "fr": [
      "Avec les beaux jours, Fluctuart arrive à quai pour le plus grand bonheur des amateurs de cultures urbaines !"
    ],
    "nl": [
      "Nu het weer warmer wordt, komt Fluctuart langs de kade, tot grote vreugde van liefhebbers van stedelijke cultuur!"
    ],
    "es": [
      "Con la llegada del buen tiempo, Fluctuart se acerca a los muelles, ¡para deleite de los aficionados a la cultura urbana!"
    ]
  },
  "rdfs:label": {
    "en": [
      "Fluctuart"
    ],
    "fr": [
      "Fluctuart"
    ]
  },
  "hasBeenCreatedBy": {
    "@id": "https://data.datatourisme.fr/13/03e0704b-5690-32de-a186-1dc3ad3316c9",
    "dc:identifier": "1019",
    "schema:email": [
      "bgeigle@visitparisregion.com",
      "hcaldo@visitparisregion.com",
      "mtanaskovic@visitparisregion.com"
    ],
    "schema:legalName": "Choose Paris Region",
    "@type": [
      "schema:Organization",
      "foaf:Agent",
      "Agent"
    ],
    "foaf:homepage": [
      "http://www.visitparisregion.com/"
    ]
  },
  "hasBeenPublishedBy": [
    {
      "@id": "https://data.datatourisme.fr/8a9feb4b-2cbd-3d2c-b507-bd6c6776b23b",
      "schema:legalName": "Apidae Tourisme Scic SA - source : Apidae Tourisme",
      "@type": [
        "schema:Organization",
        "foaf:Agent",
        "Agent"
      ],
      "foaf:homepage": [
        "https://www.apidae-tourisme.com/"
      ]
    }
  ],
  "hasContact": [
    {
      "@id": "https://data.datatourisme.fr/3fc38762-21e0-39a1-bdde-f93bc4548666",
      "schema:telephone": [
        "+33 1 83 56 10 83"
      ],
      "@type": [
        "foaf:Agent",
        "Agent"
      ],
      "foaf:homepage": [
        "https://fluctuart.fr/"
      ]
    }
  ],
  "hasDescription": [
    {
      "@id": "https://data.datatourisme.fr/9ea8ffd6-474a-3fbc-8da7-5f1632f9c0f9",
      "@type": [
        "Description"
      ],
      "hasTranslatedProperty": [
        {
          "@id": "https://data.datatourisme.fr/32ea0c38-b3cb-38dd-afef-d3954117e806",
          "dc:contributor": [
            "https://api.deepl.com/v2/translate"
          ],
          "rdf:language": [
            "it"
          ],
          "rdf:predicate": [
            "shortDescription"
          ]
        },
        {
          "@id": "https://data.datatourisme.fr/3ce4283b-fe43-3270-91c7-f8230ce0176c",
          "dc:contributor": [
            "https://api.deepl.com/v2/translate"
          ],
          "rdf:language": [
            "nl"
          ],
          "rdf:predicate": [
            "shortDescription"
          ]
        },
        {
          "@id": "https://data.datatourisme.fr/71f9b2ba-ef1e-3ee2-9f75-1cfac5b2eb83",
          "dc:contributor": [
            "https://api.deepl.com/v2/translate"
          ],
          "rdf:language": [
            "de"
          ],
          "rdf:predicate": [
            "shortDescription"
          ]
        },
        {
          "@id": "https://data.datatourisme.fr/925f2577-41b1-3106-83bf-446506048d83",
          "dc:contributor": [
            "https://api.deepl.com/v2/translate"
          ],
          "rdf:language": [
            "es"
          ],
          "rdf:predicate": [
            "shortDescription"
          ]
        },
        {
          "@id": "https://data.datatourisme.fr/99153ed6-d92a-3de4-bf29-72f1010257d1",
          "dc:contributor": [
            "https://api.deepl.com/v2/translate"
          ],
          "rdf:language": [
            "en"
          ],
          "rdf:predicate": [
            "shortDescription"
          ]
        }
      ],
      "shortDescription": {
        "de": [
          "Mit den schönen Tagen kommt Fluctuart an den Kai, zur Freude aller Liebhaber urbaner Kulturen!"
        ],
        "en": [
          "With the arrival of sunny weather, Fluctuart is back on the quayside, to the delight of urban culture fans!"
        ],
        "it": [
          "Con l'arrivo del bel tempo, Fluctuart si affianca alla banchina, per la gioia degli appassionati di cultura urbana!"
        ],
        "fr": [
          "Avec les beaux jours, Fluctuart arrive à quai pour le plus grand bonheur des amateurs de cultures urbaines !"
        ],
        "nl": [
          "Nu het weer warmer wordt, komt Fluctuart langs de kade, tot grote vreugde van liefhebbers van stedelijke cultuur!"
        ],
        "es": [
          "Con la llegada del buen tiempo, Fluctuart se acerca a los muelles, ¡para deleite de los aficionados a la cultura urbana!"
        ]
      }
    }
  ],
  "hasTheme": [
    {
      "@id": "kb:Culture",
      "@type": [
        "CulturalTheme"
      ],
      "rdfs:label": {
        "de": [
          "Kultur"
        ],
        "pt": [
          "Cultura"
        ],
        "en": [
          "Culture"
        ],
        "it": [
          "Cultura"
        ],
        "fr": [
          "Culture"
        ],
        "nl": [
          "Cultuur"
        ],
        "es": [
          "Cultura"
        ]
      }
    }
  ],
  "hasTranslatedProperty": [
    {
      "@id": "https://data.datatourisme.fr/1d9079c6-05e4-3c1a-842c-8f1fccef9d71",
      "dc:contributor": [
        "https://api.deepl.com/v2/translate"
      ],
      "rdf:language": [
        "en"
      ],
      "rdf:predicate": [
        {
          "@id": "rdfs:comment"
        }
      ]
    },
    {
      "@id": "https://data.datatourisme.fr/cc89d4b5-fc8b-3b56-8206-f0fbd0bc2668",
      "dc:contributor": [
        "https://api.deepl.com/v2/translate"
      ],
      "rdf:language": [
        "de"
      ],
      "rdf:predicate": [
        {
          "@id": "rdfs:comment"
        }
      ]
    },
    {
      "@id": "https://data.datatourisme.fr/d4438b2e-da77-31d6-9f32-94242c7ac414",
      "dc:contributor": [
        "https://api.deepl.com/v2/translate"
      ],
      "rdf:language": [
        "nl"
      ],
      "rdf:predicate": [
        {
          "@id": "rdfs:comment"
        }
      ]
    },
    {
      "@id": "https://data.datatourisme.fr/e827f181-7753-3b34-983e-25c3369588da",
      "dc:contributor": [
        "https://api.deepl.com/v2/translate"
      ],
      "rdf:language": [
        "es"
      ],
      "rdf:predicate": [
        {
          "@id": "rdfs:comment"
        }
      ]
    },
    {
      "@id": "https://data.datatourisme.fr/fe163ea6-d27b-3f94-b07c-d3dc85d660cd",
      "dc:contributor": [
        "https://api.deepl.com/v2/translate"
      ],
      "rdf:language": [
        "it"
      ],
      "rdf:predicate": [
        {
          "@id": "rdfs:comment"
        }
      ]
    }
  ],
  "isLocatedAt": [
    {
      "@id": "https://data.datatourisme.fr/c55b1a62-71d0-3780-a22d-dbe2419ca04f",
      "schema:address": [
        {
          "@id": "https://data.datatourisme.fr/cf0b2dd5-a305-3a95-b0cb-574318a3ae4c",
          "schema:addressLocality": "Paris",
          "schema:postalCode": "75007",
          "schema:streetAddress": [
            "Port du Gros Caillou"
          ],
          "@type": [
            "schema:PostalAddress",
            "PostalAddress"
          ],
          "hasAddressCity": {
            "@id": "kb:75056",
            "@type": [
              "City"
            ],
            "rdfs:label": {
              "de": [
                "Paris"
              ],
              "pt": [
                "Paris"
              ],
              "en": [
                "Paris"
              ],
              "it": [
                "Paris"
              ],
              "fr": [
                "Paris"
              ],
              "nl": [
                "Paris"
              ],
              "es": [
                "Paris"
              ]
            },
            "insee": "75056",
            "isPartOfDepartment": {
              "@id": "kb:France1175",
              "@type": [
                "Department"
              ],
              "rdfs:label": {
                "de": [
                  "Paris"
                ],
                "pt": [
                  "Paris"
                ],
                "en": [
                  "Paris"
                ],
                "it": [
                  "Paris"
                ],
                "fr": [
                  "Paris"
                ],
                "nl": [
                  "Paris"
                ],
                "es": [
                  "Paris"
                ]
              },
              "insee": "75",
              "isPartOfRegion": {
                "@id": "kb:France11",
                "@type": [
                  "Region"
                ],
                "rdfs:label": {
                  "de": [
                    "Île-de-France"
                  ],
                  "pt": [
                    "Île-de-France"
                  ],
                  "en": [
                    "Île-de-France"
                  ],
                  "it": [
                    "Île-de-France"
                  ],
                  "fr": [
                    "Île-de-France"
                  ],
                  "nl": [
                    "Île-de-France"
                  ],
                  "es": [
                    "Île-de-France"
                  ]
                },
                "insee": "11",
                "isPartOfCountry": {
                  "@id": "kb:France",
                  "@type": [
                    "schema:Country"
                  ],
                  "rdfs:label": {
                    "de": [
                      "France",
                      "Frankreich"
                    ],
                    "pt": [
                      "França",
                      "France"
                    ],
                    "en": [
                      "France"
                    ],
                    "it": [
                      "France",
                      "Francia"
                    ],
                    "fr": [
                      "France"
                    ],
                    "nl": [
                      "France",
                      "Frankrijk"
                    ],
                    "es": [
                      "France",
                      "Francia"
                    ]
                  }
                }
              }
            }
          }
        }
      ],
      "schema:geo": {
        "@id": "https://data.datatourisme.fr/b146beea-7588-3688-934e-85d7ad6538e2",
        "schema:latitude": "48.86304",
        "schema:longitude": "2.307842",
        "@type": [
          "schema:GeoCoordinates"
        ]
      },
      "schema:openingHoursSpecification": [
        {
          "@id": "https://data.datatourisme.fr/7d7df785-e74b-3d06-84db-b101c25d5d2f",
          "schema:closes": "01:00:00",
          "schema:opens": "12:00:00",
          "schema:validFrom": "2023-01-01T00:00:00",
          "schema:validThrough": "2023-12-31T23:59:59",
          "@type": [
            "schema:OpeningHoursSpecification"
          ],
          "additionalInformation": {
            "de": [
              "WINTER: Mi-So: 12h - 01h\r\nSOMMER: 7T/7 ab 12h"
            ],
            "en": [
              "WINTER: Wed-Sun: 12pm - 1am\r\nSUMMER: 7 days a week from 12pm"
            ],
            "it": [
              "INVERNO: mercoledì-domenica: 12:00-1:00\r\nESTATE: 7 giorni su 7 dalle 12:00"
            ],
            "fr": [
              "HIVER : mer-dim : 12h - 01h\r\nÉTÉ : 7J/7 dès 12h"
            ],
            "nl": [
              "WINTER: wo - zo: 12u - 1u\r\nZOMER: 7 dagen per week vanaf 12u"
            ],
            "es": [
              "INVIERNO: Mier-Dom: 12pm - 1am\r\nVERANO: 7 días a la semana a partir de las 12h"
            ]
          },
          "hasTranslatedProperty": [
            {
              "@id": "https://data.datatourisme.fr/6c8c6348-aa99-3066-bc6f-fac435125110",
              "dc:contributor": [
                "https://api.deepl.com/v2/translate"
              ],
              "rdf:language": [
                "en"
              ],
              "rdf:predicate": [
                "additionalInformation"
              ]
            },
            {
              "@id": "https://data.datatourisme.fr/6da4ff0e-48f3-3068-9b45-c933c6f11cec",
              "dc:contributor": [
                "https://api.deepl.com/v2/translate"
              ],
              "rdf:language": [
                "es"
              ],
              "rdf:predicate": [
                "additionalInformation"
              ]
            },
            {
              "@id": "https://data.datatourisme.fr/7dc8a313-b688-31fe-8273-bce61749166e",
              "dc:contributor": [
                "https://api.deepl.com/v2/translate"
              ],
              "rdf:language": [
                "de"
              ],
              "rdf:predicate": [
                "additionalInformation"
              ]
            },
            {
              "@id": "https://data.datatourisme.fr/b14f1f14-529f-3cf7-9b42-2e9d30b32d0f",
              "dc:contributor": [
                "https://api.deepl.com/v2/translate"
              ],
              "rdf:language": [
                "it"
              ],
              "rdf:predicate": [
                "additionalInformation"
              ]
            },
            {
              "@id": "https://data.datatourisme.fr/bff48bc2-59a4-3945-92cb-dfa72db21ed6",
              "dc:contributor": [
                "https://api.deepl.com/v2/translate"
              ],
              "rdf:language": [
                "nl"
              ],
              "rdf:predicate": [
                "additionalInformation"
              ]
            }
          ]
        }
      ],
      "@type": [
        "schema:Place",
        "Place"
      ]
    }
  ],
  "isOwnedBy": [
    {
      "@id": "https://data.datatourisme.fr/3b8a790a-ebad-39c6-9a18-c5663001f469",
      "schema:email": [
        "bgeigle@visitparisregion.com",
        "hcaldo@visitparisregion.com",
        "mtanaskovic@visitparisregion.com"
      ],
      "schema:legalName": "Choose Paris Region",
      "@type": [
        "schema:Organization",
        "foaf:Agent",
        "Agent"
      ],
      "foaf:homepage": [
        "http://www.visitparisregion.com/"
      ]
    }
  ],
  "lastUpdate": "2023-07-27",
  "lastUpdateDatatourisme": "2023-10-02T05:53:31.673Z"
}