{
  "@id": "https://data.datatourisme.fr/13/c0f342f8-abfb-34e6-a061-b8bcebda931e",
  "dc:identifier": "5232923",
  "@type": [
    "olo:OrderedList",
    "CyclingTour",
    "PlaceOfInterest",
    "PointOfInterest",
    "SportsAndLeisurePlace",
    "Tour"
  ],
  "rdfs:comment": {
    "de": [
      "Daronne und Doux bilden eine Reihe von mineralhaltigen Schluchten, die in diesem Teil der Ardèche erstaunlich sind. Sie sind jedoch aufgrund der rauen Hänge sehr sehenswert. Am Eingang der Doux-Schlucht befindet sich das Dorf Boucieu le Roi, in dem der Zug pfeift."
    ],
    "en": [
      "Daronne and Doux are both a astounding gorges in this area. But your battery will take a huge blow here. The short however constant uphill slopes will make you appreciate your motor. The landscape, between green land stretching before you and gorges below you, gives you a restful feeling.\r\nAt the entrance of the Gorges du Doux, Boucieu-le-Roi is a wonderfull gem, next to wistle of the steam train Mastrou."
    ],
    "it": [
      "Daronne e Doux formano un'incredibile serie di gole minerali in questa parte dell'Ardèche. Ma ne vale la pena, vista l'asprezza dei pendii. All'ingresso delle Gole del Doux, il villaggio di Boucieu le Roi è una pepita, sotto il fischio del treno."
    ],
    "fr": [
      "Daronne et Doux forment un ensemble de gorges minérales étonnant dans cette partie de l'Ardèche. Mais elles se méritent de par la rudesse des pentes. A l'entrée des Gorges du Doux, le village de Boucieu le Roi est une pépite, sous le sifflement du train."
    ],
    "es": [
      "La Daronne y la Doux forman un sorprendente conjunto de gargantas minerales en esta parte de la Ardèche. Pero vale la pena el esfuerzo por la aspereza de las pendientes. A la entrada de las Gargantas del Doux, el pueblo de Boucieu le Roi es una pepita, bajo el silbido del tren."
    ],
    "nl": [
      "Daronne en Doux vormen in dit deel van de Ardèche een prachtig geheel van minerale kloven. Maar ze zijn de moeite waard vanwege de ruwheid van de hellingen. Bij de ingang van de Doux Gorges is het dorp Boucieu le Roi een klompje, onder het gefluit van de trein."
    ]
  },
  "rdfs:label": {
    "en": [
      "E bike Tour : Between Daronne and Doux"
    ],
    "fr": [
      "Circuit VAE : Entre Daronne et Doux"
    ]
  },
  "hasBeenCreatedBy": {
    "@id": "https://data.datatourisme.fr/13/185c29dc-2432-3934-ae37-7cfda20e414c",
    "dc:identifier": "627",
    "schema:email": [
      "a.ferrel@ah-tourisme.com",
      "d.mathieu@ah-tourisme.com",
      "s.monneron@ah-tourisme.com"
    ],
    "schema:legalName": "Ardèche Hermitage Tourisme",
    "@type": [
      "schema:Organization",
      "foaf:Agent",
      "Agent"
    ],
    "foaf:homepage": [
      "http://ardeche-hermitage.com/"
    ]
  },
  "hasBeenPublishedBy": [
    {
      "@id": "https://data.datatourisme.fr/dbca899d-3f22-364b-b99d-40af1e917c58",
      "schema:legalName": "Agence de Développement Touristique de l'Ardèche - source : Apidae Tourisme",
      "@type": [
        "schema:Organization",
        "foaf:Agent",
        "Agent"
      ],
      "foaf:homepage": [
        "https://www.apidae-tourisme.com/"
      ]
    }
  ],
  "hasContact": [
    {
      "@id": "https://data.datatourisme.fr/caa372b4-19c9-3adc-ba0d-4319f203d837",
      "schema:email": [
        "info@ah-tourisme.com"
      ],
      "schema:telephone": [
        "+33 4 75 08 10 23"
      ],
      "@type": [
        "foaf:Agent",
        "Agent"
      ],
      "foaf:homepage": [
        "https://rando-ardeche-hermitage.fr/velo-a-assistance-electrique/entre-daronne-et-doux/"
      ]
    }
  ],
  "hasDescription": [
    {
      "@id": "https://data.datatourisme.fr/bb0a565c-70c4-31df-bf18-fff4c5e1183a",
      "@type": [
        "Description"
      ],
      "hasTranslatedProperty": [
        {
          "@id": "https://data.datatourisme.fr/6fa091fc-9ffa-3d6c-924d-17754da5e3a7",
          "dc:contributor": [
            "https://api.deepl.com/v2/translate"
          ],
          "rdf:language": [
            "nl"
          ],
          "rdf:predicate": [
            "shortDescription"
          ]
        },
        {
          "@id": "https://data.datatourisme.fr/7951c825-b410-3a4e-b480-42b8c3f3d2ef",
          "dc:contributor": [
            "https://api.deepl.com/v2/translate"
          ],
          "rdf:language": [
            "it"
          ],
          "rdf:predicate": [
            "shortDescription"
          ]
        },
        {
          "@id": "https://data.datatourisme.fr/c5a27126-9c8e-3271-8e4c-0e461ef29534",
          "dc:contributor": [
            "https://api.deepl.com/v2/translate"
          ],
          "rdf:language": [
            "es"
          ],
          "rdf:predicate": [
            "shortDescription"
          ]
        },
        {
          "@id": "https://data.datatourisme.fr/df2d6467-a1f6-355c-aea1-36de94e3d031",
          "dc:contributor": [
            "https://api.deepl.com/v2/translate"
          ],
          "rdf:language": [
            "de"
          ],
          "rdf:predicate": [
            "shortDescription"
          ]
        }
      ],
      "shortDescription": {
        "de": [
          "Daronne und Doux bilden eine Reihe von mineralhaltigen Schluchten, die in diesem Teil der Ardèche erstaunlich sind. Sie sind jedoch aufgrund der rauen Hänge sehr sehenswert. Am Eingang der Doux-Schlucht befindet sich das Dorf Boucieu le Roi, in dem der Zug pfeift."
        ],
        "en": [
          "Daronne and Doux are both a astounding gorges in this area. But your battery will take a huge blow here. The short however constant uphill slopes will make you appreciate your motor. The landscape, between green land stretching before you and gorges below you, gives you a restful feeling.\r\nAt the entrance of the Gorges du Doux, Boucieu-le-Roi is a wonderfull gem, next to wistle of the steam train Mastrou."
        ],
        "it": [
          "Daronne e Doux formano un'incredibile serie di gole minerali in questa parte dell'Ardèche. Ma ne vale la pena, vista l'asprezza dei pendii. All'ingresso delle Gole del Doux, il villaggio di Boucieu le Roi è una pepita, sotto il fischio del treno."
        ],
        "fr": [
          "Daronne et Doux forment un ensemble de gorges minérales étonnant dans cette partie de l'Ardèche. Mais elles se méritent de par la rudesse des pentes. A l'entrée des Gorges du Doux, le village de Boucieu le Roi est une pépite, sous le sifflement du train."
        ],
        "es": [
          "La Daronne y la Doux forman un sorprendente conjunto de gargantas minerales en esta parte de la Ardèche. Pero vale la pena el esfuerzo por la aspereza de las pendientes. A la entrada de las Gargantas del Doux, el pueblo de Boucieu le Roi es una pepita, bajo el silbido del tren."
        ],
        "nl": [
          "Daronne en Doux vormen in dit deel van de Ardèche een prachtig geheel van minerale kloven. Maar ze zijn de moeite waard vanwege de ruwheid van de hellingen. Bij de ingang van de Doux Gorges is het dorp Boucieu le Roi een klompje, onder het gefluit van de trein."
        ]
      }
    }
  ],
  "hasTheme": [
    {
      "@id": "kb:Bike",
      "@type": [
        "SportsTheme"
      ],
      "rdfs:label": {
        "de": [
          "Fahrrad"
        ],
        "pt": [
          "Bicicleta"
        ],
        "en": [
          "Bike"
        ],
        "it": [
          "Bicicletta"
        ],
        "fr": [
          "Vélo"
        ],
        "nl": [
          "Fiets"
        ],
        "es": [
          "Bicicleta"
        ]
      }
    },
    {
      "@id": "kb:ElectricallyAssistedBicycle",
      "@type": [
        "SportsTheme"
      ],
      "rdfs:label": {
        "de": [
          "Ladestation für Elektrofahrräder"
        ],
        "pt": [
          "Bicicleta elétrica"
        ],
        "en": [
          "Electrically assisted bicycle"
        ],
        "it": [
          "Bicicletta a pedalata assistita"
        ],
        "fr": [
          "Vélo à assistance électrique, VAE"
        ],
        "nl": [
          "Elektrische fiets"
        ],
        "es": [
          "Bicicleta eléctrica, VAE"
        ]
      }
    }
  ],
  "hasTranslatedProperty": [
    {
      "@id": "https://data.datatourisme.fr/57b96953-75c1-35a0-b1d9-033ac030679e",
      "dc:contributor": [
        "https://api.deepl.com/v2/translate"
      ],
      "rdf:language": [
        "nl"
      ],
      "rdf:predicate": [
        {
          "@id": "rdfs:comment"
        }
      ]
    },
    {
      "@id": "https://data.datatourisme.fr/6916f7bb-b32a-3bf1-a75a-3833293c15aa",
      "dc:contributor": [
        "https://api.deepl.com/v2/translate"
      ],
      "rdf:language": [
        "es"
      ],
      "rdf:predicate": [
        {
          "@id": "rdfs:comment"
        }
      ]
    },
    {
      "@id": "https://data.datatourisme.fr/8e6e752e-e766-35d7-8c6a-57821571f4c7",
      "dc:contributor": [
        "https://api.deepl.com/v2/translate"
      ],
      "rdf:language": [
        "it"
      ],
      "rdf:predicate": [
        {
          "@id": "rdfs:comment"
        }
      ]
    },
    {
      "@id": "https://data.datatourisme.fr/b70dc148-c121-36c8-bfc3-e6ad4ed5b5e5",
      "dc:contributor": [
        "https://api.deepl.com/v2/translate"
      ],
      "rdf:language": [
        "de"
      ],
      "rdf:predicate": [
        {
          "@id": "rdfs:comment"
        }
      ]
    }
  ],
  "isLocatedAt": [
    {
      "@id": "https://data.datatourisme.fr/7d6182b8-74db-396a-a09b-8206136aef8f",
      "schema:address": [
        {
          "@id": "https://data.datatourisme.fr/c5b018e5-eb01-35a3-9cfe-50f2440003e1",
          "schema:addressLocality": "Colombier-le-Vieux",
          "schema:postalCode": "07410",
          "schema:streetAddress": [
            "Halle couverte"
          ],
          "@type": [
            "schema:PostalAddress",
            "PostalAddress"
          ],
          "hasAddressCity": {
            "@id": "kb:07069",
            "@type": [
              "City"
            ],
            "rdfs:label": {
              "de": [
                "Colombier-le-Vieux"
              ],
              "pt": [
                "Colombier-le-Vieux"
              ],
              "en": [
                "Colombier-le-Vieux"
              ],
              "it": [
                "Colombier-le-Vieux"
              ],
              "fr": [
                "Colombier-le-Vieux"
              ],
              "nl": [
                "Colombier-le-Vieux"
              ],
              "es": [
                "Colombier-le-Vieux"
              ]
            },
            "insee": "07069",
            "isPartOfDepartment": {
              "@id": "kb:France8407",
              "@type": [
                "Department"
              ],
              "rdfs:label": {
                "de": [
                  "Ardèche"
                ],
                "pt": [
                  "Ardèche"
                ],
                "en": [
                  "Ardèche"
                ],
                "it": [
                  "Ardèche"
                ],
                "fr": [
                  "Ardèche"
                ],
                "nl": [
                  "Ardèche"
                ],
                "es": [
                  "Ardèche"
                ]
              },
              "insee": "07",
              "isPartOfRegion": {
                "@id": "kb:France84",
                "@type": [
                  "Region"
                ],
                "rdfs:label": {
                  "de": [
                    "Auvergne-Rhône-Alpes"
                  ],
                  "pt": [
                    "Auvergne-Rhône-Alpes"
                  ],
                  "en": [
                    "Auvergne-Rhône-Alpes"
                  ],
                  "it": [
                    "Auvergne-Rhône-Alpes"
                  ],
                  "fr": [
                    "Auvergne-Rhône-Alpes"
                  ],
                  "nl": [
                    "Auvergne-Rhône-Alpes"
                  ],
                  "es": [
                    "Auvergne-Rhône-Alpes"
                  ]
                },
                "insee": "84",
                "isPartOfCountry": {
                  "@id": "kb:France",
                  "@type": [
                    "schema:Country"
                  ],
                  "rdfs:label": {
                    "de": [
                      "France",
                      "Frankreich"
                    ],
                    "pt": [
                      "França",
                      "France"
                    ],
                    "en": [
                      "France"
                    ],
                    "it": [
                      "France",
                      "Francia"
                    ],
                    "fr": [
                      "France"
                    ],
                    "nl": [
                      "France",
                      "Frankrijk"
                    ],
                    "es": [
                      "France",
                      "Francia"
                    ]
                  }
                }
              }
            }
          }
        }
      ],
      "schema:geo": {
        "@id": "https://data.datatourisme.fr/da14c115-75a5-3498-9743-bfeba0317556",
        "schema:elevation": "400",
        "schema:latitude": "45.065",
        "schema:longitude": "4.6975",
        "@type": [
          "schema:GeoCoordinates"
        ]
      },
      "schema:openingHoursSpecification": [
        {
          "@id": "https://data.datatourisme.fr/5787876e-22ec-3057-a9d3-6c918e6c0b89",
          "schema:validFrom": "2023-01-01T00:00:00",
          "schema:validThrough": "2023-12-31T23:59:59",
          "@type": [
            "schema:OpeningHoursSpecification"
          ],
          "additionalInformation": {
            "de": [
              "Beste Jahreszeit: Mai bis Oktober"
            ],
            "en": [
              "Best season: May to October"
            ],
            "it": [
              "Stagione migliore: da maggio a ottobre"
            ],
            "fr": [
              "Meilleure saison : mai à octobre"
            ],
            "es": [
              "Mejor temporada: de mayo a octubre"
            ],
            "nl": [
              "Beste seizoen: mei tot oktober"
            ]
          },
          "hasTranslatedProperty": [
            {
              "@id": "https://data.datatourisme.fr/1bc6082f-4a2e-3773-a23e-a752b6f3db61",
              "dc:contributor": [
                "https://api.deepl.com/v2/translate"
              ],
              "rdf:language": [
                "es"
              ],
              "rdf:predicate": [
                "additionalInformation"
              ]
            },
            {
              "@id": "https://data.datatourisme.fr/4e1be5bf-f861-3984-8521-5070c3872a87",
              "dc:contributor": [
                "https://api.deepl.com/v2/translate"
              ],
              "rdf:language": [
                "nl"
              ],
              "rdf:predicate": [
                "additionalInformation"
              ]
            },
            {
              "@id": "https://data.datatourisme.fr/6f18b3c1-965c-3bd0-8f0a-6748bd61b60f",
              "dc:contributor": [
                "https://api.deepl.com/v2/translate"
              ],
              "rdf:language": [
                "it"
              ],
              "rdf:predicate": [
                "additionalInformation"
              ]
            },
            {
              "@id": "https://data.datatourisme.fr/a48de503-b7c8-37ac-afdf-abb6917c09e4",
              "dc:contributor": [
                "https://api.deepl.com/v2/translate"
              ],
              "rdf:language": [
                "en"
              ],
              "rdf:predicate": [
                "additionalInformation"
              ]
            },
            {
              "@id": "https://data.datatourisme.fr/dacb4638-c2a1-36af-a1c1-c9e27c292cfa",
              "dc:contributor": [
                "https://api.deepl.com/v2/translate"
              ],
              "rdf:language": [
                "de"
              ],
              "rdf:predicate": [
                "additionalInformation"
              ]
            }
          ]
        }
      ],
      "@type": [
        "schema:Place",
        "Place"
      ]
    }
  ],
  "isOwnedBy": [
    {
      "@id": "https://data.datatourisme.fr/e485229f-e26b-3c2e-8f16-ebf98c03d1e5",
      "schema:email": [
        "a.ferrel@ah-tourisme.com",
        "d.mathieu@ah-tourisme.com",
        "s.monneron@ah-tourisme.com"
      ],
      "schema:legalName": "Ardèche Hermitage Tourisme",
      "@type": [
        "schema:Organization",
        "foaf:Agent",
        "Agent"
      ],
      "foaf:homepage": [
        "http://ardeche-hermitage.com/"
      ]
    }
  ],
  "lastUpdate": "2022-03-03",
  "lastUpdateDatatourisme": "2023-02-08T06:39:48.997Z"
}