{
  "@id": "https://data.datatourisme.fr/19/6531a0c3-41ec-3d13-a58a-d934acbefe1a",
  "dc:identifier": "2afe6c0a-ad18-8f69-024e-501ba3d66670",
  "@type": [
    "CulturalSite",
    "PlaceOfInterest",
    "PointOfInterest",
    "RemarkableBuilding"
  ],
  "rdfs:comment": {
    "de": [
      "Die Arenen von Lutetia gehören zu den wenigen noch sichtbaren gallo-römischen Überresten der Hauptstadt. Die Arena wurde zwischen dem 1. und 2. Jahrhundert erbaut und war mit einer Kapazität von 15.000 Zuschauern eines der größten Veranstaltungsgebäude in Gallien. Der Komplex beherbergte damals eine Bühne für Theateraufführungen sowie eine Arena für Gladiatorenkämpfe. Die Arenen von Lutetia wurden im 4. Jahrhundert aufgegeben und 1869 durch Zufall wiederentdeckt. Heute können Spaziergänger im Quartier Latin einen Teil des rekonstruierten Gebäudes bewundern und den Square Capitan entdecken, einen Garten, der an die Arena angrenzt."
    ],
    "en": [
      "The arenas of Lutetia are among the rare Gallo-Roman vestiges still visible in the capital. Built between the 1st and 2nd centuries, their original dimensions made them one of the largest show buildings in Gaul with a capacity of 15,000 spectators. The complex housed a stage for theatrical performances, as well as an arena for gladiatorial combat. Abandoned in the 4th century, the arena of Lutetia was rediscovered by chance in 1869. Today, the walkers of the Latin Quarter admire a part of the reconstituted building and discover the Capitan square, a garden adjacent to the arenas."
    ],
    "it": [
      "Le arene di Lutetia sono tra i rari resti gallo-romani ancora visibili nella capitale. Costruite tra il I e il II secolo, le loro dimensioni originarie le rendevano uno dei più grandi edifici di intrattenimento della Gallia, con una capacità di 15.000 spettatori. Il complesso ospitava un palcoscenico per gli spettacoli teatrali e un'arena per i combattimenti dei gladiatori. Abbandonate nel IV secolo, le arene di Lutetia furono riscoperte per caso nel 1869. Oggi, chi passeggia nel Quartiere Latino può ammirare parte dell'edificio ricostruito e scoprire la Piazza del Capitan, un giardino adiacente all'arena."
    ],
    "fr": [
      "Les arènes de Lutèce sont parmi les rares vestiges gallo-romains encore visibles de la capitale. Construites entre le Ier et le IIe siècle, leurs dimensions d'origine en faisaient l'un des plus grands édifices de spectacle de la Gaule avec un capacité de 15 000 spectateurs. Le complexe abritait alors une scène pour les représentations théâtrales, ainsi qu'une arène pour les combats de gladiateurs. Abandonnées au IVe siècle, les arènes de Lutèce furent redécouvertes par hasard en 1869. Aujourd'hui, les promeneurs du Quartier latin admirent une partie de l'édifice reconstitué et découvrent le square Capitan, jardin attenant aux arènes."
    ],
    "es": [
      "Las arenas de Lutecia son uno de los escasos vestigios galo-romanos aún visibles en la capital. Construido entre los siglos I y II, sus dimensiones originales lo convirtieron en uno de los mayores edificios de ocio de la Galia, con capacidad para 15.000 espectadores. El complejo albergaba un escenario para representaciones teatrales, así como una arena para combates de gladiadores. Abandonadas en el siglo IV, las arenas de Lutecia fueron redescubiertas por casualidad en 1869. Hoy, los paseantes del Barrio Latino pueden admirar parte del edificio reconstruido y descubrir la plaza del Capitán, un jardín contiguo a la arena."
    ],
    "nl": [
      "De arena's van Lutetia behoren tot de zeldzame Gallo-Romeinse overblijfselen die nog zichtbaar zijn in de hoofdstad. Gebouwd tussen de 1e en 2e eeuw, waren ze door hun oorspronkelijke afmetingen een van de grootste amusementsgebouwen in Gallië met een capaciteit van 15.000 toeschouwers. Het complex herbergde een podium voor theatervoorstellingen en een arena voor gladiatorengevechten. Verlaten in de 4e eeuw, werden de arena's van Lutetia bij toeval herontdekt in 1869. Tegenwoordig kunnen wandelaars in het Quartier Latin een deel van het gereconstrueerde gebouw bewonderen en het Capitan Square ontdekken, een tuin die grenst aan de arena."
    ]
  },
  "rdfs:label": {
    "fr": [
      "Arènes de Lutèce et square Capitan"
    ]
  },
  "owl:sameAs": [
    "http://www.wikidata.org/entity/Q3494980"
  ],
  "hasBeenCreatedBy": {
    "@id": "https://data.datatourisme.fr/73f9361b-7fdb-3a8c-8c11-182ef0152392",
    "schema:email": [
      "opendata@parisinfo.com"
    ],
    "schema:legalName": "Office de Tourisme de Paris",
    "@type": [
      "schema:Organization",
      "foaf:Agent",
      "Agent"
    ],
    "foaf:homepage": [
      "https://www.parisinfo.com/"
    ]
  },
  "hasBeenPublishedBy": [
    {
      "@id": "https://data.datatourisme.fr/73f9361b-7fdb-3a8c-8c11-182ef0152392",
      "schema:email": [
        "opendata@parisinfo.com"
      ],
      "schema:legalName": "Office de Tourisme de Paris",
      "@type": [
        "schema:Organization",
        "foaf:Agent",
        "Agent"
      ],
      "foaf:homepage": [
        "https://www.parisinfo.com/"
      ]
    }
  ],
  "hasContact": [
    {
      "@id": "https://data.datatourisme.fr/7a5a7269-bcd8-3963-83ff-0813cc05190f",
      "@type": [
        "foaf:Agent",
        "Agent"
      ],
      "foaf:homepage": [
        "https://www.paris.fr/"
      ]
    }
  ],
  "hasDescription": [
    {
      "@id": "https://data.datatourisme.fr/feeb14b6-58fb-3c38-acc9-86c772b9eb97",
      "dc:description": {
        "de": [
          "Die Arenen von Lutetia gehören zu den wenigen noch sichtbaren gallo-römischen Überresten der Hauptstadt. Die Arena wurde zwischen dem 1. und 2. Jahrhundert erbaut und war mit einer Kapazität von 15.000 Zuschauern eines der größten Veranstaltungsgebäude in Gallien. Der Komplex beherbergte damals eine Bühne für Theateraufführungen sowie eine Arena für Gladiatorenkämpfe. Die Arenen von Lutetia wurden im 4. Jahrhundert aufgegeben und 1869 durch Zufall wiederentdeckt. Heute können Spaziergänger im Quartier Latin einen Teil des rekonstruierten Gebäudes bewundern und den Square Capitan entdecken, einen Garten, der an die Arena angrenzt."
        ],
        "en": [
          "The arenas of Lutetia are among the rare Gallo-Roman vestiges still visible in the capital. Built between the 1st and 2nd centuries, their original dimensions made them one of the largest show buildings in Gaul with a capacity of 15,000 spectators. The complex housed a stage for theatrical performances, as well as an arena for gladiatorial combat. Abandoned in the 4th century, the arena of Lutetia was rediscovered by chance in 1869. Today, the walkers of the Latin Quarter admire a part of the reconstituted building and discover the Capitan square, a garden adjacent to the arenas."
        ],
        "it": [
          "Le arene di Lutetia sono tra i rari resti gallo-romani ancora visibili nella capitale. Costruite tra il I e il II secolo, le loro dimensioni originarie le rendevano uno dei più grandi edifici di intrattenimento della Gallia, con una capacità di 15.000 spettatori. Il complesso ospitava un palcoscenico per gli spettacoli teatrali e un'arena per i combattimenti dei gladiatori. Abbandonate nel IV secolo, le arene di Lutetia furono riscoperte per caso nel 1869. Oggi, chi passeggia nel Quartiere Latino può ammirare parte dell'edificio ricostruito e scoprire la Piazza del Capitan, un giardino adiacente all'arena."
        ],
        "fr": [
          "Les arènes de Lutèce sont parmi les rares vestiges gallo-romains encore visibles de la capitale. Construites entre le Ier et le IIe siècle, leurs dimensions d'origine en faisaient l'un des plus grands édifices de spectacle de la Gaule avec un capacité de 15 000 spectateurs. Le complexe abritait alors une scène pour les représentations théâtrales, ainsi qu'une arène pour les combats de gladiateurs. Abandonnées au IVe siècle, les arènes de Lutèce furent redécouvertes par hasard en 1869. Aujourd'hui, les promeneurs du Quartier latin admirent une partie de l'édifice reconstitué et découvrent le square Capitan, jardin attenant aux arènes."
        ],
        "es": [
          "Las arenas de Lutecia son uno de los escasos vestigios galo-romanos aún visibles en la capital. Construido entre los siglos I y II, sus dimensiones originales lo convirtieron en uno de los mayores edificios de ocio de la Galia, con capacidad para 15.000 espectadores. El complejo albergaba un escenario para representaciones teatrales, así como una arena para combates de gladiadores. Abandonadas en el siglo IV, las arenas de Lutecia fueron redescubiertas por casualidad en 1869. Hoy, los paseantes del Barrio Latino pueden admirar parte del edificio reconstruido y descubrir la plaza del Capitán, un jardín contiguo a la arena."
        ],
        "nl": [
          "De arena's van Lutetia behoren tot de zeldzame Gallo-Romeinse overblijfselen die nog zichtbaar zijn in de hoofdstad. Gebouwd tussen de 1e en 2e eeuw, waren ze door hun oorspronkelijke afmetingen een van de grootste amusementsgebouwen in Gallië met een capaciteit van 15.000 toeschouwers. Het complex herbergde een podium voor theatervoorstellingen en een arena voor gladiatorengevechten. Verlaten in de 4e eeuw, werden de arena's van Lutetia bij toeval herontdekt in 1869. Tegenwoordig kunnen wandelaars in het Quartier Latin een deel van het gereconstrueerde gebouw bewonderen en het Capitan Square ontdekken, een tuin die grenst aan de arena."
        ]
      },
      "@type": [
        "Description"
      ],
      "hasTranslatedProperty": [
        {
          "@id": "https://data.datatourisme.fr/190a7714-9e14-39d3-b6a8-016603da4553",
          "dc:contributor": [
            "https://api.deepl.com/v2/translate"
          ],
          "rdf:language": [
            "it"
          ],
          "rdf:predicate": [
            "shortDescription"
          ]
        },
        {
          "@id": "https://data.datatourisme.fr/323c9bb4-e047-34ce-b1c1-bdde17c855bf",
          "dc:contributor": [
            "https://api.deepl.com/v2/translate"
          ],
          "rdf:language": [
            "en"
          ],
          "rdf:predicate": [
            "shortDescription"
          ]
        },
        {
          "@id": "https://data.datatourisme.fr/3d54d30f-8908-3b73-a6f8-91df14c8587c",
          "dc:contributor": [
            "https://api.deepl.com/v2/translate"
          ],
          "rdf:language": [
            "es"
          ],
          "rdf:predicate": [
            {
              "@id": "dc:description"
            }
          ]
        },
        {
          "@id": "https://data.datatourisme.fr/5825e273-f107-374d-94c9-b32c7feced7b",
          "dc:contributor": [
            "https://api.deepl.com/v2/translate"
          ],
          "rdf:language": [
            "de"
          ],
          "rdf:predicate": [
            {
              "@id": "dc:description"
            }
          ]
        },
        {
          "@id": "https://data.datatourisme.fr/5ace6c36-2fb3-3a26-93ff-a1234f3cefa2",
          "dc:contributor": [
            "https://api.deepl.com/v2/translate"
          ],
          "rdf:language": [
            "it"
          ],
          "rdf:predicate": [
            {
              "@id": "dc:description"
            }
          ]
        },
        {
          "@id": "https://data.datatourisme.fr/713e424e-8974-3cc2-b7ae-7240bd62c20a",
          "dc:contributor": [
            "https://api.deepl.com/v2/translate"
          ],
          "rdf:language": [
            "nl"
          ],
          "rdf:predicate": [
            {
              "@id": "dc:description"
            }
          ]
        },
        {
          "@id": "https://data.datatourisme.fr/99ef8f75-7de9-301e-8bf5-02909263bf6a",
          "dc:contributor": [
            "https://api.deepl.com/v2/translate"
          ],
          "rdf:language": [
            "de"
          ],
          "rdf:predicate": [
            "shortDescription"
          ]
        },
        {
          "@id": "https://data.datatourisme.fr/d05b69f2-b394-309e-a154-4e1dc10f2fd7",
          "dc:contributor": [
            "https://api.deepl.com/v2/translate"
          ],
          "rdf:language": [
            "en"
          ],
          "rdf:predicate": [
            {
              "@id": "dc:description"
            }
          ]
        },
        {
          "@id": "https://data.datatourisme.fr/d4832420-752e-3e74-b920-17871d0c5b22",
          "dc:contributor": [
            "https://api.deepl.com/v2/translate"
          ],
          "rdf:language": [
            "es"
          ],
          "rdf:predicate": [
            "shortDescription"
          ]
        },
        {
          "@id": "https://data.datatourisme.fr/df48a7f8-db4d-3146-8cbd-7f648d1e30b9",
          "dc:contributor": [
            "https://api.deepl.com/v2/translate"
          ],
          "rdf:language": [
            "nl"
          ],
          "rdf:predicate": [
            "shortDescription"
          ]
        }
      ],
      "shortDescription": {
        "de": [
          "Die Arenen von Lutetia gehören zu den wenigen noch sichtbaren gallo-römischen Überresten der Hauptstadt. Die Arena wurde zwischen dem 1. und 2. Jahrhundert erbaut und war mit einer Kapazität von 15.000 Zuschauern eines der größten Veranstaltungsgebäude in Gallien. Der Komplex beherbergte damals eine Bühne für Theateraufführungen sowie eine Arena für Gladiatorenkämpfe. Die Arenen von Lutetia wurden im 4. Jahrhundert aufgegeben und 1869 durch Zufall wiederentdeckt. Heute können Spaziergänger im Quartier Latin einen Teil des rekonstruierten Gebäudes bewundern und den Square Capitan entdecken, einen Garten, der an die Arena angrenzt."
        ],
        "en": [
          "The arenas of Lutetia are among the rare Gallo-Roman vestiges still visible in the capital. Built between the 1st and 2nd centuries, their original dimensions made them one of the largest show buildings in Gaul with a capacity of 15,000 spectators. The complex housed a stage for theatrical performances, as well as an arena for gladiatorial combat. Abandoned in the 4th century, the arena of Lutetia was rediscovered by chance in 1869. Today, the walkers of the Latin Quarter admire a part of the reconstituted building and discover the Capitan square, a garden adjacent to the arenas."
        ],
        "it": [
          "Le arene di Lutetia sono tra i rari resti gallo-romani ancora visibili nella capitale. Costruite tra il I e il II secolo, le loro dimensioni originarie le rendevano uno dei più grandi edifici di intrattenimento della Gallia, con una capacità di 15.000 spettatori. Il complesso ospitava un palcoscenico per gli spettacoli teatrali e un'arena per i combattimenti dei gladiatori. Abbandonate nel IV secolo, le arene di Lutetia furono riscoperte per caso nel 1869. Oggi, chi passeggia nel Quartiere Latino può ammirare parte dell'edificio ricostruito e scoprire la Piazza del Capitan, un giardino adiacente all'arena."
        ],
        "fr": [
          "Les arènes de Lutèce sont parmi les rares vestiges gallo-romains encore visibles de la capitale. Construites entre le Ier et le IIe siècle, leurs dimensions d'origine en faisaient l'un des plus grands édifices de spectacle de la Gaule avec un capacité de 15 000 spectateurs. Le complexe abritait alors une scène pour les représentations théâtrales, ainsi qu'une arène pour les combats de gladiateurs. Abandonnées au IVe siècle, les arènes de Lutèce furent redécouvertes par hasard en 1869. Aujourd'hui, les promeneurs du Quartier latin admirent une partie de l'édifice reconstitué et découvrent le square Capitan, jardin attenant aux arènes."
        ],
        "es": [
          "Las arenas de Lutecia son uno de los escasos vestigios galo-romanos aún visibles en la capital. Construido entre los siglos I y II, sus dimensiones originales lo convirtieron en uno de los mayores edificios de ocio de la Galia, con capacidad para 15.000 espectadores. El complejo albergaba un escenario para representaciones teatrales, así como una arena para combates de gladiadores. Abandonadas en el siglo IV, las arenas de Lutecia fueron redescubiertas por casualidad en 1869. Hoy, los paseantes del Barrio Latino pueden admirar parte del edificio reconstruido y descubrir la plaza del Capitán, un jardín contiguo a la arena."
        ],
        "nl": [
          "De arena's van Lutetia behoren tot de zeldzame Gallo-Romeinse overblijfselen die nog zichtbaar zijn in de hoofdstad. Gebouwd tussen de 1e en 2e eeuw, waren ze door hun oorspronkelijke afmetingen een van de grootste amusementsgebouwen in Gallië met een capaciteit van 15.000 toeschouwers. Het complex herbergde een podium voor theatervoorstellingen en een arena voor gladiatorengevechten. Verlaten in de 4e eeuw, werden de arena's van Lutetia bij toeval herontdekt in 1869. Tegenwoordig kunnen wandelaars in het Quartier Latin een deel van het gereconstrueerde gebouw bewonderen en het Capitan Square ontdekken, een tuin die grenst aan de arena."
        ]
      }
    }
  ],
  "hasRepresentation": [
    {
      "@id": "https://data.datatourisme.fr/071c174a-4577-3c2e-9279-4d5f812a3a1c"
    },
    {
      "@id": "https://data.datatourisme.fr/ed3b17c6-1031-3c5b-b311-c64d12cfc5ac",
      "ebucore:hasAnnotation": [
        {
          "@id": "https://data.datatourisme.fr/1fe0232c-8c5e-3d58-8276-77645bd853aa",
          "ebucore:isCoveredBy": "Public domain",
          "ebucore:title": {
            "fr": [
              "Jardin des Arenes de Lutece"
            ]
          },
          "@type": [
            "ebucore:Annotation"
          ],
          "credits": [
            "LPLT (https://commons.wikimedia.org/wiki/User:LPLT)"
          ]
        }
      ],
      "ebucore:hasRelatedResource": [
        {
          "@id": "https://data.datatourisme.fr/3d4b3d02-fd27-3723-9908-7e32b39bb2e9",
          "ebucore:fileSize": [
            874291
          ],
          "ebucore:hasMimeType": [
            {
              "@id": "kb:JPEG",
              "@type": [
                "ebucore:MimeType"
              ],
              "rdfs:comment": {
                "de": [
                  "JPEG-Bild"
                ],
                "pt": [
                  "Imagem JPEG"
                ],
                "en": [
                  "JPEG image file"
                ],
                "it": [
                  "Immagine JPEG"
                ],
                "fr": [
                  "Image JPEG"
                ],
                "nl": [
                  "JPEG-afbeelding"
                ],
                "es": [
                  "Imagen JPEG"
                ]
              },
              "rdfs:label": {
                "de": [
                  "image/jpeg"
                ],
                "pt": [
                  "image/jpeg"
                ],
                "en": [
                  "image/jpeg"
                ],
                "it": [
                  "image/jpeg"
                ],
                "fr": [
                  "image/jpeg"
                ],
                "nl": [
                  "image/jpeg"
                ],
                "es": [
                  "image/jpeg"
                ]
              }
            }
          ],
          "ebucore:height": 1712,
          "ebucore:locator": [
            "https://upload.wikimedia.org/wikipedia/commons/7/79/Jardin_des_Arenes_de_Lutece.JPG"
          ],
          "ebucore:width": 2288,
          "@type": [
            "ebucore:Resource"
          ]
        }
      ],
      "@type": [
        "ebucore:EditorialObject"
      ]
    }
  ],
  "hasTranslatedProperty": [
    {
      "@id": "https://data.datatourisme.fr/0f297b9e-bc8b-3281-8815-53ae8b08465b",
      "dc:contributor": [
        "https://api.deepl.com/v2/translate"
      ],
      "rdf:language": [
        "de"
      ],
      "rdf:predicate": [
        {
          "@id": "rdfs:comment"
        }
      ]
    },
    {
      "@id": "https://data.datatourisme.fr/55e8aef8-2a84-38ef-bcc7-c3fe54e21781",
      "dc:contributor": [
        "https://api.deepl.com/v2/translate"
      ],
      "rdf:language": [
        "it"
      ],
      "rdf:predicate": [
        {
          "@id": "rdfs:comment"
        }
      ]
    },
    {
      "@id": "https://data.datatourisme.fr/6d584ed5-2742-30eb-b25f-4f8b98c03a95",
      "dc:contributor": [
        "https://api.deepl.com/v2/translate"
      ],
      "rdf:language": [
        "en"
      ],
      "rdf:predicate": [
        {
          "@id": "rdfs:comment"
        }
      ]
    },
    {
      "@id": "https://data.datatourisme.fr/acb81ec3-37be-37b4-b55d-aff62435e070",
      "dc:contributor": [
        "https://api.deepl.com/v2/translate"
      ],
      "rdf:language": [
        "es"
      ],
      "rdf:predicate": [
        {
          "@id": "rdfs:comment"
        }
      ]
    },
    {
      "@id": "https://data.datatourisme.fr/f3cc9cab-59b7-374d-8878-ea8ee9cef098",
      "dc:contributor": [
        "https://api.deepl.com/v2/translate"
      ],
      "rdf:language": [
        "nl"
      ],
      "rdf:predicate": [
        {
          "@id": "rdfs:comment"
        }
      ]
    }
  ],
  "isLocatedAt": [
    {
      "@id": "https://data.datatourisme.fr/f9715924-cad2-3ce5-a458-ecebee4b219f",
      "schema:address": [
        {
          "@id": "https://data.datatourisme.fr/28c53807-89af-3dd1-a380-eff5db5e3311",
          "schema:addressLocality": "Paris",
          "schema:postalCode": "75005",
          "schema:streetAddress": [
            "4 rue des Arènes"
          ],
          "@type": [
            "schema:PostalAddress",
            "PostalAddress"
          ],
          "hasAddressCity": {
            "@id": "kb:75056",
            "@type": [
              "City"
            ],
            "rdfs:label": {
              "de": [
                "Paris"
              ],
              "pt": [
                "Paris"
              ],
              "en": [
                "Paris"
              ],
              "it": [
                "Paris"
              ],
              "fr": [
                "Paris"
              ],
              "nl": [
                "Paris"
              ],
              "es": [
                "Paris"
              ]
            },
            "insee": "75056",
            "isPartOfDepartment": {
              "@id": "kb:France1175",
              "@type": [
                "Department"
              ],
              "rdfs:label": {
                "de": [
                  "Paris"
                ],
                "pt": [
                  "Paris"
                ],
                "en": [
                  "Paris"
                ],
                "it": [
                  "Paris"
                ],
                "fr": [
                  "Paris"
                ],
                "nl": [
                  "Paris"
                ],
                "es": [
                  "Paris"
                ]
              },
              "insee": "75",
              "isPartOfRegion": {
                "@id": "kb:France11",
                "@type": [
                  "Region"
                ],
                "rdfs:label": {
                  "de": [
                    "Île-de-France"
                  ],
                  "pt": [
                    "Île-de-France"
                  ],
                  "en": [
                    "Île-de-France"
                  ],
                  "it": [
                    "Île-de-France"
                  ],
                  "fr": [
                    "Île-de-France"
                  ],
                  "nl": [
                    "Île-de-France"
                  ],
                  "es": [
                    "Île-de-France"
                  ]
                },
                "insee": "11",
                "isPartOfCountry": {
                  "@id": "kb:France",
                  "@type": [
                    "schema:Country"
                  ],
                  "rdfs:label": {
                    "de": [
                      "France",
                      "Frankreich"
                    ],
                    "pt": [
                      "França",
                      "France"
                    ],
                    "en": [
                      "France"
                    ],
                    "it": [
                      "France",
                      "Francia"
                    ],
                    "fr": [
                      "France"
                    ],
                    "nl": [
                      "France",
                      "Frankrijk"
                    ],
                    "es": [
                      "France",
                      "Francia"
                    ]
                  }
                }
              }
            }
          }
        }
      ],
      "schema:geo": {
        "@id": "https://data.datatourisme.fr/2d50ea92-8083-350c-8574-18276e95984e",
        "schema:latitude": "48.8451105",
        "schema:longitude": "2.3521839",
        "@type": [
          "schema:GeoCoordinates"
        ]
      },
      "schema:openingHoursSpecification": [
        {
          "@id": "https://data.datatourisme.fr/be8b3658-fd93-3bb0-bcd1-855c9a3eaf3e",
          "@type": [
            "schema:OpeningHoursSpecification"
          ],
          "additionalInformation": {
            "de": [
              "Von 8:00 oder 9:00 Uhr bis 18:00/19:30 oder 20:30 Uhr, je nach Jahreszeit."
            ],
            "en": [
              "From 8am or 9am to 6/7.30pm or 8.30pm, depending on the season."
            ],
            "it": [
              "Dalle 8.00 o 9.00 alle 18.00/17.30 o 20.30, a seconda della stagione."
            ],
            "fr": [
              "De 8h ou 9h à 18h/19h30 ou 20h30, selon la saison."
            ],
            "nl": [
              "Van 8.00 of 9.00 uur tot 18.7.30 of 20.30 uur, afhankelijk van het seizoen."
            ],
            "es": [
              "De 8.00 h. o 9.00 h. a 18.00 h. o 19.30 h. o 20.30 h., según la temporada."
            ]
          },
          "hasTranslatedProperty": [
            {
              "@id": "https://data.datatourisme.fr/0178b1e4-9809-3b56-8c6b-6d097040e42b",
              "dc:contributor": [
                "https://api.deepl.com/v2/translate"
              ],
              "rdf:language": [
                "it"
              ],
              "rdf:predicate": [
                "additionalInformation"
              ]
            },
            {
              "@id": "https://data.datatourisme.fr/39c28a3f-89c7-3193-9d27-fce1a43d9b91",
              "dc:contributor": [
                "https://api.deepl.com/v2/translate"
              ],
              "rdf:language": [
                "nl"
              ],
              "rdf:predicate": [
                "additionalInformation"
              ]
            },
            {
              "@id": "https://data.datatourisme.fr/6d1a710a-164d-3c95-b931-5cb1a90dc7b1",
              "dc:contributor": [
                "https://api.deepl.com/v2/translate"
              ],
              "rdf:language": [
                "de"
              ],
              "rdf:predicate": [
                "additionalInformation"
              ]
            },
            {
              "@id": "https://data.datatourisme.fr/8eb117d3-7643-36dd-8982-baf4fef35783",
              "dc:contributor": [
                "https://api.deepl.com/v2/translate"
              ],
              "rdf:language": [
                "es"
              ],
              "rdf:predicate": [
                "additionalInformation"
              ]
            },
            {
              "@id": "https://data.datatourisme.fr/bc1bed87-2300-3a22-bf71-06310631dbd8",
              "dc:contributor": [
                "https://api.deepl.com/v2/translate"
              ],
              "rdf:language": [
                "en"
              ],
              "rdf:predicate": [
                "additionalInformation"
              ]
            }
          ]
        }
      ],
      "@type": [
        "schema:Place",
        "Place"
      ]
    }
  ],
  "lastUpdate": "2023-06-30",
  "lastUpdateDatatourisme": "2023-10-12T16:59:40.006Z"
}