{
  "@id": "https://data.datatourisme.fr/13/ea502ebc-29ec-35bb-b72a-f6265713de99",
  "dc:identifier": "4885625",
  "@type": [
    "olo:OrderedList",
    "PlaceOfInterest",
    "PointOfInterest",
    "RoadTour",
    "SportsAndLeisurePlace",
    "Tour"
  ],
  "rdfs:comment": {
    "de": [
      "Eine kurvenreiche Straße, die Ihnen die ganze Authentizität der Cevennen der Ardèche enthüllt. Von der Talsohle des Thines-Tals bis zum Granitplateau von Montselgues werden Sie von außergewöhnlichen wilden Landschaften begeistert sein."
    ],
    "en": [
      "A winding route unveiling all the authentic nature of the Cévennes in Ardèche. From the bottom of the Thines valley to the granite plateau of Montselgues, you will be enchanted by these exceptional, untamed landscapes."
    ],
    "it": [
      "Una strada tortuosa che vi svelerà tutta l'autenticità delle Cévennes d'Ardèche. Dal fondo della valle di Thines all'altopiano granitico di Montselgues, sarete stupiti dagli eccezionali paesaggi selvaggi."
    ],
    "fr": [
      "Une route sinueuse qui vous dévoilera toute l'authenticité des Cévennes d'Ardèche. Du fond de la vallée de la Thines jusqu'au plateau granitique de Montselgues vous serez émerveillés par des paysages sauvages exceptionnels."
    ],
    "es": [
      "Una carretera sinuosa que le revelará toda la autenticidad de las Cevenas de Ardèche. Desde el fondo del valle de Thines hasta la meseta granítica de Montselgues, le sorprenderán los excepcionales paisajes salvajes."
    ],
    "nl": [
      "Een kronkelende weg die u de authentieke kant van de Cevennen laat zien. Van de Thines-vallei tot het granietplateau van Montselgues ontdekt u hier een aantal unieke en ongerepte landschappen."
    ]
  },
  "rdfs:label": {
    "en": [
      "At the heart of the Cévennes valleys"
    ],
    "fr": [
      "Au cœur des vallées cévenoles"
    ],
    "nl": [
      "Door de dalen van de Cevennen"
    ]
  },
  "hasBeenCreatedBy": {
    "@id": "https://data.datatourisme.fr/13/f2217062-e9a3-37a1-9ca4-29e7d70bc6ca",
    "dc:identifier": "149",
    "schema:email": [
      "accueil@cevennes-ardeche.com",
      "administration@cevennes-ardeche.com",
      "reseau@cevennes-ardeche.com",
      "web@cevennes-ardeche.com"
    ],
    "schema:legalName": "Office de Tourisme Cévennes d'Ardèche",
    "@type": [
      "schema:Organization",
      "foaf:Agent",
      "Agent"
    ],
    "foaf:homepage": [
      "https://www.cevennes-ardeche.com/"
    ]
  },
  "hasBeenPublishedBy": [
    {
      "@id": "https://data.datatourisme.fr/dbca899d-3f22-364b-b99d-40af1e917c58",
      "schema:legalName": "Agence de Développement Touristique de l'Ardèche - source : Apidae Tourisme",
      "@type": [
        "schema:Organization",
        "foaf:Agent",
        "Agent"
      ],
      "foaf:homepage": [
        "https://www.apidae-tourisme.com/"
      ]
    }
  ],
  "hasContact": [
    {
      "@id": "https://data.datatourisme.fr/abad5cf2-3291-3703-b86f-c0cc0e86743f",
      "schema:email": [
        "contact@cevennes-ardeche.com"
      ],
      "schema:telephone": [
        "+33 4 75 37 24 48"
      ],
      "@type": [
        "foaf:Agent",
        "Agent"
      ]
    }
  ],
  "hasDescription": [
    {
      "@id": "https://data.datatourisme.fr/94634f98-bdcf-3e85-abfd-8c91e9f9522f",
      "@type": [
        "Description"
      ],
      "hasTranslatedProperty": [
        {
          "@id": "https://data.datatourisme.fr/18bb7391-3717-3d5b-a368-2f14f21c0daf",
          "dc:contributor": [
            "https://api.deepl.com/v2/translate"
          ],
          "rdf:language": [
            "es"
          ],
          "rdf:predicate": [
            "shortDescription"
          ]
        },
        {
          "@id": "https://data.datatourisme.fr/722e38f0-6333-3492-87d2-a9d800c406d5",
          "dc:contributor": [
            "https://api.deepl.com/v2/translate"
          ],
          "rdf:language": [
            "it"
          ],
          "rdf:predicate": [
            "shortDescription"
          ]
        },
        {
          "@id": "https://data.datatourisme.fr/beb81b69-026b-387c-9e7b-fcdd1497c401",
          "dc:contributor": [
            "https://api.deepl.com/v2/translate"
          ],
          "rdf:language": [
            "de"
          ],
          "rdf:predicate": [
            "shortDescription"
          ]
        }
      ],
      "shortDescription": {
        "de": [
          "Eine kurvenreiche Straße, die Ihnen die ganze Authentizität der Cevennen der Ardèche enthüllt. Von der Talsohle des Thines-Tals bis zum Granitplateau von Montselgues werden Sie von außergewöhnlichen wilden Landschaften begeistert sein."
        ],
        "en": [
          "A winding route unveiling all the authentic nature of the Cévennes in Ardèche. From the bottom of the Thines valley to the granite plateau of Montselgues, you will be enchanted by these exceptional, untamed landscapes."
        ],
        "it": [
          "Una strada tortuosa che vi svelerà tutta l'autenticità delle Cévennes d'Ardèche. Dal fondo della valle di Thines all'altopiano granitico di Montselgues, sarete stupiti dagli eccezionali paesaggi selvaggi."
        ],
        "fr": [
          "Une route sinueuse qui vous dévoilera toute l'authenticité des Cévennes d'Ardèche. Du fond de la vallée de la Thines jusqu'au plateau granitique de Montselgues vous serez émerveillés par des paysages sauvages exceptionnels."
        ],
        "es": [
          "Una carretera sinuosa que le revelará toda la autenticidad de las Cevenas de Ardèche. Desde el fondo del valle de Thines hasta la meseta granítica de Montselgues, le sorprenderán los excepcionales paisajes salvajes."
        ],
        "nl": [
          "Een kronkelende weg die u de authentieke kant van de Cevennen laat zien. Van de Thines-vallei tot het granietplateau van Montselgues ontdekt u hier een aantal unieke en ongerepte landschappen."
        ]
      }
    }
  ],
  "hasTranslatedProperty": [
    {
      "@id": "https://data.datatourisme.fr/2b73c582-7b59-32cc-a4db-d5c409d4382f",
      "dc:contributor": [
        "https://api.deepl.com/v2/translate"
      ],
      "rdf:language": [
        "it"
      ],
      "rdf:predicate": [
        {
          "@id": "rdfs:comment"
        }
      ]
    },
    {
      "@id": "https://data.datatourisme.fr/505925e2-023f-3d09-a3bb-e664c71ed72b",
      "dc:contributor": [
        "https://api.deepl.com/v2/translate"
      ],
      "rdf:language": [
        "es"
      ],
      "rdf:predicate": [
        {
          "@id": "rdfs:comment"
        }
      ]
    },
    {
      "@id": "https://data.datatourisme.fr/9113d52c-933a-3d8b-a838-3be259bc4302",
      "dc:contributor": [
        "https://api.deepl.com/v2/translate"
      ],
      "rdf:language": [
        "de"
      ],
      "rdf:predicate": [
        {
          "@id": "rdfs:comment"
        }
      ]
    }
  ],
  "isLocatedAt": [
    {
      "@id": "https://data.datatourisme.fr/1a469312-108e-3057-8588-1aa13715d3c0",
      "schema:address": [
        {
          "@id": "https://data.datatourisme.fr/b1885700-d6f9-30d4-ba61-c7dab2b0eeb8",
          "schema:addressLocality": "Gravières",
          "schema:postalCode": "07140",
          "@type": [
            "schema:PostalAddress",
            "PostalAddress"
          ],
          "hasAddressCity": {
            "@id": "kb:07100",
            "@type": [
              "City"
            ],
            "rdfs:label": {
              "de": [
                "Gravières"
              ],
              "pt": [
                "Gravières"
              ],
              "en": [
                "Gravières"
              ],
              "it": [
                "Gravières"
              ],
              "fr": [
                "Gravières"
              ],
              "nl": [
                "Gravières"
              ],
              "es": [
                "Gravières"
              ]
            },
            "insee": "07100",
            "isPartOfDepartment": {
              "@id": "kb:France8407",
              "@type": [
                "Department"
              ],
              "rdfs:label": {
                "de": [
                  "Ardèche"
                ],
                "pt": [
                  "Ardèche"
                ],
                "en": [
                  "Ardèche"
                ],
                "it": [
                  "Ardèche"
                ],
                "fr": [
                  "Ardèche"
                ],
                "nl": [
                  "Ardèche"
                ],
                "es": [
                  "Ardèche"
                ]
              },
              "insee": "07",
              "isPartOfRegion": {
                "@id": "kb:France84",
                "@type": [
                  "Region"
                ],
                "rdfs:label": {
                  "de": [
                    "Auvergne-Rhône-Alpes"
                  ],
                  "pt": [
                    "Auvergne-Rhône-Alpes"
                  ],
                  "en": [
                    "Auvergne-Rhône-Alpes"
                  ],
                  "it": [
                    "Auvergne-Rhône-Alpes"
                  ],
                  "fr": [
                    "Auvergne-Rhône-Alpes"
                  ],
                  "nl": [
                    "Auvergne-Rhône-Alpes"
                  ],
                  "es": [
                    "Auvergne-Rhône-Alpes"
                  ]
                },
                "insee": "84",
                "isPartOfCountry": {
                  "@id": "kb:France",
                  "@type": [
                    "schema:Country"
                  ],
                  "rdfs:label": {
                    "de": [
                      "France",
                      "Frankreich"
                    ],
                    "pt": [
                      "França",
                      "France"
                    ],
                    "en": [
                      "France"
                    ],
                    "it": [
                      "France",
                      "Francia"
                    ],
                    "fr": [
                      "France"
                    ],
                    "nl": [
                      "France",
                      "Frankrijk"
                    ],
                    "es": [
                      "France",
                      "Francia"
                    ]
                  }
                }
              }
            }
          }
        }
      ],
      "schema:geo": {
        "@id": "https://data.datatourisme.fr/7d17a0aa-2c5c-3354-95da-4c1e6956cfed",
        "schema:latitude": "44.421735",
        "schema:longitude": "4.091335",
        "@type": [
          "schema:GeoCoordinates"
        ]
      },
      "schema:openingHoursSpecification": [
        {
          "@id": "https://data.datatourisme.fr/f87e535a-636d-3343-ad63-8a03392e7511",
          "schema:validFrom": "2023-01-01T00:00:00",
          "schema:validThrough": "2023-12-31T23:59:59",
          "@type": [
            "schema:OpeningHoursSpecification"
          ]
        }
      ],
      "@type": [
        "schema:Place",
        "Place"
      ]
    }
  ],
  "isOwnedBy": [
    {
      "@id": "https://data.datatourisme.fr/0d88a977-b149-30b7-afce-860643446f47",
      "schema:email": [
        "accueil@cevennes-ardeche.com",
        "administration@cevennes-ardeche.com",
        "reseau@cevennes-ardeche.com",
        "web@cevennes-ardeche.com"
      ],
      "schema:legalName": "Office de Tourisme Cévennes d'Ardèche",
      "@type": [
        "schema:Organization",
        "foaf:Agent",
        "Agent"
      ],
      "foaf:homepage": [
        "https://www.cevennes-ardeche.com/"
      ]
    }
  ],
  "lastUpdate": "2021-01-07",
  "lastUpdateDatatourisme": "2023-02-11T06:38:49.105Z"
}