{
  "@id": "https://data.datatourisme.fr/13/a524a932-fd30-30fb-8ab9-a6390f0decdf",
  "dc:identifier": "5796472",
  "@type": [
    "CulturalSite",
    "PlaceOfInterest",
    "PointOfInterest"
  ],
  "rdfs:comment": {
    "de": [
      "Besuchen Sie den Arc de Triomphe, ein echtes Bindeglied zwischen dem alten und dem modernen Paris, auf der Spitze der Achse, die den Louvre mit der Grande Arche de la Défense verbindet."
    ],
    "en": [
      "Visit the Arc de Triomphe, a true link between ancient and contemporary Paris, at the top of the axis linking the Louvre to the Grande Arche de la Défense."
    ],
    "it": [
      "Visitate l'Arco di Trionfo, vero e proprio anello di congiunzione tra la Parigi antica e quella contemporanea, in cima all'asse che collega il Louvre alla Grande Arche de la Défense."
    ],
    "fr": [
      "Visitez l'Arc de triomphe, véritable trait d'union entre le Paris ancien et le Paris contemporain, au sommet de l'axe reliant le Louvre à la Grande Arche de la Défense."
    ],
    "es": [
      "Visite el Arco del Triunfo, verdadero vínculo entre el París antiguo y el contemporáneo, en la cima del eje que une el Louvre con el Gran Arco de la Defensa."
    ],
    "nl": [
      "Bezoek de Arc de Triomphe, een echte schakel tussen het oude en het hedendaagse Parijs, bovenaan de as die het Louvre met de Grande Arche de la Défense verbindt."
    ]
  },
  "rdfs:label": {
    "en": [
      "Test PCU"
    ],
    "fr": [
      "Test PCU"
    ]
  },
  "hasBeenCreatedBy": {
    "@id": "https://data.datatourisme.fr/13/03e0704b-5690-32de-a186-1dc3ad3316c9",
    "dc:identifier": "1019",
    "schema:email": [
      "bgeigle@visitparisregion.com",
      "hcaldo@visitparisregion.com",
      "mtanaskovic@visitparisregion.com"
    ],
    "schema:legalName": "Choose Paris Region",
    "@type": [
      "schema:Organization",
      "foaf:Agent",
      "Agent"
    ],
    "foaf:homepage": [
      "http://www.visitparisregion.com/"
    ]
  },
  "hasBeenPublishedBy": [
    {
      "@id": "https://data.datatourisme.fr/8a9feb4b-2cbd-3d2c-b507-bd6c6776b23b",
      "schema:legalName": "Apidae Tourisme Scic SA - source : Apidae Tourisme",
      "@type": [
        "schema:Organization",
        "foaf:Agent",
        "Agent"
      ],
      "foaf:homepage": [
        "https://www.apidae-tourisme.com/"
      ]
    }
  ],
  "hasContact": [
    {
      "@id": "https://data.datatourisme.fr/a3631683-a87e-3f9e-a204-979774a400bc",
      "schema:telephone": [
        "+33 1 55 37 73 77"
      ],
      "@type": [
        "foaf:Agent",
        "Agent"
      ],
      "foaf:homepage": [
        "http://www.paris-arc-de-triomphe.fr/"
      ]
    }
  ],
  "hasDescription": [
    {
      "@id": "https://data.datatourisme.fr/531d56fc-9b9f-3c66-8e00-f813888da7ab",
      "@type": [
        "Description"
      ],
      "hasTranslatedProperty": [
        {
          "@id": "https://data.datatourisme.fr/8ac00058-02e2-390e-aed4-86e8f12c0df5",
          "dc:contributor": [
            "https://api.deepl.com/v2/translate"
          ],
          "rdf:language": [
            "es"
          ],
          "rdf:predicate": [
            "shortDescription"
          ]
        },
        {
          "@id": "https://data.datatourisme.fr/a4cf5c4c-d3aa-3e01-80d3-60fa1093f537",
          "dc:contributor": [
            "https://api.deepl.com/v2/translate"
          ],
          "rdf:language": [
            "de"
          ],
          "rdf:predicate": [
            "shortDescription"
          ]
        },
        {
          "@id": "https://data.datatourisme.fr/d8de720f-8618-3c32-8ada-d563ed9b501a",
          "dc:contributor": [
            "https://api.deepl.com/v2/translate"
          ],
          "rdf:language": [
            "it"
          ],
          "rdf:predicate": [
            "shortDescription"
          ]
        },
        {
          "@id": "https://data.datatourisme.fr/f8b60142-0630-3589-9c59-693f9b73603a",
          "dc:contributor": [
            "https://api.deepl.com/v2/translate"
          ],
          "rdf:language": [
            "en"
          ],
          "rdf:predicate": [
            "shortDescription"
          ]
        },
        {
          "@id": "https://data.datatourisme.fr/fa80cab1-1914-3fff-af57-4c443c6d2fd0",
          "dc:contributor": [
            "https://api.deepl.com/v2/translate"
          ],
          "rdf:language": [
            "nl"
          ],
          "rdf:predicate": [
            "shortDescription"
          ]
        }
      ],
      "shortDescription": {
        "de": [
          "Besuchen Sie den Arc de Triomphe, ein echtes Bindeglied zwischen dem alten und dem modernen Paris, auf der Spitze der Achse, die den Louvre mit der Grande Arche de la Défense verbindet."
        ],
        "en": [
          "Visit the Arc de Triomphe, a true link between ancient and contemporary Paris, at the top of the axis linking the Louvre to the Grande Arche de la Défense."
        ],
        "it": [
          "Visitate l'Arco di Trionfo, vero e proprio anello di congiunzione tra la Parigi antica e quella contemporanea, in cima all'asse che collega il Louvre alla Grande Arche de la Défense."
        ],
        "fr": [
          "Visitez l'Arc de triomphe, véritable trait d'union entre le Paris ancien et le Paris contemporain, au sommet de l'axe reliant le Louvre à la Grande Arche de la Défense."
        ],
        "es": [
          "Visite el Arco del Triunfo, verdadero vínculo entre el París antiguo y el contemporáneo, en la cima del eje que une el Louvre con el Gran Arco de la Defensa."
        ],
        "nl": [
          "Bezoek de Arc de Triomphe, een echte schakel tussen het oude en het hedendaagse Parijs, bovenaan de as die het Louvre met de Grande Arche de la Défense verbindt."
        ]
      }
    }
  ],
  "hasTheme": [
    {
      "@id": "kb:Culture",
      "@type": [
        "CulturalTheme"
      ],
      "rdfs:label": {
        "de": [
          "Kultur"
        ],
        "pt": [
          "Cultura"
        ],
        "en": [
          "Culture"
        ],
        "it": [
          "Cultura"
        ],
        "fr": [
          "Culture"
        ],
        "nl": [
          "Cultuur"
        ],
        "es": [
          "Cultura"
        ]
      }
    }
  ],
  "hasTranslatedProperty": [
    {
      "@id": "https://data.datatourisme.fr/20796ba9-88ef-3690-b13b-9b301e97d92b",
      "dc:contributor": [
        "https://api.deepl.com/v2/translate"
      ],
      "rdf:language": [
        "it"
      ],
      "rdf:predicate": [
        {
          "@id": "rdfs:comment"
        }
      ]
    },
    {
      "@id": "https://data.datatourisme.fr/64c9067c-e7c9-343b-b860-fa5de23d0927",
      "dc:contributor": [
        "https://api.deepl.com/v2/translate"
      ],
      "rdf:language": [
        "nl"
      ],
      "rdf:predicate": [
        {
          "@id": "rdfs:comment"
        }
      ]
    },
    {
      "@id": "https://data.datatourisme.fr/9bcffb25-2b3c-385c-b85a-05ec70b6858d",
      "dc:contributor": [
        "https://api.deepl.com/v2/translate"
      ],
      "rdf:language": [
        "en"
      ],
      "rdf:predicate": [
        {
          "@id": "rdfs:comment"
        }
      ]
    },
    {
      "@id": "https://data.datatourisme.fr/afac0d4e-b6f1-35e4-90ff-fb6fa57f07b7",
      "dc:contributor": [
        "https://api.deepl.com/v2/translate"
      ],
      "rdf:language": [
        "es"
      ],
      "rdf:predicate": [
        {
          "@id": "rdfs:comment"
        }
      ]
    },
    {
      "@id": "https://data.datatourisme.fr/dcbd3dce-e96f-3606-89ce-d8693a779189",
      "dc:contributor": [
        "https://api.deepl.com/v2/translate"
      ],
      "rdf:language": [
        "de"
      ],
      "rdf:predicate": [
        {
          "@id": "rdfs:comment"
        }
      ]
    }
  ],
  "isLocatedAt": [
    {
      "@id": "https://data.datatourisme.fr/c622849c-824b-35d4-a865-86a845bc4f5c",
      "schema:address": [
        {
          "@id": "https://data.datatourisme.fr/aca4915a-7ee0-30fe-ace6-7d889d70d3d2",
          "schema:addressLocality": "Paris",
          "schema:postalCode": "75008",
          "schema:streetAddress": [
            "Place Charles-de-Gaulle"
          ],
          "@type": [
            "schema:PostalAddress",
            "PostalAddress"
          ],
          "hasAddressCity": {
            "@id": "kb:75056",
            "@type": [
              "City"
            ],
            "rdfs:label": {
              "de": [
                "Paris"
              ],
              "pt": [
                "Paris"
              ],
              "en": [
                "Paris"
              ],
              "it": [
                "Paris"
              ],
              "fr": [
                "Paris"
              ],
              "nl": [
                "Paris"
              ],
              "es": [
                "Paris"
              ]
            },
            "insee": "75056",
            "isPartOfDepartment": {
              "@id": "kb:France1175",
              "@type": [
                "Department"
              ],
              "rdfs:label": {
                "de": [
                  "Paris"
                ],
                "pt": [
                  "Paris"
                ],
                "en": [
                  "Paris"
                ],
                "it": [
                  "Paris"
                ],
                "fr": [
                  "Paris"
                ],
                "nl": [
                  "Paris"
                ],
                "es": [
                  "Paris"
                ]
              },
              "insee": "75",
              "isPartOfRegion": {
                "@id": "kb:France11",
                "@type": [
                  "Region"
                ],
                "rdfs:label": {
                  "de": [
                    "Île-de-France"
                  ],
                  "pt": [
                    "Île-de-France"
                  ],
                  "en": [
                    "Île-de-France"
                  ],
                  "it": [
                    "Île-de-France"
                  ],
                  "fr": [
                    "Île-de-France"
                  ],
                  "nl": [
                    "Île-de-France"
                  ],
                  "es": [
                    "Île-de-France"
                  ]
                },
                "insee": "11",
                "isPartOfCountry": {
                  "@id": "kb:France",
                  "@type": [
                    "schema:Country"
                  ],
                  "rdfs:label": {
                    "de": [
                      "France",
                      "Frankreich"
                    ],
                    "pt": [
                      "França",
                      "France"
                    ],
                    "en": [
                      "France"
                    ],
                    "it": [
                      "France",
                      "Francia"
                    ],
                    "fr": [
                      "France"
                    ],
                    "nl": [
                      "France",
                      "Frankrijk"
                    ],
                    "es": [
                      "France",
                      "Francia"
                    ]
                  }
                }
              }
            }
          }
        }
      ],
      "schema:geo": {
        "@id": "https://data.datatourisme.fr/3e9a81c3-aa08-3156-96eb-c75386d7a98c",
        "schema:latitude": "48.873757",
        "schema:longitude": "2.295909",
        "@type": [
          "schema:GeoCoordinates"
        ]
      },
      "schema:openingHoursSpecification": [
        {
          "@id": "https://data.datatourisme.fr/567bf05a-f011-39e7-a9ab-fdb1d39e3ce0",
          "schema:closes": "23:00:00",
          "schema:opens": "10:00:00",
          "schema:validFrom": "2023-01-01T00:00:00",
          "schema:validThrough": "2023-04-30T23:59:59",
          "@type": [
            "schema:OpeningHoursSpecification"
          ],
          "additionalInformation": {
            "de": [
              "Schließung des Ticketschalters und letzter Zugang zum Denkmal 45 Minuten vor Schließung."
            ],
            "en": [
              "Ticket office closes and last access to the monument 45 minutes before closing time."
            ],
            "it": [
              "La biglietteria chiude e l'ultimo accesso al monumento avviene 45 minuti prima della chiusura."
            ],
            "fr": [
              "Fermeture de la billetterie et dernier accès au monument 45 mn avant la fermeture."
            ],
            "es": [
              "La taquilla cierra y el último acceso al monumento 45 minutos antes del cierre."
            ],
            "nl": [
              "De kassa sluit en de laatste toegang tot het monument is 45 minuten voor sluitingstijd."
            ]
          },
          "hasTranslatedProperty": [
            {
              "@id": "https://data.datatourisme.fr/08a56f58-a4e7-32b4-8aa1-a241819865cc",
              "dc:contributor": [
                "https://api.deepl.com/v2/translate"
              ],
              "rdf:language": [
                "nl"
              ],
              "rdf:predicate": [
                "additionalInformation"
              ]
            },
            {
              "@id": "https://data.datatourisme.fr/0ada14ea-7004-3453-93ce-353521b8cd8c",
              "dc:contributor": [
                "https://api.deepl.com/v2/translate"
              ],
              "rdf:language": [
                "es"
              ],
              "rdf:predicate": [
                "additionalInformation"
              ]
            },
            {
              "@id": "https://data.datatourisme.fr/4324d70e-2ad0-3898-81be-c74542cd8591",
              "dc:contributor": [
                "https://api.deepl.com/v2/translate"
              ],
              "rdf:language": [
                "de"
              ],
              "rdf:predicate": [
                "additionalInformation"
              ]
            },
            {
              "@id": "https://data.datatourisme.fr/ee6eb7ad-16fc-3fd3-9316-4079b80df5ca",
              "dc:contributor": [
                "https://api.deepl.com/v2/translate"
              ],
              "rdf:language": [
                "it"
              ],
              "rdf:predicate": [
                "additionalInformation"
              ]
            },
            {
              "@id": "https://data.datatourisme.fr/f12ebf58-0e20-34ec-a783-c10c3dbd76b8",
              "dc:contributor": [
                "https://api.deepl.com/v2/translate"
              ],
              "rdf:language": [
                "en"
              ],
              "rdf:predicate": [
                "additionalInformation"
              ]
            }
          ]
        },
        {
          "@id": "https://data.datatourisme.fr/8c777178-ba5f-3866-8fdf-163986b9c11a",
          "schema:closes": "13:00:00",
          "schema:opens": "10:00:00",
          "schema:validFrom": "2023-05-01T00:00:00",
          "schema:validThrough": "2023-12-31T23:59:59",
          "@type": [
            "schema:OpeningHoursSpecification"
          ],
          "additionalInformation": {
            "de": [
              "Dann kann es ein bisschen früher schließen hein!"
            ],
            "en": [
              "So it can close a little bit before !"
            ],
            "it": [
              "Così può chiudere un po' prima!"
            ],
            "fr": [
              "Alors ça peut fermer un peu avant hein !"
            ],
            "es": [
              "Para que pueda cerrar un poco antes"
            ],
            "nl": [
              "Dus het kan iets eerder dicht!"
            ]
          },
          "hasTranslatedProperty": [
            {
              "@id": "https://data.datatourisme.fr/43a9297f-9401-3227-8e7c-447154503a0e",
              "dc:contributor": [
                "https://api.deepl.com/v2/translate"
              ],
              "rdf:language": [
                "nl"
              ],
              "rdf:predicate": [
                "additionalInformation"
              ]
            },
            {
              "@id": "https://data.datatourisme.fr/5afc4729-3b6c-335d-8d5a-88d9d0b9c1df",
              "dc:contributor": [
                "https://api.deepl.com/v2/translate"
              ],
              "rdf:language": [
                "es"
              ],
              "rdf:predicate": [
                "additionalInformation"
              ]
            },
            {
              "@id": "https://data.datatourisme.fr/b2247d83-4b89-3e34-b000-44ed380391f5",
              "dc:contributor": [
                "https://api.deepl.com/v2/translate"
              ],
              "rdf:language": [
                "de"
              ],
              "rdf:predicate": [
                "additionalInformation"
              ]
            },
            {
              "@id": "https://data.datatourisme.fr/d1b1fc7d-025e-388a-b050-1e3c2144b4d3",
              "dc:contributor": [
                "https://api.deepl.com/v2/translate"
              ],
              "rdf:language": [
                "en"
              ],
              "rdf:predicate": [
                "additionalInformation"
              ]
            },
            {
              "@id": "https://data.datatourisme.fr/ed344359-ea90-3785-b930-029160a2a65e",
              "dc:contributor": [
                "https://api.deepl.com/v2/translate"
              ],
              "rdf:language": [
                "it"
              ],
              "rdf:predicate": [
                "additionalInformation"
              ]
            }
          ]
        }
      ],
      "@type": [
        "schema:Place",
        "Place"
      ]
    }
  ],
  "isOwnedBy": [
    {
      "@id": "https://data.datatourisme.fr/3b8a790a-ebad-39c6-9a18-c5663001f469",
      "schema:email": [
        "bgeigle@visitparisregion.com",
        "hcaldo@visitparisregion.com",
        "mtanaskovic@visitparisregion.com"
      ],
      "schema:legalName": "Choose Paris Region",
      "@type": [
        "schema:Organization",
        "foaf:Agent",
        "Agent"
      ],
      "foaf:homepage": [
        "http://www.visitparisregion.com/"
      ]
    }
  ],
  "lastUpdate": "2023-10-11",
  "lastUpdateDatatourisme": "2023-10-17T05:52:15.676Z"
}