{
  "@id": "https://data.datatourisme.fr/13/1d47e1fa-00cf-3293-a360-97e0fb28ab52",
  "dc:identifier": "120962",
  "@type": [
    "olo:OrderedList",
    "PlaceOfInterest",
    "PointOfInterest",
    "SportsAndLeisurePlace",
    "Tour",
    "WalkingTour"
  ],
  "rdfs:comment": {
    "de": [
      "Wanderung durch Obstbäume, Weinberge und Ausblicke auf die Rhône. Wanderung im Wanderführer \"Randonnées pédestres en Valloire\", der vom Fremdenverkehrsamt des Valloire herausgegeben wird."
    ],
    "en": [
      "Stroll through fruit trees, vineyards and views of the Rhone. Hiking available in the Valloire hiking guide published by the Valloire tourist office."
    ],
    "it": [
      "Passeggiate tra alberi da frutto, vigneti e viste sul Rodano. Passeggiata disponibile nella guida a piedi di Valloire pubblicata dall'ufficio turistico di Valloire."
    ],
    "fr": [
      "Balade à travers les arbres fruitiers, les vignes et vues sur le Rhône. Randonnée disponible dans le guide de randonnées pédestres en Valloire édité par l'office de tourisme de la Valloire."
    ],
    "nl": [
      "Wandel tussen fruitbomen, wijngaarden en uitzicht op de Rhône. Wandeling beschikbaar in de Valloire wandelgids uitgegeven door het VVV-kantoor van Valloire."
    ],
    "es": [
      "Pasee entre árboles frutales, viñedos y vistas del Ródano. Paseo disponible en la guía de senderismo de Valloire publicada por la oficina de turismo de Valloire."
    ]
  },
  "rdfs:label": {
    "fr": [
      "Boucle de randonnée \"Saint Etienne de Valoux\""
    ]
  },
  "hasBeenCreatedBy": {
    "@id": "https://data.datatourisme.fr/13/73278a4a-8696-3eeb-976a-8fd4c9ec6997",
    "dc:identifier": "113",
    "schema:email": [
      "d.sanial@dromardeche.fr",
      "j.bruyere@dromardeche.fr"
    ],
    "schema:legalName": "Office de Tourisme Porte de DrômArdèche",
    "@type": [
      "schema:Organization",
      "foaf:Agent",
      "Agent"
    ],
    "foaf:homepage": [
      "http://www.autour-du-palais-ideal.fr/"
    ]
  },
  "hasBeenPublishedBy": [
    {
      "@id": "https://data.datatourisme.fr/d48f2ccd-2357-3a8e-b949-cb8bf19a361f",
      "schema:legalName": "Agence d'Attractivité de la Drôme - source : Apidae Tourisme",
      "@type": [
        "schema:Organization",
        "foaf:Agent",
        "Agent"
      ],
      "foaf:homepage": [
        "https://www.apidae-tourisme.com/"
      ]
    }
  ],
  "hasContact": [
    {
      "@id": "https://data.datatourisme.fr/e4a61420-5736-3383-8b66-c11b58e648c9",
      "schema:email": [
        "porte@dromardeche.fr"
      ],
      "schema:telephone": [
        "+33 4 75 23 45 33"
      ],
      "@type": [
        "foaf:Agent",
        "Agent"
      ],
      "foaf:homepage": [
        "http://www.autour-du-palais-ideal.fr/"
      ]
    }
  ],
  "hasDescription": [
    {
      "@id": "https://data.datatourisme.fr/18ebc671-845a-348b-89de-d613c5b6a364",
      "@type": [
        "Description"
      ],
      "hasTranslatedProperty": [
        {
          "@id": "https://data.datatourisme.fr/20c54b51-805e-325d-b0ae-bcbfee49e404",
          "dc:contributor": [
            "https://api.deepl.com/v2/translate"
          ],
          "rdf:language": [
            "en"
          ],
          "rdf:predicate": [
            "shortDescription"
          ]
        },
        {
          "@id": "https://data.datatourisme.fr/2c30750a-2942-3d6c-8cbb-85b3cd03e064",
          "dc:contributor": [
            "https://api.deepl.com/v2/translate"
          ],
          "rdf:language": [
            "it"
          ],
          "rdf:predicate": [
            "shortDescription"
          ]
        },
        {
          "@id": "https://data.datatourisme.fr/3f9312aa-c2de-3dc7-88e4-9e8a28debaa9",
          "dc:contributor": [
            "https://api.deepl.com/v2/translate"
          ],
          "rdf:language": [
            "nl"
          ],
          "rdf:predicate": [
            "shortDescription"
          ]
        },
        {
          "@id": "https://data.datatourisme.fr/8eea58c5-975f-3c14-853e-562749e035a8",
          "dc:contributor": [
            "https://api.deepl.com/v2/translate"
          ],
          "rdf:language": [
            "es"
          ],
          "rdf:predicate": [
            "shortDescription"
          ]
        },
        {
          "@id": "https://data.datatourisme.fr/acccc2f3-6806-3db9-b8de-de2bad7ddfc8",
          "dc:contributor": [
            "https://api.deepl.com/v2/translate"
          ],
          "rdf:language": [
            "de"
          ],
          "rdf:predicate": [
            "shortDescription"
          ]
        }
      ],
      "shortDescription": {
        "de": [
          "Wanderung durch Obstbäume, Weinberge und Ausblicke auf die Rhône. Wanderung im Wanderführer \"Randonnées pédestres en Valloire\", der vom Fremdenverkehrsamt des Valloire herausgegeben wird."
        ],
        "en": [
          "Stroll through fruit trees, vineyards and views of the Rhone. Hiking available in the Valloire hiking guide published by the Valloire tourist office."
        ],
        "it": [
          "Passeggiate tra alberi da frutto, vigneti e viste sul Rodano. Passeggiata disponibile nella guida a piedi di Valloire pubblicata dall'ufficio turistico di Valloire."
        ],
        "fr": [
          "Balade à travers les arbres fruitiers, les vignes et vues sur le Rhône. Randonnée disponible dans le guide de randonnées pédestres en Valloire édité par l'office de tourisme de la Valloire."
        ],
        "nl": [
          "Wandel tussen fruitbomen, wijngaarden en uitzicht op de Rhône. Wandeling beschikbaar in de Valloire wandelgids uitgegeven door het VVV-kantoor van Valloire."
        ],
        "es": [
          "Pasee entre árboles frutales, viñedos y vistas del Ródano. Paseo disponible en la guía de senderismo de Valloire publicada por la oficina de turismo de Valloire."
        ]
      }
    }
  ],
  "hasTheme": [
    {
      "@id": "kb:Hiking",
      "@type": [
        "SportsTheme"
      ],
      "rdfs:label": {
        "de": [
          "Wanderung"
        ],
        "pt": [
          "Caminhada"
        ],
        "en": [
          "Hiking"
        ],
        "it": [
          "Escursione"
        ],
        "fr": [
          "Randonnée"
        ],
        "nl": [
          "Wandelen"
        ],
        "es": [
          "Senderismo"
        ]
      }
    },
    {
      "@id": "kb:Pedestrian",
      "@type": [
        "SportsTheme"
      ],
      "rdfs:label": {
        "de": [
          "Zu Fuß"
        ],
        "pt": [
          "Pedestre"
        ],
        "en": [
          "Pedestrian"
        ],
        "it": [
          "A piedi"
        ],
        "fr": [
          "Pédestre"
        ],
        "nl": [
          "Voetgangers"
        ],
        "es": [
          "Peatón"
        ]
      }
    },
    {
      "@id": "kb:Running",
      "@type": [
        "SportsTheme"
      ],
      "rdfs:label": {
        "de": [
          "Laufen"
        ],
        "pt": [
          "Corrida a pé"
        ],
        "en": [
          "Running"
        ],
        "it": [
          "Corsa a piedi"
        ],
        "fr": [
          "Course à pied"
        ],
        "nl": [
          "Hardlopen"
        ],
        "es": [
          "Carrera a pie"
        ]
      }
    }
  ],
  "hasTranslatedProperty": [
    {
      "@id": "https://data.datatourisme.fr/24dfd1ef-f746-3a36-b994-5bb6700bdfd7",
      "dc:contributor": [
        "https://api.deepl.com/v2/translate"
      ],
      "rdf:language": [
        "de"
      ],
      "rdf:predicate": [
        {
          "@id": "rdfs:comment"
        }
      ]
    },
    {
      "@id": "https://data.datatourisme.fr/2e101979-04bf-3630-8080-2bce8d97c41e",
      "dc:contributor": [
        "https://api.deepl.com/v2/translate"
      ],
      "rdf:language": [
        "it"
      ],
      "rdf:predicate": [
        {
          "@id": "rdfs:comment"
        }
      ]
    },
    {
      "@id": "https://data.datatourisme.fr/848ec8e7-7c87-3d69-a830-dcbdc3e21709",
      "dc:contributor": [
        "https://api.deepl.com/v2/translate"
      ],
      "rdf:language": [
        "en"
      ],
      "rdf:predicate": [
        {
          "@id": "rdfs:comment"
        }
      ]
    },
    {
      "@id": "https://data.datatourisme.fr/c962e3d4-8904-31aa-8d77-adff469f03f7",
      "dc:contributor": [
        "https://api.deepl.com/v2/translate"
      ],
      "rdf:language": [
        "nl"
      ],
      "rdf:predicate": [
        {
          "@id": "rdfs:comment"
        }
      ]
    },
    {
      "@id": "https://data.datatourisme.fr/e376d501-0149-3509-b68f-0c5791310cfa",
      "dc:contributor": [
        "https://api.deepl.com/v2/translate"
      ],
      "rdf:language": [
        "es"
      ],
      "rdf:predicate": [
        {
          "@id": "rdfs:comment"
        }
      ]
    }
  ],
  "isLocatedAt": [
    {
      "@id": "https://data.datatourisme.fr/5eeae40d-03bf-316c-be62-748ae24384b4",
      "schema:address": [
        {
          "@id": "https://data.datatourisme.fr/1316c68e-f5ea-3efb-85c1-5fb911c28103",
          "schema:addressLocality": "Saint-Étienne-de-Valoux",
          "schema:postalCode": "07340",
          "schema:streetAddress": [
            "Parking de la mairie"
          ],
          "@type": [
            "schema:PostalAddress",
            "PostalAddress"
          ],
          "hasAddressCity": {
            "@id": "kb:07234",
            "@type": [
              "City"
            ],
            "rdfs:label": {
              "de": [
                "Saint-Étienne-de-Valoux"
              ],
              "pt": [
                "Saint-Étienne-de-Valoux"
              ],
              "en": [
                "Saint-Étienne-de-Valoux"
              ],
              "it": [
                "Saint-Étienne-de-Valoux"
              ],
              "fr": [
                "Saint-Étienne-de-Valoux"
              ],
              "nl": [
                "Saint-Étienne-de-Valoux"
              ],
              "es": [
                "Saint-Étienne-de-Valoux"
              ]
            },
            "insee": "07234",
            "isPartOfDepartment": {
              "@id": "kb:France8407",
              "@type": [
                "Department"
              ],
              "rdfs:label": {
                "de": [
                  "Ardèche"
                ],
                "pt": [
                  "Ardèche"
                ],
                "en": [
                  "Ardèche"
                ],
                "it": [
                  "Ardèche"
                ],
                "fr": [
                  "Ardèche"
                ],
                "nl": [
                  "Ardèche"
                ],
                "es": [
                  "Ardèche"
                ]
              },
              "insee": "07",
              "isPartOfRegion": {
                "@id": "kb:France84",
                "@type": [
                  "Region"
                ],
                "rdfs:label": {
                  "de": [
                    "Auvergne-Rhône-Alpes"
                  ],
                  "pt": [
                    "Auvergne-Rhône-Alpes"
                  ],
                  "en": [
                    "Auvergne-Rhône-Alpes"
                  ],
                  "it": [
                    "Auvergne-Rhône-Alpes"
                  ],
                  "fr": [
                    "Auvergne-Rhône-Alpes"
                  ],
                  "nl": [
                    "Auvergne-Rhône-Alpes"
                  ],
                  "es": [
                    "Auvergne-Rhône-Alpes"
                  ]
                },
                "insee": "84",
                "isPartOfCountry": {
                  "@id": "kb:France",
                  "@type": [
                    "schema:Country"
                  ],
                  "rdfs:label": {
                    "de": [
                      "France",
                      "Frankreich"
                    ],
                    "pt": [
                      "França",
                      "France"
                    ],
                    "en": [
                      "France"
                    ],
                    "it": [
                      "France",
                      "Francia"
                    ],
                    "fr": [
                      "France"
                    ],
                    "nl": [
                      "France",
                      "Frankrijk"
                    ],
                    "es": [
                      "France",
                      "Francia"
                    ]
                  }
                }
              }
            }
          }
        }
      ],
      "schema:geo": {
        "@id": "https://data.datatourisme.fr/b8c8590e-6845-3f9c-9d5f-d2330ad8ac8d",
        "schema:latitude": "45.245872",
        "schema:longitude": "4.780383",
        "@type": [
          "schema:GeoCoordinates"
        ]
      },
      "schema:openingHoursSpecification": [
        {
          "@id": "https://data.datatourisme.fr/f87e535a-636d-3343-ad63-8a03392e7511",
          "schema:validFrom": "2023-01-01T00:00:00",
          "schema:validThrough": "2023-12-31T23:59:59",
          "@type": [
            "schema:OpeningHoursSpecification"
          ]
        }
      ],
      "@type": [
        "schema:Place",
        "Place"
      ]
    }
  ],
  "isOwnedBy": [
    {
      "@id": "https://data.datatourisme.fr/c34130c6-4437-3624-9afb-3511a8692fba",
      "schema:email": [
        "d.sanial@dromardeche.fr",
        "j.bruyere@dromardeche.fr"
      ],
      "schema:legalName": "Office de Tourisme Porte de DrômArdèche",
      "@type": [
        "schema:Organization",
        "foaf:Agent",
        "Agent"
      ],
      "foaf:homepage": [
        "http://www.autour-du-palais-ideal.fr/"
      ]
    }
  ],
  "lastUpdate": "2017-07-10",
  "lastUpdateDatatourisme": "2023-02-10T06:39:19.872Z"
}