{
  "@id": "https://data.datatourisme.fr/13/df7e3b8f-524c-3fc1-8ed2-0498ab896719",
  "dc:identifier": "785753",
  "@type": [
    "olo:OrderedList",
    "PlaceOfInterest",
    "PointOfInterest",
    "RoadTour",
    "SportsAndLeisurePlace",
    "Tour"
  ],
  "rdfs:comment": {
    "de": [
      "Zwischen Weinbergen und Hügeln ist diese 42 km lange Strecke besonders reich und abwechslungsreich. Religiöses Erbe in Champagne und Andance, Feinschmeckerschätze in Saint-Désirat, Naturschauplätze in Thorrenc und eine atemberaubende Aussicht auf das Rhônetal."
    ],
    "en": [
      "Between the vineyards and hills, this 42 km circuit is particularly rich and varied. Religious heritage in Champagne and Andance, gourmet delights in Saint-Désirat, the natural site of Thorrenc and a panoramic view over the Rhone Valley."
    ],
    "it": [
      "Tra vigneti e colline, questo circuito di 42 km è particolarmente ricco e vario. Patrimonio religioso in Champagne e Andance, tesori gastronomici a Saint-Désirat, sito naturale a Thorrenc, panorami mozzafiato sulla valle del Rodano."
    ],
    "fr": [
      "Entre vignes et coteaux, ce circuit de 42 km est particulièrement riche et varié. Patrimoine religieux à Champagne et Andance, trésors gourmands à Saint-Désirat, site naturel à Thorrenc, vue imprenable sur la vallée du Rhône."
    ],
    "nl": [
      "Tussen wijngaarden en hellingen is dit circuit van 42 km bijzonder rijk en gevarieerd. Religieus erfgoed in Champagne en Andance, gastronomische schatten in Saint-Désirat, natuurgebied in Thorrenc, adembenemende uitzichten over de Rhône-vallei."
    ],
    "es": [
      "Entre viñedos y laderas, este circuito de 42 km es especialmente rico y variado. Patrimonio religioso en Champagne y Andance, tesoros gastronómicos en Saint-Désirat, paraje natural en Thorrenc, impresionantes vistas sobre el valle del Ródano."
    ]
  },
  "rdfs:label": {
    "en": [
      "Car trip through the vineyards and hills"
    ],
    "fr": [
      "Circuit voiture entre vignes et coteaux"
    ]
  },
  "hasBeenCreatedBy": {
    "@id": "https://data.datatourisme.fr/13/0f28b5d4-9b30-30af-aecd-95b4009adf4c",
    "dc:identifier": "141",
    "schema:email": [
      "communication@ardechegrandair.com",
      "direction@ardechegrandair.com",
      "directionvalday@ardechegrandair.com",
      "myriam.guigal@ardechegrandair.com"
    ],
    "schema:legalName": "Office de Tourisme Ardèche Grand Air",
    "@type": [
      "schema:Organization",
      "foaf:Agent",
      "Agent"
    ],
    "foaf:homepage": [
      "http://www.ardechegrandair.com/"
    ]
  },
  "hasBeenPublishedBy": [
    {
      "@id": "https://data.datatourisme.fr/dbca899d-3f22-364b-b99d-40af1e917c58",
      "schema:legalName": "Agence de Développement Touristique de l'Ardèche - source : Apidae Tourisme",
      "@type": [
        "schema:Organization",
        "foaf:Agent",
        "Agent"
      ],
      "foaf:homepage": [
        "https://www.apidae-tourisme.com/"
      ]
    }
  ],
  "hasContact": [
    {
      "@id": "https://data.datatourisme.fr/848f07db-dd88-39e3-bc21-c4b67c74e363",
      "schema:email": [
        "contact@ardechegrandair.com"
      ],
      "schema:telephone": [
        "+33 4 75 33 24 51"
      ],
      "@type": [
        "foaf:Agent",
        "Agent"
      ],
      "foaf:homepage": [
        "http://www.ardechegrandair.com/",
        "https://www.cirkwi.com/fr/circuit/50522-circuit-entre-vignes-et-coteaux"
      ]
    }
  ],
  "hasDescription": [
    {
      "@id": "https://data.datatourisme.fr/14f1dae0-dee3-3a9f-8048-a3353bfe5d71",
      "@type": [
        "Description"
      ],
      "hasTranslatedProperty": [
        {
          "@id": "https://data.datatourisme.fr/7e98f8b2-f2e7-305c-9eb3-847b153fd988",
          "dc:contributor": [
            "https://api.deepl.com/v2/translate"
          ],
          "rdf:language": [
            "de"
          ],
          "rdf:predicate": [
            "shortDescription"
          ]
        },
        {
          "@id": "https://data.datatourisme.fr/9d8dee80-e73a-3ef2-9a81-ce893c4d52c8",
          "dc:contributor": [
            "https://api.deepl.com/v2/translate"
          ],
          "rdf:language": [
            "nl"
          ],
          "rdf:predicate": [
            "shortDescription"
          ]
        },
        {
          "@id": "https://data.datatourisme.fr/b967fae3-03e5-304e-bff7-70e9e52c745f",
          "dc:contributor": [
            "https://api.deepl.com/v2/translate"
          ],
          "rdf:language": [
            "es"
          ],
          "rdf:predicate": [
            "shortDescription"
          ]
        },
        {
          "@id": "https://data.datatourisme.fr/f90d00ce-2f18-3558-a271-f690f07eb7d9",
          "dc:contributor": [
            "https://api.deepl.com/v2/translate"
          ],
          "rdf:language": [
            "it"
          ],
          "rdf:predicate": [
            "shortDescription"
          ]
        }
      ],
      "shortDescription": {
        "de": [
          "Zwischen Weinbergen und Hügeln ist diese 42 km lange Strecke besonders reich und abwechslungsreich. Religiöses Erbe in Champagne und Andance, Feinschmeckerschätze in Saint-Désirat, Naturschauplätze in Thorrenc und eine atemberaubende Aussicht auf das Rhônetal."
        ],
        "en": [
          "Between the vineyards and hills, this 42 km circuit is particularly rich and varied. Religious heritage in Champagne and Andance, gourmet delights in Saint-Désirat, the natural site of Thorrenc and a panoramic view over the Rhone Valley."
        ],
        "it": [
          "Tra vigneti e colline, questo circuito di 42 km è particolarmente ricco e vario. Patrimonio religioso in Champagne e Andance, tesori gastronomici a Saint-Désirat, sito naturale a Thorrenc, panorami mozzafiato sulla valle del Rodano."
        ],
        "fr": [
          "Entre vignes et coteaux, ce circuit de 42 km est particulièrement riche et varié. Patrimoine religieux à Champagne et Andance, trésors gourmands à Saint-Désirat, site naturel à Thorrenc, vue imprenable sur la vallée du Rhône."
        ],
        "nl": [
          "Tussen wijngaarden en hellingen is dit circuit van 42 km bijzonder rijk en gevarieerd. Religieus erfgoed in Champagne en Andance, gastronomische schatten in Saint-Désirat, natuurgebied in Thorrenc, adembenemende uitzichten over de Rhône-vallei."
        ],
        "es": [
          "Entre viñedos y laderas, este circuito de 42 km es especialmente rico y variado. Patrimonio religioso en Champagne y Andance, tesoros gastronómicos en Saint-Désirat, paraje natural en Thorrenc, impresionantes vistas sobre el valle del Ródano."
        ]
      }
    }
  ],
  "hasTranslatedProperty": [
    {
      "@id": "https://data.datatourisme.fr/1a4af797-09ec-36e5-9478-85fd8728be4f",
      "dc:contributor": [
        "https://api.deepl.com/v2/translate"
      ],
      "rdf:language": [
        "nl"
      ],
      "rdf:predicate": [
        {
          "@id": "rdfs:comment"
        }
      ]
    },
    {
      "@id": "https://data.datatourisme.fr/39458ca4-c8a5-3719-89e5-30deb3cb3df2",
      "dc:contributor": [
        "https://api.deepl.com/v2/translate"
      ],
      "rdf:language": [
        "es"
      ],
      "rdf:predicate": [
        {
          "@id": "rdfs:comment"
        }
      ]
    },
    {
      "@id": "https://data.datatourisme.fr/7284817e-1639-3316-9c4f-a7a650983084",
      "dc:contributor": [
        "https://api.deepl.com/v2/translate"
      ],
      "rdf:language": [
        "de"
      ],
      "rdf:predicate": [
        {
          "@id": "rdfs:comment"
        }
      ]
    },
    {
      "@id": "https://data.datatourisme.fr/cbf19b6c-8b72-38e4-831c-e82d93815278",
      "dc:contributor": [
        "https://api.deepl.com/v2/translate"
      ],
      "rdf:language": [
        "it"
      ],
      "rdf:predicate": [
        {
          "@id": "rdfs:comment"
        }
      ]
    }
  ],
  "isLocatedAt": [
    {
      "@id": "https://data.datatourisme.fr/2af8aaf5-c42a-3ecf-a06f-86387675510e",
      "schema:address": [
        {
          "@id": "https://data.datatourisme.fr/9966179d-947e-373a-8c89-0bf657bcd9ee",
          "schema:addressLocality": "Serrières",
          "schema:postalCode": "07340",
          "schema:streetAddress": [
            "Départ devant le Pavillon du Tourisme"
          ],
          "@type": [
            "schema:PostalAddress",
            "PostalAddress"
          ],
          "hasAddressCity": {
            "@id": "kb:07313",
            "@type": [
              "City"
            ],
            "rdfs:label": {
              "de": [
                "Serrières"
              ],
              "pt": [
                "Serrières"
              ],
              "en": [
                "Serrières"
              ],
              "it": [
                "Serrières"
              ],
              "fr": [
                "Serrières"
              ],
              "nl": [
                "Serrières"
              ],
              "es": [
                "Serrières"
              ]
            },
            "insee": "07313",
            "isPartOfDepartment": {
              "@id": "kb:France8407",
              "@type": [
                "Department"
              ],
              "rdfs:label": {
                "de": [
                  "Ardèche"
                ],
                "pt": [
                  "Ardèche"
                ],
                "en": [
                  "Ardèche"
                ],
                "it": [
                  "Ardèche"
                ],
                "fr": [
                  "Ardèche"
                ],
                "nl": [
                  "Ardèche"
                ],
                "es": [
                  "Ardèche"
                ]
              },
              "insee": "07",
              "isPartOfRegion": {
                "@id": "kb:France84",
                "@type": [
                  "Region"
                ],
                "rdfs:label": {
                  "de": [
                    "Auvergne-Rhône-Alpes"
                  ],
                  "pt": [
                    "Auvergne-Rhône-Alpes"
                  ],
                  "en": [
                    "Auvergne-Rhône-Alpes"
                  ],
                  "it": [
                    "Auvergne-Rhône-Alpes"
                  ],
                  "fr": [
                    "Auvergne-Rhône-Alpes"
                  ],
                  "nl": [
                    "Auvergne-Rhône-Alpes"
                  ],
                  "es": [
                    "Auvergne-Rhône-Alpes"
                  ]
                },
                "insee": "84",
                "isPartOfCountry": {
                  "@id": "kb:France",
                  "@type": [
                    "schema:Country"
                  ],
                  "rdfs:label": {
                    "de": [
                      "France",
                      "Frankreich"
                    ],
                    "pt": [
                      "França",
                      "France"
                    ],
                    "en": [
                      "France"
                    ],
                    "it": [
                      "France",
                      "Francia"
                    ],
                    "fr": [
                      "France"
                    ],
                    "nl": [
                      "France",
                      "Frankrijk"
                    ],
                    "es": [
                      "France",
                      "Francia"
                    ]
                  }
                }
              }
            }
          }
        }
      ],
      "schema:geo": {
        "@id": "https://data.datatourisme.fr/44b1148f-58a7-33db-8c9d-6f057173805f",
        "schema:latitude": "45.318722",
        "schema:longitude": "4.763234",
        "@type": [
          "schema:GeoCoordinates"
        ]
      },
      "schema:openingHoursSpecification": [
        {
          "@id": "https://data.datatourisme.fr/f87e535a-636d-3343-ad63-8a03392e7511",
          "schema:validFrom": "2023-01-01T00:00:00",
          "schema:validThrough": "2023-12-31T23:59:59",
          "@type": [
            "schema:OpeningHoursSpecification"
          ]
        }
      ],
      "@type": [
        "schema:Place",
        "Place"
      ]
    }
  ],
  "isOwnedBy": [
    {
      "@id": "https://data.datatourisme.fr/3e141ebd-d3da-33b3-94c3-096fd7e178a7",
      "schema:email": [
        "communication@ardechegrandair.com",
        "direction@ardechegrandair.com",
        "directionvalday@ardechegrandair.com",
        "myriam.guigal@ardechegrandair.com"
      ],
      "schema:legalName": "Office de Tourisme Ardèche Grand Air",
      "@type": [
        "schema:Organization",
        "foaf:Agent",
        "Agent"
      ],
      "foaf:homepage": [
        "http://www.ardechegrandair.com/"
      ]
    }
  ],
  "lastUpdate": "2020-09-16",
  "lastUpdateDatatourisme": "2023-02-01T18:07:35.576Z"
}