{
  "@id": "https://data.datatourisme.fr/13/f652bc87-ed36-38f6-beb5-b2173e83b075",
  "dc:identifier": "683421",
  "@type": [
    "schema:LocalBusiness",
    "schema:Museum",
    "CulturalSite",
    "Museum",
    "PlaceOfInterest",
    "PointOfInterest"
  ],
  "rdfs:comment": {
    "de": [
      "Diese interaktive Audioführung ist wie eine imaginäre Reise hinter die Kulissen des Kinos gestaltet. Sie führt Sie in die geheime und fesselnde Welt der 7."
    ],
    "en": [
      "Conceived as an imaginary journey behind the scenes of the cinema, this interactive audio-guided tour plunges you into the secret and captivating world of the 7th Art with the creation of a film through a series of sets."
    ],
    "it": [
      "Progettato come un viaggio immaginario dietro le quinte del cinema, questo tour interattivo audio-guidato vi immerge nel mondo segreto e accattivante della Settima Arte con la creazione di un film attraverso una serie di set."
    ],
    "fr": [
      "Conçu comme un voyage imaginaire dans les coulisses du cinéma, cette visite audio-guidée interactive, vous plonge dans le monde secret et captivant du 7è Art avec la création d’un film à travers une série de décors."
    ],
    "nl": [
      "Ontworpen als een denkbeeldige reis achter de schermen van de bioscoop, dompelt deze interactieve rondleiding met audiogids u onder in de geheime en boeiende wereld van de 7e kunst met de creatie van een film via een reeks decors."
    ],
    "es": [
      "Concebido como un viaje imaginario entre las bambalinas del cine, este recorrido interactivo con audioguía le sumerge en el mundo secreto y cautivador del Séptimo Arte con la creación de una película a través de una serie de decorados."
    ]
  },
  "rdfs:label": {
    "en": [
      "Rex Studios"
    ],
    "fr": [
      "Rex Studios"
    ]
  },
  "hasBeenCreatedBy": {
    "@id": "https://data.datatourisme.fr/13/03e0704b-5690-32de-a186-1dc3ad3316c9",
    "dc:identifier": "1019",
    "schema:email": [
      "bgeigle@visitparisregion.com",
      "hcaldo@visitparisregion.com",
      "mtanaskovic@visitparisregion.com"
    ],
    "schema:legalName": "Choose Paris Region",
    "@type": [
      "schema:Organization",
      "foaf:Agent",
      "Agent"
    ],
    "foaf:homepage": [
      "http://www.visitparisregion.com/"
    ]
  },
  "hasBeenPublishedBy": [
    {
      "@id": "https://data.datatourisme.fr/8a9feb4b-2cbd-3d2c-b507-bd6c6776b23b",
      "schema:legalName": "Apidae Tourisme Scic SA - source : Apidae Tourisme",
      "@type": [
        "schema:Organization",
        "foaf:Agent",
        "Agent"
      ],
      "foaf:homepage": [
        "https://www.apidae-tourisme.com/"
      ]
    }
  ],
  "hasContact": [
    {
      "@id": "https://data.datatourisme.fr/aee7d8b2-f278-3dad-83d7-81349b0028c9",
      "schema:email": [
        "visites@legrandrex.com"
      ],
      "schema:telephone": [
        "+33 1 45 08 93 58"
      ],
      "@type": [
        "foaf:Agent",
        "Agent"
      ],
      "foaf:homepage": [
        "http://www.legrandrex.com/"
      ]
    }
  ],
  "hasDescription": [
    {
      "@id": "https://data.datatourisme.fr/ccd6235d-2d62-34ab-a181-5f89538b7013",
      "@type": [
        "Description"
      ],
      "hasTranslatedProperty": [
        {
          "@id": "https://data.datatourisme.fr/0e805112-57f9-3575-833d-ca3d958401ae",
          "dc:contributor": [
            "https://api.deepl.com/v2/translate"
          ],
          "rdf:language": [
            "es"
          ],
          "rdf:predicate": [
            "shortDescription"
          ]
        },
        {
          "@id": "https://data.datatourisme.fr/228abd24-43e3-3023-9420-a3f675da7b55",
          "dc:contributor": [
            "https://api.deepl.com/v2/translate"
          ],
          "rdf:language": [
            "en"
          ],
          "rdf:predicate": [
            "shortDescription"
          ]
        },
        {
          "@id": "https://data.datatourisme.fr/2ab3c9a1-3476-32b3-9e6d-8ddbb2ffffe9",
          "dc:contributor": [
            "https://api.deepl.com/v2/translate"
          ],
          "rdf:language": [
            "it"
          ],
          "rdf:predicate": [
            "shortDescription"
          ]
        },
        {
          "@id": "https://data.datatourisme.fr/4704a4b5-c1ca-314a-8718-191b836350b7",
          "dc:contributor": [
            "https://api.deepl.com/v2/translate"
          ],
          "rdf:language": [
            "de"
          ],
          "rdf:predicate": [
            "shortDescription"
          ]
        },
        {
          "@id": "https://data.datatourisme.fr/ae372a99-acbe-3297-8824-9b35972c1d96",
          "dc:contributor": [
            "https://api.deepl.com/v2/translate"
          ],
          "rdf:language": [
            "nl"
          ],
          "rdf:predicate": [
            "shortDescription"
          ]
        }
      ],
      "shortDescription": {
        "de": [
          "Diese interaktive Audioführung ist wie eine imaginäre Reise hinter die Kulissen des Kinos gestaltet. Sie führt Sie in die geheime und fesselnde Welt der 7."
        ],
        "en": [
          "Conceived as an imaginary journey behind the scenes of the cinema, this interactive audio-guided tour plunges you into the secret and captivating world of the 7th Art with the creation of a film through a series of sets."
        ],
        "it": [
          "Progettato come un viaggio immaginario dietro le quinte del cinema, questo tour interattivo audio-guidato vi immerge nel mondo segreto e accattivante della Settima Arte con la creazione di un film attraverso una serie di set."
        ],
        "fr": [
          "Conçu comme un voyage imaginaire dans les coulisses du cinéma, cette visite audio-guidée interactive, vous plonge dans le monde secret et captivant du 7è Art avec la création d’un film à travers une série de décors."
        ],
        "nl": [
          "Ontworpen als een denkbeeldige reis achter de schermen van de bioscoop, dompelt deze interactieve rondleiding met audiogids u onder in de geheime en boeiende wereld van de 7e kunst met de creatie van een film via een reeks decors."
        ],
        "es": [
          "Concebido como un viaje imaginario entre las bambalinas del cine, este recorrido interactivo con audioguía le sumerge en el mundo secreto y cautivador del Séptimo Arte con la creación de una película a través de una serie de decorados."
        ]
      }
    }
  ],
  "hasTheme": [
    {
      "@id": "kb:Culture",
      "@type": [
        "CulturalTheme"
      ],
      "rdfs:label": {
        "de": [
          "Kultur"
        ],
        "pt": [
          "Cultura"
        ],
        "en": [
          "Culture"
        ],
        "it": [
          "Cultura"
        ],
        "fr": [
          "Culture"
        ],
        "nl": [
          "Cultuur"
        ],
        "es": [
          "Cultura"
        ]
      }
    }
  ],
  "hasTranslatedProperty": [
    {
      "@id": "https://data.datatourisme.fr/0f04bc4f-f575-3d75-aa96-67d5b3df694f",
      "dc:contributor": [
        "https://api.deepl.com/v2/translate"
      ],
      "rdf:language": [
        "it"
      ],
      "rdf:predicate": [
        {
          "@id": "rdfs:comment"
        }
      ]
    },
    {
      "@id": "https://data.datatourisme.fr/1691adbe-4c5c-39b8-aec9-ffc6c2e644c6",
      "dc:contributor": [
        "https://api.deepl.com/v2/translate"
      ],
      "rdf:language": [
        "de"
      ],
      "rdf:predicate": [
        {
          "@id": "rdfs:comment"
        }
      ]
    },
    {
      "@id": "https://data.datatourisme.fr/1e5d2f0b-5dda-374a-bdfa-fb4c7bf6f345",
      "dc:contributor": [
        "https://api.deepl.com/v2/translate"
      ],
      "rdf:language": [
        "es"
      ],
      "rdf:predicate": [
        {
          "@id": "rdfs:comment"
        }
      ]
    },
    {
      "@id": "https://data.datatourisme.fr/6dfc5b74-ba8f-3417-b18f-f11e95d10991",
      "dc:contributor": [
        "https://api.deepl.com/v2/translate"
      ],
      "rdf:language": [
        "en"
      ],
      "rdf:predicate": [
        {
          "@id": "rdfs:comment"
        }
      ]
    },
    {
      "@id": "https://data.datatourisme.fr/8c0eb05f-4f64-30cf-b80c-2abac0511608",
      "dc:contributor": [
        "https://api.deepl.com/v2/translate"
      ],
      "rdf:language": [
        "nl"
      ],
      "rdf:predicate": [
        {
          "@id": "rdfs:comment"
        }
      ]
    }
  ],
  "isLocatedAt": [
    {
      "@id": "https://data.datatourisme.fr/c4f4b53a-8ccb-37c6-a9d3-6f4a0fdec70e",
      "schema:address": [
        {
          "@id": "https://data.datatourisme.fr/7b6da17a-882a-390d-86b5-df74bd2aac43",
          "schema:addressLocality": "Paris",
          "schema:postalCode": "75002",
          "schema:streetAddress": [
            "5 boulevard Poissonnière"
          ],
          "@type": [
            "schema:PostalAddress",
            "PostalAddress"
          ],
          "hasAddressCity": {
            "@id": "kb:75056",
            "@type": [
              "City"
            ],
            "rdfs:label": {
              "de": [
                "Paris"
              ],
              "pt": [
                "Paris"
              ],
              "en": [
                "Paris"
              ],
              "it": [
                "Paris"
              ],
              "fr": [
                "Paris"
              ],
              "nl": [
                "Paris"
              ],
              "es": [
                "Paris"
              ]
            },
            "insee": "75056",
            "isPartOfDepartment": {
              "@id": "kb:France1175",
              "@type": [
                "Department"
              ],
              "rdfs:label": {
                "de": [
                  "Paris"
                ],
                "pt": [
                  "Paris"
                ],
                "en": [
                  "Paris"
                ],
                "it": [
                  "Paris"
                ],
                "fr": [
                  "Paris"
                ],
                "nl": [
                  "Paris"
                ],
                "es": [
                  "Paris"
                ]
              },
              "insee": "75",
              "isPartOfRegion": {
                "@id": "kb:France11",
                "@type": [
                  "Region"
                ],
                "rdfs:label": {
                  "de": [
                    "Île-de-France"
                  ],
                  "pt": [
                    "Île-de-France"
                  ],
                  "en": [
                    "Île-de-France"
                  ],
                  "it": [
                    "Île-de-France"
                  ],
                  "fr": [
                    "Île-de-France"
                  ],
                  "nl": [
                    "Île-de-France"
                  ],
                  "es": [
                    "Île-de-France"
                  ]
                },
                "insee": "11",
                "isPartOfCountry": {
                  "@id": "kb:France",
                  "@type": [
                    "schema:Country"
                  ],
                  "rdfs:label": {
                    "de": [
                      "France",
                      "Frankreich"
                    ],
                    "pt": [
                      "França",
                      "France"
                    ],
                    "en": [
                      "France"
                    ],
                    "it": [
                      "France",
                      "Francia"
                    ],
                    "fr": [
                      "France"
                    ],
                    "nl": [
                      "France",
                      "Frankrijk"
                    ],
                    "es": [
                      "France",
                      "Francia"
                    ]
                  }
                }
              }
            }
          }
        }
      ],
      "schema:geo": {
        "@id": "https://data.datatourisme.fr/e6d28b37-0e4e-34fc-b3ba-413b4880aa23",
        "schema:latitude": "48.870564",
        "schema:longitude": "2.347487",
        "@type": [
          "schema:GeoCoordinates"
        ]
      },
      "schema:openingHoursSpecification": [
        {
          "@id": "https://data.datatourisme.fr/df905eb1-e108-31f4-9f5d-d423a509ee32",
          "schema:validFrom": "2023-12-31T00:00:00",
          "schema:validThrough": "2023-12-31T23:59:59",
          "@type": [
            "schema:OpeningHoursSpecification"
          ],
          "additionalInformation": {
            "de": [
              "Mittwoch, Donnerstag, Samstag, Sonntag: offen\r\n\r\n- samstags und sonntags sowie an Feiertagen von 10:00 bis 12:00 Uhr und von 13:00 bis 19:00 Uhr.\r\n \r\n- Mittwoch und Donnerstag von 13:00 bis 19:00 Uhr.\r\n \r\nÖffnungszeiten während der Schulferien \r\n \r\n- Täglich während der kleinen Schulferien Zone C von 10:00 bis 19:00 Uhr ohne Unterbrechung von Montag bis Freitag.\r\n- Samstags und sonntags sowie an Feiertagen von 10:00 bis 12:00 Uhr und von 13:00 bis 19:00 Uhr.\r\n \r\n- Täglich während der Sommerferien und der kleinen Ferien Zone A und B von 13:00 bis 19:00 Uhr."
            ],
            "en": [
              "Wednesday, Thursday, Saturday, Sunday: open\r\n\r\n- Saturday and Sunday as well as holidays from 10am to 12pm and from 1pm to 7pm.\r\n \r\n- Wednesday and Thursday from 1pm to 7pm.\r\n \r\nOpenings during school vacations \r\n \r\n- Every day during the small school vacations zone C from 10am to 7pm without interruption from Monday to Friday.\r\n- Saturday and Sunday as well as holidays from 10am to 12pm and from 1pm to 7pm.\r\n \r\n- Every day during the summer vacations and the small vacations zones A and B from 1pm to 7pm."
            ],
            "it": [
              "Mercoledì, giovedì, sabato e domenica: aperto\r\n\r\nsabato, domenica e giorni festivi dalle 10.00 alle 12.00 e dalle 13.00 alle 19.00.\r\n \r\nmercoledì e giovedì dalle 13.00 alle 19.00.\r\n \r\nAperto durante le vacanze scolastiche\r\n \r\nogni giorno durante le vacanze scolastiche brevi la zona C dalle 10.00 alle 19.00 senza interruzione dal lunedì al venerdì.\r\nsabato e domenica e nei giorni festivi dalle 10.00 alle 12.00 e dalle 13.00 alle 19.00.\r\n \r\ntutti i giorni durante le vacanze estive e le vacanze brevi zone A e B dalle 13:00 alle 19:00."
            ],
            "fr": [
              "Mercredi, Jeudi, Samedi, Dimanche : ouvert\r\n\r\n•\tle samedi et dimanche ainsi que les jours fériés de 10h à 12h et de 13h à 19h.\r\n \r\n•\tle Mercredi et le jeudi de 13h à 19h.\r\n \r\nOuvertures pendant les vacances scolaires : \r\n \r\n•\tTous les jours pendant les petites vacances scolaires zone C de 10h à 19h sans interruption du lundi au vendredi.\r\n•\tle samedi et dimanche ainsi que les jours fériés de 10h à 12h et de 13h à 19h.\r\n \r\n•\tTous les jours pendant les vacances d’été et les petites vacances zones A et B de 13h à 19h."
            ],
            "nl": [
              "Woensdag, donderdag, zaterdag, zondag: open\r\n\r\n- Zaterdag en zondag en feestdagen van 10 tot 12 uur en van 13 tot 19 uur.\r\n \r\n- Woensdag en donderdag van 13.00 tot 19.00 uur.\r\n \r\nOpen tijdens schoolvakanties\r\n \r\n- Elke dag tijdens de kleine schoolvakanties zone C van 10u tot 19u zonder onderbreking van maandag tot vrijdag.\r\n- Op zaterdag en zondag en op feestdagen van 10 tot 12 uur en van 13 tot 19 uur.\r\n \r\n- Elke dag tijdens de zomervakantie en de korte vakanties zones A en B van 13.00 tot 19.00 uur."
            ],
            "es": [
              "Miércoles, jueves, sábado y domingo: abierto\r\n\r\nlos sábados, domingos y festivos de 10 a 12 y de 13 a 19 horas.\r\n \r\nmiércoles y jueves de 13 a 19 horas.\r\n \r\nAbierto durante las vacaciones escolares\r\n \r\n? todos los días durante las cortas vacaciones escolares zona C de 10 a 19 horas sin interrupción de lunes a viernes.\r\nlos sábados y domingos y los días festivos de 10 a 12 y de 13 a 19 horas.\r\n \r\n? todos los días durante las vacaciones de verano y las vacaciones cortas zonas A y B de 13 a 19 horas."
            ]
          },
          "hasTranslatedProperty": [
            {
              "@id": "https://data.datatourisme.fr/445b6fc9-a839-3325-a9da-7a1983178a49",
              "dc:contributor": [
                "https://api.deepl.com/v2/translate"
              ],
              "rdf:language": [
                "es"
              ],
              "rdf:predicate": [
                "additionalInformation"
              ]
            },
            {
              "@id": "https://data.datatourisme.fr/9bf466f2-7e33-363d-9376-1dfb52224860",
              "dc:contributor": [
                "https://api.deepl.com/v2/translate"
              ],
              "rdf:language": [
                "it"
              ],
              "rdf:predicate": [
                "additionalInformation"
              ]
            },
            {
              "@id": "https://data.datatourisme.fr/a3d3247f-57e0-386d-b0d0-269fba2af650",
              "dc:contributor": [
                "https://api.deepl.com/v2/translate"
              ],
              "rdf:language": [
                "de"
              ],
              "rdf:predicate": [
                "additionalInformation"
              ]
            },
            {
              "@id": "https://data.datatourisme.fr/e418c39b-84a5-383d-9d7f-0f436a9530d5",
              "dc:contributor": [
                "https://api.deepl.com/v2/translate"
              ],
              "rdf:language": [
                "en"
              ],
              "rdf:predicate": [
                "additionalInformation"
              ]
            },
            {
              "@id": "https://data.datatourisme.fr/f2e4e745-c6ae-3555-9ebc-ca5d31b27c31",
              "dc:contributor": [
                "https://api.deepl.com/v2/translate"
              ],
              "rdf:language": [
                "nl"
              ],
              "rdf:predicate": [
                "additionalInformation"
              ]
            }
          ]
        }
      ],
      "@type": [
        "schema:Place",
        "Place"
      ]
    }
  ],
  "isOwnedBy": [
    {
      "@id": "https://data.datatourisme.fr/26ecd6f0-563c-356a-b0f9-ad3ec17effc4",
      "schema:email": [
        "bgeigle@visitparisregion.com",
        "hcaldo@visitparisregion.com",
        "mtanaskovic@visitparisregion.com"
      ],
      "schema:legalName": "Comité Régional du Tourisme Paris Ile de France",
      "@type": [
        "schema:Organization",
        "foaf:Agent",
        "Agent"
      ],
      "foaf:homepage": [
        "http://www.visitparisregion.com/"
      ]
    }
  ],
  "lastUpdate": "2023-01-17",
  "lastUpdateDatatourisme": "2023-10-17T05:52:15.726Z",
  "offers": [
    {
      "@id": "https://data.datatourisme.fr/e1ff5699-b1ed-3a32-93c9-cf34209b1f99",
      "schema:priceSpecification": [
        {
          "@id": "https://data.datatourisme.fr/61511330-a314-3952-9d6a-1e821adfd770",
          "schema:maxPrice": [
            "11",
            "9"
          ],
          "schema:priceCurrency": "EUR",
          "@type": [
            "schema:PriceSpecification",
            "PriceSpecification"
          ],
          "appliesOnPeriod": [
            {
              "@id": "https://data.datatourisme.fr/97adf5e7-b3d0-33cd-a7e1-489316e46665",
              "@type": [
                "Period"
              ],
              "endDate": "2023-12-30",
              "startDate": "2022-12-31"
            }
          ]
        }
      ],
      "@type": [
        "schema:Offer",
        "Offer"
      ]
    }
  ]
}