{
  "@id": "https://data.datatourisme.fr/13/274b03b0-3e2f-3cb7-9a45-3f016fe79c4e",
  "dc:identifier": "5234439",
  "@type": [
    "olo:OrderedList",
    "CyclingTour",
    "PlaceOfInterest",
    "PointOfInterest",
    "SportsAndLeisurePlace",
    "Tour"
  ],
  "rdfs:comment": {
    "de": [
      "Die Ardéchoise ist ein legendäres Rennen für alle Fahrradliebhaber. Der Doux ist der rote Faden, den Sie in seinem immer wilder werdenden Tal hinaufwandern werden. Unterwegs kommen Sie an malerischen Dörfern wie Désaignes und Lalouvesc vorbei."
    ],
    "en": [
      "15000 cyclists meet every year in June struggling to advance on the roads of\r\nthis mythical cycling event called the Ardèchoise. Some advice for those who\r\nwish to try it in free wheel for a pleasant outing, just enjoy yourself…\r\nThe Doux river will be your guide and you will go insde a wild valley. Along the way, charming village to discorver."
    ],
    "it": [
      "Un evento mitico per tutti gli appassionati di ciclismo, sulle strade dell'Ardéchoise. Il Doux sarà il filo conduttore, che seguirete nella sua valle sempre più selvaggia. Lungo il percorso, villaggi pittoreschi come Désaignes e Lalouvesc."
    ],
    "fr": [
      "Epreuve mythique pour tous les amoureux de vélo, lancez vous sur les routes de l'Ardéchoise. Le Doux sera le fil conducteur, que vous allez remonter dans sa vallée de + en + sauvage. En chemin, de pittoresques villages comme Désaignes et Lalouvesc."
    ],
    "es": [
      "Un acontecimiento mítico para todos los aficionados al ciclismo, se adentra en las carreteras de la Ardéchoise. El Doux será el hilo conductor, que seguirá en su valle cada vez más salvaje. En el camino, pintorescos pueblos como Désaignes y Lalouvesc."
    ],
    "nl": [
      "Een mythisch evenement voor alle fietsliefhebbers, op de wegen van de Ardéchoise. De Doux wordt de rode draad, die u zult volgen in zijn steeds wildere vallei. Onderweg schilderachtige dorpjes als Désaignes en Lalouvesc."
    ]
  },
  "rdfs:label": {
    "en": [
      "E bike Tour : L'Ardéchoise - Le Doux"
    ],
    "fr": [
      "Circuit VAE : L'Ardéchoise - Le Doux"
    ]
  },
  "hasBeenCreatedBy": {
    "@id": "https://data.datatourisme.fr/13/185c29dc-2432-3934-ae37-7cfda20e414c",
    "dc:identifier": "627",
    "schema:email": [
      "a.ferrel@ah-tourisme.com",
      "d.mathieu@ah-tourisme.com",
      "s.monneron@ah-tourisme.com"
    ],
    "schema:legalName": "Ardèche Hermitage Tourisme",
    "@type": [
      "schema:Organization",
      "foaf:Agent",
      "Agent"
    ],
    "foaf:homepage": [
      "http://ardeche-hermitage.com/"
    ]
  },
  "hasBeenPublishedBy": [
    {
      "@id": "https://data.datatourisme.fr/dbca899d-3f22-364b-b99d-40af1e917c58",
      "schema:legalName": "Agence de Développement Touristique de l'Ardèche - source : Apidae Tourisme",
      "@type": [
        "schema:Organization",
        "foaf:Agent",
        "Agent"
      ],
      "foaf:homepage": [
        "https://www.apidae-tourisme.com/"
      ]
    }
  ],
  "hasContact": [
    {
      "@id": "https://data.datatourisme.fr/1993ab84-1878-3777-a33c-1aeb1cf73a61",
      "schema:email": [
        "info@ah-tourisme.com"
      ],
      "schema:telephone": [
        "+33 4 75 08 10 23"
      ],
      "@type": [
        "foaf:Agent",
        "Agent"
      ],
      "foaf:homepage": [
        "https://rando-ardeche-hermitage.fr/velo/lardechoise-le-doux/"
      ]
    }
  ],
  "hasDescription": [
    {
      "@id": "https://data.datatourisme.fr/48941908-3a33-30cd-b2b1-d04ec02a2220",
      "@type": [
        "Description"
      ],
      "hasTranslatedProperty": [
        {
          "@id": "https://data.datatourisme.fr/04ac3b5d-5c7e-3828-8fc0-a9539c4fad3f",
          "dc:contributor": [
            "https://api.deepl.com/v2/translate"
          ],
          "rdf:language": [
            "nl"
          ],
          "rdf:predicate": [
            "shortDescription"
          ]
        },
        {
          "@id": "https://data.datatourisme.fr/5006e95c-ed32-3b80-b913-99ecbceb3e8a",
          "dc:contributor": [
            "https://api.deepl.com/v2/translate"
          ],
          "rdf:language": [
            "de"
          ],
          "rdf:predicate": [
            "shortDescription"
          ]
        },
        {
          "@id": "https://data.datatourisme.fr/5c2607d5-e5fb-3f27-a4eb-871dcc3ccf33",
          "dc:contributor": [
            "https://api.deepl.com/v2/translate"
          ],
          "rdf:language": [
            "es"
          ],
          "rdf:predicate": [
            "shortDescription"
          ]
        },
        {
          "@id": "https://data.datatourisme.fr/89b3128e-6a90-3c6e-a077-c3e61943017f",
          "dc:contributor": [
            "https://api.deepl.com/v2/translate"
          ],
          "rdf:language": [
            "it"
          ],
          "rdf:predicate": [
            "shortDescription"
          ]
        }
      ],
      "shortDescription": {
        "de": [
          "Die Ardéchoise ist ein legendäres Rennen für alle Fahrradliebhaber. Der Doux ist der rote Faden, den Sie in seinem immer wilder werdenden Tal hinaufwandern werden. Unterwegs kommen Sie an malerischen Dörfern wie Désaignes und Lalouvesc vorbei."
        ],
        "en": [
          "15000 cyclists meet every year in June struggling to advance on the roads of\r\nthis mythical cycling event called the Ardèchoise. Some advice for those who\r\nwish to try it in free wheel for a pleasant outing, just enjoy yourself…\r\nThe Doux river will be your guide and you will go insde a wild valley. Along the way, charming village to discorver."
        ],
        "it": [
          "Un evento mitico per tutti gli appassionati di ciclismo, sulle strade dell'Ardéchoise. Il Doux sarà il filo conduttore, che seguirete nella sua valle sempre più selvaggia. Lungo il percorso, villaggi pittoreschi come Désaignes e Lalouvesc."
        ],
        "fr": [
          "Epreuve mythique pour tous les amoureux de vélo, lancez vous sur les routes de l'Ardéchoise. Le Doux sera le fil conducteur, que vous allez remonter dans sa vallée de + en + sauvage. En chemin, de pittoresques villages comme Désaignes et Lalouvesc."
        ],
        "es": [
          "Un acontecimiento mítico para todos los aficionados al ciclismo, se adentra en las carreteras de la Ardéchoise. El Doux será el hilo conductor, que seguirá en su valle cada vez más salvaje. En el camino, pintorescos pueblos como Désaignes y Lalouvesc."
        ],
        "nl": [
          "Een mythisch evenement voor alle fietsliefhebbers, op de wegen van de Ardéchoise. De Doux wordt de rode draad, die u zult volgen in zijn steeds wildere vallei. Onderweg schilderachtige dorpjes als Désaignes en Lalouvesc."
        ]
      }
    }
  ],
  "hasTheme": [
    {
      "@id": "kb:Bike",
      "@type": [
        "SportsTheme"
      ],
      "rdfs:label": {
        "de": [
          "Fahrrad"
        ],
        "pt": [
          "Bicicleta"
        ],
        "en": [
          "Bike"
        ],
        "it": [
          "Bicicletta"
        ],
        "fr": [
          "Vélo"
        ],
        "nl": [
          "Fiets"
        ],
        "es": [
          "Bicicleta"
        ]
      }
    },
    {
      "@id": "kb:ElectricallyAssistedBicycle",
      "@type": [
        "SportsTheme"
      ],
      "rdfs:label": {
        "de": [
          "Ladestation für Elektrofahrräder"
        ],
        "pt": [
          "Bicicleta elétrica"
        ],
        "en": [
          "Electrically assisted bicycle"
        ],
        "it": [
          "Bicicletta a pedalata assistita"
        ],
        "fr": [
          "Vélo à assistance électrique, VAE"
        ],
        "nl": [
          "Elektrische fiets"
        ],
        "es": [
          "Bicicleta eléctrica, VAE"
        ]
      }
    }
  ],
  "hasTranslatedProperty": [
    {
      "@id": "https://data.datatourisme.fr/7501c872-c1e3-362e-bc37-1af8d42bbaa7",
      "dc:contributor": [
        "https://api.deepl.com/v2/translate"
      ],
      "rdf:language": [
        "nl"
      ],
      "rdf:predicate": [
        {
          "@id": "rdfs:comment"
        }
      ]
    },
    {
      "@id": "https://data.datatourisme.fr/a9048180-3676-3423-b438-3552457c2e41",
      "dc:contributor": [
        "https://api.deepl.com/v2/translate"
      ],
      "rdf:language": [
        "de"
      ],
      "rdf:predicate": [
        {
          "@id": "rdfs:comment"
        }
      ]
    },
    {
      "@id": "https://data.datatourisme.fr/b8abf25a-898b-34ff-a7f9-f80392872c5e",
      "dc:contributor": [
        "https://api.deepl.com/v2/translate"
      ],
      "rdf:language": [
        "it"
      ],
      "rdf:predicate": [
        {
          "@id": "rdfs:comment"
        }
      ]
    },
    {
      "@id": "https://data.datatourisme.fr/c7dbb52b-e4eb-3ef8-8754-082aa0bfcf53",
      "dc:contributor": [
        "https://api.deepl.com/v2/translate"
      ],
      "rdf:language": [
        "es"
      ],
      "rdf:predicate": [
        {
          "@id": "rdfs:comment"
        }
      ]
    }
  ],
  "isLocatedAt": [
    {
      "@id": "https://data.datatourisme.fr/1a10df88-3638-366c-a385-6785caed319c",
      "schema:address": [
        {
          "@id": "https://data.datatourisme.fr/43792a42-7799-303c-9b88-588a619d3d2a",
          "schema:addressLocality": "Saint-Félicien",
          "schema:postalCode": "07410",
          "schema:streetAddress": [
            "Maison du départ de l'Ardéchoise"
          ],
          "@type": [
            "schema:PostalAddress",
            "PostalAddress"
          ],
          "hasAddressCity": {
            "@id": "kb:07236",
            "@type": [
              "City"
            ],
            "rdfs:label": {
              "de": [
                "Saint-Félicien"
              ],
              "pt": [
                "Saint-Félicien"
              ],
              "en": [
                "Saint-Félicien"
              ],
              "it": [
                "Saint-Félicien"
              ],
              "fr": [
                "Saint-Félicien"
              ],
              "nl": [
                "Saint-Félicien"
              ],
              "es": [
                "Saint-Félicien"
              ]
            },
            "insee": "07236",
            "isPartOfDepartment": {
              "@id": "kb:France8407",
              "@type": [
                "Department"
              ],
              "rdfs:label": {
                "de": [
                  "Ardèche"
                ],
                "pt": [
                  "Ardèche"
                ],
                "en": [
                  "Ardèche"
                ],
                "it": [
                  "Ardèche"
                ],
                "fr": [
                  "Ardèche"
                ],
                "nl": [
                  "Ardèche"
                ],
                "es": [
                  "Ardèche"
                ]
              },
              "insee": "07",
              "isPartOfRegion": {
                "@id": "kb:France84",
                "@type": [
                  "Region"
                ],
                "rdfs:label": {
                  "de": [
                    "Auvergne-Rhône-Alpes"
                  ],
                  "pt": [
                    "Auvergne-Rhône-Alpes"
                  ],
                  "en": [
                    "Auvergne-Rhône-Alpes"
                  ],
                  "it": [
                    "Auvergne-Rhône-Alpes"
                  ],
                  "fr": [
                    "Auvergne-Rhône-Alpes"
                  ],
                  "nl": [
                    "Auvergne-Rhône-Alpes"
                  ],
                  "es": [
                    "Auvergne-Rhône-Alpes"
                  ]
                },
                "insee": "84",
                "isPartOfCountry": {
                  "@id": "kb:France",
                  "@type": [
                    "schema:Country"
                  ],
                  "rdfs:label": {
                    "de": [
                      "France",
                      "Frankreich"
                    ],
                    "pt": [
                      "França",
                      "France"
                    ],
                    "en": [
                      "France"
                    ],
                    "it": [
                      "France",
                      "Francia"
                    ],
                    "fr": [
                      "France"
                    ],
                    "nl": [
                      "France",
                      "Frankrijk"
                    ],
                    "es": [
                      "France",
                      "Francia"
                    ]
                  }
                }
              }
            }
          }
        }
      ],
      "schema:geo": {
        "@id": "https://data.datatourisme.fr/349f2193-3e3a-34d5-a25b-85fef89fb513",
        "schema:elevation": "500",
        "schema:latitude": "45.083",
        "schema:longitude": "4.6259",
        "@type": [
          "schema:GeoCoordinates"
        ]
      },
      "schema:openingHoursSpecification": [
        {
          "@id": "https://data.datatourisme.fr/74a24733-7ad4-3b86-a942-50b65df0f802",
          "schema:validFrom": "2023-01-01T00:00:00",
          "schema:validThrough": "2023-12-31T23:59:59",
          "@type": [
            "schema:OpeningHoursSpecification"
          ],
          "additionalInformation": {
            "de": [
              "Beste Jahreszeit: Mai bis Oktober"
            ],
            "en": [
              "Best season: May to October"
            ],
            "it": [
              "Stagione migliore: da maggio a ottobre"
            ],
            "fr": [
              "Meilleure saison : de mai à octobre"
            ],
            "es": [
              "Mejor temporada: de mayo a octubre"
            ],
            "nl": [
              "Beste seizoen: mei tot oktober"
            ]
          },
          "hasTranslatedProperty": [
            {
              "@id": "https://data.datatourisme.fr/20468a7b-0145-3cae-b8d4-68aca9171abf",
              "dc:contributor": [
                "https://api.deepl.com/v2/translate"
              ],
              "rdf:language": [
                "es"
              ],
              "rdf:predicate": [
                "additionalInformation"
              ]
            },
            {
              "@id": "https://data.datatourisme.fr/400c9fcb-ad29-3d00-ba92-0d500b56e86b",
              "dc:contributor": [
                "https://api.deepl.com/v2/translate"
              ],
              "rdf:language": [
                "de"
              ],
              "rdf:predicate": [
                "additionalInformation"
              ]
            },
            {
              "@id": "https://data.datatourisme.fr/636a720d-ad01-301c-b242-c8d98113a993",
              "dc:contributor": [
                "https://api.deepl.com/v2/translate"
              ],
              "rdf:language": [
                "en"
              ],
              "rdf:predicate": [
                "additionalInformation"
              ]
            },
            {
              "@id": "https://data.datatourisme.fr/7805578e-aad1-3d23-b01f-28b446b082c3",
              "dc:contributor": [
                "https://api.deepl.com/v2/translate"
              ],
              "rdf:language": [
                "nl"
              ],
              "rdf:predicate": [
                "additionalInformation"
              ]
            },
            {
              "@id": "https://data.datatourisme.fr/b97d2e21-b5d9-3c75-9a61-cd5dae535cee",
              "dc:contributor": [
                "https://api.deepl.com/v2/translate"
              ],
              "rdf:language": [
                "it"
              ],
              "rdf:predicate": [
                "additionalInformation"
              ]
            }
          ]
        }
      ],
      "@type": [
        "schema:Place",
        "Place"
      ]
    }
  ],
  "isOwnedBy": [
    {
      "@id": "https://data.datatourisme.fr/e485229f-e26b-3c2e-8f16-ebf98c03d1e5",
      "schema:email": [
        "a.ferrel@ah-tourisme.com",
        "d.mathieu@ah-tourisme.com",
        "s.monneron@ah-tourisme.com"
      ],
      "schema:legalName": "Ardèche Hermitage Tourisme",
      "@type": [
        "schema:Organization",
        "foaf:Agent",
        "Agent"
      ],
      "foaf:homepage": [
        "http://ardeche-hermitage.com/"
      ]
    }
  ],
  "lastUpdate": "2022-03-03",
  "lastUpdateDatatourisme": "2023-02-08T06:39:48.928Z"
}