{
  "@id": "https://data.datatourisme.fr/19/458c84cf-b484-36e2-a60e-85d593df1db5",
  "dc:identifier": "5ca64af4-2cc0-3444-32d5-501ba3ab8388",
  "@type": [
    "CulturalSite",
    "PlaceOfInterest",
    "PointOfInterest",
    "ReligiousSite"
  ],
  "rdfs:label": {
    "fr": [
      "Basilique Notre-Dame des Victoires"
    ]
  },
  "owl:sameAs": [
    "http://www.wikidata.org/entity/Q782969"
  ],
  "hasBeenCreatedBy": {
    "@id": "https://data.datatourisme.fr/73f9361b-7fdb-3a8c-8c11-182ef0152392",
    "schema:email": [
      "opendata@parisinfo.com"
    ],
    "schema:legalName": "Office de Tourisme de Paris",
    "@type": [
      "schema:Organization",
      "foaf:Agent",
      "Agent"
    ],
    "foaf:homepage": [
      "https://www.parisinfo.com/"
    ]
  },
  "hasBeenPublishedBy": [
    {
      "@id": "https://data.datatourisme.fr/73f9361b-7fdb-3a8c-8c11-182ef0152392",
      "schema:email": [
        "opendata@parisinfo.com"
      ],
      "schema:legalName": "Office de Tourisme de Paris",
      "@type": [
        "schema:Organization",
        "foaf:Agent",
        "Agent"
      ],
      "foaf:homepage": [
        "https://www.parisinfo.com/"
      ]
    }
  ],
  "hasContact": [
    {
      "@id": "https://data.datatourisme.fr/398d823d-d1ee-300f-abbe-353cb3066eb8",
      "schema:email": [
        "basilique@notredamedesvictoires.com"
      ],
      "schema:telephone": [
        "+33 1 42 60 90 47"
      ],
      "@type": [
        "foaf:Agent",
        "Agent"
      ],
      "foaf:homepage": [
        "https://www.notredamedesvictoires.com/"
      ]
    }
  ],
  "hasRepresentation": [
    {
      "@id": "https://data.datatourisme.fr/81c03c08-9063-337d-912b-dc9d97fafe81",
      "ebucore:hasAnnotation": [
        {
          "@id": "https://data.datatourisme.fr/871f20ca-b2ec-3973-a367-095d66751e53",
          "ebucore:isCoveredBy": "CC BY-SA 4.0",
          "ebucore:title": {
            "fr": [
              "Basilique Notre Dame Victoires - Paris II (FR75) - 2021-06-16 - 2"
            ]
          },
          "@type": [
            "ebucore:Annotation"
          ],
          "credits": [
            "Chabe01 (https://commons.wikimedia.org/wiki/User:Chabe01)"
          ]
        }
      ],
      "ebucore:hasRelatedResource": [
        {
          "@id": "https://data.datatourisme.fr/de65a7d2-5597-385e-9521-980be75a88ab",
          "ebucore:fileSize": [
            11531041
          ],
          "ebucore:hasMimeType": [
            {
              "@id": "kb:JPEG",
              "@type": [
                "ebucore:MimeType"
              ],
              "rdfs:comment": {
                "de": [
                  "JPEG-Bild"
                ],
                "pt": [
                  "Imagem JPEG"
                ],
                "en": [
                  "JPEG image file"
                ],
                "it": [
                  "Immagine JPEG"
                ],
                "fr": [
                  "Image JPEG"
                ],
                "nl": [
                  "JPEG-afbeelding"
                ],
                "es": [
                  "Imagen JPEG"
                ]
              },
              "rdfs:label": {
                "de": [
                  "image/jpeg"
                ],
                "pt": [
                  "image/jpeg"
                ],
                "en": [
                  "image/jpeg"
                ],
                "it": [
                  "image/jpeg"
                ],
                "fr": [
                  "image/jpeg"
                ],
                "nl": [
                  "image/jpeg"
                ],
                "es": [
                  "image/jpeg"
                ]
              }
            }
          ],
          "ebucore:height": 3914,
          "ebucore:locator": [
            "https://upload.wikimedia.org/wikipedia/commons/e/e5/Basilique_Notre_Dame_Victoires_-_Paris_II_%28FR75%29_-_2021-06-16_-_2.jpg"
          ],
          "ebucore:width": 3483,
          "@type": [
            "ebucore:Resource"
          ]
        }
      ],
      "@type": [
        "ebucore:EditorialObject"
      ]
    }
  ],
  "isLocatedAt": [
    {
      "@id": "https://data.datatourisme.fr/0e19b663-6e54-37ba-9158-aaf98c22c48b",
      "schema:address": [
        {
          "@id": "https://data.datatourisme.fr/98e21590-022b-35d5-b3aa-d77a11ac1e10",
          "schema:addressLocality": "Paris",
          "schema:postalCode": "75002",
          "schema:streetAddress": [
            "6 rue Notre-Dame-des-Victoires"
          ],
          "@type": [
            "schema:PostalAddress",
            "PostalAddress"
          ],
          "hasAddressCity": {
            "@id": "kb:75056",
            "@type": [
              "City"
            ],
            "rdfs:label": {
              "de": [
                "Paris"
              ],
              "pt": [
                "Paris"
              ],
              "en": [
                "Paris"
              ],
              "it": [
                "Paris"
              ],
              "fr": [
                "Paris"
              ],
              "nl": [
                "Paris"
              ],
              "es": [
                "Paris"
              ]
            },
            "insee": "75056",
            "isPartOfDepartment": {
              "@id": "kb:France1175",
              "@type": [
                "Department"
              ],
              "rdfs:label": {
                "de": [
                  "Paris"
                ],
                "pt": [
                  "Paris"
                ],
                "en": [
                  "Paris"
                ],
                "it": [
                  "Paris"
                ],
                "fr": [
                  "Paris"
                ],
                "nl": [
                  "Paris"
                ],
                "es": [
                  "Paris"
                ]
              },
              "insee": "75",
              "isPartOfRegion": {
                "@id": "kb:France11",
                "@type": [
                  "Region"
                ],
                "rdfs:label": {
                  "de": [
                    "Île-de-France"
                  ],
                  "pt": [
                    "Île-de-France"
                  ],
                  "en": [
                    "Île-de-France"
                  ],
                  "it": [
                    "Île-de-France"
                  ],
                  "fr": [
                    "Île-de-France"
                  ],
                  "nl": [
                    "Île-de-France"
                  ],
                  "es": [
                    "Île-de-France"
                  ]
                },
                "insee": "11",
                "isPartOfCountry": {
                  "@id": "kb:France",
                  "@type": [
                    "schema:Country"
                  ],
                  "rdfs:label": {
                    "de": [
                      "France",
                      "Frankreich"
                    ],
                    "pt": [
                      "França",
                      "France"
                    ],
                    "en": [
                      "France"
                    ],
                    "it": [
                      "France",
                      "Francia"
                    ],
                    "fr": [
                      "France"
                    ],
                    "nl": [
                      "France",
                      "Frankrijk"
                    ],
                    "es": [
                      "France",
                      "Francia"
                    ]
                  }
                }
              }
            }
          }
        }
      ],
      "schema:geo": {
        "@id": "https://data.datatourisme.fr/9714737d-a706-3018-8432-d90ca1ecdfc9",
        "schema:latitude": "48.8666057",
        "schema:longitude": "2.3410986000000094",
        "@type": [
          "schema:GeoCoordinates"
        ]
      },
      "schema:openingHoursSpecification": [
        {
          "@id": "https://data.datatourisme.fr/857533fd-0d5e-3aa9-9ea8-12221cfb8249",
          "@type": [
            "schema:OpeningHoursSpecification"
          ],
          "additionalInformation": {
            "de": [
              "Montag-Freitag, 7:30-19:30 Uhr; Samstag, 7:30-19:00 Uhr; Sonntag, 8:30-19:00 Uhr."
            ],
            "en": [
              "Monday-Friday, 7:30am-7:30pm; Saturday, 7:30am-7pm; Sunday, 8:30am-7pm."
            ],
            "it": [
              "Lunedì-venerdì, 7.30-19.30; sabato, 7.30-19.00; domenica, 8.30-19.00."
            ],
            "fr": [
              "Lundi-vendredi, 7h30-19h30 ; samedi, 7h30-19h ; dimanche, 8h30-19h."
            ],
            "nl": [
              "Maandag t/m vrijdag van 7.30 tot 19.30 uur; zaterdag van 7.30 tot 19.00 uur; zondag van 8.30 tot 19.00 uur."
            ],
            "es": [
              "De lunes a viernes, de 7.30 a 19.30 h; sábados, de 7.30 a 19 h; domingos, de 8.30 a 19 h."
            ]
          },
          "hasTranslatedProperty": [
            {
              "@id": "https://data.datatourisme.fr/5363aa40-98fd-38a5-a9b1-8f9108076b05",
              "dc:contributor": [
                "https://api.deepl.com/v2/translate"
              ],
              "rdf:language": [
                "nl"
              ],
              "rdf:predicate": [
                "additionalInformation"
              ]
            },
            {
              "@id": "https://data.datatourisme.fr/aaf2e348-bb3a-3216-8e48-1c2699e35760",
              "dc:contributor": [
                "https://api.deepl.com/v2/translate"
              ],
              "rdf:language": [
                "es"
              ],
              "rdf:predicate": [
                "additionalInformation"
              ]
            },
            {
              "@id": "https://data.datatourisme.fr/cb3e1f8f-91b2-3d05-bcee-c5b3ef693c5f",
              "dc:contributor": [
                "https://api.deepl.com/v2/translate"
              ],
              "rdf:language": [
                "it"
              ],
              "rdf:predicate": [
                "additionalInformation"
              ]
            },
            {
              "@id": "https://data.datatourisme.fr/f7b50d15-f805-33d0-bed6-1961a7ef8fad",
              "dc:contributor": [
                "https://api.deepl.com/v2/translate"
              ],
              "rdf:language": [
                "en"
              ],
              "rdf:predicate": [
                "additionalInformation"
              ]
            },
            {
              "@id": "https://data.datatourisme.fr/f8b13da0-af16-357c-9f96-ce9585dc32c8",
              "dc:contributor": [
                "https://api.deepl.com/v2/translate"
              ],
              "rdf:language": [
                "de"
              ],
              "rdf:predicate": [
                "additionalInformation"
              ]
            }
          ]
        }
      ],
      "@type": [
        "schema:Place",
        "Place"
      ]
    }
  ],
  "lastUpdate": "2023-06-30",
  "lastUpdateDatatourisme": "2023-10-12T16:59:40.003Z"
}