{
  "@id": "https://data.datatourisme.fr/13/4600fee3-fb8a-3e6d-88ff-53967a0c5be3",
  "dc:identifier": "6376465",
  "@type": [
    "olo:OrderedList",
    "CyclingTour",
    "PlaceOfInterest",
    "PointOfInterest",
    "SportsAndLeisurePlace",
    "Tour"
  ],
  "rdfs:comment": {
    "de": [
      "Von Le Cheylard aus wandern Sie das Tal des Eyrieux hinauf. Die Strecke nimmt nach St-Martin-de-Valamas an Höhe zu und führt dann zu den Überresten des Schlosses von Rochebonne mit seinen bemerkenswerten Aussichtspunkten auf das Massiv Mézenc-Gerbier."
    ],
    "en": [
      "From Le Cheylard you will go up the valley of the Eyrieux. After St-Martin-de-Valamas, the route will take height, then join the vestiges of the Castle of Rochebonne and its remarkable points of view on the massif Mézenc-Gerbier."
    ],
    "it": [
      "Da Le Cheylard si risale la valle di Eyrieux. Dopo St-Martin-de-Valamas, l'itinerario si alza di livello e raggiunge i resti del castello di Rochebonne e i suoi notevoli punti panoramici sul massiccio del Mézenc-Gerbier."
    ],
    "fr": [
      "Au départ du Cheylard vous remonterez la vallée de l’Eyrieux. Le parcours va prendre de la hauteur après St-Martin-de-Valamas, puis rejoindre les vestiges du Château de Rochebonne et ses points de vue remarquables sur le massif Mézenc-Gerbier."
    ],
    "nl": [
      "Vanuit Le Cheylard loopt u de vallei van de Eyrieux op. Na St-Martin-de-Valamas komt de route op een hoger niveau en bereikt dan de overblijfselen van het kasteel van Rochebonne en zijn opmerkelijke uitzichtpunten op het Mézenc-Gerbier-massief."
    ],
    "es": [
      "Desde Le Cheylard subirá por el valle de Eyrieux. Después de St-Martin-de-Valamas, la ruta tomará un nivel más elevado, para llegar a los restos del castillo de Rochebonne y sus notables miradores sobre el macizo de Mézenc-Gerbier."
    ]
  },
  "rdfs:label": {
    "fr": [
      "Le Château de Rochebonne"
    ]
  },
  "hasBeenCreatedBy": {
    "@id": "https://data.datatourisme.fr/13/26657d5f-f902-3d2a-befe-558796b99584",
    "dc:identifier": "96",
    "schema:email": [
      "ncharra@ardeche-guide.com"
    ],
    "schema:legalName": "Agence de Développement Touristique de l'Ardèche",
    "@type": [
      "schema:Organization",
      "foaf:Agent",
      "Agent"
    ],
    "foaf:homepage": [
      "https://www.ardeche-guide.com/"
    ]
  },
  "hasBeenPublishedBy": [
    {
      "@id": "https://data.datatourisme.fr/dbca899d-3f22-364b-b99d-40af1e917c58",
      "schema:legalName": "Agence de Développement Touristique de l'Ardèche - source : Apidae Tourisme",
      "@type": [
        "schema:Organization",
        "foaf:Agent",
        "Agent"
      ],
      "foaf:homepage": [
        "https://www.apidae-tourisme.com/"
      ]
    }
  ],
  "hasContact": [
    {
      "@id": "https://data.datatourisme.fr/3030385e-9779-3e7c-8411-0d536647b86b",
      "@type": [
        "foaf:Agent",
        "Agent"
      ],
      "foaf:homepage": [
        "https://www.ardeche-guide.com/experiences-emerveillantes/l-ardeche-velo"
      ]
    }
  ],
  "hasDescription": [
    {
      "@id": "https://data.datatourisme.fr/003752d1-b6fd-3b05-8b0c-e5cfdba193ed",
      "@type": [
        "Description"
      ],
      "hasTranslatedProperty": [
        {
          "@id": "https://data.datatourisme.fr/44b2a03c-6ebd-35de-8a1e-f2a99447e9d1",
          "dc:contributor": [
            "https://api.deepl.com/v2/translate"
          ],
          "rdf:language": [
            "es"
          ],
          "rdf:predicate": [
            "shortDescription"
          ]
        },
        {
          "@id": "https://data.datatourisme.fr/6cf778bb-be95-3751-8042-12e13efd79ac",
          "dc:contributor": [
            "https://api.deepl.com/v2/translate"
          ],
          "rdf:language": [
            "it"
          ],
          "rdf:predicate": [
            "shortDescription"
          ]
        },
        {
          "@id": "https://data.datatourisme.fr/70f781d0-7601-30df-97f3-06a1cff5e06f",
          "dc:contributor": [
            "https://api.deepl.com/v2/translate"
          ],
          "rdf:language": [
            "de"
          ],
          "rdf:predicate": [
            "shortDescription"
          ]
        },
        {
          "@id": "https://data.datatourisme.fr/7d022f88-6ae6-391a-be01-6f2204a4ed51",
          "dc:contributor": [
            "https://api.deepl.com/v2/translate"
          ],
          "rdf:language": [
            "en"
          ],
          "rdf:predicate": [
            "shortDescription"
          ]
        },
        {
          "@id": "https://data.datatourisme.fr/a1e9f804-9be9-352e-bb5c-da9786105d24",
          "dc:contributor": [
            "https://api.deepl.com/v2/translate"
          ],
          "rdf:language": [
            "nl"
          ],
          "rdf:predicate": [
            "shortDescription"
          ]
        }
      ],
      "shortDescription": {
        "de": [
          "Von Le Cheylard aus wandern Sie das Tal des Eyrieux hinauf. Die Strecke nimmt nach St-Martin-de-Valamas an Höhe zu und führt dann zu den Überresten des Schlosses von Rochebonne mit seinen bemerkenswerten Aussichtspunkten auf das Massiv Mézenc-Gerbier."
        ],
        "en": [
          "From Le Cheylard you will go up the valley of the Eyrieux. After St-Martin-de-Valamas, the route will take height, then join the vestiges of the Castle of Rochebonne and its remarkable points of view on the massif Mézenc-Gerbier."
        ],
        "it": [
          "Da Le Cheylard si risale la valle di Eyrieux. Dopo St-Martin-de-Valamas, l'itinerario si alza di livello e raggiunge i resti del castello di Rochebonne e i suoi notevoli punti panoramici sul massiccio del Mézenc-Gerbier."
        ],
        "fr": [
          "Au départ du Cheylard vous remonterez la vallée de l’Eyrieux. Le parcours va prendre de la hauteur après St-Martin-de-Valamas, puis rejoindre les vestiges du Château de Rochebonne et ses points de vue remarquables sur le massif Mézenc-Gerbier."
        ],
        "nl": [
          "Vanuit Le Cheylard loopt u de vallei van de Eyrieux op. Na St-Martin-de-Valamas komt de route op een hoger niveau en bereikt dan de overblijfselen van het kasteel van Rochebonne en zijn opmerkelijke uitzichtpunten op het Mézenc-Gerbier-massief."
        ],
        "es": [
          "Desde Le Cheylard subirá por el valle de Eyrieux. Después de St-Martin-de-Valamas, la ruta tomará un nivel más elevado, para llegar a los restos del castillo de Rochebonne y sus notables miradores sobre el macizo de Mézenc-Gerbier."
        ]
      }
    }
  ],
  "hasTheme": [
    {
      "@id": "kb:Bike",
      "@type": [
        "SportsTheme"
      ],
      "rdfs:label": {
        "de": [
          "Fahrrad"
        ],
        "pt": [
          "Bicicleta"
        ],
        "en": [
          "Bike"
        ],
        "it": [
          "Bicicletta"
        ],
        "fr": [
          "Vélo"
        ],
        "nl": [
          "Fiets"
        ],
        "es": [
          "Bicicleta"
        ]
      }
    },
    {
      "@id": "kb:ElectricallyAssistedBicycle",
      "@type": [
        "SportsTheme"
      ],
      "rdfs:label": {
        "de": [
          "Ladestation für Elektrofahrräder"
        ],
        "pt": [
          "Bicicleta elétrica"
        ],
        "en": [
          "Electrically assisted bicycle"
        ],
        "it": [
          "Bicicletta a pedalata assistita"
        ],
        "fr": [
          "Vélo à assistance électrique, VAE"
        ],
        "nl": [
          "Elektrische fiets"
        ],
        "es": [
          "Bicicleta eléctrica, VAE"
        ]
      }
    }
  ],
  "hasTranslatedProperty": [
    {
      "@id": "https://data.datatourisme.fr/1fbe7e59-0bb8-3e2e-9f20-08439c90e2ea",
      "dc:contributor": [
        "https://api.deepl.com/v2/translate"
      ],
      "rdf:language": [
        "en"
      ],
      "rdf:predicate": [
        {
          "@id": "rdfs:comment"
        }
      ]
    },
    {
      "@id": "https://data.datatourisme.fr/3ff04eb5-ecfe-36e5-a27f-b21feb72a2de",
      "dc:contributor": [
        "https://api.deepl.com/v2/translate"
      ],
      "rdf:language": [
        "es"
      ],
      "rdf:predicate": [
        {
          "@id": "rdfs:comment"
        }
      ]
    },
    {
      "@id": "https://data.datatourisme.fr/7ff84f37-a214-3c22-bc15-528c1a21d1ed",
      "dc:contributor": [
        "https://api.deepl.com/v2/translate"
      ],
      "rdf:language": [
        "it"
      ],
      "rdf:predicate": [
        {
          "@id": "rdfs:comment"
        }
      ]
    },
    {
      "@id": "https://data.datatourisme.fr/91c4eff6-cdce-33d7-958a-4e42b30113a6",
      "dc:contributor": [
        "https://api.deepl.com/v2/translate"
      ],
      "rdf:language": [
        "de"
      ],
      "rdf:predicate": [
        {
          "@id": "rdfs:comment"
        }
      ]
    },
    {
      "@id": "https://data.datatourisme.fr/b278a022-bf24-3f0c-8d24-7ce99c218b51",
      "dc:contributor": [
        "https://api.deepl.com/v2/translate"
      ],
      "rdf:language": [
        "nl"
      ],
      "rdf:predicate": [
        {
          "@id": "rdfs:comment"
        }
      ]
    }
  ],
  "isLocatedAt": [
    {
      "@id": "https://data.datatourisme.fr/c47d2a6f-e8a4-3cce-882b-6a0fd8ae0f1e",
      "schema:address": [
        {
          "@id": "https://data.datatourisme.fr/be5ff5ca-5193-3213-afe6-df3a7e62b695",
          "schema:addressLocality": "Le Cheylard",
          "schema:postalCode": "07160",
          "schema:streetAddress": [
            "1 place de la Gare"
          ],
          "@type": [
            "schema:PostalAddress",
            "PostalAddress"
          ],
          "hasAddressCity": {
            "@id": "kb:07064",
            "@type": [
              "City"
            ],
            "rdfs:label": {
              "de": [
                "Le Cheylard"
              ],
              "pt": [
                "Le Cheylard"
              ],
              "en": [
                "Le Cheylard"
              ],
              "it": [
                "Le Cheylard"
              ],
              "fr": [
                "Le Cheylard"
              ],
              "nl": [
                "Le Cheylard"
              ],
              "es": [
                "Le Cheylard"
              ]
            },
            "insee": "07064",
            "isPartOfDepartment": {
              "@id": "kb:France8407",
              "@type": [
                "Department"
              ],
              "rdfs:label": {
                "de": [
                  "Ardèche"
                ],
                "pt": [
                  "Ardèche"
                ],
                "en": [
                  "Ardèche"
                ],
                "it": [
                  "Ardèche"
                ],
                "fr": [
                  "Ardèche"
                ],
                "nl": [
                  "Ardèche"
                ],
                "es": [
                  "Ardèche"
                ]
              },
              "insee": "07",
              "isPartOfRegion": {
                "@id": "kb:France84",
                "@type": [
                  "Region"
                ],
                "rdfs:label": {
                  "de": [
                    "Auvergne-Rhône-Alpes"
                  ],
                  "pt": [
                    "Auvergne-Rhône-Alpes"
                  ],
                  "en": [
                    "Auvergne-Rhône-Alpes"
                  ],
                  "it": [
                    "Auvergne-Rhône-Alpes"
                  ],
                  "fr": [
                    "Auvergne-Rhône-Alpes"
                  ],
                  "nl": [
                    "Auvergne-Rhône-Alpes"
                  ],
                  "es": [
                    "Auvergne-Rhône-Alpes"
                  ]
                },
                "insee": "84",
                "isPartOfCountry": {
                  "@id": "kb:France",
                  "@type": [
                    "schema:Country"
                  ],
                  "rdfs:label": {
                    "de": [
                      "France",
                      "Frankreich"
                    ],
                    "pt": [
                      "França",
                      "France"
                    ],
                    "en": [
                      "France"
                    ],
                    "it": [
                      "France",
                      "Francia"
                    ],
                    "fr": [
                      "France"
                    ],
                    "nl": [
                      "France",
                      "Frankrijk"
                    ],
                    "es": [
                      "France",
                      "Francia"
                    ]
                  }
                }
              }
            }
          }
        }
      ],
      "schema:geo": {
        "@id": "https://data.datatourisme.fr/acaf9d1a-0599-3449-a175-a274e9d1b0c5",
        "schema:latitude": "44.913602",
        "schema:longitude": "4.428349",
        "@type": [
          "schema:GeoCoordinates"
        ]
      },
      "schema:openingHoursSpecification": [
        {
          "@id": "https://data.datatourisme.fr/f87e535a-636d-3343-ad63-8a03392e7511",
          "schema:validFrom": "2023-01-01T00:00:00",
          "schema:validThrough": "2023-12-31T23:59:59",
          "@type": [
            "schema:OpeningHoursSpecification"
          ]
        }
      ],
      "@type": [
        "schema:Place",
        "Place"
      ]
    }
  ],
  "isOwnedBy": [
    {
      "@id": "https://data.datatourisme.fr/6ef576cd-2c5c-33d6-b250-09b105230dfc",
      "schema:email": [
        "ncharra@ardeche-guide.com"
      ],
      "schema:legalName": "Agence de Développement Touristique de l'Ardèche",
      "@type": [
        "schema:Organization",
        "foaf:Agent",
        "Agent"
      ],
      "foaf:homepage": [
        "https://www.ardeche-guide.com/"
      ]
    }
  ],
  "lastUpdate": "2023-04-20",
  "lastUpdateDatatourisme": "2023-04-21T05:52:11.976Z"
}