{
  "@id": "https://data.datatourisme.fr/13/fba89a0a-9c81-3a25-9d05-9ac861a142cc",
  "dc:identifier": "811414",
  "@type": [
    "olo:OrderedList",
    "PlaceOfInterest",
    "PointOfInterest",
    "RoadTour",
    "SportsAndLeisurePlace",
    "Tour"
  ],
  "rdfs:comment": {
    "de": [
      "Motorradtour nach Antraigues-sur-Volane, der Heimat von Jean Ferrat. Rückfahrt nach Annonay über Saint-Bonnet-le-Froid und das Tal der Vocance."
    ],
    "en": [
      "A motorbike trail leading to Antraigues-sur-Volane, home of the famous French singer, Jean Ferrat. The return to Annonay passes through Saint-Bonnet-le-Froid and the Vocance valley."
    ],
    "it": [
      "Tour in moto verso Antraigues-sur-Volane, la terra di Jean Ferrat. Ritorno ad Annonay passando per Saint-Bonnet-le-Froid e la valle della Vocance."
    ],
    "fr": [
      "Circuit moto en direction d'Antraigues-sur-Volane, le pays de Jean Ferrat. Retour sur Annonay par Saint-Bonnet-le-Froid et la vallée de la Vocance."
    ],
    "nl": [
      "Motorrit naar Antraigues-sur-Volane, het land van Jean Ferrat. Terugkeer naar Annonay via Saint-Bonnet-le-Froid en de Vocance-vallei."
    ],
    "es": [
      "Excursión en moto hacia Antraigues-sur-Volane, la tierra de Jean Ferrat. Regreso a Annonay por Saint-Bonnet-le-Froid y el valle de Vocance."
    ]
  },
  "rdfs:label": {
    "en": [
      "Motorbike trail to Jean Ferrat country"
    ],
    "fr": [
      "Circuit moto vers le pays de Jean Ferrat"
    ]
  },
  "hasBeenCreatedBy": {
    "@id": "https://data.datatourisme.fr/13/0f28b5d4-9b30-30af-aecd-95b4009adf4c",
    "dc:identifier": "141",
    "schema:email": [
      "communication@ardechegrandair.com",
      "direction@ardechegrandair.com",
      "directionvalday@ardechegrandair.com",
      "myriam.guigal@ardechegrandair.com"
    ],
    "schema:legalName": "Office de Tourisme Ardèche Grand Air",
    "@type": [
      "schema:Organization",
      "foaf:Agent",
      "Agent"
    ],
    "foaf:homepage": [
      "http://www.ardechegrandair.com/"
    ]
  },
  "hasBeenPublishedBy": [
    {
      "@id": "https://data.datatourisme.fr/dbca899d-3f22-364b-b99d-40af1e917c58",
      "schema:legalName": "Agence de Développement Touristique de l'Ardèche - source : Apidae Tourisme",
      "@type": [
        "schema:Organization",
        "foaf:Agent",
        "Agent"
      ],
      "foaf:homepage": [
        "https://www.apidae-tourisme.com/"
      ]
    }
  ],
  "hasContact": [
    {
      "@id": "https://data.datatourisme.fr/90aa9433-40df-347e-a2b1-9a4029184ae4",
      "schema:email": [
        "contact@ardechegrandair.com"
      ],
      "schema:telephone": [
        "+33 4 75 33 24 51"
      ],
      "@type": [
        "foaf:Agent",
        "Agent"
      ],
      "foaf:homepage": [
        "https://www.cirkwi.com/fr/circuit/53160-circuit-moto-vers-le-pays-de-jean-ferrat"
      ]
    }
  ],
  "hasDescription": [
    {
      "@id": "https://data.datatourisme.fr/cebcb2ce-3406-3478-bdde-8315190afca3",
      "@type": [
        "Description"
      ],
      "hasTranslatedProperty": [
        {
          "@id": "https://data.datatourisme.fr/1f15d59d-692b-3eca-a7cd-1d7bf5dcf1f5",
          "dc:contributor": [
            "https://api.deepl.com/v2/translate"
          ],
          "rdf:language": [
            "de"
          ],
          "rdf:predicate": [
            "shortDescription"
          ]
        },
        {
          "@id": "https://data.datatourisme.fr/5022d9f1-20be-3992-aafa-90f71a11b5b0",
          "dc:contributor": [
            "https://api.deepl.com/v2/translate"
          ],
          "rdf:language": [
            "es"
          ],
          "rdf:predicate": [
            "shortDescription"
          ]
        },
        {
          "@id": "https://data.datatourisme.fr/7135b095-38b4-35ea-b9b9-3f6f63d4213b",
          "dc:contributor": [
            "https://api.deepl.com/v2/translate"
          ],
          "rdf:language": [
            "it"
          ],
          "rdf:predicate": [
            "shortDescription"
          ]
        },
        {
          "@id": "https://data.datatourisme.fr/ae6b20dd-ca49-3eb7-a9ea-9a7f4369dc0d",
          "dc:contributor": [
            "https://api.deepl.com/v2/translate"
          ],
          "rdf:language": [
            "nl"
          ],
          "rdf:predicate": [
            "shortDescription"
          ]
        }
      ],
      "shortDescription": {
        "de": [
          "Motorradtour nach Antraigues-sur-Volane, der Heimat von Jean Ferrat. Rückfahrt nach Annonay über Saint-Bonnet-le-Froid und das Tal der Vocance."
        ],
        "en": [
          "A motorbike trail leading to Antraigues-sur-Volane, home of the famous French singer, Jean Ferrat. The return to Annonay passes through Saint-Bonnet-le-Froid and the Vocance valley."
        ],
        "it": [
          "Tour in moto verso Antraigues-sur-Volane, la terra di Jean Ferrat. Ritorno ad Annonay passando per Saint-Bonnet-le-Froid e la valle della Vocance."
        ],
        "fr": [
          "Circuit moto en direction d'Antraigues-sur-Volane, le pays de Jean Ferrat. Retour sur Annonay par Saint-Bonnet-le-Froid et la vallée de la Vocance."
        ],
        "nl": [
          "Motorrit naar Antraigues-sur-Volane, het land van Jean Ferrat. Terugkeer naar Annonay via Saint-Bonnet-le-Froid en de Vocance-vallei."
        ],
        "es": [
          "Excursión en moto hacia Antraigues-sur-Volane, la tierra de Jean Ferrat. Regreso a Annonay por Saint-Bonnet-le-Froid y el valle de Vocance."
        ]
      }
    }
  ],
  "hasTranslatedProperty": [
    {
      "@id": "https://data.datatourisme.fr/585cd945-905c-349f-a612-7ce1af732b34",
      "dc:contributor": [
        "https://api.deepl.com/v2/translate"
      ],
      "rdf:language": [
        "de"
      ],
      "rdf:predicate": [
        {
          "@id": "rdfs:comment"
        }
      ]
    },
    {
      "@id": "https://data.datatourisme.fr/d1d774e4-8112-3929-9bb9-ae27ce2e5383",
      "dc:contributor": [
        "https://api.deepl.com/v2/translate"
      ],
      "rdf:language": [
        "nl"
      ],
      "rdf:predicate": [
        {
          "@id": "rdfs:comment"
        }
      ]
    },
    {
      "@id": "https://data.datatourisme.fr/d6eae78e-5634-3b6e-b194-ca7956733a4c",
      "dc:contributor": [
        "https://api.deepl.com/v2/translate"
      ],
      "rdf:language": [
        "es"
      ],
      "rdf:predicate": [
        {
          "@id": "rdfs:comment"
        }
      ]
    },
    {
      "@id": "https://data.datatourisme.fr/f79d4242-30b6-38b9-b2d1-254a7dc31663",
      "dc:contributor": [
        "https://api.deepl.com/v2/translate"
      ],
      "rdf:language": [
        "it"
      ],
      "rdf:predicate": [
        {
          "@id": "rdfs:comment"
        }
      ]
    }
  ],
  "isLocatedAt": [
    {
      "@id": "https://data.datatourisme.fr/027d87a1-94f7-3383-bfe3-4c84b312565f",
      "schema:address": [
        {
          "@id": "https://data.datatourisme.fr/a1dfd498-54b8-3502-84cf-2be344e768ba",
          "schema:addressLocality": "Annonay",
          "schema:postalCode": "07100",
          "schema:streetAddress": [
            "Place des Cordeliers"
          ],
          "@type": [
            "schema:PostalAddress",
            "PostalAddress"
          ],
          "hasAddressCity": {
            "@id": "kb:07010",
            "@type": [
              "City"
            ],
            "rdfs:label": {
              "de": [
                "Annonay"
              ],
              "pt": [
                "Annonay"
              ],
              "en": [
                "Annonay"
              ],
              "it": [
                "Annonay"
              ],
              "fr": [
                "Annonay"
              ],
              "nl": [
                "Annonay"
              ],
              "es": [
                "Annonay"
              ]
            },
            "insee": "07010",
            "isPartOfDepartment": {
              "@id": "kb:France8407",
              "@type": [
                "Department"
              ],
              "rdfs:label": {
                "de": [
                  "Ardèche"
                ],
                "pt": [
                  "Ardèche"
                ],
                "en": [
                  "Ardèche"
                ],
                "it": [
                  "Ardèche"
                ],
                "fr": [
                  "Ardèche"
                ],
                "nl": [
                  "Ardèche"
                ],
                "es": [
                  "Ardèche"
                ]
              },
              "insee": "07",
              "isPartOfRegion": {
                "@id": "kb:France84",
                "@type": [
                  "Region"
                ],
                "rdfs:label": {
                  "de": [
                    "Auvergne-Rhône-Alpes"
                  ],
                  "pt": [
                    "Auvergne-Rhône-Alpes"
                  ],
                  "en": [
                    "Auvergne-Rhône-Alpes"
                  ],
                  "it": [
                    "Auvergne-Rhône-Alpes"
                  ],
                  "fr": [
                    "Auvergne-Rhône-Alpes"
                  ],
                  "nl": [
                    "Auvergne-Rhône-Alpes"
                  ],
                  "es": [
                    "Auvergne-Rhône-Alpes"
                  ]
                },
                "insee": "84",
                "isPartOfCountry": {
                  "@id": "kb:France",
                  "@type": [
                    "schema:Country"
                  ],
                  "rdfs:label": {
                    "de": [
                      "France",
                      "Frankreich"
                    ],
                    "pt": [
                      "França",
                      "France"
                    ],
                    "en": [
                      "France"
                    ],
                    "it": [
                      "France",
                      "Francia"
                    ],
                    "fr": [
                      "France"
                    ],
                    "nl": [
                      "France",
                      "Frankrijk"
                    ],
                    "es": [
                      "France",
                      "Francia"
                    ]
                  }
                }
              }
            }
          }
        }
      ],
      "schema:geo": {
        "@id": "https://data.datatourisme.fr/615542b9-5781-3af5-aaed-e0c2412c0a69",
        "schema:latitude": "45.240451",
        "schema:longitude": "4.672744",
        "@type": [
          "schema:GeoCoordinates"
        ]
      },
      "schema:openingHoursSpecification": [
        {
          "@id": "https://data.datatourisme.fr/f87e535a-636d-3343-ad63-8a03392e7511",
          "schema:validFrom": "2023-01-01T00:00:00",
          "schema:validThrough": "2023-12-31T23:59:59",
          "@type": [
            "schema:OpeningHoursSpecification"
          ]
        }
      ],
      "@type": [
        "schema:Place",
        "Place"
      ]
    }
  ],
  "isOwnedBy": [
    {
      "@id": "https://data.datatourisme.fr/3e141ebd-d3da-33b3-94c3-096fd7e178a7",
      "schema:email": [
        "communication@ardechegrandair.com",
        "direction@ardechegrandair.com",
        "directionvalday@ardechegrandair.com",
        "myriam.guigal@ardechegrandair.com"
      ],
      "schema:legalName": "Office de Tourisme Ardèche Grand Air",
      "@type": [
        "schema:Organization",
        "foaf:Agent",
        "Agent"
      ],
      "foaf:homepage": [
        "http://www.ardechegrandair.com/"
      ]
    }
  ],
  "lastUpdate": "2023-04-16",
  "lastUpdateDatatourisme": "2023-04-17T05:39:15.344Z"
}