{
  "@id": "https://data.datatourisme.fr/13/f6444f92-dd68-3e62-bad9-6fdb24f427c5",
  "dc:identifier": "4696481",
  "@type": [
    "olo:OrderedList",
    "PlaceOfInterest",
    "PointOfInterest",
    "SportsAndLeisurePlace",
    "Tour",
    "WalkingTour"
  ],
  "rdfs:comment": {
    "de": [
      "Vom Rhônetal über die Schaufensterterrassen des Saint-Joseph bis zum Dorf Ardoix: Entdecken Sie die Schluchten des Ay. Karte Nr. 28 des Topoguides Tournon sur Rhône."
    ],
    "en": [
      "From the Rhone valley to the village of Ardoix via the window terraces of Saint-Joseph, discover the gorges of the Ay. Sheet N°28 of the topoguide Tournon sur Rhône."
    ],
    "it": [
      "Dalla valle del Rodano al villaggio di Ardoix, passando per le terrazze vetrina di Saint-Joseph, scoprite le gole di Ay. Scheda n. 28 della guida Tournon sur Rhône."
    ],
    "fr": [
      "Depuis la vallée du Rhône jusqu'au village d'Ardoix en passant par les terrasses vitrines du Saint-Joseph, découvrez les gorges de l'Ay. Fiche N°28 du topoguide Tournon sur Rhône."
    ],
    "nl": [
      "Van de Rhône-vallei naar het dorp Ardoix, langs de vitrine terrassen van Saint-Joseph, ontdek de kloven van Ay. Blad nr. 28 van de Tournon sur Rhône-gids."
    ],
    "es": [
      "Desde el valle del Ródano hasta el pueblo de Ardoix, pasando por las terrazas de los escaparates de Saint-Joseph, descubra las gargantas de Ay. Ficha nº 28 de la guía de Tournon sur Rhône."
    ]
  },
  "rdfs:label": {
    "fr": [
      "Boucle de randonnée \"Gorges de l'Ay de Sarras à Ardoix\""
    ]
  },
  "hasBeenCreatedBy": {
    "@id": "https://data.datatourisme.fr/13/73278a4a-8696-3eeb-976a-8fd4c9ec6997",
    "dc:identifier": "113",
    "schema:email": [
      "d.sanial@dromardeche.fr",
      "j.bruyere@dromardeche.fr"
    ],
    "schema:legalName": "Office de Tourisme Porte de DrômArdèche",
    "@type": [
      "schema:Organization",
      "foaf:Agent",
      "Agent"
    ],
    "foaf:homepage": [
      "http://www.autour-du-palais-ideal.fr/"
    ]
  },
  "hasBeenPublishedBy": [
    {
      "@id": "https://data.datatourisme.fr/d48f2ccd-2357-3a8e-b949-cb8bf19a361f",
      "schema:legalName": "Agence d'Attractivité de la Drôme - source : Apidae Tourisme",
      "@type": [
        "schema:Organization",
        "foaf:Agent",
        "Agent"
      ],
      "foaf:homepage": [
        "https://www.apidae-tourisme.com/"
      ]
    }
  ],
  "hasContact": [
    {
      "@id": "https://data.datatourisme.fr/e4a61420-5736-3383-8b66-c11b58e648c9",
      "schema:email": [
        "porte@dromardeche.fr"
      ],
      "schema:telephone": [
        "+33 4 75 23 45 33"
      ],
      "@type": [
        "foaf:Agent",
        "Agent"
      ],
      "foaf:homepage": [
        "http://www.autour-du-palais-ideal.fr/"
      ]
    }
  ],
  "hasDescription": [
    {
      "@id": "https://data.datatourisme.fr/26ad1aa0-d71f-3f5b-84fb-31d1f996f65b",
      "@type": [
        "Description"
      ],
      "hasTranslatedProperty": [
        {
          "@id": "https://data.datatourisme.fr/4290d9d1-3f30-36b9-beb4-7ebc41f10bca",
          "dc:contributor": [
            "https://api.deepl.com/v2/translate"
          ],
          "rdf:language": [
            "nl"
          ],
          "rdf:predicate": [
            "shortDescription"
          ]
        },
        {
          "@id": "https://data.datatourisme.fr/6e1e317f-4fa9-38b8-ab3d-c15b0456067c",
          "dc:contributor": [
            "https://api.deepl.com/v2/translate"
          ],
          "rdf:language": [
            "it"
          ],
          "rdf:predicate": [
            "shortDescription"
          ]
        },
        {
          "@id": "https://data.datatourisme.fr/7968e6dd-f51f-35db-971e-c9d12b0caba0",
          "dc:contributor": [
            "https://api.deepl.com/v2/translate"
          ],
          "rdf:language": [
            "en"
          ],
          "rdf:predicate": [
            "shortDescription"
          ]
        },
        {
          "@id": "https://data.datatourisme.fr/9782b7b0-0710-308b-8bd7-9c9e0cceb363",
          "dc:contributor": [
            "https://api.deepl.com/v2/translate"
          ],
          "rdf:language": [
            "es"
          ],
          "rdf:predicate": [
            "shortDescription"
          ]
        },
        {
          "@id": "https://data.datatourisme.fr/a7741726-caf7-31fa-80d9-d5bbbf6c9029",
          "dc:contributor": [
            "https://api.deepl.com/v2/translate"
          ],
          "rdf:language": [
            "de"
          ],
          "rdf:predicate": [
            "shortDescription"
          ]
        }
      ],
      "shortDescription": {
        "de": [
          "Vom Rhônetal über die Schaufensterterrassen des Saint-Joseph bis zum Dorf Ardoix: Entdecken Sie die Schluchten des Ay. Karte Nr. 28 des Topoguides Tournon sur Rhône."
        ],
        "en": [
          "From the Rhone valley to the village of Ardoix via the window terraces of Saint-Joseph, discover the gorges of the Ay. Sheet N°28 of the topoguide Tournon sur Rhône."
        ],
        "it": [
          "Dalla valle del Rodano al villaggio di Ardoix, passando per le terrazze vetrina di Saint-Joseph, scoprite le gole di Ay. Scheda n. 28 della guida Tournon sur Rhône."
        ],
        "fr": [
          "Depuis la vallée du Rhône jusqu'au village d'Ardoix en passant par les terrasses vitrines du Saint-Joseph, découvrez les gorges de l'Ay. Fiche N°28 du topoguide Tournon sur Rhône."
        ],
        "nl": [
          "Van de Rhône-vallei naar het dorp Ardoix, langs de vitrine terrassen van Saint-Joseph, ontdek de kloven van Ay. Blad nr. 28 van de Tournon sur Rhône-gids."
        ],
        "es": [
          "Desde el valle del Ródano hasta el pueblo de Ardoix, pasando por las terrazas de los escaparates de Saint-Joseph, descubra las gargantas de Ay. Ficha nº 28 de la guía de Tournon sur Rhône."
        ]
      }
    }
  ],
  "hasTheme": [
    {
      "@id": "kb:Hiking",
      "@type": [
        "SportsTheme"
      ],
      "rdfs:label": {
        "de": [
          "Wanderung"
        ],
        "pt": [
          "Caminhada"
        ],
        "en": [
          "Hiking"
        ],
        "it": [
          "Escursione"
        ],
        "fr": [
          "Randonnée"
        ],
        "nl": [
          "Wandelen"
        ],
        "es": [
          "Senderismo"
        ]
      }
    },
    {
      "@id": "kb:Pedestrian",
      "@type": [
        "SportsTheme"
      ],
      "rdfs:label": {
        "de": [
          "Zu Fuß"
        ],
        "pt": [
          "Pedestre"
        ],
        "en": [
          "Pedestrian"
        ],
        "it": [
          "A piedi"
        ],
        "fr": [
          "Pédestre"
        ],
        "nl": [
          "Voetgangers"
        ],
        "es": [
          "Peatón"
        ]
      }
    },
    {
      "@id": "kb:Running",
      "@type": [
        "SportsTheme"
      ],
      "rdfs:label": {
        "de": [
          "Laufen"
        ],
        "pt": [
          "Corrida a pé"
        ],
        "en": [
          "Running"
        ],
        "it": [
          "Corsa a piedi"
        ],
        "fr": [
          "Course à pied"
        ],
        "nl": [
          "Hardlopen"
        ],
        "es": [
          "Carrera a pie"
        ]
      }
    }
  ],
  "hasTranslatedProperty": [
    {
      "@id": "https://data.datatourisme.fr/17b61e79-2966-3d53-bb94-2c92470e66cb",
      "dc:contributor": [
        "https://api.deepl.com/v2/translate"
      ],
      "rdf:language": [
        "it"
      ],
      "rdf:predicate": [
        {
          "@id": "rdfs:comment"
        }
      ]
    },
    {
      "@id": "https://data.datatourisme.fr/4bf9fc68-3efd-3da4-9965-f121a6584fd1",
      "dc:contributor": [
        "https://api.deepl.com/v2/translate"
      ],
      "rdf:language": [
        "nl"
      ],
      "rdf:predicate": [
        {
          "@id": "rdfs:comment"
        }
      ]
    },
    {
      "@id": "https://data.datatourisme.fr/5e101902-ec5a-3bd2-8683-3beabb7c9436",
      "dc:contributor": [
        "https://api.deepl.com/v2/translate"
      ],
      "rdf:language": [
        "en"
      ],
      "rdf:predicate": [
        {
          "@id": "rdfs:comment"
        }
      ]
    },
    {
      "@id": "https://data.datatourisme.fr/9f11aa07-749b-38a5-b050-2eef6cb19c6c",
      "dc:contributor": [
        "https://api.deepl.com/v2/translate"
      ],
      "rdf:language": [
        "es"
      ],
      "rdf:predicate": [
        {
          "@id": "rdfs:comment"
        }
      ]
    },
    {
      "@id": "https://data.datatourisme.fr/b5bfd17c-2964-3f1e-8f69-c00ec4825320",
      "dc:contributor": [
        "https://api.deepl.com/v2/translate"
      ],
      "rdf:language": [
        "de"
      ],
      "rdf:predicate": [
        {
          "@id": "rdfs:comment"
        }
      ]
    }
  ],
  "isLocatedAt": [
    {
      "@id": "https://data.datatourisme.fr/2982d52f-bdd2-3946-93ae-0615d6bce653",
      "schema:address": [
        {
          "@id": "https://data.datatourisme.fr/96f16e43-07ba-3f8b-ac73-a28238439943",
          "schema:addressLocality": "Sarras",
          "schema:postalCode": "07370",
          "schema:streetAddress": [
            "Place de l'église"
          ],
          "@type": [
            "schema:PostalAddress",
            "PostalAddress"
          ],
          "hasAddressCity": {
            "@id": "kb:07308",
            "@type": [
              "City"
            ],
            "rdfs:label": {
              "de": [
                "Sarras"
              ],
              "pt": [
                "Sarras"
              ],
              "en": [
                "Sarras"
              ],
              "it": [
                "Sarras"
              ],
              "fr": [
                "Sarras"
              ],
              "nl": [
                "Sarras"
              ],
              "es": [
                "Sarras"
              ]
            },
            "insee": "07308",
            "isPartOfDepartment": {
              "@id": "kb:France8407",
              "@type": [
                "Department"
              ],
              "rdfs:label": {
                "de": [
                  "Ardèche"
                ],
                "pt": [
                  "Ardèche"
                ],
                "en": [
                  "Ardèche"
                ],
                "it": [
                  "Ardèche"
                ],
                "fr": [
                  "Ardèche"
                ],
                "nl": [
                  "Ardèche"
                ],
                "es": [
                  "Ardèche"
                ]
              },
              "insee": "07",
              "isPartOfRegion": {
                "@id": "kb:France84",
                "@type": [
                  "Region"
                ],
                "rdfs:label": {
                  "de": [
                    "Auvergne-Rhône-Alpes"
                  ],
                  "pt": [
                    "Auvergne-Rhône-Alpes"
                  ],
                  "en": [
                    "Auvergne-Rhône-Alpes"
                  ],
                  "it": [
                    "Auvergne-Rhône-Alpes"
                  ],
                  "fr": [
                    "Auvergne-Rhône-Alpes"
                  ],
                  "nl": [
                    "Auvergne-Rhône-Alpes"
                  ],
                  "es": [
                    "Auvergne-Rhône-Alpes"
                  ]
                },
                "insee": "84",
                "isPartOfCountry": {
                  "@id": "kb:France",
                  "@type": [
                    "schema:Country"
                  ],
                  "rdfs:label": {
                    "de": [
                      "France",
                      "Frankreich"
                    ],
                    "pt": [
                      "França",
                      "France"
                    ],
                    "en": [
                      "France"
                    ],
                    "it": [
                      "France",
                      "Francia"
                    ],
                    "fr": [
                      "France"
                    ],
                    "nl": [
                      "France",
                      "Frankrijk"
                    ],
                    "es": [
                      "France",
                      "Francia"
                    ]
                  }
                }
              }
            }
          }
        }
      ],
      "schema:geo": {
        "@id": "https://data.datatourisme.fr/10843cad-5764-3ff5-80ea-98ff36b6e2fe",
        "schema:latitude": "45.186709",
        "schema:longitude": "4.798622",
        "@type": [
          "schema:GeoCoordinates"
        ]
      },
      "schema:openingHoursSpecification": [
        {
          "@id": "https://data.datatourisme.fr/f87e535a-636d-3343-ad63-8a03392e7511",
          "schema:validFrom": "2023-01-01T00:00:00",
          "schema:validThrough": "2023-12-31T23:59:59",
          "@type": [
            "schema:OpeningHoursSpecification"
          ]
        }
      ],
      "@type": [
        "schema:Place",
        "Place"
      ]
    }
  ],
  "isOwnedBy": [
    {
      "@id": "https://data.datatourisme.fr/c34130c6-4437-3624-9afb-3511a8692fba",
      "schema:email": [
        "d.sanial@dromardeche.fr",
        "j.bruyere@dromardeche.fr"
      ],
      "schema:legalName": "Office de Tourisme Porte de DrômArdèche",
      "@type": [
        "schema:Organization",
        "foaf:Agent",
        "Agent"
      ],
      "foaf:homepage": [
        "http://www.autour-du-palais-ideal.fr/"
      ]
    }
  ],
  "lastUpdate": "2017-03-24",
  "lastUpdateDatatourisme": "2023-02-10T06:39:19.897Z"
}