{
  "@id": "https://data.datatourisme.fr/13/f67bcb98-e8b6-3079-895b-0c8c15a11859",
  "dc:identifier": "5578769",
  "@type": [
    "olo:OrderedList",
    "PlaceOfInterest",
    "PointOfInterest",
    "RoadTour",
    "SportsAndLeisurePlace",
    "Tour"
  ],
  "rdfs:comment": {
    "de": [
      "Machen Sie eine Pause im Süden der Ardèche, in außergewöhnlichen Landschaften zwischen Lavendel und den Schluchten der Ardèche"
    ],
    "en": [
      "Take a break in the South Ardèche, in exceptional landscapes, between lavender and the Gorges of the Ardèche"
    ],
    "it": [
      "Concedetevi una pausa nell'Ardèche del Sud, in un paesaggio eccezionale, tra la lavanda e le Gole dell'Ardèche"
    ],
    "fr": [
      "Faites une pause en Sud Ardèche, dans des paysages exceptionnels, entre lavandes et Gorges de l’Ardèche"
    ],
    "nl": [
      "Neem een pauze in de Zuid-Ardèche, in uitzonderlijke landschappen, tussen lavendel en de Gorges de l'Ardèche"
    ],
    "es": [
      "Haga una pausa en el sur de Ardèche, en paisajes excepcionales, entre lavanda y las gargantas de Ardèche"
    ]
  },
  "rdfs:label": {
    "de": [
      "Circuit entre Lavandes et Gorges de l'Ardèche"
    ],
    "ru": [
      "Circuit entre Lavandes et Gorges de l'Ardèche"
    ],
    "en": [
      "Circuit entre Lavandes et Gorges de l'Ardèche"
    ],
    "it": [
      "Circuit entre Lavandes et Gorges de l'Ardèche"
    ],
    "fr": [
      "Circuit entre Lavandes et Gorges de l'Ardèche"
    ],
    "zh": [
      "Circuit entre Lavandes et Gorges de l'Ardèche"
    ],
    "nl": [
      "Circuit entre Lavandes et Gorges de l'Ardèche"
    ],
    "es": [
      "Circuit entre Lavandes et Gorges de l'Ardèche"
    ]
  },
  "hasBeenCreatedBy": {
    "@id": "https://data.datatourisme.fr/13/26657d5f-f902-3d2a-befe-558796b99584",
    "dc:identifier": "96",
    "schema:email": [
      "ncharra@ardeche-guide.com"
    ],
    "schema:legalName": "Agence de Développement Touristique de l'Ardèche",
    "@type": [
      "schema:Organization",
      "foaf:Agent",
      "Agent"
    ],
    "foaf:homepage": [
      "https://www.ardeche-guide.com/"
    ]
  },
  "hasBeenPublishedBy": [
    {
      "@id": "https://data.datatourisme.fr/dbca899d-3f22-364b-b99d-40af1e917c58",
      "schema:legalName": "Agence de Développement Touristique de l'Ardèche - source : Apidae Tourisme",
      "@type": [
        "schema:Organization",
        "foaf:Agent",
        "Agent"
      ],
      "foaf:homepage": [
        "https://www.apidae-tourisme.com/"
      ]
    }
  ],
  "hasContact": [
    {
      "@id": "https://data.datatourisme.fr/5e9a5126-8937-35af-9a6a-98c8b72aa43c",
      "@type": [
        "foaf:Agent",
        "Agent"
      ],
      "foaf:homepage": [
        "https://www.ardeche-guide.com/circuit-itinerant-en-voiture-entre-lavandes-et-gorges-de-l-ardeche"
      ]
    }
  ],
  "hasDescription": [
    {
      "@id": "https://data.datatourisme.fr/08bbae05-e612-365e-ba82-b26b0bbd6b95",
      "@type": [
        "Description"
      ],
      "hasTranslatedProperty": [
        {
          "@id": "https://data.datatourisme.fr/0bd0da07-dd7d-313a-87ce-4b5f3dc6de8b",
          "dc:contributor": [
            "https://api.deepl.com/v2/translate"
          ],
          "rdf:language": [
            "en"
          ],
          "rdf:predicate": [
            "shortDescription"
          ]
        },
        {
          "@id": "https://data.datatourisme.fr/12331b19-d8ae-3d71-960a-5fe28cee53f6",
          "dc:contributor": [
            "https://api.deepl.com/v2/translate"
          ],
          "rdf:language": [
            "nl"
          ],
          "rdf:predicate": [
            "shortDescription"
          ]
        },
        {
          "@id": "https://data.datatourisme.fr/31f08765-4406-3902-842b-5aabe8ae7044",
          "dc:contributor": [
            "https://api.deepl.com/v2/translate"
          ],
          "rdf:language": [
            "es"
          ],
          "rdf:predicate": [
            "shortDescription"
          ]
        },
        {
          "@id": "https://data.datatourisme.fr/aafee62c-bf69-3d98-ac9f-02c16119b9c7",
          "dc:contributor": [
            "https://api.deepl.com/v2/translate"
          ],
          "rdf:language": [
            "de"
          ],
          "rdf:predicate": [
            "shortDescription"
          ]
        },
        {
          "@id": "https://data.datatourisme.fr/ca0b8a0f-4921-3457-aef0-77b70c601bb4",
          "dc:contributor": [
            "https://api.deepl.com/v2/translate"
          ],
          "rdf:language": [
            "it"
          ],
          "rdf:predicate": [
            "shortDescription"
          ]
        }
      ],
      "shortDescription": {
        "de": [
          "Machen Sie eine Pause im Süden der Ardèche, in außergewöhnlichen Landschaften zwischen Lavendel und den Schluchten der Ardèche"
        ],
        "en": [
          "Take a break in the South Ardèche, in exceptional landscapes, between lavender and the Gorges of the Ardèche"
        ],
        "it": [
          "Concedetevi una pausa nell'Ardèche del Sud, in un paesaggio eccezionale, tra la lavanda e le Gole dell'Ardèche"
        ],
        "fr": [
          "Faites une pause en Sud Ardèche, dans des paysages exceptionnels, entre lavandes et Gorges de l’Ardèche"
        ],
        "nl": [
          "Neem een pauze in de Zuid-Ardèche, in uitzonderlijke landschappen, tussen lavendel en de Gorges de l'Ardèche"
        ],
        "es": [
          "Haga una pausa en el sur de Ardèche, en paisajes excepcionales, entre lavanda y las gargantas de Ardèche"
        ]
      }
    }
  ],
  "hasTranslatedProperty": [
    {
      "@id": "https://data.datatourisme.fr/1530141d-994d-3168-9e6b-ffb0e77e55c4",
      "dc:contributor": [
        "https://api.deepl.com/v2/translate"
      ],
      "rdf:language": [
        "es"
      ],
      "rdf:predicate": [
        {
          "@id": "rdfs:comment"
        }
      ]
    },
    {
      "@id": "https://data.datatourisme.fr/1c473e53-62ce-3f4a-b5e5-a3f74e38c683",
      "dc:contributor": [
        "https://api.deepl.com/v2/translate"
      ],
      "rdf:language": [
        "en"
      ],
      "rdf:predicate": [
        {
          "@id": "rdfs:comment"
        }
      ]
    },
    {
      "@id": "https://data.datatourisme.fr/1cebcefb-aa8c-30d4-989e-1cc495204fdc",
      "dc:contributor": [
        "https://api.deepl.com/v2/translate"
      ],
      "rdf:language": [
        "it"
      ],
      "rdf:predicate": [
        {
          "@id": "rdfs:comment"
        }
      ]
    },
    {
      "@id": "https://data.datatourisme.fr/a94437ed-283f-3da8-aca3-dc8381f325c9",
      "dc:contributor": [
        "https://api.deepl.com/v2/translate"
      ],
      "rdf:language": [
        "de"
      ],
      "rdf:predicate": [
        {
          "@id": "rdfs:comment"
        }
      ]
    },
    {
      "@id": "https://data.datatourisme.fr/ded4e0c6-cf8c-345f-aad7-4587ba12c687",
      "dc:contributor": [
        "https://api.deepl.com/v2/translate"
      ],
      "rdf:language": [
        "nl"
      ],
      "rdf:predicate": [
        {
          "@id": "rdfs:comment"
        }
      ]
    }
  ],
  "isLocatedAt": [
    {
      "@id": "https://data.datatourisme.fr/41d98e36-7879-3911-b314-ed46048caaed",
      "schema:address": [
        {
          "@id": "https://data.datatourisme.fr/258861c9-5b18-3cc2-a27d-ad00d404c1bf",
          "schema:addressLocality": "Viviers",
          "schema:postalCode": "07220",
          "@type": [
            "schema:PostalAddress",
            "PostalAddress"
          ],
          "hasAddressCity": {
            "@id": "kb:07346",
            "@type": [
              "City"
            ],
            "rdfs:label": {
              "de": [
                "Viviers"
              ],
              "pt": [
                "Viviers"
              ],
              "en": [
                "Viviers"
              ],
              "it": [
                "Viviers"
              ],
              "fr": [
                "Viviers"
              ],
              "nl": [
                "Viviers"
              ],
              "es": [
                "Viviers"
              ]
            },
            "insee": "07346",
            "isPartOfDepartment": {
              "@id": "kb:France8407",
              "@type": [
                "Department"
              ],
              "rdfs:label": {
                "de": [
                  "Ardèche"
                ],
                "pt": [
                  "Ardèche"
                ],
                "en": [
                  "Ardèche"
                ],
                "it": [
                  "Ardèche"
                ],
                "fr": [
                  "Ardèche"
                ],
                "nl": [
                  "Ardèche"
                ],
                "es": [
                  "Ardèche"
                ]
              },
              "insee": "07",
              "isPartOfRegion": {
                "@id": "kb:France84",
                "@type": [
                  "Region"
                ],
                "rdfs:label": {
                  "de": [
                    "Auvergne-Rhône-Alpes"
                  ],
                  "pt": [
                    "Auvergne-Rhône-Alpes"
                  ],
                  "en": [
                    "Auvergne-Rhône-Alpes"
                  ],
                  "it": [
                    "Auvergne-Rhône-Alpes"
                  ],
                  "fr": [
                    "Auvergne-Rhône-Alpes"
                  ],
                  "nl": [
                    "Auvergne-Rhône-Alpes"
                  ],
                  "es": [
                    "Auvergne-Rhône-Alpes"
                  ]
                },
                "insee": "84",
                "isPartOfCountry": {
                  "@id": "kb:France",
                  "@type": [
                    "schema:Country"
                  ],
                  "rdfs:label": {
                    "de": [
                      "France",
                      "Frankreich"
                    ],
                    "pt": [
                      "França",
                      "France"
                    ],
                    "en": [
                      "France"
                    ],
                    "it": [
                      "France",
                      "Francia"
                    ],
                    "fr": [
                      "France"
                    ],
                    "nl": [
                      "France",
                      "Frankrijk"
                    ],
                    "es": [
                      "France",
                      "Francia"
                    ]
                  }
                }
              }
            }
          }
        }
      ],
      "schema:geo": {
        "@id": "https://data.datatourisme.fr/92fede71-3069-3f0e-bec7-2a4a623a6eac",
        "schema:latitude": "44.480459",
        "schema:longitude": "4.690735",
        "@type": [
          "schema:GeoCoordinates"
        ]
      },
      "schema:openingHoursSpecification": [
        {
          "@id": "https://data.datatourisme.fr/f87e535a-636d-3343-ad63-8a03392e7511",
          "schema:validFrom": "2023-01-01T00:00:00",
          "schema:validThrough": "2023-12-31T23:59:59",
          "@type": [
            "schema:OpeningHoursSpecification"
          ]
        }
      ],
      "@type": [
        "schema:Place",
        "Place"
      ]
    }
  ],
  "isOwnedBy": [
    {
      "@id": "https://data.datatourisme.fr/6ef576cd-2c5c-33d6-b250-09b105230dfc",
      "schema:email": [
        "ncharra@ardeche-guide.com"
      ],
      "schema:legalName": "Agence de Développement Touristique de l'Ardèche",
      "@type": [
        "schema:Organization",
        "foaf:Agent",
        "Agent"
      ],
      "foaf:homepage": [
        "https://www.ardeche-guide.com/"
      ]
    }
  ],
  "lastUpdate": "2021-01-07",
  "lastUpdateDatatourisme": "2023-02-01T18:07:35.941Z"
}