{
  "@id": "https://data.datatourisme.fr/13/dd6df4d6-0665-3cf6-9527-b2188568702a",
  "dc:identifier": "817065",
  "@type": [
    "schema:Park",
    "CulturalSite",
    "ParkAndGarden",
    "PlaceOfInterest",
    "PointOfInterest"
  ],
  "rdfs:comment": {
    "de": [
      "Auf der Seine zwischen der Bir-Hakeim-Brücke und der Grenelle-Brücke entdecken Sie die Ile aux cygnes. Mit einer Länge von 850 Metern und einer Breite von 11 Metern bietet sie Ihnen einen angenehmen Ort für einen Spaziergang im Herzen des 15."
    ],
    "en": [
      "On the Seine, between the Bir-Hakeim bridge and the Grenelle bridge, discover Swan Island. With 850 meters long and 11 meters wide, it offers you a pleasant place to walk in the heart of the 15th arrondissement."
    ],
    "it": [
      "Sulla Senna, tra il ponte Bir-Hakeim e il ponte Grenelle, scoprite l'Ile aux Cygnes. Con una lunghezza di 850 metri e una larghezza di 11 metri, offre un luogo piacevole per passeggiare nel cuore del 15° arrondissement."
    ],
    "fr": [
      "Sur la Seine, entre le pont de Bir-Hakeim et le pont de Grenelle découvrez l’île aux cygnes. Avec 850 mètres de long et 11 mètres de large elle vous offre un lieu de promenade agréable au cœur du 15e arrondissement."
    ],
    "nl": [
      "Ontdek op de Seine, tussen de Bir-Hakeim brug en de Grenelle brug, het Ile aux Cygnes. Met een lengte van 850 meter en een breedte van 11 meter biedt het u een aangename plek om te wandelen in het hart van het 15e arrondissement."
    ],
    "es": [
      "En el Sena, entre el puente de Bir-Hakeim y el de Grenelle, descubra la Ile aux Cygnes. Con una longitud de 850 metros y una anchura de 11 metros, le ofrece un agradable paseo en el corazón del distrito 15."
    ]
  },
  "rdfs:label": {
    "fr": [
      "L'île aux cygnes"
    ]
  },
  "owl:sameAs": [
    "http://www.wikidata.org/entity/Q1454363"
  ],
  "hasBeenCreatedBy": {
    "@id": "https://data.datatourisme.fr/13/03e0704b-5690-32de-a186-1dc3ad3316c9",
    "dc:identifier": "1019",
    "schema:email": [
      "bgeigle@visitparisregion.com",
      "hcaldo@visitparisregion.com",
      "mtanaskovic@visitparisregion.com"
    ],
    "schema:legalName": "Choose Paris Region",
    "@type": [
      "schema:Organization",
      "foaf:Agent",
      "Agent"
    ],
    "foaf:homepage": [
      "http://www.visitparisregion.com/"
    ]
  },
  "hasBeenPublishedBy": [
    {
      "@id": "https://data.datatourisme.fr/8a9feb4b-2cbd-3d2c-b507-bd6c6776b23b",
      "schema:legalName": "Apidae Tourisme Scic SA - source : Apidae Tourisme",
      "@type": [
        "schema:Organization",
        "foaf:Agent",
        "Agent"
      ],
      "foaf:homepage": [
        "https://www.apidae-tourisme.com/"
      ]
    }
  ],
  "hasContact": [
    {
      "@id": "https://data.datatourisme.fr/f167b9d5-a7f6-3e67-9423-6e8e546977a2",
      "@type": [
        "foaf:Agent",
        "Agent"
      ],
      "foaf:homepage": [
        "http://equipement.paris.fr/allee-des-cygnes-2875"
      ]
    }
  ],
  "hasDescription": [
    {
      "@id": "https://data.datatourisme.fr/40bc6e3e-434d-3e31-b4c8-e6fac823c7eb",
      "@type": [
        "Description"
      ],
      "hasTranslatedProperty": [
        {
          "@id": "https://data.datatourisme.fr/489612c5-6a6b-3b07-9457-bfa7d632e4a3",
          "dc:contributor": [
            "https://api.deepl.com/v2/translate"
          ],
          "rdf:language": [
            "de"
          ],
          "rdf:predicate": [
            "shortDescription"
          ]
        },
        {
          "@id": "https://data.datatourisme.fr/647a478e-3931-3c8d-ae1b-e6b99242f7cf",
          "dc:contributor": [
            "https://api.deepl.com/v2/translate"
          ],
          "rdf:language": [
            "es"
          ],
          "rdf:predicate": [
            "shortDescription"
          ]
        },
        {
          "@id": "https://data.datatourisme.fr/90517a67-2e07-3c89-8071-5b9776e34677",
          "dc:contributor": [
            "https://api.deepl.com/v2/translate"
          ],
          "rdf:language": [
            "nl"
          ],
          "rdf:predicate": [
            "shortDescription"
          ]
        },
        {
          "@id": "https://data.datatourisme.fr/c317d206-080b-3766-b311-fd9402573885",
          "dc:contributor": [
            "https://api.deepl.com/v2/translate"
          ],
          "rdf:language": [
            "it"
          ],
          "rdf:predicate": [
            "shortDescription"
          ]
        },
        {
          "@id": "https://data.datatourisme.fr/fbf1d303-ccbf-324e-8742-65d10bd18dde",
          "dc:contributor": [
            "https://api.deepl.com/v2/translate"
          ],
          "rdf:language": [
            "en"
          ],
          "rdf:predicate": [
            "shortDescription"
          ]
        }
      ],
      "shortDescription": {
        "de": [
          "Auf der Seine zwischen der Bir-Hakeim-Brücke und der Grenelle-Brücke entdecken Sie die Ile aux cygnes. Mit einer Länge von 850 Metern und einer Breite von 11 Metern bietet sie Ihnen einen angenehmen Ort für einen Spaziergang im Herzen des 15."
        ],
        "en": [
          "On the Seine, between the Bir-Hakeim bridge and the Grenelle bridge, discover Swan Island. With 850 meters long and 11 meters wide, it offers you a pleasant place to walk in the heart of the 15th arrondissement."
        ],
        "it": [
          "Sulla Senna, tra il ponte Bir-Hakeim e il ponte Grenelle, scoprite l'Ile aux Cygnes. Con una lunghezza di 850 metri e una larghezza di 11 metri, offre un luogo piacevole per passeggiare nel cuore del 15° arrondissement."
        ],
        "fr": [
          "Sur la Seine, entre le pont de Bir-Hakeim et le pont de Grenelle découvrez l’île aux cygnes. Avec 850 mètres de long et 11 mètres de large elle vous offre un lieu de promenade agréable au cœur du 15e arrondissement."
        ],
        "nl": [
          "Ontdek op de Seine, tussen de Bir-Hakeim brug en de Grenelle brug, het Ile aux Cygnes. Met een lengte van 850 meter en een breedte van 11 meter biedt het u een aangename plek om te wandelen in het hart van het 15e arrondissement."
        ],
        "es": [
          "En el Sena, entre el puente de Bir-Hakeim y el de Grenelle, descubra la Ile aux Cygnes. Con una longitud de 850 metros y una anchura de 11 metros, le ofrece un agradable paseo en el corazón del distrito 15."
        ]
      }
    }
  ],
  "hasRepresentation": [
    {
      "@id": "https://data.datatourisme.fr/17150e7e-34a5-3a4d-b311-b8897921196d",
      "ebucore:hasAnnotation": [
        {
          "@id": "https://data.datatourisme.fr/df23431e-21ca-3d0b-9193-0a1d858d7bdd",
          "ebucore:isCoveredBy": "Public domain",
          "ebucore:title": {
            "fr": [
              "Paris-ile-aux-cygnes-statue-de-la-liberte-tour-eiffel-seine"
            ]
          },
          "@type": [
            "ebucore:Annotation"
          ],
          "credits": [
            "Greudin (https://commons.wikimedia.org/wiki/User:Greudin)"
          ]
        }
      ],
      "ebucore:hasRelatedResource": [
        {
          "@id": "https://data.datatourisme.fr/c0534ea1-4d44-3a79-9d06-29f36d5baa5f",
          "ebucore:fileSize": [
            323705
          ],
          "ebucore:hasMimeType": [
            {
              "@id": "kb:JPEG",
              "@type": [
                "ebucore:MimeType"
              ],
              "rdfs:comment": {
                "de": [
                  "JPEG-Bild"
                ],
                "pt": [
                  "Imagem JPEG"
                ],
                "en": [
                  "JPEG image file"
                ],
                "it": [
                  "Immagine JPEG"
                ],
                "fr": [
                  "Image JPEG"
                ],
                "nl": [
                  "JPEG-afbeelding"
                ],
                "es": [
                  "Imagen JPEG"
                ]
              },
              "rdfs:label": {
                "de": [
                  "image/jpeg"
                ],
                "pt": [
                  "image/jpeg"
                ],
                "en": [
                  "image/jpeg"
                ],
                "it": [
                  "image/jpeg"
                ],
                "fr": [
                  "image/jpeg"
                ],
                "nl": [
                  "image/jpeg"
                ],
                "es": [
                  "image/jpeg"
                ]
              }
            }
          ],
          "ebucore:height": 1268,
          "ebucore:locator": [
            "https://upload.wikimedia.org/wikipedia/commons/e/e3/Paris-ile-aux-cygnes-statue-de-la-liberte-tour-eiffel-seine.jpg"
          ],
          "ebucore:width": 1022,
          "@type": [
            "ebucore:Resource"
          ]
        }
      ],
      "@type": [
        "ebucore:EditorialObject"
      ]
    }
  ],
  "hasTheme": [
    {
      "@id": "kb:Culture",
      "@type": [
        "CulturalTheme"
      ],
      "rdfs:label": {
        "de": [
          "Kultur"
        ],
        "pt": [
          "Cultura"
        ],
        "en": [
          "Culture"
        ],
        "it": [
          "Cultura"
        ],
        "fr": [
          "Culture"
        ],
        "nl": [
          "Cultuur"
        ],
        "es": [
          "Cultura"
        ]
      }
    }
  ],
  "hasTranslatedProperty": [
    {
      "@id": "https://data.datatourisme.fr/1b4f8b62-b7c4-3670-9d4a-ef38c79b122c",
      "dc:contributor": [
        "https://api.deepl.com/v2/translate"
      ],
      "rdf:language": [
        "nl"
      ],
      "rdf:predicate": [
        {
          "@id": "rdfs:comment"
        }
      ]
    },
    {
      "@id": "https://data.datatourisme.fr/70060de7-2a6e-3cb3-ab8c-76554b39be93",
      "dc:contributor": [
        "https://api.deepl.com/v2/translate"
      ],
      "rdf:language": [
        "de"
      ],
      "rdf:predicate": [
        {
          "@id": "rdfs:comment"
        }
      ]
    },
    {
      "@id": "https://data.datatourisme.fr/8ce308be-8563-35f7-981c-b213dbf8a940",
      "dc:contributor": [
        "https://api.deepl.com/v2/translate"
      ],
      "rdf:language": [
        "en"
      ],
      "rdf:predicate": [
        {
          "@id": "rdfs:comment"
        }
      ]
    },
    {
      "@id": "https://data.datatourisme.fr/b6995c29-3272-3e74-b701-5c7b4a8555fd",
      "dc:contributor": [
        "https://api.deepl.com/v2/translate"
      ],
      "rdf:language": [
        "es"
      ],
      "rdf:predicate": [
        {
          "@id": "rdfs:comment"
        }
      ]
    },
    {
      "@id": "https://data.datatourisme.fr/b98becfe-78cd-3cb5-af83-6614d7864dfe",
      "dc:contributor": [
        "https://api.deepl.com/v2/translate"
      ],
      "rdf:language": [
        "it"
      ],
      "rdf:predicate": [
        {
          "@id": "rdfs:comment"
        }
      ]
    }
  ],
  "isLocatedAt": [
    {
      "@id": "https://data.datatourisme.fr/8cbe9ec3-f147-3807-8af8-8a41a418ed45",
      "schema:address": [
        {
          "@id": "https://data.datatourisme.fr/1cd70a6d-5e73-36f9-8d06-f9035361c5dc",
          "schema:addressLocality": "Paris 15e Arrondissement",
          "schema:postalCode": "75015",
          "schema:streetAddress": [
            "île aux cygnes, pont de grenelle - pont Bir-Hakeim"
          ],
          "@type": [
            "schema:PostalAddress",
            "PostalAddress"
          ],
          "hasAddressCity": {
            "@id": "kb:75115",
            "@type": [
              "City"
            ],
            "rdfs:label": {
              "de": [
                "Paris 15e Arrondissement"
              ],
              "pt": [
                "Paris 15e Arrondissement"
              ],
              "en": [
                "Paris 15e Arrondissement"
              ],
              "it": [
                "Paris 15e Arrondissement"
              ],
              "fr": [
                "Paris 15e Arrondissement"
              ],
              "nl": [
                "Paris 15e Arrondissement"
              ],
              "es": [
                "Paris 15e Arrondissement"
              ]
            },
            "insee": "75115",
            "isPartOfDepartment": {
              "@id": "kb:France1175",
              "@type": [
                "Department"
              ],
              "rdfs:label": {
                "de": [
                  "Paris"
                ],
                "pt": [
                  "Paris"
                ],
                "en": [
                  "Paris"
                ],
                "it": [
                  "Paris"
                ],
                "fr": [
                  "Paris"
                ],
                "nl": [
                  "Paris"
                ],
                "es": [
                  "Paris"
                ]
              },
              "insee": "75",
              "isPartOfRegion": {
                "@id": "kb:France11",
                "@type": [
                  "Region"
                ],
                "rdfs:label": {
                  "de": [
                    "Île-de-France"
                  ],
                  "pt": [
                    "Île-de-France"
                  ],
                  "en": [
                    "Île-de-France"
                  ],
                  "it": [
                    "Île-de-France"
                  ],
                  "fr": [
                    "Île-de-France"
                  ],
                  "nl": [
                    "Île-de-France"
                  ],
                  "es": [
                    "Île-de-France"
                  ]
                },
                "insee": "11",
                "isPartOfCountry": {
                  "@id": "kb:France",
                  "@type": [
                    "schema:Country"
                  ],
                  "rdfs:label": {
                    "de": [
                      "France",
                      "Frankreich"
                    ],
                    "pt": [
                      "França",
                      "France"
                    ],
                    "en": [
                      "France"
                    ],
                    "it": [
                      "France",
                      "Francia"
                    ],
                    "fr": [
                      "France"
                    ],
                    "nl": [
                      "France",
                      "Frankrijk"
                    ],
                    "es": [
                      "France",
                      "Francia"
                    ]
                  }
                }
              }
            }
          }
        }
      ],
      "schema:geo": {
        "@id": "https://data.datatourisme.fr/5cdb57b0-cd59-33df-94fd-e4f124d7f945",
        "schema:latitude": "48.851667",
        "schema:longitude": "2.281944",
        "@type": [
          "schema:GeoCoordinates"
        ]
      },
      "schema:openingHoursSpecification": [
        {
          "@id": "https://data.datatourisme.fr/78a1008e-db7c-3644-9cf6-abb20730ce3c",
          "schema:validFrom": "2023-01-01T00:00:00",
          "schema:validThrough": "2023-12-31T23:59:59",
          "@type": [
            "schema:OpeningHoursSpecification"
          ],
          "additionalInformation": {
            "de": [
              "24 Stunden geöffnet"
            ],
            "en": [
              "Open 24 hours a day"
            ],
            "it": [
              "Aperto 24 ore su 24"
            ],
            "fr": [
              "Ouvert 24h/24"
            ],
            "es": [
              "Abierto las 24 horas del día"
            ],
            "nl": [
              "24 uur per dag geopend"
            ]
          },
          "hasTranslatedProperty": [
            {
              "@id": "https://data.datatourisme.fr/09fec482-26f3-3b49-91ac-eeec868a5f0a",
              "dc:contributor": [
                "https://api.deepl.com/v2/translate"
              ],
              "rdf:language": [
                "nl"
              ],
              "rdf:predicate": [
                "additionalInformation"
              ]
            },
            {
              "@id": "https://data.datatourisme.fr/2257a8e8-890c-3dc2-885a-48baa94faf0d",
              "dc:contributor": [
                "https://api.deepl.com/v2/translate"
              ],
              "rdf:language": [
                "en"
              ],
              "rdf:predicate": [
                "additionalInformation"
              ]
            },
            {
              "@id": "https://data.datatourisme.fr/5e5e8cf3-d209-30f4-bdbc-adfce997d144",
              "dc:contributor": [
                "https://api.deepl.com/v2/translate"
              ],
              "rdf:language": [
                "es"
              ],
              "rdf:predicate": [
                "additionalInformation"
              ]
            },
            {
              "@id": "https://data.datatourisme.fr/88940fe1-4ac6-36b0-818a-576427dd102c",
              "dc:contributor": [
                "https://api.deepl.com/v2/translate"
              ],
              "rdf:language": [
                "de"
              ],
              "rdf:predicate": [
                "additionalInformation"
              ]
            },
            {
              "@id": "https://data.datatourisme.fr/dbce870f-c584-3934-8901-82eff89c7fac",
              "dc:contributor": [
                "https://api.deepl.com/v2/translate"
              ],
              "rdf:language": [
                "it"
              ],
              "rdf:predicate": [
                "additionalInformation"
              ]
            }
          ]
        }
      ],
      "@type": [
        "schema:Place",
        "Place"
      ]
    }
  ],
  "isOwnedBy": [
    {
      "@id": "https://data.datatourisme.fr/26ecd6f0-563c-356a-b0f9-ad3ec17effc4",
      "schema:email": [
        "bgeigle@visitparisregion.com",
        "hcaldo@visitparisregion.com",
        "mtanaskovic@visitparisregion.com"
      ],
      "schema:legalName": "Comité Régional du Tourisme Paris Ile de France",
      "@type": [
        "schema:Organization",
        "foaf:Agent",
        "Agent"
      ],
      "foaf:homepage": [
        "http://www.visitparisregion.com/"
      ]
    }
  ],
  "lastUpdate": "2020-09-28",
  "lastUpdateDatatourisme": "2023-10-17T05:52:15.625Z"
}