{
  "@id": "https://data.datatourisme.fr/13/98f33b19-2a83-3952-990e-26d62a900c4e",
  "dc:identifier": "5194789",
  "@type": [
    "olo:OrderedList",
    "CyclingTour",
    "PlaceOfInterest",
    "PointOfInterest",
    "SportsAndLeisurePlace",
    "Tour"
  ],
  "rdfs:comment": {
    "de": [
      "Der Abstieg in die Hänge des Saint Joseph mit Panoramablick auf die Rhône ist herrlich. Der Aufstieg auf die Hochebene muss verdient werden, aber im Rückspiegel immer diese traumhafte Landschaft. In der Mitte einige Kilometer auf der ViaRhona."
    ],
    "en": [
      "Two different worlds with the plateau and its pastures and woodland\r\nthen the hillside with its typical narrow, overhanging roads. On either side\r\nvineyards form terraces one of the area’s features. The view overlooking\r\nthe river Rhône as it meanders is simply splendid."
    ],
    "it": [
      "La discesa sulle colline di Saint Joseph con vista panoramica sul Rodano è splendida. La salita all'altopiano è meritata, ma nello specchietto retrovisore, sempre questo paesaggio da sogno. In mezzo, qualche chilometro sulla ViaRhona."
    ],
    "fr": [
      "La descente dans les coteaux du Saint Joseph avec vue panoramique sur le Rhône est splendide. La remontée sur le plateau se mérite, mais dans le rétroviseur, toujours ce paysage de rêve. Au milieu, quelques kilomètres sur la ViaRhona."
    ],
    "es": [
      "El descenso a las laderas de Saint Joseph con una vista panorámica del Ródano es espléndido. El ascenso a la meseta es merecido, pero en el espejo retrovisor, siempre este paisaje de ensueño. En el centro, unos kilómetros en la ViaRhona."
    ],
    "nl": [
      "De afdaling in de heuvels van Saint Joseph met een panoramisch uitzicht op de Rhône is prachtig. De klim naar het plateau is welverdiend, maar in de achteruitkijkspiegel altijd dit droomlandschap. In het midden, een paar kilometer op de ViaRhona."
    ]
  },
  "rdfs:label": {
    "en": [
      "E bike Tour : Hanging vineyards"
    ],
    "fr": [
      "Circuit VAE : Vignes suspendues"
    ]
  },
  "hasBeenCreatedBy": {
    "@id": "https://data.datatourisme.fr/13/185c29dc-2432-3934-ae37-7cfda20e414c",
    "dc:identifier": "627",
    "schema:email": [
      "a.ferrel@ah-tourisme.com",
      "d.mathieu@ah-tourisme.com",
      "s.monneron@ah-tourisme.com"
    ],
    "schema:legalName": "Ardèche Hermitage Tourisme",
    "@type": [
      "schema:Organization",
      "foaf:Agent",
      "Agent"
    ],
    "foaf:homepage": [
      "http://ardeche-hermitage.com/"
    ]
  },
  "hasBeenPublishedBy": [
    {
      "@id": "https://data.datatourisme.fr/dbca899d-3f22-364b-b99d-40af1e917c58",
      "schema:legalName": "Agence de Développement Touristique de l'Ardèche - source : Apidae Tourisme",
      "@type": [
        "schema:Organization",
        "foaf:Agent",
        "Agent"
      ],
      "foaf:homepage": [
        "https://www.apidae-tourisme.com/"
      ]
    }
  ],
  "hasContact": [
    {
      "@id": "https://data.datatourisme.fr/0c9c467a-68f0-3eb6-bb4b-74b462fa9917",
      "schema:email": [
        "info@ah-tourisme.com"
      ],
      "schema:telephone": [
        "+33 4 75 08 10 23"
      ],
      "@type": [
        "foaf:Agent",
        "Agent"
      ],
      "foaf:homepage": [
        "https://rando-ardeche-hermitage.fr/velo-a-assistance-electrique/vignes-suspendues/"
      ]
    }
  ],
  "hasDescription": [
    {
      "@id": "https://data.datatourisme.fr/570bf5d8-1909-34aa-8d78-b71ba97deff7",
      "@type": [
        "Description"
      ],
      "hasTranslatedProperty": [
        {
          "@id": "https://data.datatourisme.fr/05536041-902a-3447-a68b-87efc417b2a9",
          "dc:contributor": [
            "https://api.deepl.com/v2/translate"
          ],
          "rdf:language": [
            "nl"
          ],
          "rdf:predicate": [
            "shortDescription"
          ]
        },
        {
          "@id": "https://data.datatourisme.fr/25cea07e-8120-38b6-ad1d-2c040b4eda58",
          "dc:contributor": [
            "https://api.deepl.com/v2/translate"
          ],
          "rdf:language": [
            "it"
          ],
          "rdf:predicate": [
            "shortDescription"
          ]
        },
        {
          "@id": "https://data.datatourisme.fr/aaa0e900-f54f-3b9d-88fc-6373006a8cb6",
          "dc:contributor": [
            "https://api.deepl.com/v2/translate"
          ],
          "rdf:language": [
            "es"
          ],
          "rdf:predicate": [
            "shortDescription"
          ]
        },
        {
          "@id": "https://data.datatourisme.fr/c988674d-4cfe-326c-b81b-caafc23fc78d",
          "dc:contributor": [
            "https://api.deepl.com/v2/translate"
          ],
          "rdf:language": [
            "de"
          ],
          "rdf:predicate": [
            "shortDescription"
          ]
        }
      ],
      "shortDescription": {
        "de": [
          "Der Abstieg in die Hänge des Saint Joseph mit Panoramablick auf die Rhône ist herrlich. Der Aufstieg auf die Hochebene muss verdient werden, aber im Rückspiegel immer diese traumhafte Landschaft. In der Mitte einige Kilometer auf der ViaRhona."
        ],
        "en": [
          "Two different worlds with the plateau and its pastures and woodland\r\nthen the hillside with its typical narrow, overhanging roads. On either side\r\nvineyards form terraces one of the area’s features. The view overlooking\r\nthe river Rhône as it meanders is simply splendid."
        ],
        "it": [
          "La discesa sulle colline di Saint Joseph con vista panoramica sul Rodano è splendida. La salita all'altopiano è meritata, ma nello specchietto retrovisore, sempre questo paesaggio da sogno. In mezzo, qualche chilometro sulla ViaRhona."
        ],
        "fr": [
          "La descente dans les coteaux du Saint Joseph avec vue panoramique sur le Rhône est splendide. La remontée sur le plateau se mérite, mais dans le rétroviseur, toujours ce paysage de rêve. Au milieu, quelques kilomètres sur la ViaRhona."
        ],
        "es": [
          "El descenso a las laderas de Saint Joseph con una vista panorámica del Ródano es espléndido. El ascenso a la meseta es merecido, pero en el espejo retrovisor, siempre este paisaje de ensueño. En el centro, unos kilómetros en la ViaRhona."
        ],
        "nl": [
          "De afdaling in de heuvels van Saint Joseph met een panoramisch uitzicht op de Rhône is prachtig. De klim naar het plateau is welverdiend, maar in de achteruitkijkspiegel altijd dit droomlandschap. In het midden, een paar kilometer op de ViaRhona."
        ]
      }
    }
  ],
  "hasTheme": [
    {
      "@id": "kb:Bike",
      "@type": [
        "SportsTheme"
      ],
      "rdfs:label": {
        "de": [
          "Fahrrad"
        ],
        "pt": [
          "Bicicleta"
        ],
        "en": [
          "Bike"
        ],
        "it": [
          "Bicicletta"
        ],
        "fr": [
          "Vélo"
        ],
        "nl": [
          "Fiets"
        ],
        "es": [
          "Bicicleta"
        ]
      }
    },
    {
      "@id": "kb:ElectricallyAssistedBicycle",
      "@type": [
        "SportsTheme"
      ],
      "rdfs:label": {
        "de": [
          "Ladestation für Elektrofahrräder"
        ],
        "pt": [
          "Bicicleta elétrica"
        ],
        "en": [
          "Electrically assisted bicycle"
        ],
        "it": [
          "Bicicletta a pedalata assistita"
        ],
        "fr": [
          "Vélo à assistance électrique, VAE"
        ],
        "nl": [
          "Elektrische fiets"
        ],
        "es": [
          "Bicicleta eléctrica, VAE"
        ]
      }
    }
  ],
  "hasTranslatedProperty": [
    {
      "@id": "https://data.datatourisme.fr/020c88f8-9b2d-315f-95fe-b301236f6bef",
      "dc:contributor": [
        "https://api.deepl.com/v2/translate"
      ],
      "rdf:language": [
        "de"
      ],
      "rdf:predicate": [
        {
          "@id": "rdfs:comment"
        }
      ]
    },
    {
      "@id": "https://data.datatourisme.fr/4a7acd49-b9c0-34b1-a725-23b052039a8a",
      "dc:contributor": [
        "https://api.deepl.com/v2/translate"
      ],
      "rdf:language": [
        "nl"
      ],
      "rdf:predicate": [
        {
          "@id": "rdfs:comment"
        }
      ]
    },
    {
      "@id": "https://data.datatourisme.fr/80375b77-2b34-3503-8901-55d3f9adc473",
      "dc:contributor": [
        "https://api.deepl.com/v2/translate"
      ],
      "rdf:language": [
        "es"
      ],
      "rdf:predicate": [
        {
          "@id": "rdfs:comment"
        }
      ]
    },
    {
      "@id": "https://data.datatourisme.fr/e00d7608-a915-31a1-85ab-b889864cb5a7",
      "dc:contributor": [
        "https://api.deepl.com/v2/translate"
      ],
      "rdf:language": [
        "it"
      ],
      "rdf:predicate": [
        {
          "@id": "rdfs:comment"
        }
      ]
    }
  ],
  "isLocatedAt": [
    {
      "@id": "https://data.datatourisme.fr/42fdd09c-c1d6-3869-9081-b408023eb818",
      "schema:address": [
        {
          "@id": "https://data.datatourisme.fr/5d947d3a-9745-3c44-b5b3-defc6b071c12",
          "schema:addressLocality": "Lemps",
          "schema:postalCode": "07610",
          "schema:streetAddress": [
            "Mairie"
          ],
          "@type": [
            "schema:PostalAddress",
            "PostalAddress"
          ],
          "hasAddressCity": {
            "@id": "kb:07140",
            "@type": [
              "City"
            ],
            "rdfs:label": {
              "de": [
                "Lemps"
              ],
              "pt": [
                "Lemps"
              ],
              "en": [
                "Lemps"
              ],
              "it": [
                "Lemps"
              ],
              "fr": [
                "Lemps"
              ],
              "nl": [
                "Lemps"
              ],
              "es": [
                "Lemps"
              ]
            },
            "insee": "07140",
            "isPartOfDepartment": {
              "@id": "kb:France8407",
              "@type": [
                "Department"
              ],
              "rdfs:label": {
                "de": [
                  "Ardèche"
                ],
                "pt": [
                  "Ardèche"
                ],
                "en": [
                  "Ardèche"
                ],
                "it": [
                  "Ardèche"
                ],
                "fr": [
                  "Ardèche"
                ],
                "nl": [
                  "Ardèche"
                ],
                "es": [
                  "Ardèche"
                ]
              },
              "insee": "07",
              "isPartOfRegion": {
                "@id": "kb:France84",
                "@type": [
                  "Region"
                ],
                "rdfs:label": {
                  "de": [
                    "Auvergne-Rhône-Alpes"
                  ],
                  "pt": [
                    "Auvergne-Rhône-Alpes"
                  ],
                  "en": [
                    "Auvergne-Rhône-Alpes"
                  ],
                  "it": [
                    "Auvergne-Rhône-Alpes"
                  ],
                  "fr": [
                    "Auvergne-Rhône-Alpes"
                  ],
                  "nl": [
                    "Auvergne-Rhône-Alpes"
                  ],
                  "es": [
                    "Auvergne-Rhône-Alpes"
                  ]
                },
                "insee": "84",
                "isPartOfCountry": {
                  "@id": "kb:France",
                  "@type": [
                    "schema:Country"
                  ],
                  "rdfs:label": {
                    "de": [
                      "France",
                      "Frankreich"
                    ],
                    "pt": [
                      "França",
                      "France"
                    ],
                    "en": [
                      "France"
                    ],
                    "it": [
                      "France",
                      "Francia"
                    ],
                    "fr": [
                      "France"
                    ],
                    "nl": [
                      "France",
                      "Frankrijk"
                    ],
                    "es": [
                      "France",
                      "Francia"
                    ]
                  }
                }
              }
            }
          }
        }
      ],
      "schema:geo": {
        "@id": "https://data.datatourisme.fr/24c4c52a-9c0c-3897-b6b7-e09dc3f0f958",
        "schema:elevation": "450",
        "schema:latitude": "45.109",
        "schema:longitude": "4.765",
        "@type": [
          "schema:GeoCoordinates"
        ]
      },
      "schema:openingHoursSpecification": [
        {
          "@id": "https://data.datatourisme.fr/03780169-2460-3040-9176-c3205012347e",
          "schema:validFrom": "2023-01-01T00:00:00",
          "schema:validThrough": "2023-12-31T23:59:59",
          "@type": [
            "schema:OpeningHoursSpecification"
          ],
          "additionalInformation": {
            "de": [
              "Beste Jahreszeit: April bis Juni und September Oktober"
            ],
            "en": [
              "Best season: April to June and September October"
            ],
            "it": [
              "Stagione migliore: da aprile a giugno e da settembre a ottobre"
            ],
            "fr": [
              "Meilleure saison : avril à juin et septembre octobre"
            ],
            "es": [
              "Mejor temporada: de abril a junio y de septiembre a octubre"
            ],
            "nl": [
              "Beste seizoen: april tot juni en september tot oktober"
            ]
          },
          "hasTranslatedProperty": [
            {
              "@id": "https://data.datatourisme.fr/3d3d4e28-9046-36cd-847d-7add992cf27a",
              "dc:contributor": [
                "https://api.deepl.com/v2/translate"
              ],
              "rdf:language": [
                "en"
              ],
              "rdf:predicate": [
                "additionalInformation"
              ]
            },
            {
              "@id": "https://data.datatourisme.fr/786b7e15-1ecb-3e29-b055-a4cca07d9ce9",
              "dc:contributor": [
                "https://api.deepl.com/v2/translate"
              ],
              "rdf:language": [
                "de"
              ],
              "rdf:predicate": [
                "additionalInformation"
              ]
            },
            {
              "@id": "https://data.datatourisme.fr/7cd158c5-bd29-343f-8911-fd3fb24fb1fb",
              "dc:contributor": [
                "https://api.deepl.com/v2/translate"
              ],
              "rdf:language": [
                "nl"
              ],
              "rdf:predicate": [
                "additionalInformation"
              ]
            },
            {
              "@id": "https://data.datatourisme.fr/a2732ea0-e55b-3eda-b39a-ba322a508183",
              "dc:contributor": [
                "https://api.deepl.com/v2/translate"
              ],
              "rdf:language": [
                "es"
              ],
              "rdf:predicate": [
                "additionalInformation"
              ]
            },
            {
              "@id": "https://data.datatourisme.fr/e914ec9a-1003-31c4-85f1-874a22806265",
              "dc:contributor": [
                "https://api.deepl.com/v2/translate"
              ],
              "rdf:language": [
                "it"
              ],
              "rdf:predicate": [
                "additionalInformation"
              ]
            }
          ]
        }
      ],
      "@type": [
        "schema:Place",
        "Place"
      ]
    }
  ],
  "isOwnedBy": [
    {
      "@id": "https://data.datatourisme.fr/e485229f-e26b-3c2e-8f16-ebf98c03d1e5",
      "schema:email": [
        "a.ferrel@ah-tourisme.com",
        "d.mathieu@ah-tourisme.com",
        "s.monneron@ah-tourisme.com"
      ],
      "schema:legalName": "Ardèche Hermitage Tourisme",
      "@type": [
        "schema:Organization",
        "foaf:Agent",
        "Agent"
      ],
      "foaf:homepage": [
        "http://ardeche-hermitage.com/"
      ]
    }
  ],
  "lastUpdate": "2022-03-03",
  "lastUpdateDatatourisme": "2023-02-08T06:39:49.159Z"
}