{
  "@id": "https://data.datatourisme.fr/19/247a18e6-e4b9-392b-b043-6d142585fdee",
  "dc:identifier": "12dad4e8-8877-7077-b639-501ba37a0bee",
  "@type": [
    "CulturalSite",
    "PlaceOfInterest",
    "PointOfInterest",
    "RemarkableBuilding"
  ],
  "rdfs:comment": {
    "de": [
      "Dieses architektonische Juwel aus dem Zweiten Kaiserreich ist der Pariser Tempel der Opernkunst und des klassischen Tanzes. Seit seiner Gründung im Jahr 1875 durch Charles Garnier inspiriert es Generationen von Künstlern und Schöpfern, wie Gaston Leroux und sein Roman Das Phantom der Oper. Tagsüber ist der Palast für Besucher reserviert. Die Rotonde des abonnés, die große Treppe, der Zuschauerraum und das Deckengemälde von Chagall aus dem Jahr 1963 gehören zu den unumgänglichen Sehenswürdigkeiten. Abends wird der Ort wieder seiner ursprünglichen Bestimmung als Veranstaltungsort zugeführt und es finden Opern, Ballettaufführungen und Konzerte statt."
    ],
    "en": [
      "This jewel of Second Empire architecture is the Parisian temple of lyrical art and classical dance. Since its creation in 1875 by Charles Garnier, it has inspired generations of artists and creators, such as Gaston Leroux and his novel The Phantom of the Opera. During the day, the palace is reserved for visits. The Subscribers' Rotunda, the grand staircase, the auditorium and the ceiling painted by Chagall in 1963 are among the highlights of the tour. In the evening, the place returns to its original vocation as a theatre and hosts operas, ballets and concerts."
    ],
    "it": [
      "Questo gioiello dell'architettura del Secondo Impero è il tempio parigino dell'arte lirica e della danza classica. Dalla sua creazione nel 1875 da parte di Charles Garnier, ha ispirato generazioni di artisti e creatori, come Gaston Leroux e il suo romanzo Le Fantôme de l'Opéra. Durante il giorno, il palazzo è riservato alle visite. La Rotonde des abonnés, lo scalone d'onore, l'auditorium e il soffitto dipinto da Chagall nel 1963 sono tra i punti salienti della visita. La sera, il palazzo torna alla sua vocazione originaria di teatro, ospitando opere, balletti e concerti."
    ],
    "fr": [
      "Ce joyau de l’architecture du Second Empire est le temple parisien de l’art lyrique et de la danse classique. Depuis sa création en 1875 par Charles Garnier, il inspire des générations d'artistes et de créateurs, à l'image de Gaston Leroux et de son roman Le Fantôme de l’Opéra. En journée, le palais est réservé à la visite. La Rotonde des abonnés, le grand escalier, la salle de spectacle et le plafond peint par Chagall en 1963 font partie des incontournables du parcours. Le soir, le lieu retrouve sa vocation première de salle de spectacle et accueille opéras, ballets et concerts."
    ],
    "es": [
      "Esta joya de la arquitectura del Segundo Imperio es el templo parisino del arte lírico y la danza clásica. Desde su creación en 1875 por Charles Garnier, ha inspirado a generaciones de artistas y creadores, como Gaston Leroux y su novela Le Fantôme de l'Opéra. Durante el día, el palacio está reservado a las visitas. La Rotonde des abonnés, la gran escalinata, el auditorio y el techo pintado por Chagall en 1963 son algunos de los lugares más destacados de la visita. Por la noche, el palacio vuelve a su vocación original de teatro, acogiendo óperas, ballets y conciertos."
    ],
    "nl": [
      "Dit juweel van Second Empire architectuur is de Parijse tempel van lyrische kunst en klassieke dans. Sinds de oprichting in 1875 door Charles Garnier heeft het generaties kunstenaars en scheppers geïnspireerd, zoals Gaston Leroux en zijn roman Le Fantôme de l'Opéra. Overdag is het paleis gereserveerd voor bezoek. De Rotonde des abonnés, de grote trap, het auditorium en het in 1963 door Chagall beschilderde plafond behoren tot de hoogtepunten van de rondleiding. S Avonds keert het paleis terug naar zijn oorspronkelijke bestemming als theater, met opera's, balletten en concerten."
    ]
  },
  "rdfs:label": {
    "fr": [
      "Opéra national de Paris - Palais Garnier"
    ]
  },
  "hasBeenCreatedBy": {
    "@id": "https://data.datatourisme.fr/73f9361b-7fdb-3a8c-8c11-182ef0152392",
    "schema:email": [
      "opendata@parisinfo.com"
    ],
    "schema:legalName": "Office de Tourisme de Paris",
    "@type": [
      "schema:Organization",
      "foaf:Agent",
      "Agent"
    ],
    "foaf:homepage": [
      "https://www.parisinfo.com/"
    ]
  },
  "hasBeenPublishedBy": [
    {
      "@id": "https://data.datatourisme.fr/73f9361b-7fdb-3a8c-8c11-182ef0152392",
      "schema:email": [
        "opendata@parisinfo.com"
      ],
      "schema:legalName": "Office de Tourisme de Paris",
      "@type": [
        "schema:Organization",
        "foaf:Agent",
        "Agent"
      ],
      "foaf:homepage": [
        "https://www.parisinfo.com/"
      ]
    }
  ],
  "hasContact": [
    {
      "@id": "https://data.datatourisme.fr/8cf2d920-b734-3d66-a96d-e54b5166864a",
      "schema:email": [
        "evenementiel@operadeparis.fr"
      ],
      "schema:telephone": [
        "+33 892 89 90 90"
      ],
      "@type": [
        "foaf:Agent",
        "Agent"
      ],
      "foaf:homepage": [
        "https://www.operadeparis.fr/visites/palais-garnier"
      ]
    }
  ],
  "hasDescription": [
    {
      "@id": "https://data.datatourisme.fr/c4e81cad-073c-351e-a8d6-9dcfa6e993fe",
      "dc:description": {
        "de": [
          "Dieses architektonische Juwel aus dem Zweiten Kaiserreich ist der Pariser Tempel der Opernkunst und des klassischen Tanzes. Seit seiner Gründung im Jahr 1875 durch Charles Garnier inspiriert es Generationen von Künstlern und Schöpfern, wie Gaston Leroux und sein Roman Das Phantom der Oper. Tagsüber ist der Palast für Besucher reserviert. Die Rotonde des abonnés, die große Treppe, der Zuschauerraum und das Deckengemälde von Chagall aus dem Jahr 1963 gehören zu den unumgänglichen Sehenswürdigkeiten. Abends wird der Ort wieder seiner ursprünglichen Bestimmung als Veranstaltungsort zugeführt und es finden Opern, Ballettaufführungen und Konzerte statt."
        ],
        "en": [
          "This jewel of Second Empire architecture is the Parisian temple of lyrical art and classical dance. Since its creation in 1875 by Charles Garnier, it has inspired generations of artists and creators, such as Gaston Leroux and his novel The Phantom of the Opera. During the day, the palace is reserved for visits. The Subscribers' Rotunda, the grand staircase, the auditorium and the ceiling painted by Chagall in 1963 are among the highlights of the tour. In the evening, the place returns to its original vocation as a theatre and hosts operas, ballets and concerts."
        ],
        "it": [
          "Questo gioiello dell'architettura del Secondo Impero è il tempio parigino dell'arte lirica e della danza classica. Dalla sua creazione nel 1875 da parte di Charles Garnier, ha ispirato generazioni di artisti e creatori, come Gaston Leroux e il suo romanzo Le Fantôme de l'Opéra. Durante il giorno, il palazzo è riservato alle visite. La Rotonde des abonnés, lo scalone d'onore, l'auditorium e il soffitto dipinto da Chagall nel 1963 sono tra i punti salienti della visita. La sera, il palazzo torna alla sua vocazione originaria di teatro, ospitando opere, balletti e concerti."
        ],
        "fr": [
          "Ce joyau de l’architecture du Second Empire est le temple parisien de l’art lyrique et de la danse classique. Depuis sa création en 1875 par Charles Garnier, il inspire des générations d'artistes et de créateurs, à l'image de Gaston Leroux et de son roman Le Fantôme de l’Opéra. En journée, le palais est réservé à la visite. La Rotonde des abonnés, le grand escalier, la salle de spectacle et le plafond peint par Chagall en 1963 font partie des incontournables du parcours. Le soir, le lieu retrouve sa vocation première de salle de spectacle et accueille opéras, ballets et concerts."
        ],
        "es": [
          "Esta joya de la arquitectura del Segundo Imperio es el templo parisino del arte lírico y la danza clásica. Desde su creación en 1875 por Charles Garnier, ha inspirado a generaciones de artistas y creadores, como Gaston Leroux y su novela Le Fantôme de l'Opéra. Durante el día, el palacio está reservado a las visitas. La Rotonde des abonnés, la gran escalinata, el auditorio y el techo pintado por Chagall en 1963 son algunos de los lugares más destacados de la visita. Por la noche, el palacio vuelve a su vocación original de teatro, acogiendo óperas, ballets y conciertos."
        ],
        "nl": [
          "Dit juweel van Second Empire architectuur is de Parijse tempel van lyrische kunst en klassieke dans. Sinds de oprichting in 1875 door Charles Garnier heeft het generaties kunstenaars en scheppers geïnspireerd, zoals Gaston Leroux en zijn roman Le Fantôme de l'Opéra. Overdag is het paleis gereserveerd voor bezoek. De Rotonde des abonnés, de grote trap, het auditorium en het in 1963 door Chagall beschilderde plafond behoren tot de hoogtepunten van de rondleiding. S Avonds keert het paleis terug naar zijn oorspronkelijke bestemming als theater, met opera's, balletten en concerten."
        ]
      },
      "@type": [
        "Description"
      ],
      "hasTranslatedProperty": [
        {
          "@id": "https://data.datatourisme.fr/061f7e41-4f1b-3f55-bf84-a0f60931c7df",
          "dc:contributor": [
            "https://api.deepl.com/v2/translate"
          ],
          "rdf:language": [
            "it"
          ],
          "rdf:predicate": [
            {
              "@id": "dc:description"
            }
          ]
        },
        {
          "@id": "https://data.datatourisme.fr/26d941dc-b2fd-3fd3-a356-afaf9cdb24a1",
          "dc:contributor": [
            "https://api.deepl.com/v2/translate"
          ],
          "rdf:language": [
            "nl"
          ],
          "rdf:predicate": [
            "shortDescription"
          ]
        },
        {
          "@id": "https://data.datatourisme.fr/41cd34b6-8b40-32e8-8907-0098e9667a8e",
          "dc:contributor": [
            "https://api.deepl.com/v2/translate"
          ],
          "rdf:language": [
            "es"
          ],
          "rdf:predicate": [
            "shortDescription"
          ]
        },
        {
          "@id": "https://data.datatourisme.fr/4b18b192-2c69-3955-b497-a1a72d54fe08",
          "dc:contributor": [
            "https://api.deepl.com/v2/translate"
          ],
          "rdf:language": [
            "it"
          ],
          "rdf:predicate": [
            "shortDescription"
          ]
        },
        {
          "@id": "https://data.datatourisme.fr/521e93fc-ced3-38e7-896f-37def5ce81e4",
          "dc:contributor": [
            "https://api.deepl.com/v2/translate"
          ],
          "rdf:language": [
            "en"
          ],
          "rdf:predicate": [
            {
              "@id": "dc:description"
            }
          ]
        },
        {
          "@id": "https://data.datatourisme.fr/5c37f194-a090-3475-ae3d-75ee775abfdd",
          "dc:contributor": [
            "https://api.deepl.com/v2/translate"
          ],
          "rdf:language": [
            "en"
          ],
          "rdf:predicate": [
            "shortDescription"
          ]
        },
        {
          "@id": "https://data.datatourisme.fr/7264bcfc-edc8-3dc1-900f-8c28f8a28fae",
          "dc:contributor": [
            "https://api.deepl.com/v2/translate"
          ],
          "rdf:language": [
            "nl"
          ],
          "rdf:predicate": [
            {
              "@id": "dc:description"
            }
          ]
        },
        {
          "@id": "https://data.datatourisme.fr/a7f9a42b-937f-3eb4-91ae-cac879e11a4d",
          "dc:contributor": [
            "https://api.deepl.com/v2/translate"
          ],
          "rdf:language": [
            "es"
          ],
          "rdf:predicate": [
            {
              "@id": "dc:description"
            }
          ]
        },
        {
          "@id": "https://data.datatourisme.fr/caece2e3-3199-3c6f-957a-1167c30715a8",
          "dc:contributor": [
            "https://api.deepl.com/v2/translate"
          ],
          "rdf:language": [
            "de"
          ],
          "rdf:predicate": [
            "shortDescription"
          ]
        },
        {
          "@id": "https://data.datatourisme.fr/fd81a606-2db6-314b-8af7-448cb0be9089",
          "dc:contributor": [
            "https://api.deepl.com/v2/translate"
          ],
          "rdf:language": [
            "de"
          ],
          "rdf:predicate": [
            {
              "@id": "dc:description"
            }
          ]
        }
      ],
      "shortDescription": {
        "de": [
          "Dieses architektonische Juwel aus dem Zweiten Kaiserreich ist der Pariser Tempel der Opernkunst und des klassischen Tanzes. Seit seiner Gründung im Jahr 1875 durch Charles Garnier inspiriert es Generationen von Künstlern und Schöpfern, wie Gaston Leroux und sein Roman Das Phantom der Oper. Tagsüber ist der Palast für Besucher reserviert. Die Rotonde des abonnés, die große Treppe, der Zuschauerraum und das Deckengemälde von Chagall aus dem Jahr 1963 gehören zu den unumgänglichen Sehenswürdigkeiten. Abends wird der Ort wieder seiner ursprünglichen Bestimmung als Veranstaltungsort zugeführt und es finden Opern, Ballettaufführungen und Konzerte statt."
        ],
        "en": [
          "This jewel of Second Empire architecture is the Parisian temple of lyrical art and classical dance. Since its creation in 1875 by Charles Garnier, it has inspired generations of artists and creators, such as Gaston Leroux and his novel The Phantom of the Opera. During the day, the palace is reserved for visits. The Subscribers' Rotunda, the grand staircase, the auditorium and the ceiling painted by Chagall in 1963 are among the highlights of the tour. In the evening, the place returns to its original vocation as a theatre and hosts operas, ballets and concerts."
        ],
        "it": [
          "Questo gioiello dell'architettura del Secondo Impero è il tempio parigino dell'arte lirica e della danza classica. Dalla sua creazione nel 1875 da parte di Charles Garnier, ha ispirato generazioni di artisti e creatori, come Gaston Leroux e il suo romanzo Le Fantôme de l'Opéra. Durante il giorno, il palazzo è riservato alle visite. La Rotonde des abonnés, lo scalone d'onore, l'auditorium e il soffitto dipinto da Chagall nel 1963 sono tra i punti salienti della visita. La sera, il palazzo torna alla sua vocazione originaria di teatro, ospitando opere, balletti e concerti."
        ],
        "fr": [
          "Ce joyau de l’architecture du Second Empire est le temple parisien de l’art lyrique et de la danse classique. Depuis sa création en 1875 par Charles Garnier, il inspire des générations d'artistes et de créateurs, à l'image de Gaston Leroux et de son roman Le Fantôme de l’Opéra. En journée, le palais est réservé à la visite. La Rotonde des abonnés, le grand escalier, la salle de spectacle et le plafond peint par Chagall en 1963 font partie des incontournables du parcours. Le soir, le lieu retrouve sa vocation première de salle de spectacle et accueille opéras, ballets et concerts."
        ],
        "es": [
          "Esta joya de la arquitectura del Segundo Imperio es el templo parisino del arte lírico y la danza clásica. Desde su creación en 1875 por Charles Garnier, ha inspirado a generaciones de artistas y creadores, como Gaston Leroux y su novela Le Fantôme de l'Opéra. Durante el día, el palacio está reservado a las visitas. La Rotonde des abonnés, la gran escalinata, el auditorio y el techo pintado por Chagall en 1963 son algunos de los lugares más destacados de la visita. Por la noche, el palacio vuelve a su vocación original de teatro, acogiendo óperas, ballets y conciertos."
        ],
        "nl": [
          "Dit juweel van Second Empire architectuur is de Parijse tempel van lyrische kunst en klassieke dans. Sinds de oprichting in 1875 door Charles Garnier heeft het generaties kunstenaars en scheppers geïnspireerd, zoals Gaston Leroux en zijn roman Le Fantôme de l'Opéra. Overdag is het paleis gereserveerd voor bezoek. De Rotonde des abonnés, de grote trap, het auditorium en het in 1963 door Chagall beschilderde plafond behoren tot de hoogtepunten van de rondleiding. S Avonds keert het paleis terug naar zijn oorspronkelijke bestemming als theater, met opera's, balletten en concerten."
        ]
      }
    }
  ],
  "hasTranslatedProperty": [
    {
      "@id": "https://data.datatourisme.fr/65b19baf-918f-3c91-af56-43c91ee5cb5a",
      "dc:contributor": [
        "https://api.deepl.com/v2/translate"
      ],
      "rdf:language": [
        "de"
      ],
      "rdf:predicate": [
        {
          "@id": "rdfs:comment"
        }
      ]
    },
    {
      "@id": "https://data.datatourisme.fr/8cf59c82-1535-307a-b462-46dd706b5cd3",
      "dc:contributor": [
        "https://api.deepl.com/v2/translate"
      ],
      "rdf:language": [
        "en"
      ],
      "rdf:predicate": [
        {
          "@id": "rdfs:comment"
        }
      ]
    },
    {
      "@id": "https://data.datatourisme.fr/a43f6960-9b5f-38da-87dc-dc7d216215c3",
      "dc:contributor": [
        "https://api.deepl.com/v2/translate"
      ],
      "rdf:language": [
        "nl"
      ],
      "rdf:predicate": [
        {
          "@id": "rdfs:comment"
        }
      ]
    },
    {
      "@id": "https://data.datatourisme.fr/a4f01710-65f8-36ac-a29e-a73cfc883fb8",
      "dc:contributor": [
        "https://api.deepl.com/v2/translate"
      ],
      "rdf:language": [
        "it"
      ],
      "rdf:predicate": [
        {
          "@id": "rdfs:comment"
        }
      ]
    },
    {
      "@id": "https://data.datatourisme.fr/c3815dac-be2a-3cd7-8e53-c8a1e7e5adb5",
      "dc:contributor": [
        "https://api.deepl.com/v2/translate"
      ],
      "rdf:language": [
        "es"
      ],
      "rdf:predicate": [
        {
          "@id": "rdfs:comment"
        }
      ]
    }
  ],
  "isLocatedAt": [
    {
      "@id": "https://data.datatourisme.fr/f018613d-6829-3b71-a3bc-a7e2ef28886d",
      "schema:address": [
        {
          "@id": "https://data.datatourisme.fr/653f9067-444b-3e37-a4f7-e9343ba87b23",
          "schema:addressLocality": "Paris",
          "schema:postalCode": "75009",
          "schema:streetAddress": [
            "Place de l'Opéra"
          ],
          "@type": [
            "schema:PostalAddress",
            "PostalAddress"
          ],
          "hasAddressCity": {
            "@id": "kb:75056",
            "@type": [
              "City"
            ],
            "rdfs:label": {
              "de": [
                "Paris"
              ],
              "pt": [
                "Paris"
              ],
              "en": [
                "Paris"
              ],
              "it": [
                "Paris"
              ],
              "fr": [
                "Paris"
              ],
              "nl": [
                "Paris"
              ],
              "es": [
                "Paris"
              ]
            },
            "insee": "75056",
            "isPartOfDepartment": {
              "@id": "kb:France1175",
              "@type": [
                "Department"
              ],
              "rdfs:label": {
                "de": [
                  "Paris"
                ],
                "pt": [
                  "Paris"
                ],
                "en": [
                  "Paris"
                ],
                "it": [
                  "Paris"
                ],
                "fr": [
                  "Paris"
                ],
                "nl": [
                  "Paris"
                ],
                "es": [
                  "Paris"
                ]
              },
              "insee": "75",
              "isPartOfRegion": {
                "@id": "kb:France11",
                "@type": [
                  "Region"
                ],
                "rdfs:label": {
                  "de": [
                    "Île-de-France"
                  ],
                  "pt": [
                    "Île-de-France"
                  ],
                  "en": [
                    "Île-de-France"
                  ],
                  "it": [
                    "Île-de-France"
                  ],
                  "fr": [
                    "Île-de-France"
                  ],
                  "nl": [
                    "Île-de-France"
                  ],
                  "es": [
                    "Île-de-France"
                  ]
                },
                "insee": "11",
                "isPartOfCountry": {
                  "@id": "kb:France",
                  "@type": [
                    "schema:Country"
                  ],
                  "rdfs:label": {
                    "de": [
                      "France",
                      "Frankreich"
                    ],
                    "pt": [
                      "França",
                      "France"
                    ],
                    "en": [
                      "France"
                    ],
                    "it": [
                      "France",
                      "Francia"
                    ],
                    "fr": [
                      "France"
                    ],
                    "nl": [
                      "France",
                      "Frankrijk"
                    ],
                    "es": [
                      "France",
                      "Francia"
                    ]
                  }
                }
              }
            }
          }
        }
      ],
      "schema:geo": {
        "@id": "https://data.datatourisme.fr/4722785a-955b-3d62-9dff-aa3b68808b4e",
        "schema:latitude": "48.87064360000001",
        "schema:longitude": "2.33211289999997",
        "@type": [
          "schema:GeoCoordinates"
        ]
      },
      "schema:openingHoursSpecification": [
        {
          "@id": "https://data.datatourisme.fr/fef4e73f-2da4-3c65-86d0-3878204d00ad",
          "@type": [
            "schema:OpeningHoursSpecification"
          ],
          "additionalInformation": {
            "de": [
              "Eingang an der Ecke der Rue Scribe und Rue Auber. Sehen Sie sich den Zeitplan für außergewöhnliche Schließungen vor dem Besuch an https://www.operadeparis.fr/visites/palais-garnier"
            ],
            "en": [
              "Entrance at the corner of rue Scribe and rue Auber. Consult the calendar of exceptional closures before the visit https://www.operadeparis.fr/visites/palais-garnier"
            ],
            "it": [
              "Ingresso all'angolo tra rue Scribe e rue Auber. Consultare il calendario delle chiusure eccezionali prima della visita https://www.operadeparis.fr/visites/palais-garnier"
            ],
            "fr": [
              "Entrée à l'angle des rues Scribe et Auber. Consulter le calendrier des fermetures exceptionnelles avant la visite https://www.operadeparis.fr/visites/palais-garnier"
            ],
            "nl": [
              "Ingang op de hoek van Rue Scribe en Rue Auber. Raadpleeg de kalender met uitzonderlijke sluitingen vóór het bezoek https://www.operadeparis.fr/visites/palais-garnier"
            ],
            "es": [
              "Entrada en la esquina de Rue Scribe y Rue Auber. Consulte el calendario de cierres excepcionales antes de la visita https://www.operadeparis.fr/visites/palais-garnier"
            ]
          },
          "hasTranslatedProperty": [
            {
              "@id": "https://data.datatourisme.fr/50b65432-778b-3e64-a133-e08942648f03",
              "dc:contributor": [
                "https://api.deepl.com/v2/translate"
              ],
              "rdf:language": [
                "en"
              ],
              "rdf:predicate": [
                "additionalInformation"
              ]
            },
            {
              "@id": "https://data.datatourisme.fr/70f718ea-452a-39fb-bee4-5df8ada42bcc",
              "dc:contributor": [
                "https://api.deepl.com/v2/translate"
              ],
              "rdf:language": [
                "de"
              ],
              "rdf:predicate": [
                "additionalInformation"
              ]
            },
            {
              "@id": "https://data.datatourisme.fr/72e67843-efc4-3665-a98f-4dcdc3d72f3e",
              "dc:contributor": [
                "https://api.deepl.com/v2/translate"
              ],
              "rdf:language": [
                "es"
              ],
              "rdf:predicate": [
                "additionalInformation"
              ]
            },
            {
              "@id": "https://data.datatourisme.fr/c7dc2673-c7ec-3a4a-9081-1358223ff8c4",
              "dc:contributor": [
                "https://api.deepl.com/v2/translate"
              ],
              "rdf:language": [
                "it"
              ],
              "rdf:predicate": [
                "additionalInformation"
              ]
            },
            {
              "@id": "https://data.datatourisme.fr/fdd3ebb6-7fdd-3eb7-8644-4464d2b541cf",
              "dc:contributor": [
                "https://api.deepl.com/v2/translate"
              ],
              "rdf:language": [
                "nl"
              ],
              "rdf:predicate": [
                "additionalInformation"
              ]
            }
          ]
        }
      ],
      "@type": [
        "schema:Place",
        "Place"
      ]
    }
  ],
  "lastUpdate": "2023-06-30",
  "lastUpdateDatatourisme": "2023-10-12T16:59:40.005Z"
}