{
  "@id": "https://data.datatourisme.fr/13/fa640ad8-f921-36f0-8be0-0a027e4be327",
  "dc:identifier": "771868",
  "@type": [
    "CulturalSite",
    "PlaceOfInterest",
    "PointOfInterest"
  ],
  "rdfs:comment": {
    "de": [
      "Die 864 gegründete Monnaie de Paris ist die älteste französische Institution und das älteste Unternehmen der Welt.\r\nIhr Gelände ist ein riesiger Bereich, der dem Kunsthandwerk gewidmet ist: Boutique, Restaurant, Ausstellungen und ihr Museum, das gerade renoviert wird."
    ],
    "en": [
      "Founded in 864, the Monnaie de Paris is the oldest French institution and the oldest company in the world.\r\nIts site is a vast space dedicated to the arts and crafts: shop, restaurant, exhibitions and its museum, which is currently being renovated."
    ],
    "it": [
      "Fondata nell'864, la Monnaie de Paris è la più antica istituzione francese e la più antica azienda del mondo.\r\nIl suo sito è un vasto spazio dedicato alle arti e ai mestieri: negozio, ristorante, mostre e il suo museo, attualmente in fase di ristrutturazione."
    ],
    "fr": [
      "Fondée en 864, la Monnaie de Paris est la plus ancienne des institutions françaises et la plus vieille entreprise du monde.\r\nSon site est un vaste espace consacré aux métiers d'arts : boutique, restaurant, expositions et son musée, en rénovation."
    ],
    "es": [
      "Fundada en 864, la Monnaie de París es la institución francesa más antigua y la empresa más antigua del mundo.\r\nSu emplazamiento es un amplio espacio dedicado a la artesanía: tienda, restaurante, exposiciones y su museo, actualmente en renovación."
    ],
    "nl": [
      "De Monnaie de Paris, opgericht in 864, is de oudste Franse instelling en het oudste bedrijf ter wereld.\r\nDe site is een grote ruimte gewijd aan de kunsten en ambachten: winkel, restaurant, tentoonstellingen en zijn museum, dat momenteel wordt gerenoveerd."
    ]
  },
  "rdfs:label": {
    "en": [
      "La Monnaie de Paris"
    ],
    "fr": [
      "Monnaie de Paris"
    ]
  },
  "owl:sameAs": [
    "http://www.wikidata.org/entity/Q3413201"
  ],
  "hasBeenCreatedBy": {
    "@id": "https://data.datatourisme.fr/13/03e0704b-5690-32de-a186-1dc3ad3316c9",
    "dc:identifier": "1019",
    "schema:email": [
      "bgeigle@visitparisregion.com",
      "hcaldo@visitparisregion.com",
      "mtanaskovic@visitparisregion.com"
    ],
    "schema:legalName": "Choose Paris Region",
    "@type": [
      "schema:Organization",
      "foaf:Agent",
      "Agent"
    ],
    "foaf:homepage": [
      "http://www.visitparisregion.com/"
    ]
  },
  "hasBeenPublishedBy": [
    {
      "@id": "https://data.datatourisme.fr/8a9feb4b-2cbd-3d2c-b507-bd6c6776b23b",
      "schema:legalName": "Apidae Tourisme Scic SA - source : Apidae Tourisme",
      "@type": [
        "schema:Organization",
        "foaf:Agent",
        "Agent"
      ],
      "foaf:homepage": [
        "https://www.apidae-tourisme.com/"
      ]
    }
  ],
  "hasContact": [
    {
      "@id": "https://data.datatourisme.fr/1e170f64-5eaa-325f-b5f3-059bd0ff3c71",
      "schema:telephone": [
        "+33 1 40 46 55 00"
      ],
      "@type": [
        "foaf:Agent",
        "Agent"
      ],
      "foaf:homepage": [
        "https://www.monnaiedeparis.fr/"
      ]
    }
  ],
  "hasDescription": [
    {
      "@id": "https://data.datatourisme.fr/4d3ede08-149d-37cc-9189-c40c11769ae2",
      "@type": [
        "Description"
      ],
      "hasTranslatedProperty": [
        {
          "@id": "https://data.datatourisme.fr/1df2f806-c9c0-30d3-8834-bc281b69b6f2",
          "dc:contributor": [
            "https://api.deepl.com/v2/translate"
          ],
          "rdf:language": [
            "es"
          ],
          "rdf:predicate": [
            "shortDescription"
          ]
        },
        {
          "@id": "https://data.datatourisme.fr/3bd92423-e096-30b3-94fe-8c91d7e3e114",
          "dc:contributor": [
            "https://api.deepl.com/v2/translate"
          ],
          "rdf:language": [
            "it"
          ],
          "rdf:predicate": [
            "shortDescription"
          ]
        },
        {
          "@id": "https://data.datatourisme.fr/498000ab-2195-3eb4-9c45-a186a7c563af",
          "dc:contributor": [
            "https://api.deepl.com/v2/translate"
          ],
          "rdf:language": [
            "nl"
          ],
          "rdf:predicate": [
            "shortDescription"
          ]
        },
        {
          "@id": "https://data.datatourisme.fr/8276ec44-3bfa-3614-90b8-b17e87942930",
          "dc:contributor": [
            "https://api.deepl.com/v2/translate"
          ],
          "rdf:language": [
            "en"
          ],
          "rdf:predicate": [
            "shortDescription"
          ]
        },
        {
          "@id": "https://data.datatourisme.fr/beb0aae3-daf1-3fc2-b4b6-cafcf6e29d8b",
          "dc:contributor": [
            "https://api.deepl.com/v2/translate"
          ],
          "rdf:language": [
            "de"
          ],
          "rdf:predicate": [
            "shortDescription"
          ]
        }
      ],
      "shortDescription": {
        "de": [
          "Die 864 gegründete Monnaie de Paris ist die älteste französische Institution und das älteste Unternehmen der Welt.\r\nIhr Gelände ist ein riesiger Bereich, der dem Kunsthandwerk gewidmet ist: Boutique, Restaurant, Ausstellungen und ihr Museum, das gerade renoviert wird."
        ],
        "en": [
          "Founded in 864, the Monnaie de Paris is the oldest French institution and the oldest company in the world.\r\nIts site is a vast space dedicated to the arts and crafts: shop, restaurant, exhibitions and its museum, which is currently being renovated."
        ],
        "it": [
          "Fondata nell'864, la Monnaie de Paris è la più antica istituzione francese e la più antica azienda del mondo.\r\nIl suo sito è un vasto spazio dedicato alle arti e ai mestieri: negozio, ristorante, mostre e il suo museo, attualmente in fase di ristrutturazione."
        ],
        "fr": [
          "Fondée en 864, la Monnaie de Paris est la plus ancienne des institutions françaises et la plus vieille entreprise du monde.\r\nSon site est un vaste espace consacré aux métiers d'arts : boutique, restaurant, expositions et son musée, en rénovation."
        ],
        "es": [
          "Fundada en 864, la Monnaie de París es la institución francesa más antigua y la empresa más antigua del mundo.\r\nSu emplazamiento es un amplio espacio dedicado a la artesanía: tienda, restaurante, exposiciones y su museo, actualmente en renovación."
        ],
        "nl": [
          "De Monnaie de Paris, opgericht in 864, is de oudste Franse instelling en het oudste bedrijf ter wereld.\r\nDe site is een grote ruimte gewijd aan de kunsten en ambachten: winkel, restaurant, tentoonstellingen en zijn museum, dat momenteel wordt gerenoveerd."
        ]
      }
    }
  ],
  "hasTheme": [
    {
      "@id": "kb:Culture",
      "@type": [
        "CulturalTheme"
      ],
      "rdfs:label": {
        "de": [
          "Kultur"
        ],
        "pt": [
          "Cultura"
        ],
        "en": [
          "Culture"
        ],
        "it": [
          "Cultura"
        ],
        "fr": [
          "Culture"
        ],
        "nl": [
          "Cultuur"
        ],
        "es": [
          "Cultura"
        ]
      }
    }
  ],
  "hasTranslatedProperty": [
    {
      "@id": "https://data.datatourisme.fr/085cbcd6-3d54-3b65-9dba-1005504f7c2c",
      "dc:contributor": [
        "https://api.deepl.com/v2/translate"
      ],
      "rdf:language": [
        "it"
      ],
      "rdf:predicate": [
        {
          "@id": "rdfs:comment"
        }
      ]
    },
    {
      "@id": "https://data.datatourisme.fr/6058885e-2b87-3c76-a8da-2c3b6a0617c2",
      "dc:contributor": [
        "https://api.deepl.com/v2/translate"
      ],
      "rdf:language": [
        "de"
      ],
      "rdf:predicate": [
        {
          "@id": "rdfs:comment"
        }
      ]
    },
    {
      "@id": "https://data.datatourisme.fr/755e767f-30a2-330a-ba9e-9802be404ee2",
      "dc:contributor": [
        "https://api.deepl.com/v2/translate"
      ],
      "rdf:language": [
        "en"
      ],
      "rdf:predicate": [
        {
          "@id": "rdfs:comment"
        }
      ]
    },
    {
      "@id": "https://data.datatourisme.fr/92d48ce6-d2cf-3f27-a9b6-26b233a74448",
      "dc:contributor": [
        "https://api.deepl.com/v2/translate"
      ],
      "rdf:language": [
        "es"
      ],
      "rdf:predicate": [
        {
          "@id": "rdfs:comment"
        }
      ]
    },
    {
      "@id": "https://data.datatourisme.fr/eb724b27-be42-3fe0-a5f4-67a41b796982",
      "dc:contributor": [
        "https://api.deepl.com/v2/translate"
      ],
      "rdf:language": [
        "nl"
      ],
      "rdf:predicate": [
        {
          "@id": "rdfs:comment"
        }
      ]
    }
  ],
  "isLocatedAt": [
    {
      "@id": "https://data.datatourisme.fr/81218cf5-e938-3317-ace1-7a78a34b3acb",
      "schema:address": [
        {
          "@id": "https://data.datatourisme.fr/0ca62485-7ba4-36c0-89fa-3181ff80ebc2",
          "schema:addressLocality": "Paris 6e Arrondissement",
          "schema:postalCode": "75006",
          "schema:streetAddress": [
            "11 quai de Conti"
          ],
          "@type": [
            "schema:PostalAddress",
            "PostalAddress"
          ],
          "hasAddressCity": {
            "@id": "kb:75106",
            "@type": [
              "City"
            ],
            "rdfs:label": {
              "de": [
                "Paris 6e Arrondissement"
              ],
              "pt": [
                "Paris 6e Arrondissement"
              ],
              "en": [
                "Paris 6e Arrondissement"
              ],
              "it": [
                "Paris 6e Arrondissement"
              ],
              "fr": [
                "Paris 6e Arrondissement"
              ],
              "nl": [
                "Paris 6e Arrondissement"
              ],
              "es": [
                "Paris 6e Arrondissement"
              ]
            },
            "insee": "75106",
            "isPartOfDepartment": {
              "@id": "kb:France1175",
              "@type": [
                "Department"
              ],
              "rdfs:label": {
                "de": [
                  "Paris"
                ],
                "pt": [
                  "Paris"
                ],
                "en": [
                  "Paris"
                ],
                "it": [
                  "Paris"
                ],
                "fr": [
                  "Paris"
                ],
                "nl": [
                  "Paris"
                ],
                "es": [
                  "Paris"
                ]
              },
              "insee": "75",
              "isPartOfRegion": {
                "@id": "kb:France11",
                "@type": [
                  "Region"
                ],
                "rdfs:label": {
                  "de": [
                    "Île-de-France"
                  ],
                  "pt": [
                    "Île-de-France"
                  ],
                  "en": [
                    "Île-de-France"
                  ],
                  "it": [
                    "Île-de-France"
                  ],
                  "fr": [
                    "Île-de-France"
                  ],
                  "nl": [
                    "Île-de-France"
                  ],
                  "es": [
                    "Île-de-France"
                  ]
                },
                "insee": "11",
                "isPartOfCountry": {
                  "@id": "kb:France",
                  "@type": [
                    "schema:Country"
                  ],
                  "rdfs:label": {
                    "de": [
                      "France",
                      "Frankreich"
                    ],
                    "pt": [
                      "França",
                      "France"
                    ],
                    "en": [
                      "France"
                    ],
                    "it": [
                      "France",
                      "Francia"
                    ],
                    "fr": [
                      "France"
                    ],
                    "nl": [
                      "France",
                      "Frankrijk"
                    ],
                    "es": [
                      "France",
                      "Francia"
                    ]
                  }
                }
              }
            }
          }
        }
      ],
      "schema:geo": {
        "@id": "https://data.datatourisme.fr/91fea0c0-9c54-36d9-bab5-070b93b74e47",
        "schema:latitude": "48.856678",
        "schema:longitude": "2.339057",
        "@type": [
          "schema:GeoCoordinates"
        ]
      },
      "schema:openingHoursSpecification": [
        {
          "@id": "https://data.datatourisme.fr/c8554391-ced2-3512-b507-6b8d7500b614",
          "schema:closes": "18:00:00",
          "schema:opens": "11:00:00",
          "schema:validFrom": "2023-01-01T00:00:00",
          "schema:validThrough": "2023-12-31T23:59:59",
          "@type": [
            "schema:OpeningHoursSpecification"
          ],
          "additionalInformation": {
            "de": [
              "Nachtaktion am Mittwoch bis 21 Uhr."
            ],
            "en": [
              "Nocturne on wednesday until 21h."
            ],
            "it": [
              "Notturno il mercoledì fino alle 21.00."
            ],
            "fr": [
              "Nocturne le mercredi jusqu’à 21h."
            ],
            "es": [
              "Nocturno el miércoles hasta las 21 horas."
            ],
            "nl": [
              "Nocturne op woensdag tot 21.00 uur."
            ]
          },
          "hasTranslatedProperty": [
            {
              "@id": "https://data.datatourisme.fr/4a4ecfdc-a5af-35b9-a65f-8006d5942392",
              "dc:contributor": [
                "https://api.deepl.com/v2/translate"
              ],
              "rdf:language": [
                "de"
              ],
              "rdf:predicate": [
                "additionalInformation"
              ]
            },
            {
              "@id": "https://data.datatourisme.fr/667678fd-f293-3a94-adee-0c7e33676bef",
              "dc:contributor": [
                "https://api.deepl.com/v2/translate"
              ],
              "rdf:language": [
                "it"
              ],
              "rdf:predicate": [
                "additionalInformation"
              ]
            },
            {
              "@id": "https://data.datatourisme.fr/8863cf26-163a-3e81-b238-df7181d7338d",
              "dc:contributor": [
                "https://api.deepl.com/v2/translate"
              ],
              "rdf:language": [
                "es"
              ],
              "rdf:predicate": [
                "additionalInformation"
              ]
            },
            {
              "@id": "https://data.datatourisme.fr/ae449e1e-9247-394f-87f1-5113aff1e5f0",
              "dc:contributor": [
                "https://api.deepl.com/v2/translate"
              ],
              "rdf:language": [
                "nl"
              ],
              "rdf:predicate": [
                "additionalInformation"
              ]
            },
            {
              "@id": "https://data.datatourisme.fr/d805066b-c797-30f9-b968-501712e878c7",
              "dc:contributor": [
                "https://api.deepl.com/v2/translate"
              ],
              "rdf:language": [
                "en"
              ],
              "rdf:predicate": [
                "additionalInformation"
              ]
            }
          ]
        }
      ],
      "@type": [
        "schema:Place",
        "Place"
      ]
    }
  ],
  "isOwnedBy": [
    {
      "@id": "https://data.datatourisme.fr/3b8a790a-ebad-39c6-9a18-c5663001f469",
      "schema:email": [
        "bgeigle@visitparisregion.com",
        "hcaldo@visitparisregion.com",
        "mtanaskovic@visitparisregion.com"
      ],
      "schema:legalName": "Choose Paris Region",
      "@type": [
        "schema:Organization",
        "foaf:Agent",
        "Agent"
      ],
      "foaf:homepage": [
        "http://www.visitparisregion.com/"
      ]
    }
  ],
  "lastUpdate": "2023-09-20",
  "lastUpdateDatatourisme": "2023-10-17T05:52:15.668Z",
  "offers": [
    {
      "@id": "https://data.datatourisme.fr/8f256547-3e54-3ec7-bc3a-01f168dd716b",
      "schema:priceSpecification": [
        {
          "@id": "https://data.datatourisme.fr/da4b3631-521e-3604-92d7-5adef40e3e5a",
          "schema:maxPrice": [
            "12",
            "8"
          ],
          "schema:minPrice": [
            "12",
            "8"
          ],
          "schema:priceCurrency": "EUR",
          "@type": [
            "schema:PriceSpecification",
            "PriceSpecification"
          ],
          "appliesOnPeriod": [
            {
              "@id": "https://data.datatourisme.fr/a425afdf-3594-300b-b55e-1858bafa3fd4",
              "@type": [
                "Period"
              ],
              "endDate": "2023-12-31",
              "startDate": "2023-01-01"
            }
          ]
        }
      ],
      "@type": [
        "schema:Offer",
        "Offer"
      ]
    }
  ]
}