{
  "@id": "https://data.datatourisme.fr/13/b7bef2b5-bb54-3033-a873-b8bdac52dbaf",
  "dc:identifier": "5342542",
  "@type": [
    "schema:LocalBusiness",
    "schema:Museum",
    "CulturalSite",
    "Museum",
    "PlaceOfInterest",
    "PointOfInterest"
  ],
  "rdfs:comment": {
    "de": [
      "Die Handelsbörse ist der neue Ort, an dem die Pinault-Sammlung im Herzen von Paris präsentiert wird."
    ],
    "en": [
      "The Bourse de Commerce is the new venue for the Pinault Collection in the heart of Paris."
    ],
    "it": [
      "La Bourse de Commerce è la nuova sede della Pinault Collection nel cuore di Parigi."
    ],
    "fr": [
      "La Bourse de Commerce est le nouveau lieu de présentation de la Collection Pinault au coeur de Paris."
    ],
    "es": [
      "La Bourse de Commerce es la nueva sede de la Colección Pinault en el corazón de París."
    ],
    "nl": [
      "De Bourse de Commerce is de nieuwe locatie voor de Pinault Collection in het hart van Parijs."
    ]
  },
  "rdfs:label": {
    "en": [
      "Bourse de Commerce – Pinault Collection"
    ],
    "fr": [
      "Bourse de Commerce – Pinault Collection"
    ]
  },
  "owl:sameAs": [
    "http://www.wikidata.org/entity/Q108740128"
  ],
  "hasBeenCreatedBy": {
    "@id": "https://data.datatourisme.fr/13/03e0704b-5690-32de-a186-1dc3ad3316c9",
    "dc:identifier": "1019",
    "schema:email": [
      "bgeigle@visitparisregion.com",
      "hcaldo@visitparisregion.com",
      "mtanaskovic@visitparisregion.com"
    ],
    "schema:legalName": "Choose Paris Region",
    "@type": [
      "schema:Organization",
      "foaf:Agent",
      "Agent"
    ],
    "foaf:homepage": [
      "http://www.visitparisregion.com/"
    ]
  },
  "hasBeenPublishedBy": [
    {
      "@id": "https://data.datatourisme.fr/8a9feb4b-2cbd-3d2c-b507-bd6c6776b23b",
      "schema:legalName": "Apidae Tourisme Scic SA - source : Apidae Tourisme",
      "@type": [
        "schema:Organization",
        "foaf:Agent",
        "Agent"
      ],
      "foaf:homepage": [
        "https://www.apidae-tourisme.com/"
      ]
    }
  ],
  "hasContact": [
    {
      "@id": "https://data.datatourisme.fr/89887770-ff0c-35c1-b69b-b1b7eb2c151f",
      "schema:email": [
        "info.boursedecommerce@pinaultcollection.com"
      ],
      "schema:telephone": [
        "+33 1 55 04 60 60"
      ],
      "@type": [
        "foaf:Agent",
        "Agent"
      ],
      "foaf:homepage": [
        "https://www.pinaultcollection.com/"
      ]
    }
  ],
  "hasDescription": [
    {
      "@id": "https://data.datatourisme.fr/c4b1e65f-c2e5-3de1-8173-93c463d1b1ec",
      "@type": [
        "Description"
      ],
      "hasTranslatedProperty": [
        {
          "@id": "https://data.datatourisme.fr/00a1c23a-99f3-3442-a936-968e556413df",
          "dc:contributor": [
            "https://api.deepl.com/v2/translate"
          ],
          "rdf:language": [
            "es"
          ],
          "rdf:predicate": [
            "shortDescription"
          ]
        },
        {
          "@id": "https://data.datatourisme.fr/445e9db9-8ef6-3f7b-85a7-a41b578401de",
          "dc:contributor": [
            "https://api.deepl.com/v2/translate"
          ],
          "rdf:language": [
            "en"
          ],
          "rdf:predicate": [
            "shortDescription"
          ]
        },
        {
          "@id": "https://data.datatourisme.fr/d49188ec-89c4-3b89-861a-3c6e57ba8040",
          "dc:contributor": [
            "https://api.deepl.com/v2/translate"
          ],
          "rdf:language": [
            "it"
          ],
          "rdf:predicate": [
            "shortDescription"
          ]
        },
        {
          "@id": "https://data.datatourisme.fr/daeda082-b43e-3aab-a243-108319c9ffd5",
          "dc:contributor": [
            "https://api.deepl.com/v2/translate"
          ],
          "rdf:language": [
            "de"
          ],
          "rdf:predicate": [
            "shortDescription"
          ]
        },
        {
          "@id": "https://data.datatourisme.fr/f41fd8c9-fbf6-3f1e-893e-5ad1399772f6",
          "dc:contributor": [
            "https://api.deepl.com/v2/translate"
          ],
          "rdf:language": [
            "nl"
          ],
          "rdf:predicate": [
            "shortDescription"
          ]
        }
      ],
      "shortDescription": {
        "de": [
          "Die Handelsbörse ist der neue Ort, an dem die Pinault-Sammlung im Herzen von Paris präsentiert wird."
        ],
        "en": [
          "The Bourse de Commerce is the new venue for the Pinault Collection in the heart of Paris."
        ],
        "it": [
          "La Bourse de Commerce è la nuova sede della Pinault Collection nel cuore di Parigi."
        ],
        "fr": [
          "La Bourse de Commerce est le nouveau lieu de présentation de la Collection Pinault au coeur de Paris."
        ],
        "es": [
          "La Bourse de Commerce es la nueva sede de la Colección Pinault en el corazón de París."
        ],
        "nl": [
          "De Bourse de Commerce is de nieuwe locatie voor de Pinault Collection in het hart van Parijs."
        ]
      }
    }
  ],
  "hasRepresentation": [
    {
      "@id": "https://data.datatourisme.fr/5178296a-fe4a-3a86-82d3-4e1708b14b31",
      "ebucore:hasAnnotation": [
        {
          "@id": "https://data.datatourisme.fr/a347ec53-6ebd-31b8-bf4e-eda1931156b2",
          "ebucore:isCoveredBy": "CC BY 2.0",
          "ebucore:title": {
            "fr": [
              "David Hammons à la Bourse de commerce (Paris) (51271344067)"
            ]
          },
          "@type": [
            "ebucore:Annotation"
          ],
          "credits": [
            "Jean-Pierre Dalbéra (https:https://www.flickr.com/people/72746018@N00)"
          ]
        }
      ],
      "ebucore:hasRelatedResource": [
        {
          "@id": "https://data.datatourisme.fr/bc11183e-ec96-33d7-be41-e835d11abaf4",
          "ebucore:fileSize": [
            15208699
          ],
          "ebucore:hasMimeType": [
            {
              "@id": "kb:JPEG",
              "@type": [
                "ebucore:MimeType"
              ],
              "rdfs:comment": {
                "de": [
                  "JPEG-Bild"
                ],
                "pt": [
                  "Imagem JPEG"
                ],
                "en": [
                  "JPEG image file"
                ],
                "it": [
                  "Immagine JPEG"
                ],
                "fr": [
                  "Image JPEG"
                ],
                "nl": [
                  "JPEG-afbeelding"
                ],
                "es": [
                  "Imagen JPEG"
                ]
              },
              "rdfs:label": {
                "de": [
                  "image/jpeg"
                ],
                "pt": [
                  "image/jpeg"
                ],
                "en": [
                  "image/jpeg"
                ],
                "it": [
                  "image/jpeg"
                ],
                "fr": [
                  "image/jpeg"
                ],
                "nl": [
                  "image/jpeg"
                ],
                "es": [
                  "image/jpeg"
                ]
              }
            }
          ],
          "ebucore:height": 4746,
          "ebucore:locator": [
            "https://upload.wikimedia.org/wikipedia/commons/c/c4/David_Hammons_%C3%A0_la_Bourse_de_commerce_%28Paris%29_%2851271344067%29.jpg"
          ],
          "ebucore:width": 7119,
          "@type": [
            "ebucore:Resource"
          ]
        }
      ],
      "@type": [
        "ebucore:EditorialObject"
      ]
    }
  ],
  "hasTheme": [
    {
      "@id": "kb:Culture",
      "@type": [
        "CulturalTheme"
      ],
      "rdfs:label": {
        "de": [
          "Kultur"
        ],
        "pt": [
          "Cultura"
        ],
        "en": [
          "Culture"
        ],
        "it": [
          "Cultura"
        ],
        "fr": [
          "Culture"
        ],
        "nl": [
          "Cultuur"
        ],
        "es": [
          "Cultura"
        ]
      }
    }
  ],
  "hasTranslatedProperty": [
    {
      "@id": "https://data.datatourisme.fr/0cc86ac2-068b-308e-9960-07a790d1c0a3",
      "dc:contributor": [
        "https://api.deepl.com/v2/translate"
      ],
      "rdf:language": [
        "de"
      ],
      "rdf:predicate": [
        {
          "@id": "rdfs:comment"
        }
      ]
    },
    {
      "@id": "https://data.datatourisme.fr/2994cd17-bc2f-309d-a1cf-15f01b0a74b6",
      "dc:contributor": [
        "https://api.deepl.com/v2/translate"
      ],
      "rdf:language": [
        "es"
      ],
      "rdf:predicate": [
        {
          "@id": "rdfs:comment"
        }
      ]
    },
    {
      "@id": "https://data.datatourisme.fr/783124ea-c5aa-3fc8-9b0e-3305c44e6440",
      "dc:contributor": [
        "https://api.deepl.com/v2/translate"
      ],
      "rdf:language": [
        "it"
      ],
      "rdf:predicate": [
        {
          "@id": "rdfs:comment"
        }
      ]
    },
    {
      "@id": "https://data.datatourisme.fr/9ee03111-ec02-3eae-a5a8-90f69106dbcb",
      "dc:contributor": [
        "https://api.deepl.com/v2/translate"
      ],
      "rdf:language": [
        "en"
      ],
      "rdf:predicate": [
        {
          "@id": "rdfs:comment"
        }
      ]
    },
    {
      "@id": "https://data.datatourisme.fr/c11604b6-e1a3-3d2a-a87f-de7b8b4b5574",
      "dc:contributor": [
        "https://api.deepl.com/v2/translate"
      ],
      "rdf:language": [
        "nl"
      ],
      "rdf:predicate": [
        {
          "@id": "rdfs:comment"
        }
      ]
    }
  ],
  "isLocatedAt": [
    {
      "@id": "https://data.datatourisme.fr/da848a5b-bb5e-3712-b505-a5866e778911",
      "schema:address": [
        {
          "@id": "https://data.datatourisme.fr/34e2b3a6-c017-30f9-827a-9b0162b45cfe",
          "schema:addressLocality": "Paris",
          "schema:postalCode": "75001",
          "schema:streetAddress": [
            "2 rue de Viarmes"
          ],
          "@type": [
            "schema:PostalAddress",
            "PostalAddress"
          ],
          "hasAddressCity": {
            "@id": "kb:75056",
            "@type": [
              "City"
            ],
            "rdfs:label": {
              "de": [
                "Paris"
              ],
              "pt": [
                "Paris"
              ],
              "en": [
                "Paris"
              ],
              "it": [
                "Paris"
              ],
              "fr": [
                "Paris"
              ],
              "nl": [
                "Paris"
              ],
              "es": [
                "Paris"
              ]
            },
            "insee": "75056",
            "isPartOfDepartment": {
              "@id": "kb:France1175",
              "@type": [
                "Department"
              ],
              "rdfs:label": {
                "de": [
                  "Paris"
                ],
                "pt": [
                  "Paris"
                ],
                "en": [
                  "Paris"
                ],
                "it": [
                  "Paris"
                ],
                "fr": [
                  "Paris"
                ],
                "nl": [
                  "Paris"
                ],
                "es": [
                  "Paris"
                ]
              },
              "insee": "75",
              "isPartOfRegion": {
                "@id": "kb:France11",
                "@type": [
                  "Region"
                ],
                "rdfs:label": {
                  "de": [
                    "Île-de-France"
                  ],
                  "pt": [
                    "Île-de-France"
                  ],
                  "en": [
                    "Île-de-France"
                  ],
                  "it": [
                    "Île-de-France"
                  ],
                  "fr": [
                    "Île-de-France"
                  ],
                  "nl": [
                    "Île-de-France"
                  ],
                  "es": [
                    "Île-de-France"
                  ]
                },
                "insee": "11",
                "isPartOfCountry": {
                  "@id": "kb:France",
                  "@type": [
                    "schema:Country"
                  ],
                  "rdfs:label": {
                    "de": [
                      "France",
                      "Frankreich"
                    ],
                    "pt": [
                      "França",
                      "France"
                    ],
                    "en": [
                      "France"
                    ],
                    "it": [
                      "France",
                      "Francia"
                    ],
                    "fr": [
                      "France"
                    ],
                    "nl": [
                      "France",
                      "Frankrijk"
                    ],
                    "es": [
                      "France",
                      "Francia"
                    ]
                  }
                }
              }
            }
          }
        }
      ],
      "schema:geo": {
        "@id": "https://data.datatourisme.fr/05cfec4f-fce7-310f-a200-248de614b0bb",
        "schema:latitude": "48.862937",
        "schema:longitude": "2.342359",
        "@type": [
          "schema:GeoCoordinates"
        ]
      },
      "schema:openingHoursSpecification": [
        {
          "@id": "https://data.datatourisme.fr/ee07fec5-3744-3e0c-b1dc-72ce1a895462",
          "schema:closes": "19:00:00",
          "schema:opens": "11:00:00",
          "schema:validFrom": "2023-01-01T00:00:00",
          "schema:validThrough": "2023-12-31T23:59:59",
          "@type": [
            "schema:OpeningHoursSpecification"
          ],
          "additionalInformation": {
            "de": [
              "Nachtaktion am Freitag bis 21 Uhr\r\nAm ersten Samstag des Monats kostenlose Nachtvorstellung von 17:00 bis 21:00 Uhr"
            ],
            "en": [
              "Nocturne on Friday until 9pm\r\nThe first Saturday of the month, free night time from 5pm to 9pm"
            ],
            "it": [
              "Notturno il venerdì fino alle 21.00\r\nIl primo sabato del mese, serata libera dalle 17.00 alle 21.00"
            ],
            "fr": [
              "Nocturne le vendredi jusqu’à 21h\r\nLe premier samedi du mois, nocturne gratuite de 17h à 21h"
            ],
            "es": [
              "Nocturno el viernes hasta las 21 horas\r\nEl primer sábado del mes, noche libre de 17 a 21 horas"
            ],
            "nl": [
              "Nocturne op vrijdag tot 21 uur\r\nDe eerste zaterdag van de maand, vrije avond van 17u tot 21u"
            ]
          },
          "hasTranslatedProperty": [
            {
              "@id": "https://data.datatourisme.fr/2a2cb702-c478-3161-b999-c6b4e1357012",
              "dc:contributor": [
                "https://api.deepl.com/v2/translate"
              ],
              "rdf:language": [
                "de"
              ],
              "rdf:predicate": [
                "additionalInformation"
              ]
            },
            {
              "@id": "https://data.datatourisme.fr/53280462-fc0a-3276-b884-00e7f37c8b2f",
              "dc:contributor": [
                "https://api.deepl.com/v2/translate"
              ],
              "rdf:language": [
                "es"
              ],
              "rdf:predicate": [
                "additionalInformation"
              ]
            },
            {
              "@id": "https://data.datatourisme.fr/550cf13b-c70e-303f-a660-ccb9774799e9",
              "dc:contributor": [
                "https://api.deepl.com/v2/translate"
              ],
              "rdf:language": [
                "it"
              ],
              "rdf:predicate": [
                "additionalInformation"
              ]
            },
            {
              "@id": "https://data.datatourisme.fr/61658a49-202f-3d9b-9d19-e62b939ea940",
              "dc:contributor": [
                "https://api.deepl.com/v2/translate"
              ],
              "rdf:language": [
                "nl"
              ],
              "rdf:predicate": [
                "additionalInformation"
              ]
            },
            {
              "@id": "https://data.datatourisme.fr/77f7a403-1b9d-3565-90e3-3c1a16b4c0b5",
              "dc:contributor": [
                "https://api.deepl.com/v2/translate"
              ],
              "rdf:language": [
                "en"
              ],
              "rdf:predicate": [
                "additionalInformation"
              ]
            }
          ]
        }
      ],
      "@type": [
        "schema:Place",
        "Place"
      ]
    }
  ],
  "isOwnedBy": [
    {
      "@id": "https://data.datatourisme.fr/3b8a790a-ebad-39c6-9a18-c5663001f469",
      "schema:email": [
        "bgeigle@visitparisregion.com",
        "hcaldo@visitparisregion.com",
        "mtanaskovic@visitparisregion.com"
      ],
      "schema:legalName": "Choose Paris Region",
      "@type": [
        "schema:Organization",
        "foaf:Agent",
        "Agent"
      ],
      "foaf:homepage": [
        "http://www.visitparisregion.com/"
      ]
    }
  ],
  "lastUpdate": "2023-07-26",
  "lastUpdateDatatourisme": "2023-10-17T05:52:15.645Z",
  "offers": [
    {
      "@id": "https://data.datatourisme.fr/73f9f77b-83c7-32a6-afed-cfdc11c73299",
      "schema:priceSpecification": [
        {
          "@id": "https://data.datatourisme.fr/5b663a51-bee9-3e9c-bca9-ef5837c62347",
          "schema:maxPrice": [
            "10",
            "14"
          ],
          "schema:minPrice": [
            "10",
            "14"
          ],
          "schema:priceCurrency": "EUR",
          "@type": [
            "schema:PriceSpecification",
            "PriceSpecification"
          ],
          "appliesOnPeriod": [
            {
              "@id": "https://data.datatourisme.fr/e1157d95-c066-306f-ba7b-ad02b78a52e2",
              "@type": [
                "Period"
              ],
              "endDate": "2023-12-31",
              "startDate": "2022-01-01"
            }
          ]
        }
      ],
      "@type": [
        "schema:Offer",
        "Offer"
      ]
    }
  ]
}