{
  "@id": "https://data.datatourisme.fr/13/2c87af8b-5825-33bf-9606-85a4b0b569ad",
  "dc:identifier": "4602110",
  "@type": [
    "schema:LocalBusiness",
    "schema:Museum",
    "CulturalSite",
    "Museum",
    "PlaceOfInterest",
    "PointOfInterest"
  ],
  "rdfs:comment": {
    "de": [
      "Lassen Sie Ihre Kinder in die Welt der Musik eintauchen. Die Pariser Philharmonie bietet Ihnen ein breites Programm an Aktivitäten für Kinder oder für die ganze Familie, um ihre Ohren zu erfreuen."
    ],
    "en": [
      "Bring your children into the world of music. The Philharmonie de Paris offers you a wide range of activities for children or to do with the family to the delight of their ears."
    ],
    "it": [
      "Fate entrare i vostri figli nel mondo della musica. La Philharmonie de Paris offre un'ampia gamma di attività per i bambini o per la famiglia per deliziare le loro orecchie."
    ],
    "fr": [
      "Faites entrer vos enfants dans le monde de la musique. La Philharmonie de Paris vous propose un large programme d'activités pour les enfants ou à faire en famille pour le plus grand bonheur de leurs oreilles."
    ],
    "es": [
      "Introduzca a sus hijos en el mundo de la música. La Philharmonie de Paris ofrece un amplio abanico de actividades para los niños o para realizar en familia para deleitar sus oídos."
    ],
    "nl": [
      "Breng uw kinderen in de wereld van de muziek. De Philharmonie de Paris biedt een breed scala aan activiteiten voor kinderen of om als gezin te doen."
    ]
  },
  "rdfs:label": {
    "fr": [
      "La Philharmonie de Paris en famille"
    ]
  },
  "hasBeenCreatedBy": {
    "@id": "https://data.datatourisme.fr/13/03e0704b-5690-32de-a186-1dc3ad3316c9",
    "dc:identifier": "1019",
    "schema:email": [
      "bgeigle@visitparisregion.com",
      "hcaldo@visitparisregion.com",
      "mtanaskovic@visitparisregion.com"
    ],
    "schema:legalName": "Choose Paris Region",
    "@type": [
      "schema:Organization",
      "foaf:Agent",
      "Agent"
    ],
    "foaf:homepage": [
      "http://www.visitparisregion.com/"
    ]
  },
  "hasBeenPublishedBy": [
    {
      "@id": "https://data.datatourisme.fr/8a9feb4b-2cbd-3d2c-b507-bd6c6776b23b",
      "schema:legalName": "Apidae Tourisme Scic SA - source : Apidae Tourisme",
      "@type": [
        "schema:Organization",
        "foaf:Agent",
        "Agent"
      ],
      "foaf:homepage": [
        "https://www.apidae-tourisme.com/"
      ]
    }
  ],
  "hasContact": [
    {
      "@id": "https://data.datatourisme.fr/91fa8ee6-88c0-3a98-9f53-0d334028fe08",
      "schema:telephone": [
        "+33 1 44 84 44 84"
      ],
      "@type": [
        "foaf:Agent",
        "Agent"
      ],
      "foaf:homepage": [
        "http://www.philharmoniedeparis.fr/"
      ]
    }
  ],
  "hasDescription": [
    {
      "@id": "https://data.datatourisme.fr/edf86e29-75e2-347e-b03a-e499b034ea7d",
      "@type": [
        "Description"
      ],
      "hasTranslatedProperty": [
        {
          "@id": "https://data.datatourisme.fr/061c8c0b-fb39-3fa0-bf68-2ebf53d9d33e",
          "dc:contributor": [
            "https://api.deepl.com/v2/translate"
          ],
          "rdf:language": [
            "es"
          ],
          "rdf:predicate": [
            "shortDescription"
          ]
        },
        {
          "@id": "https://data.datatourisme.fr/58b07001-d55e-3065-92ec-ccd74787bb30",
          "dc:contributor": [
            "https://api.deepl.com/v2/translate"
          ],
          "rdf:language": [
            "nl"
          ],
          "rdf:predicate": [
            "shortDescription"
          ]
        },
        {
          "@id": "https://data.datatourisme.fr/839a04cc-d30b-3430-8823-46725515a82b",
          "dc:contributor": [
            "https://api.deepl.com/v2/translate"
          ],
          "rdf:language": [
            "en"
          ],
          "rdf:predicate": [
            "shortDescription"
          ]
        },
        {
          "@id": "https://data.datatourisme.fr/c57be753-1900-3b41-81dc-cac70a0589ce",
          "dc:contributor": [
            "https://api.deepl.com/v2/translate"
          ],
          "rdf:language": [
            "it"
          ],
          "rdf:predicate": [
            "shortDescription"
          ]
        },
        {
          "@id": "https://data.datatourisme.fr/e764c1c2-e7b9-33c3-a06e-21cd6c2e902e",
          "dc:contributor": [
            "https://api.deepl.com/v2/translate"
          ],
          "rdf:language": [
            "de"
          ],
          "rdf:predicate": [
            "shortDescription"
          ]
        }
      ],
      "shortDescription": {
        "de": [
          "Lassen Sie Ihre Kinder in die Welt der Musik eintauchen. Die Pariser Philharmonie bietet Ihnen ein breites Programm an Aktivitäten für Kinder oder für die ganze Familie, um ihre Ohren zu erfreuen."
        ],
        "en": [
          "Bring your children into the world of music. The Philharmonie de Paris offers you a wide range of activities for children or to do with the family to the delight of their ears."
        ],
        "it": [
          "Fate entrare i vostri figli nel mondo della musica. La Philharmonie de Paris offre un'ampia gamma di attività per i bambini o per la famiglia per deliziare le loro orecchie."
        ],
        "fr": [
          "Faites entrer vos enfants dans le monde de la musique. La Philharmonie de Paris vous propose un large programme d'activités pour les enfants ou à faire en famille pour le plus grand bonheur de leurs oreilles."
        ],
        "es": [
          "Introduzca a sus hijos en el mundo de la música. La Philharmonie de Paris ofrece un amplio abanico de actividades para los niños o para realizar en familia para deleitar sus oídos."
        ],
        "nl": [
          "Breng uw kinderen in de wereld van de muziek. De Philharmonie de Paris biedt een breed scala aan activiteiten voor kinderen of om als gezin te doen."
        ]
      }
    }
  ],
  "hasTheme": [
    {
      "@id": "kb:Culture",
      "@type": [
        "CulturalTheme"
      ],
      "rdfs:label": {
        "de": [
          "Kultur"
        ],
        "pt": [
          "Cultura"
        ],
        "en": [
          "Culture"
        ],
        "it": [
          "Cultura"
        ],
        "fr": [
          "Culture"
        ],
        "nl": [
          "Cultuur"
        ],
        "es": [
          "Cultura"
        ]
      }
    }
  ],
  "hasTranslatedProperty": [
    {
      "@id": "https://data.datatourisme.fr/21435796-6bbb-3d07-93e4-e87df29dcd1b",
      "dc:contributor": [
        "https://api.deepl.com/v2/translate"
      ],
      "rdf:language": [
        "en"
      ],
      "rdf:predicate": [
        {
          "@id": "rdfs:comment"
        }
      ]
    },
    {
      "@id": "https://data.datatourisme.fr/40d6ad65-ecc4-3437-aa80-7dea9d294187",
      "dc:contributor": [
        "https://api.deepl.com/v2/translate"
      ],
      "rdf:language": [
        "nl"
      ],
      "rdf:predicate": [
        {
          "@id": "rdfs:comment"
        }
      ]
    },
    {
      "@id": "https://data.datatourisme.fr/5c71ce6a-2770-3e30-aed1-fc155d8d0815",
      "dc:contributor": [
        "https://api.deepl.com/v2/translate"
      ],
      "rdf:language": [
        "de"
      ],
      "rdf:predicate": [
        {
          "@id": "rdfs:comment"
        }
      ]
    },
    {
      "@id": "https://data.datatourisme.fr/abf787d5-2552-33ca-98a6-52e1060e8b5a",
      "dc:contributor": [
        "https://api.deepl.com/v2/translate"
      ],
      "rdf:language": [
        "it"
      ],
      "rdf:predicate": [
        {
          "@id": "rdfs:comment"
        }
      ]
    },
    {
      "@id": "https://data.datatourisme.fr/e9c08838-5ffd-3ec5-adc6-55c8a7058754",
      "dc:contributor": [
        "https://api.deepl.com/v2/translate"
      ],
      "rdf:language": [
        "es"
      ],
      "rdf:predicate": [
        {
          "@id": "rdfs:comment"
        }
      ]
    }
  ],
  "isLocatedAt": [
    {
      "@id": "https://data.datatourisme.fr/7d8f135f-aa0a-3529-b325-2c120c2e358d",
      "schema:address": [
        {
          "@id": "https://data.datatourisme.fr/2983b752-533f-3e2f-b156-2e8093a32f19",
          "schema:addressLocality": "Paris",
          "schema:postalCode": "75019",
          "schema:streetAddress": [
            "221 avenue Jean-Jaurès"
          ],
          "@type": [
            "schema:PostalAddress",
            "PostalAddress"
          ],
          "hasAddressCity": {
            "@id": "kb:75056",
            "@type": [
              "City"
            ],
            "rdfs:label": {
              "de": [
                "Paris"
              ],
              "pt": [
                "Paris"
              ],
              "en": [
                "Paris"
              ],
              "it": [
                "Paris"
              ],
              "fr": [
                "Paris"
              ],
              "nl": [
                "Paris"
              ],
              "es": [
                "Paris"
              ]
            },
            "insee": "75056",
            "isPartOfDepartment": {
              "@id": "kb:France1175",
              "@type": [
                "Department"
              ],
              "rdfs:label": {
                "de": [
                  "Paris"
                ],
                "pt": [
                  "Paris"
                ],
                "en": [
                  "Paris"
                ],
                "it": [
                  "Paris"
                ],
                "fr": [
                  "Paris"
                ],
                "nl": [
                  "Paris"
                ],
                "es": [
                  "Paris"
                ]
              },
              "insee": "75",
              "isPartOfRegion": {
                "@id": "kb:France11",
                "@type": [
                  "Region"
                ],
                "rdfs:label": {
                  "de": [
                    "Île-de-France"
                  ],
                  "pt": [
                    "Île-de-France"
                  ],
                  "en": [
                    "Île-de-France"
                  ],
                  "it": [
                    "Île-de-France"
                  ],
                  "fr": [
                    "Île-de-France"
                  ],
                  "nl": [
                    "Île-de-France"
                  ],
                  "es": [
                    "Île-de-France"
                  ]
                },
                "insee": "11",
                "isPartOfCountry": {
                  "@id": "kb:France",
                  "@type": [
                    "schema:Country"
                  ],
                  "rdfs:label": {
                    "de": [
                      "France",
                      "Frankreich"
                    ],
                    "pt": [
                      "França",
                      "France"
                    ],
                    "en": [
                      "France"
                    ],
                    "it": [
                      "France",
                      "Francia"
                    ],
                    "fr": [
                      "France"
                    ],
                    "nl": [
                      "France",
                      "Frankrijk"
                    ],
                    "es": [
                      "France",
                      "Francia"
                    ]
                  }
                }
              }
            }
          }
        }
      ],
      "schema:geo": {
        "@id": "https://data.datatourisme.fr/c2d2d5b8-7982-3e26-ab6b-52ad44daf2ea",
        "schema:latitude": "48.889306",
        "schema:longitude": "2.393807",
        "@type": [
          "schema:GeoCoordinates"
        ]
      },
      "schema:openingHoursSpecification": [
        {
          "@id": "https://data.datatourisme.fr/a305a3dd-774c-3926-9e1e-37f9093fc976",
          "schema:closes": "18:00:00",
          "schema:opens": "12:00:00",
          "schema:validFrom": "2023-01-01T00:00:00",
          "schema:validThrough": "2023-12-31T23:59:59",
          "@type": [
            "schema:OpeningHoursSpecification"
          ],
          "additionalInformation": {
            "de": [
              "Geöffnet Samstag und Sonntag von 10:00 bis 18:00 Uhr\r\nAn Aufführungstagen abends geöffnet."
            ],
            "en": [
              "Open Saturday and Sunday from 10:00 to 18:00\r\nEvening opening on performance days."
            ],
            "it": [
              "Aperto sabato e domenica dalle 10:00 alle 18:00\r\nAperto la sera nei giorni di spettacolo."
            ],
            "fr": [
              "Ouvert Samedi et dimanche de 10:00 à 18:00\r\nOuverture en soirée les jours de représentation."
            ],
            "nl": [
              "Open op zaterdag en zondag van 10:00 tot 18:00 uur\r\nS Avonds open op voorstellingsdagen."
            ],
            "es": [
              "Abierto el sábado y el domingo de 10:00 a 18:00\r\nAbierto por la noche los días de función."
            ]
          },
          "hasTranslatedProperty": [
            {
              "@id": "https://data.datatourisme.fr/12d2a704-b51a-3d3d-b331-658c3af94ef9",
              "dc:contributor": [
                "https://api.deepl.com/v2/translate"
              ],
              "rdf:language": [
                "nl"
              ],
              "rdf:predicate": [
                "additionalInformation"
              ]
            },
            {
              "@id": "https://data.datatourisme.fr/22f7e3ff-fa4a-348d-91b1-09fb1b42a541",
              "dc:contributor": [
                "https://api.deepl.com/v2/translate"
              ],
              "rdf:language": [
                "it"
              ],
              "rdf:predicate": [
                "additionalInformation"
              ]
            },
            {
              "@id": "https://data.datatourisme.fr/b2541002-3ac4-351d-8522-61928fecf13e",
              "dc:contributor": [
                "https://api.deepl.com/v2/translate"
              ],
              "rdf:language": [
                "es"
              ],
              "rdf:predicate": [
                "additionalInformation"
              ]
            },
            {
              "@id": "https://data.datatourisme.fr/d32da0fe-d09c-33a8-8876-d42c26a7cb43",
              "dc:contributor": [
                "https://api.deepl.com/v2/translate"
              ],
              "rdf:language": [
                "de"
              ],
              "rdf:predicate": [
                "additionalInformation"
              ]
            },
            {
              "@id": "https://data.datatourisme.fr/f14f93d4-57f5-35a4-93eb-0566a6046f25",
              "dc:contributor": [
                "https://api.deepl.com/v2/translate"
              ],
              "rdf:language": [
                "en"
              ],
              "rdf:predicate": [
                "additionalInformation"
              ]
            }
          ]
        }
      ],
      "@type": [
        "schema:Place",
        "Place"
      ]
    }
  ],
  "isOwnedBy": [
    {
      "@id": "https://data.datatourisme.fr/26ecd6f0-563c-356a-b0f9-ad3ec17effc4",
      "schema:email": [
        "bgeigle@visitparisregion.com",
        "hcaldo@visitparisregion.com",
        "mtanaskovic@visitparisregion.com"
      ],
      "schema:legalName": "Comité Régional du Tourisme Paris Ile de France",
      "@type": [
        "schema:Organization",
        "foaf:Agent",
        "Agent"
      ],
      "foaf:homepage": [
        "http://www.visitparisregion.com/"
      ]
    }
  ],
  "lastUpdate": "2020-02-18",
  "lastUpdateDatatourisme": "2023-10-02T05:53:31.782Z"
}