{
  "@id": "https://data.datatourisme.fr/13/2c9c9a47-31cd-35f8-a01a-67ce3df76701",
  "dc:identifier": "682160",
  "@type": [
    "schema:FoodEstablishment",
    "schema:Winery",
    "BistroOrWineBar",
    "FoodEstablishment",
    "PlaceOfInterest",
    "PointOfInterest",
    "SportsAndLeisurePlace"
  ],
  "rdfs:comment": {
    "de": [
      "Eingebettet in ein ehemaliges Kloster, nur wenige Schritte vom Gare de l'Est entfernt, ist das Café A ein beliebter Treffpunkt für Pariser auf der Suche nach Ruhe und Faulenzen."
    ],
    "en": [
      "Nestling in a former convent just a stone's throw from the Gare de l'Est train station, Café A is a popular meeting place for Parisians looking for peace and quiet."
    ],
    "it": [
      "Situato in un ex convento a pochi passi dalla Gare de l'Est, il Café A è il luogo d'incontro preferito dai parigini in cerca di pace e tranquillità."
    ],
    "fr": [
      "Niché dans un ancien couvent à deux pas de la gare de l’Est, le Café A est le rendez-vous prisé des Parisiens en quête de calme et de farniente."
    ],
    "es": [
      "Ubicado en un antiguo convento a dos pasos de la Gare de l'Est, el Café A es el lugar de encuentro favorito de los parisinos en busca de tranquilidad."
    ],
    "nl": [
      "Café A, gevestigd in een voormalig klooster op een steenworp afstand van het Gare de l'Est, is een favoriete ontmoetingsplaats voor Parijzenaars die op zoek zijn naar rust."
    ]
  },
  "rdfs:label": {
    "fr": [
      "Café A"
    ]
  },
  "hasBeenCreatedBy": {
    "@id": "https://data.datatourisme.fr/13/03e0704b-5690-32de-a186-1dc3ad3316c9",
    "dc:identifier": "1019",
    "schema:email": [
      "bgeigle@visitparisregion.com",
      "hcaldo@visitparisregion.com",
      "mtanaskovic@visitparisregion.com"
    ],
    "schema:legalName": "Choose Paris Region",
    "@type": [
      "schema:Organization",
      "foaf:Agent",
      "Agent"
    ],
    "foaf:homepage": [
      "http://www.visitparisregion.com/"
    ]
  },
  "hasBeenPublishedBy": [
    {
      "@id": "https://data.datatourisme.fr/8a9feb4b-2cbd-3d2c-b507-bd6c6776b23b",
      "schema:legalName": "Apidae Tourisme Scic SA - source : Apidae Tourisme",
      "@type": [
        "schema:Organization",
        "foaf:Agent",
        "Agent"
      ],
      "foaf:homepage": [
        "https://www.apidae-tourisme.com/"
      ]
    }
  ],
  "hasContact": [
    {
      "@id": "https://data.datatourisme.fr/ebd1372c-9208-3dee-bbf1-bb1b75761ae2",
      "schema:telephone": [
        "+33 9 81 29 83 38"
      ],
      "@type": [
        "foaf:Agent",
        "Agent"
      ]
    }
  ],
  "hasDescription": [
    {
      "@id": "https://data.datatourisme.fr/cc1721f8-5848-3c6f-9f9e-17b0c3dab002",
      "@type": [
        "Description"
      ],
      "hasTranslatedProperty": [
        {
          "@id": "https://data.datatourisme.fr/4f2028cf-3735-306e-92f7-08fe746f9d7c",
          "dc:contributor": [
            "https://api.deepl.com/v2/translate"
          ],
          "rdf:language": [
            "de"
          ],
          "rdf:predicate": [
            "shortDescription"
          ]
        },
        {
          "@id": "https://data.datatourisme.fr/5444a5cf-85d0-3924-baec-b026caa9dfac",
          "dc:contributor": [
            "https://api.deepl.com/v2/translate"
          ],
          "rdf:language": [
            "en"
          ],
          "rdf:predicate": [
            "shortDescription"
          ]
        },
        {
          "@id": "https://data.datatourisme.fr/65decf7a-e6ec-3fde-9e65-9b1e6907c0f4",
          "dc:contributor": [
            "https://api.deepl.com/v2/translate"
          ],
          "rdf:language": [
            "es"
          ],
          "rdf:predicate": [
            "shortDescription"
          ]
        },
        {
          "@id": "https://data.datatourisme.fr/c8de27ad-cad6-36dc-b40d-52f7d79cfc6c",
          "dc:contributor": [
            "https://api.deepl.com/v2/translate"
          ],
          "rdf:language": [
            "it"
          ],
          "rdf:predicate": [
            "shortDescription"
          ]
        },
        {
          "@id": "https://data.datatourisme.fr/cbacb818-b916-3337-9384-ba0cff6a47d8",
          "dc:contributor": [
            "https://api.deepl.com/v2/translate"
          ],
          "rdf:language": [
            "nl"
          ],
          "rdf:predicate": [
            "shortDescription"
          ]
        }
      ],
      "shortDescription": {
        "de": [
          "Eingebettet in ein ehemaliges Kloster, nur wenige Schritte vom Gare de l'Est entfernt, ist das Café A ein beliebter Treffpunkt für Pariser auf der Suche nach Ruhe und Faulenzen."
        ],
        "en": [
          "Nestling in a former convent just a stone's throw from the Gare de l'Est train station, Café A is a popular meeting place for Parisians looking for peace and quiet."
        ],
        "it": [
          "Situato in un ex convento a pochi passi dalla Gare de l'Est, il Café A è il luogo d'incontro preferito dai parigini in cerca di pace e tranquillità."
        ],
        "fr": [
          "Niché dans un ancien couvent à deux pas de la gare de l’Est, le Café A est le rendez-vous prisé des Parisiens en quête de calme et de farniente."
        ],
        "es": [
          "Ubicado en un antiguo convento a dos pasos de la Gare de l'Est, el Café A es el lugar de encuentro favorito de los parisinos en busca de tranquilidad."
        ],
        "nl": [
          "Café A, gevestigd in een voormalig klooster op een steenworp afstand van het Gare de l'Est, is een favoriete ontmoetingsplaats voor Parijzenaars die op zoek zijn naar rust."
        ]
      }
    }
  ],
  "hasTranslatedProperty": [
    {
      "@id": "https://data.datatourisme.fr/1a8ef771-841b-3fce-a3e6-d9e175458e35",
      "dc:contributor": [
        "https://api.deepl.com/v2/translate"
      ],
      "rdf:language": [
        "nl"
      ],
      "rdf:predicate": [
        {
          "@id": "rdfs:comment"
        }
      ]
    },
    {
      "@id": "https://data.datatourisme.fr/8ac3009f-de5d-3b08-af98-1f8116a1850b",
      "dc:contributor": [
        "https://api.deepl.com/v2/translate"
      ],
      "rdf:language": [
        "de"
      ],
      "rdf:predicate": [
        {
          "@id": "rdfs:comment"
        }
      ]
    },
    {
      "@id": "https://data.datatourisme.fr/9dc3f6d9-6428-3e50-a134-0c841ae0c8eb",
      "dc:contributor": [
        "https://api.deepl.com/v2/translate"
      ],
      "rdf:language": [
        "es"
      ],
      "rdf:predicate": [
        {
          "@id": "rdfs:comment"
        }
      ]
    },
    {
      "@id": "https://data.datatourisme.fr/b356fa26-24ff-340a-9c5d-ea2c4425b991",
      "dc:contributor": [
        "https://api.deepl.com/v2/translate"
      ],
      "rdf:language": [
        "it"
      ],
      "rdf:predicate": [
        {
          "@id": "rdfs:comment"
        }
      ]
    },
    {
      "@id": "https://data.datatourisme.fr/d412b50c-d847-3311-9f39-ee5bbb5da0cb",
      "dc:contributor": [
        "https://api.deepl.com/v2/translate"
      ],
      "rdf:language": [
        "en"
      ],
      "rdf:predicate": [
        {
          "@id": "rdfs:comment"
        }
      ]
    }
  ],
  "isLocatedAt": [
    {
      "@id": "https://data.datatourisme.fr/0c5720ca-4d44-3133-bab5-5b85eed1fe7d",
      "schema:address": [
        {
          "@id": "https://data.datatourisme.fr/a5ab7d99-3084-3891-a365-afb8a2a561a4",
          "schema:addressLocality": "Paris",
          "schema:postalCode": "75010",
          "schema:streetAddress": [
            "148 Rue du Faubourg Saint-Martin"
          ],
          "@type": [
            "schema:PostalAddress",
            "PostalAddress"
          ],
          "hasAddressCity": {
            "@id": "kb:75056",
            "@type": [
              "City"
            ],
            "rdfs:label": {
              "de": [
                "Paris"
              ],
              "pt": [
                "Paris"
              ],
              "en": [
                "Paris"
              ],
              "it": [
                "Paris"
              ],
              "fr": [
                "Paris"
              ],
              "nl": [
                "Paris"
              ],
              "es": [
                "Paris"
              ]
            },
            "insee": "75056",
            "isPartOfDepartment": {
              "@id": "kb:France1175",
              "@type": [
                "Department"
              ],
              "rdfs:label": {
                "de": [
                  "Paris"
                ],
                "pt": [
                  "Paris"
                ],
                "en": [
                  "Paris"
                ],
                "it": [
                  "Paris"
                ],
                "fr": [
                  "Paris"
                ],
                "nl": [
                  "Paris"
                ],
                "es": [
                  "Paris"
                ]
              },
              "insee": "75",
              "isPartOfRegion": {
                "@id": "kb:France11",
                "@type": [
                  "Region"
                ],
                "rdfs:label": {
                  "de": [
                    "Île-de-France"
                  ],
                  "pt": [
                    "Île-de-France"
                  ],
                  "en": [
                    "Île-de-France"
                  ],
                  "it": [
                    "Île-de-France"
                  ],
                  "fr": [
                    "Île-de-France"
                  ],
                  "nl": [
                    "Île-de-France"
                  ],
                  "es": [
                    "Île-de-France"
                  ]
                },
                "insee": "11",
                "isPartOfCountry": {
                  "@id": "kb:France",
                  "@type": [
                    "schema:Country"
                  ],
                  "rdfs:label": {
                    "de": [
                      "France",
                      "Frankreich"
                    ],
                    "pt": [
                      "França",
                      "France"
                    ],
                    "en": [
                      "France"
                    ],
                    "it": [
                      "France",
                      "Francia"
                    ],
                    "fr": [
                      "France"
                    ],
                    "nl": [
                      "France",
                      "Frankrijk"
                    ],
                    "es": [
                      "France",
                      "Francia"
                    ]
                  }
                }
              }
            }
          }
        }
      ],
      "schema:geo": {
        "@id": "https://data.datatourisme.fr/45e5688f-7c53-35b3-9051-b59f7e373d7f",
        "schema:latitude": "48.875395",
        "schema:longitude": "2.359986",
        "@type": [
          "schema:GeoCoordinates"
        ]
      },
      "schema:openingHoursSpecification": [
        {
          "@id": "https://data.datatourisme.fr/2b1262e7-6381-39e2-99e6-dcea9b9bb2f4",
          "schema:validFrom": "2023-01-01T00:00:00",
          "schema:validThrough": "2023-12-31T23:59:59",
          "@type": [
            "schema:OpeningHoursSpecification"
          ],
          "additionalInformation": {
            "de": [
              "Von Mai bis September: täglich von 10 Uhr bis Mitternacht.\r\nVon Oktober bis April: Dienstag bis Samstag von 10:00 bis 22:00 Uhr."
            ],
            "en": [
              "From May to September: every day from 10 am to midnight.\r\nFrom October to April: Tuesday to Saturday from 10am to 10pm."
            ],
            "it": [
              "Da maggio a settembre: tutti i giorni dalle 10.00 alle 24.00.\r\nDa ottobre ad aprile: da martedì a sabato dalle 10.00 alle 22.00."
            ],
            "fr": [
              "De mai à septembre : tous les jours de 10h à minuit.\r\nD'octobre à avril : du mardi au samedi de 10h à 22h."
            ],
            "nl": [
              "Mei tot september: dagelijks van 10 tot middernacht.\r\nOktober tot april: dinsdag tot zaterdag van 10 tot 22 uur."
            ],
            "es": [
              "De mayo a septiembre: todos los días de 10 a 24 horas.\r\nDe octubre a abril: de martes a sábado de 10 a 22 horas."
            ]
          },
          "hasTranslatedProperty": [
            {
              "@id": "https://data.datatourisme.fr/7f7ca237-5d4c-30ea-bbfc-56fd7e5af957",
              "dc:contributor": [
                "https://api.deepl.com/v2/translate"
              ],
              "rdf:language": [
                "nl"
              ],
              "rdf:predicate": [
                "additionalInformation"
              ]
            },
            {
              "@id": "https://data.datatourisme.fr/971c0c65-57bf-38ed-afe7-a9fa1070087d",
              "dc:contributor": [
                "https://api.deepl.com/v2/translate"
              ],
              "rdf:language": [
                "en"
              ],
              "rdf:predicate": [
                "additionalInformation"
              ]
            },
            {
              "@id": "https://data.datatourisme.fr/d39d0d80-5474-3fe1-aaed-3bcd1ac1a5df",
              "dc:contributor": [
                "https://api.deepl.com/v2/translate"
              ],
              "rdf:language": [
                "es"
              ],
              "rdf:predicate": [
                "additionalInformation"
              ]
            },
            {
              "@id": "https://data.datatourisme.fr/eb29ae07-2eca-33c7-bdc7-2d02e25ecb48",
              "dc:contributor": [
                "https://api.deepl.com/v2/translate"
              ],
              "rdf:language": [
                "de"
              ],
              "rdf:predicate": [
                "additionalInformation"
              ]
            },
            {
              "@id": "https://data.datatourisme.fr/f007d0aa-e3e4-30c8-ac2c-84dafe5cb25c",
              "dc:contributor": [
                "https://api.deepl.com/v2/translate"
              ],
              "rdf:language": [
                "it"
              ],
              "rdf:predicate": [
                "additionalInformation"
              ]
            }
          ]
        }
      ],
      "@type": [
        "schema:Place",
        "Place"
      ]
    }
  ],
  "isOwnedBy": [
    {
      "@id": "https://data.datatourisme.fr/26ecd6f0-563c-356a-b0f9-ad3ec17effc4",
      "schema:email": [
        "bgeigle@visitparisregion.com",
        "hcaldo@visitparisregion.com",
        "mtanaskovic@visitparisregion.com"
      ],
      "schema:legalName": "Comité Régional du Tourisme Paris Ile de France",
      "@type": [
        "schema:Organization",
        "foaf:Agent",
        "Agent"
      ],
      "foaf:homepage": [
        "http://www.visitparisregion.com/"
      ]
    }
  ],
  "lastUpdate": "2021-12-08",
  "lastUpdateDatatourisme": "2023-10-02T05:53:31.681Z"
}