{
  "@id": "https://data.datatourisme.fr/13/2cefc561-758f-3968-8ae7-46f184997db1",
  "dc:identifier": "767853",
  "@type": [
    "schema:FoodEstablishment",
    "schema:Winery",
    "BistroOrWineBar",
    "FoodEstablishment",
    "PlaceOfInterest",
    "PointOfInterest",
    "SportsAndLeisurePlace"
  ],
  "rdfs:comment": {
    "de": [
      "In Paris gebraut, in Paris getrunken!\r\nEine Brauerei im Herzen des 11. Arrondissements von Paris, ein außergewöhnlicher Ort, an dem Sie alles über die Herstellung von Bier erfahren können, vom Schroten des Malzes bis zur Abfüllung."
    ],
    "en": [
      "Brewed in Paris, drunk in Paris!\r\nA brewery in the heart of the 11th arrondissement of Paris, an exceptional place where you can discover everything about the making of beer, from the crushing of the malt to the bottling."
    ],
    "it": [
      "Prodotto a Parigi, bevuto a Parigi!\r\nUn birrificio nel cuore dell'11° arrondissement di Parigi, un luogo eccezionale dove scoprire tutto ciò che riguarda la produzione della birra, dalla spremitura del malto all'imbottigliamento."
    ],
    "fr": [
      "Brassée à Paris, bue à Paris !\r\nUne brasserie au coeur du 11ème arrondissement de Paris, un lieu d'exception où vous pourrez tout découvrir sur la fabrication de la bière, du concassage du malt jusqu'à l'embouteillage."
    ],
    "nl": [
      "Gebrouwen in Parijs, gedronken in Parijs!\r\nEen brouwerij in het hart van het 11e arrondissement van Parijs, een uitzonderlijke plek waar u alles kunt ontdekken over het maken van bier, van het pletten van de mout tot het bottelen."
    ],
    "es": [
      "Elaborado en París, ¡bebido en París!\r\nUna cervecería en el corazón del distrito 11 de París, un lugar excepcional donde podrá descubrir todo lo relacionado con la elaboración de la cerveza, desde la trituración de la malta hasta el embotellado."
    ]
  },
  "rdfs:label": {
    "en": [
      "BAPBAP, brewed in Paris, drunk in Paris"
    ],
    "fr": [
      "BAPBAP, la bière brassée à Paris, bue à Paris"
    ]
  },
  "hasBeenCreatedBy": {
    "@id": "https://data.datatourisme.fr/13/03e0704b-5690-32de-a186-1dc3ad3316c9",
    "dc:identifier": "1019",
    "schema:email": [
      "bgeigle@visitparisregion.com",
      "hcaldo@visitparisregion.com",
      "mtanaskovic@visitparisregion.com"
    ],
    "schema:legalName": "Choose Paris Region",
    "@type": [
      "schema:Organization",
      "foaf:Agent",
      "Agent"
    ],
    "foaf:homepage": [
      "http://www.visitparisregion.com/"
    ]
  },
  "hasBeenPublishedBy": [
    {
      "@id": "https://data.datatourisme.fr/8a9feb4b-2cbd-3d2c-b507-bd6c6776b23b",
      "schema:legalName": "Apidae Tourisme Scic SA - source : Apidae Tourisme",
      "@type": [
        "schema:Organization",
        "foaf:Agent",
        "Agent"
      ],
      "foaf:homepage": [
        "https://www.apidae-tourisme.com/"
      ]
    }
  ],
  "hasContact": [
    {
      "@id": "https://data.datatourisme.fr/3ae5601a-3dd3-326d-ac58-ae9a9bff5d76",
      "schema:telephone": [
        "+33 1 77 17 52 97"
      ],
      "@type": [
        "foaf:Agent",
        "Agent"
      ],
      "foaf:homepage": [
        "http://www.bapbap.paris/"
      ]
    }
  ],
  "hasDescription": [
    {
      "@id": "https://data.datatourisme.fr/b09d7c2d-d065-3408-80d4-854752abdf8f",
      "@type": [
        "Description"
      ],
      "hasTranslatedProperty": [
        {
          "@id": "https://data.datatourisme.fr/0a6c447a-b72f-359d-8093-f5ee02e395ee",
          "dc:contributor": [
            "https://api.deepl.com/v2/translate"
          ],
          "rdf:language": [
            "nl"
          ],
          "rdf:predicate": [
            "shortDescription"
          ]
        },
        {
          "@id": "https://data.datatourisme.fr/880d3a3c-82d6-3330-908d-d231227ef869",
          "dc:contributor": [
            "https://api.deepl.com/v2/translate"
          ],
          "rdf:language": [
            "en"
          ],
          "rdf:predicate": [
            "shortDescription"
          ]
        },
        {
          "@id": "https://data.datatourisme.fr/889f10c8-1cbe-39b3-b0eb-88bfe16673cc",
          "dc:contributor": [
            "https://api.deepl.com/v2/translate"
          ],
          "rdf:language": [
            "es"
          ],
          "rdf:predicate": [
            "shortDescription"
          ]
        },
        {
          "@id": "https://data.datatourisme.fr/900507b9-7027-381a-a526-9f4035908a05",
          "dc:contributor": [
            "https://api.deepl.com/v2/translate"
          ],
          "rdf:language": [
            "de"
          ],
          "rdf:predicate": [
            "shortDescription"
          ]
        },
        {
          "@id": "https://data.datatourisme.fr/b89ecf81-c6a7-3941-9af9-62f329c30257",
          "dc:contributor": [
            "https://api.deepl.com/v2/translate"
          ],
          "rdf:language": [
            "it"
          ],
          "rdf:predicate": [
            "shortDescription"
          ]
        }
      ],
      "shortDescription": {
        "de": [
          "In Paris gebraut, in Paris getrunken!\r\nEine Brauerei im Herzen des 11. Arrondissements von Paris, ein außergewöhnlicher Ort, an dem Sie alles über die Herstellung von Bier erfahren können, vom Schroten des Malzes bis zur Abfüllung."
        ],
        "en": [
          "Brewed in Paris, drunk in Paris!\r\nA brewery in the heart of the 11th arrondissement of Paris, an exceptional place where you can discover everything about the making of beer, from the crushing of the malt to the bottling."
        ],
        "it": [
          "Prodotto a Parigi, bevuto a Parigi!\r\nUn birrificio nel cuore dell'11° arrondissement di Parigi, un luogo eccezionale dove scoprire tutto ciò che riguarda la produzione della birra, dalla spremitura del malto all'imbottigliamento."
        ],
        "fr": [
          "Brassée à Paris, bue à Paris !\r\nUne brasserie au coeur du 11ème arrondissement de Paris, un lieu d'exception où vous pourrez tout découvrir sur la fabrication de la bière, du concassage du malt jusqu'à l'embouteillage."
        ],
        "nl": [
          "Gebrouwen in Parijs, gedronken in Parijs!\r\nEen brouwerij in het hart van het 11e arrondissement van Parijs, een uitzonderlijke plek waar u alles kunt ontdekken over het maken van bier, van het pletten van de mout tot het bottelen."
        ],
        "es": [
          "Elaborado en París, ¡bebido en París!\r\nUna cervecería en el corazón del distrito 11 de París, un lugar excepcional donde podrá descubrir todo lo relacionado con la elaboración de la cerveza, desde la trituración de la malta hasta el embotellado."
        ]
      }
    }
  ],
  "hasTranslatedProperty": [
    {
      "@id": "https://data.datatourisme.fr/16577886-ca6d-3bec-b89d-9947dea86884",
      "dc:contributor": [
        "https://api.deepl.com/v2/translate"
      ],
      "rdf:language": [
        "en"
      ],
      "rdf:predicate": [
        {
          "@id": "rdfs:comment"
        }
      ]
    },
    {
      "@id": "https://data.datatourisme.fr/32c125e8-38f0-3817-940b-d55057b67b68",
      "dc:contributor": [
        "https://api.deepl.com/v2/translate"
      ],
      "rdf:language": [
        "nl"
      ],
      "rdf:predicate": [
        {
          "@id": "rdfs:comment"
        }
      ]
    },
    {
      "@id": "https://data.datatourisme.fr/482a6186-ac58-390a-8c44-b45084886041",
      "dc:contributor": [
        "https://api.deepl.com/v2/translate"
      ],
      "rdf:language": [
        "de"
      ],
      "rdf:predicate": [
        {
          "@id": "rdfs:comment"
        }
      ]
    },
    {
      "@id": "https://data.datatourisme.fr/d4b5cfa9-e133-3a89-bc2e-468055d770dd",
      "dc:contributor": [
        "https://api.deepl.com/v2/translate"
      ],
      "rdf:language": [
        "es"
      ],
      "rdf:predicate": [
        {
          "@id": "rdfs:comment"
        }
      ]
    },
    {
      "@id": "https://data.datatourisme.fr/eea41579-4b61-3a47-bd20-3e5e7755e151",
      "dc:contributor": [
        "https://api.deepl.com/v2/translate"
      ],
      "rdf:language": [
        "it"
      ],
      "rdf:predicate": [
        {
          "@id": "rdfs:comment"
        }
      ]
    }
  ],
  "isLocatedAt": [
    {
      "@id": "https://data.datatourisme.fr/2ac5c4fd-bc31-3579-9a6d-95ec70c966ee",
      "schema:address": [
        {
          "@id": "https://data.datatourisme.fr/2e72708c-a086-378f-bafe-1a1873a46f1e",
          "schema:addressLocality": "Paris 11e Arrondissement",
          "schema:postalCode": "75011",
          "schema:streetAddress": [
            "79 rue Saint-Maur"
          ],
          "@type": [
            "schema:PostalAddress",
            "PostalAddress"
          ],
          "hasAddressCity": {
            "@id": "kb:75111",
            "@type": [
              "City"
            ],
            "rdfs:label": {
              "de": [
                "Paris 11e Arrondissement"
              ],
              "pt": [
                "Paris 11e Arrondissement"
              ],
              "en": [
                "Paris 11e Arrondissement"
              ],
              "it": [
                "Paris 11e Arrondissement"
              ],
              "fr": [
                "Paris 11e Arrondissement"
              ],
              "nl": [
                "Paris 11e Arrondissement"
              ],
              "es": [
                "Paris 11e Arrondissement"
              ]
            },
            "insee": "75111",
            "isPartOfDepartment": {
              "@id": "kb:France1175",
              "@type": [
                "Department"
              ],
              "rdfs:label": {
                "de": [
                  "Paris"
                ],
                "pt": [
                  "Paris"
                ],
                "en": [
                  "Paris"
                ],
                "it": [
                  "Paris"
                ],
                "fr": [
                  "Paris"
                ],
                "nl": [
                  "Paris"
                ],
                "es": [
                  "Paris"
                ]
              },
              "insee": "75",
              "isPartOfRegion": {
                "@id": "kb:France11",
                "@type": [
                  "Region"
                ],
                "rdfs:label": {
                  "de": [
                    "Île-de-France"
                  ],
                  "pt": [
                    "Île-de-France"
                  ],
                  "en": [
                    "Île-de-France"
                  ],
                  "it": [
                    "Île-de-France"
                  ],
                  "fr": [
                    "Île-de-France"
                  ],
                  "nl": [
                    "Île-de-France"
                  ],
                  "es": [
                    "Île-de-France"
                  ]
                },
                "insee": "11",
                "isPartOfCountry": {
                  "@id": "kb:France",
                  "@type": [
                    "schema:Country"
                  ],
                  "rdfs:label": {
                    "de": [
                      "France",
                      "Frankreich"
                    ],
                    "pt": [
                      "França",
                      "France"
                    ],
                    "en": [
                      "France"
                    ],
                    "it": [
                      "France",
                      "Francia"
                    ],
                    "fr": [
                      "France"
                    ],
                    "nl": [
                      "France",
                      "Frankrijk"
                    ],
                    "es": [
                      "France",
                      "Francia"
                    ]
                  }
                }
              }
            }
          }
        }
      ],
      "schema:geo": {
        "@id": "https://data.datatourisme.fr/d0c9bc9d-bdae-34cb-bbfd-967fdaa07ccc",
        "schema:latitude": "48.863568",
        "schema:longitude": "2.378434",
        "@type": [
          "schema:GeoCoordinates"
        ]
      },
      "schema:openingHoursSpecification": [
        {
          "@id": "https://data.datatourisme.fr/da866d82-8411-330f-b91c-671ae384f22b",
          "schema:closes": "22:00:00",
          "schema:opens": "18:00:00",
          "schema:validFrom": "2023-01-01T00:00:00",
          "schema:validThrough": "2023-12-31T23:59:59",
          "@type": [
            "schema:OpeningHoursSpecification"
          ],
          "additionalInformation": {
            "de": [
              "zwei Führungen auf Französisch am Samstag um 14:30 und 16:30 Uhr und eine Führung auf Englisch am Freitag um 17:30 Uhr, wobei die Teilnehmerzahl auf 15 Personen pro Führung beschränkt ist."
            ],
            "en": [
              "two tours in French on Saturday at 2:30 pm and 4:30 pm, and one tour in English on Friday at 5:30 pm, with a limited number of 15 people per tour."
            ],
            "it": [
              "due visite in francese il sabato alle 14.30 e alle 16.30 e una in inglese il venerdì alle 17.30, con un limite di 15 persone per visita."
            ],
            "fr": [
              "deux visites en français le samedi à 14h30 et à 16h30, et une visite en anglais le vendredi à 17h30, avec une jauge limitée à 15 personnes par visite."
            ],
            "nl": [
              "twee rondleidingen in het Frans op zaterdag om 14.30 en 16.30 uur, en een rondleiding in het Engels op vrijdag om 17.30 uur, met een maximum van 15 personen per rondleiding."
            ],
            "es": [
              "dos visitas en francés el sábado a las 14:30 y a las 16:30, y una visita en inglés el viernes a las 17:30, con un límite de 15 personas por visita."
            ]
          },
          "hasTranslatedProperty": [
            {
              "@id": "https://data.datatourisme.fr/17d69f7f-385e-3b0b-8711-e84a486966e2",
              "dc:contributor": [
                "https://api.deepl.com/v2/translate"
              ],
              "rdf:language": [
                "es"
              ],
              "rdf:predicate": [
                "additionalInformation"
              ]
            },
            {
              "@id": "https://data.datatourisme.fr/390e5dd1-5b6d-3b1b-99b8-8111b9298059",
              "dc:contributor": [
                "https://api.deepl.com/v2/translate"
              ],
              "rdf:language": [
                "it"
              ],
              "rdf:predicate": [
                "additionalInformation"
              ]
            },
            {
              "@id": "https://data.datatourisme.fr/ed34b726-8e4e-3fce-838b-6559ec1bb496",
              "dc:contributor": [
                "https://api.deepl.com/v2/translate"
              ],
              "rdf:language": [
                "de"
              ],
              "rdf:predicate": [
                "additionalInformation"
              ]
            },
            {
              "@id": "https://data.datatourisme.fr/f78d2c5c-42b2-375d-9d30-8bdcfc8389c1",
              "dc:contributor": [
                "https://api.deepl.com/v2/translate"
              ],
              "rdf:language": [
                "en"
              ],
              "rdf:predicate": [
                "additionalInformation"
              ]
            },
            {
              "@id": "https://data.datatourisme.fr/f88ab9d9-0183-33b6-a5ed-17f5e81f90db",
              "dc:contributor": [
                "https://api.deepl.com/v2/translate"
              ],
              "rdf:language": [
                "nl"
              ],
              "rdf:predicate": [
                "additionalInformation"
              ]
            }
          ]
        }
      ],
      "@type": [
        "schema:Place",
        "Place"
      ]
    }
  ],
  "isOwnedBy": [
    {
      "@id": "https://data.datatourisme.fr/26ecd6f0-563c-356a-b0f9-ad3ec17effc4",
      "schema:email": [
        "bgeigle@visitparisregion.com",
        "hcaldo@visitparisregion.com",
        "mtanaskovic@visitparisregion.com"
      ],
      "schema:legalName": "Comité Régional du Tourisme Paris Ile de France",
      "@type": [
        "schema:Organization",
        "foaf:Agent",
        "Agent"
      ],
      "foaf:homepage": [
        "http://www.visitparisregion.com/"
      ]
    }
  ],
  "lastUpdate": "2021-11-19",
  "lastUpdateDatatourisme": "2023-10-02T05:53:31.66Z",
  "offers": [
    {
      "@id": "https://data.datatourisme.fr/6c47274f-4765-38b8-bfe4-ea574d8ff33e",
      "schema:priceSpecification": [
        {
          "@id": "https://data.datatourisme.fr/a9d4679e-9cc1-324a-8e3a-35db92afe871",
          "schema:maxPrice": [
            "39"
          ],
          "schema:minPrice": [
            "15"
          ],
          "schema:priceCurrency": "EUR",
          "@type": [
            "schema:PriceSpecification",
            "PriceSpecification"
          ],
          "appliesOnPeriod": [
            {
              "@id": "https://data.datatourisme.fr/7410be00-ef25-3af2-bd96-7819d148586f",
              "@type": [
                "Period"
              ],
              "endDate": "2021-12-31",
              "startDate": "2021-01-01"
            }
          ]
        }
      ],
      "@type": [
        "schema:Offer",
        "Offer"
      ]
    }
  ]
}