{
  "@id": "https://data.datatourisme.fr/13/f81d7cfb-be7d-3807-961b-afaf6ea177e6",
  "dc:identifier": "546909",
  "@type": [
    "olo:OrderedList",
    "PlaceOfInterest",
    "PointOfInterest",
    "RoadTour",
    "SportsAndLeisurePlace",
    "Tour"
  ],
  "rdfs:comment": {
    "de": [
      "Entdecken Sie das Tal der Volane und fahren Sie durch das Dorf Antraigues-sur-Volane, die Wahlheimat von Jean Ferrat."
    ],
    "en": [
      "A visit to the Volane valley, including the village of Antraigues-sur-Volane, the singer Jean Ferrat's adopted home."
    ],
    "it": [
      "Scoprite la valle della Volane e visitate il villaggio di Antraigues-sur-Volane, villaggio d'adozione di Jean Ferrat."
    ],
    "fr": [
      "Découverte de la vallée de la Volane et passage dans le village d’Antraigues-sur-Volane, village d’adoption de Jean Ferrat."
    ],
    "es": [
      "Descubra el valle del Volane y visite el pueblo de Antraigues-sur-Volane, pueblo de adopción de Jean Ferrat."
    ],
    "nl": [
      "Bezoek aan de Volane-vallei en het dorpje Antraigues-sur-Volane, waar de Franse zanger Jean Ferrat heeft gewoond."
    ]
  },
  "rdfs:label": {
    "en": [
      "Chestnuts, the kings of the Monts d'Ardèche Nature Park"
    ],
    "fr": [
      "La châtaigne, reine du Parc Naturel des Monts d'Ardèche"
    ],
    "nl": [
      "De kastanje: koning van het Natuurpark Monts d'Ardèche"
    ]
  },
  "hasBeenCreatedBy": {
    "@id": "https://data.datatourisme.fr/13/26657d5f-f902-3d2a-befe-558796b99584",
    "dc:identifier": "96",
    "schema:email": [
      "ncharra@ardeche-guide.com"
    ],
    "schema:legalName": "Agence de Développement Touristique de l'Ardèche",
    "@type": [
      "schema:Organization",
      "foaf:Agent",
      "Agent"
    ],
    "foaf:homepage": [
      "https://www.ardeche-guide.com/"
    ]
  },
  "hasBeenPublishedBy": [
    {
      "@id": "https://data.datatourisme.fr/dbca899d-3f22-364b-b99d-40af1e917c58",
      "schema:legalName": "Agence de Développement Touristique de l'Ardèche - source : Apidae Tourisme",
      "@type": [
        "schema:Organization",
        "foaf:Agent",
        "Agent"
      ],
      "foaf:homepage": [
        "https://www.apidae-tourisme.com/"
      ]
    }
  ],
  "hasContact": [
    {
      "@id": "https://data.datatourisme.fr/394dd748-93dd-30b8-840b-b0f0e071c265",
      "schema:email": [
        "adt07@ardeche-guide.com"
      ],
      "schema:telephone": [
        "+33 4 75 64 04 66"
      ],
      "@type": [
        "foaf:Agent",
        "Agent"
      ],
      "foaf:homepage": [
        "https://www.ardeche-guide.com/"
      ]
    }
  ],
  "hasDescription": [
    {
      "@id": "https://data.datatourisme.fr/79fd1cb5-62f4-3031-a933-05cb3bd0ad96",
      "@type": [
        "Description"
      ],
      "hasTranslatedProperty": [
        {
          "@id": "https://data.datatourisme.fr/69a53e85-aec7-3413-b35a-c70316c1d153",
          "dc:contributor": [
            "https://api.deepl.com/v2/translate"
          ],
          "rdf:language": [
            "de"
          ],
          "rdf:predicate": [
            "shortDescription"
          ]
        },
        {
          "@id": "https://data.datatourisme.fr/c48e92c2-58a7-3374-b208-fa4eeaf4b04c",
          "dc:contributor": [
            "https://api.deepl.com/v2/translate"
          ],
          "rdf:language": [
            "es"
          ],
          "rdf:predicate": [
            "shortDescription"
          ]
        },
        {
          "@id": "https://data.datatourisme.fr/dfcc26b9-76c2-334b-a738-8d9064148df6",
          "dc:contributor": [
            "https://api.deepl.com/v2/translate"
          ],
          "rdf:language": [
            "it"
          ],
          "rdf:predicate": [
            "shortDescription"
          ]
        }
      ],
      "shortDescription": {
        "de": [
          "Entdecken Sie das Tal der Volane und fahren Sie durch das Dorf Antraigues-sur-Volane, die Wahlheimat von Jean Ferrat."
        ],
        "en": [
          "A visit to the Volane valley, including the village of Antraigues-sur-Volane, the singer Jean Ferrat's adopted home."
        ],
        "it": [
          "Scoprite la valle della Volane e visitate il villaggio di Antraigues-sur-Volane, villaggio d'adozione di Jean Ferrat."
        ],
        "fr": [
          "Découverte de la vallée de la Volane et passage dans le village d’Antraigues-sur-Volane, village d’adoption de Jean Ferrat."
        ],
        "es": [
          "Descubra el valle del Volane y visite el pueblo de Antraigues-sur-Volane, pueblo de adopción de Jean Ferrat."
        ],
        "nl": [
          "Bezoek aan de Volane-vallei en het dorpje Antraigues-sur-Volane, waar de Franse zanger Jean Ferrat heeft gewoond."
        ]
      }
    }
  ],
  "hasTranslatedProperty": [
    {
      "@id": "https://data.datatourisme.fr/428bb7a5-328e-3e22-97b2-973789f97197",
      "dc:contributor": [
        "https://api.deepl.com/v2/translate"
      ],
      "rdf:language": [
        "de"
      ],
      "rdf:predicate": [
        {
          "@id": "rdfs:comment"
        }
      ]
    },
    {
      "@id": "https://data.datatourisme.fr/a768e910-c837-380b-8306-8de97f144549",
      "dc:contributor": [
        "https://api.deepl.com/v2/translate"
      ],
      "rdf:language": [
        "it"
      ],
      "rdf:predicate": [
        {
          "@id": "rdfs:comment"
        }
      ]
    },
    {
      "@id": "https://data.datatourisme.fr/ef14992b-1b37-3394-a22c-af96622c6eb7",
      "dc:contributor": [
        "https://api.deepl.com/v2/translate"
      ],
      "rdf:language": [
        "es"
      ],
      "rdf:predicate": [
        {
          "@id": "rdfs:comment"
        }
      ]
    }
  ],
  "isLocatedAt": [
    {
      "@id": "https://data.datatourisme.fr/163737c6-026e-3ec5-8ee6-69aedc093a46",
      "schema:address": [
        {
          "@id": "https://data.datatourisme.fr/9ff10946-3c68-31a8-96fe-2d079ac9b8d5",
          "schema:addressLocality": "Vallées-d'Antraigues-Asperjoc",
          "schema:postalCode": "07530",
          "@type": [
            "schema:PostalAddress",
            "PostalAddress"
          ],
          "hasAddressCity": {
            "@id": "kb:07011",
            "@type": [
              "City"
            ],
            "rdfs:label": {
              "de": [
                "Vallées-d'Antraigues-Asperjoc"
              ],
              "pt": [
                "Vallées-d'Antraigues-Asperjoc"
              ],
              "en": [
                "Vallées-d'Antraigues-Asperjoc"
              ],
              "it": [
                "Vallées-d'Antraigues-Asperjoc"
              ],
              "fr": [
                "Vallées-d'Antraigues-Asperjoc"
              ],
              "nl": [
                "Vallées-d'Antraigues-Asperjoc"
              ],
              "es": [
                "Vallées-d'Antraigues-Asperjoc"
              ]
            },
            "insee": "07011",
            "isPartOfDepartment": {
              "@id": "kb:France8407",
              "@type": [
                "Department"
              ],
              "rdfs:label": {
                "de": [
                  "Ardèche"
                ],
                "pt": [
                  "Ardèche"
                ],
                "en": [
                  "Ardèche"
                ],
                "it": [
                  "Ardèche"
                ],
                "fr": [
                  "Ardèche"
                ],
                "nl": [
                  "Ardèche"
                ],
                "es": [
                  "Ardèche"
                ]
              },
              "insee": "07",
              "isPartOfRegion": {
                "@id": "kb:France84",
                "@type": [
                  "Region"
                ],
                "rdfs:label": {
                  "de": [
                    "Auvergne-Rhône-Alpes"
                  ],
                  "pt": [
                    "Auvergne-Rhône-Alpes"
                  ],
                  "en": [
                    "Auvergne-Rhône-Alpes"
                  ],
                  "it": [
                    "Auvergne-Rhône-Alpes"
                  ],
                  "fr": [
                    "Auvergne-Rhône-Alpes"
                  ],
                  "nl": [
                    "Auvergne-Rhône-Alpes"
                  ],
                  "es": [
                    "Auvergne-Rhône-Alpes"
                  ]
                },
                "insee": "84",
                "isPartOfCountry": {
                  "@id": "kb:France",
                  "@type": [
                    "schema:Country"
                  ],
                  "rdfs:label": {
                    "de": [
                      "France",
                      "Frankreich"
                    ],
                    "pt": [
                      "França",
                      "France"
                    ],
                    "en": [
                      "France"
                    ],
                    "it": [
                      "France",
                      "Francia"
                    ],
                    "fr": [
                      "France"
                    ],
                    "nl": [
                      "France",
                      "Frankrijk"
                    ],
                    "es": [
                      "France",
                      "Francia"
                    ]
                  }
                }
              }
            }
          }
        }
      ],
      "schema:geo": {
        "@id": "https://data.datatourisme.fr/4ce76d7a-d0f8-316d-a5a1-ff91823a24c6",
        "schema:latitude": "44.717144",
        "schema:longitude": "4.358448",
        "@type": [
          "schema:GeoCoordinates"
        ]
      },
      "schema:openingHoursSpecification": [
        {
          "@id": "https://data.datatourisme.fr/f87e535a-636d-3343-ad63-8a03392e7511",
          "schema:validFrom": "2023-01-01T00:00:00",
          "schema:validThrough": "2023-12-31T23:59:59",
          "@type": [
            "schema:OpeningHoursSpecification"
          ]
        }
      ],
      "@type": [
        "schema:Place",
        "Place"
      ]
    }
  ],
  "isOwnedBy": [
    {
      "@id": "https://data.datatourisme.fr/6ef576cd-2c5c-33d6-b250-09b105230dfc",
      "schema:email": [
        "ncharra@ardeche-guide.com"
      ],
      "schema:legalName": "Agence de Développement Touristique de l'Ardèche",
      "@type": [
        "schema:Organization",
        "foaf:Agent",
        "Agent"
      ],
      "foaf:homepage": [
        "https://www.ardeche-guide.com/"
      ]
    }
  ],
  "lastUpdate": "2022-05-13",
  "lastUpdateDatatourisme": "2023-02-01T18:07:35.699Z"
}