{
  "@id": "https://data.datatourisme.fr/13/160ce723-e7da-3741-ba48-51d973b7a5a3",
  "dc:identifier": "733055",
  "@type": [
    "PlaceOfInterest",
    "PointOfInterest",
    "SportsAndLeisurePlace"
  ],
  "rdfs:comment": {
    "de": [
      "Das Crazy Horse , wurde nach dem Häuptling Thasunka Witko benannt, einem zur Legende gewordenen Kriegshäuptling der Amerikander.\r\nDer Mythos Crazy entwickelte sich mit den Tänzerinnen mit falschen Wimpern, schwindelerregenden Stilettos, blutigem Lippenstift und Bob-Perücken mit dem typischen Pony."
    ],
    "en": [
      "The Crazy Horse is named after Thasunka Witko, the American warlord turned legend.\r\nThe Crazy myth develops with dancers with false eyelashes, dizzy stiletto heels, blood lipstick and square wigs with the typical fringe."
    ],
    "it": [
      "Il Crazy Horse prende il nome dal leggendario signore della guerra americano Thasunka Witko.\r\nIl mito della pazzia si sviluppa con ballerine con ciglia finte, tacchi a spillo vertiginosi, rossetti insanguinati e parrucche con la tipica frangia."
    ],
    "fr": [
      "Le Crazy Horse , doit son nom au chef Thasunka Witko, chef de guerre amériendien devenu légende .\r\nLe mythe Crazy se développe avec les danseuses aux faux cils, talons aiguilles vertigineux, rouge à lèvres sang et perruques au carré avec la frange typique."
    ],
    "es": [
      "El Crazy Horse lleva el nombre del legendario caudillo estadounidense Thasunka Witko.\r\nEl mito de los locos se desarrolla con bailarinas con pestañas postizas, tacones de aguja de vértigo, pintalabios ensangrentados y pelucas con el típico flequillo."
    ],
    "nl": [
      "De Crazy Horse is genoemd naar de legendarische Amerikaanse krijgsheer Thasunka Witko.\r\nDe Crazy-mythe ontwikkelt zich met dansers met valse wimpers, duizelingwekkende hoge hakken, bloederige lippenstift en geknotte pruiken met de typische franje."
    ]
  },
  "rdfs:label": {
    "en": [
      "Crazy Horse"
    ],
    "fr": [
      "Crazy Horse"
    ]
  },
  "hasBeenCreatedBy": {
    "@id": "https://data.datatourisme.fr/13/03e0704b-5690-32de-a186-1dc3ad3316c9",
    "dc:identifier": "1019",
    "schema:email": [
      "bgeigle@visitparisregion.com",
      "hcaldo@visitparisregion.com",
      "mtanaskovic@visitparisregion.com"
    ],
    "schema:legalName": "Choose Paris Region",
    "@type": [
      "schema:Organization",
      "foaf:Agent",
      "Agent"
    ],
    "foaf:homepage": [
      "http://www.visitparisregion.com/"
    ]
  },
  "hasBeenPublishedBy": [
    {
      "@id": "https://data.datatourisme.fr/8a9feb4b-2cbd-3d2c-b507-bd6c6776b23b",
      "schema:legalName": "Apidae Tourisme Scic SA - source : Apidae Tourisme",
      "@type": [
        "schema:Organization",
        "foaf:Agent",
        "Agent"
      ],
      "foaf:homepage": [
        "https://www.apidae-tourisme.com/"
      ]
    }
  ],
  "hasContact": [
    {
      "@id": "https://data.datatourisme.fr/1c60a575-bf76-3e0c-bc30-b9b98eb70c85",
      "schema:telephone": [
        "+33 1 47 23 32 32"
      ],
      "@type": [
        "foaf:Agent",
        "Agent"
      ],
      "foaf:homepage": [
        "http://www.lecrazyhorseparis.com/"
      ]
    }
  ],
  "hasDescription": [
    {
      "@id": "https://data.datatourisme.fr/0235da57-0ec5-3418-a74e-b7b2d5328a47",
      "@type": [
        "Description"
      ],
      "hasTranslatedProperty": [
        {
          "@id": "https://data.datatourisme.fr/8ea1ba3b-764a-30e8-90f5-f4d8e1a60fb1",
          "dc:contributor": [
            "https://api.deepl.com/v2/translate"
          ],
          "rdf:language": [
            "nl"
          ],
          "rdf:predicate": [
            "shortDescription"
          ]
        },
        {
          "@id": "https://data.datatourisme.fr/b8b77719-ee92-3fa4-96cf-3391da1f98d8",
          "dc:contributor": [
            "https://api.deepl.com/v2/translate"
          ],
          "rdf:language": [
            "en"
          ],
          "rdf:predicate": [
            "shortDescription"
          ]
        },
        {
          "@id": "https://data.datatourisme.fr/c587e437-b370-3cc1-8a39-59b5dab3e6d2",
          "dc:contributor": [
            "https://api.deepl.com/v2/translate"
          ],
          "rdf:language": [
            "es"
          ],
          "rdf:predicate": [
            "shortDescription"
          ]
        },
        {
          "@id": "https://data.datatourisme.fr/e3329f00-5868-3c5a-91b6-95aa8fecc1ad",
          "dc:contributor": [
            "https://api.deepl.com/v2/translate"
          ],
          "rdf:language": [
            "it"
          ],
          "rdf:predicate": [
            "shortDescription"
          ]
        },
        {
          "@id": "https://data.datatourisme.fr/e8167d95-cc26-318a-b94c-05af91e6d899",
          "dc:contributor": [
            "https://api.deepl.com/v2/translate"
          ],
          "rdf:language": [
            "de"
          ],
          "rdf:predicate": [
            "shortDescription"
          ]
        }
      ],
      "shortDescription": {
        "de": [
          "Das Crazy Horse , wurde nach dem Häuptling Thasunka Witko benannt, einem zur Legende gewordenen Kriegshäuptling der Amerikander.\r\nDer Mythos Crazy entwickelte sich mit den Tänzerinnen mit falschen Wimpern, schwindelerregenden Stilettos, blutigem Lippenstift und Bob-Perücken mit dem typischen Pony."
        ],
        "en": [
          "The Crazy Horse is named after Thasunka Witko, the American warlord turned legend.\r\nThe Crazy myth develops with dancers with false eyelashes, dizzy stiletto heels, blood lipstick and square wigs with the typical fringe."
        ],
        "it": [
          "Il Crazy Horse prende il nome dal leggendario signore della guerra americano Thasunka Witko.\r\nIl mito della pazzia si sviluppa con ballerine con ciglia finte, tacchi a spillo vertiginosi, rossetti insanguinati e parrucche con la tipica frangia."
        ],
        "fr": [
          "Le Crazy Horse , doit son nom au chef Thasunka Witko, chef de guerre amériendien devenu légende .\r\nLe mythe Crazy se développe avec les danseuses aux faux cils, talons aiguilles vertigineux, rouge à lèvres sang et perruques au carré avec la frange typique."
        ],
        "es": [
          "El Crazy Horse lleva el nombre del legendario caudillo estadounidense Thasunka Witko.\r\nEl mito de los locos se desarrolla con bailarinas con pestañas postizas, tacones de aguja de vértigo, pintalabios ensangrentados y pelucas con el típico flequillo."
        ],
        "nl": [
          "De Crazy Horse is genoemd naar de legendarische Amerikaanse krijgsheer Thasunka Witko.\r\nDe Crazy-mythe ontwikkelt zich met dansers met valse wimpers, duizelingwekkende hoge hakken, bloederige lippenstift en geknotte pruiken met de typische franje."
        ]
      }
    }
  ],
  "hasTranslatedProperty": [
    {
      "@id": "https://data.datatourisme.fr/162c75b4-6991-3ddf-9c86-b3d539f4c688",
      "dc:contributor": [
        "https://api.deepl.com/v2/translate"
      ],
      "rdf:language": [
        "en"
      ],
      "rdf:predicate": [
        {
          "@id": "rdfs:comment"
        }
      ]
    },
    {
      "@id": "https://data.datatourisme.fr/5b14087a-4a8d-371b-bc5d-fa3877d6e4ff",
      "dc:contributor": [
        "https://api.deepl.com/v2/translate"
      ],
      "rdf:language": [
        "nl"
      ],
      "rdf:predicate": [
        {
          "@id": "rdfs:comment"
        }
      ]
    },
    {
      "@id": "https://data.datatourisme.fr/692cd090-210d-3058-a161-dfac17061022",
      "dc:contributor": [
        "https://api.deepl.com/v2/translate"
      ],
      "rdf:language": [
        "it"
      ],
      "rdf:predicate": [
        {
          "@id": "rdfs:comment"
        }
      ]
    },
    {
      "@id": "https://data.datatourisme.fr/a5762142-baf7-3951-b50f-54c2e76d4fb6",
      "dc:contributor": [
        "https://api.deepl.com/v2/translate"
      ],
      "rdf:language": [
        "es"
      ],
      "rdf:predicate": [
        {
          "@id": "rdfs:comment"
        }
      ]
    },
    {
      "@id": "https://data.datatourisme.fr/cb4dd7e9-3c49-3e24-89fb-bde8688a2a1e",
      "dc:contributor": [
        "https://api.deepl.com/v2/translate"
      ],
      "rdf:language": [
        "de"
      ],
      "rdf:predicate": [
        {
          "@id": "rdfs:comment"
        }
      ]
    }
  ],
  "isLocatedAt": [
    {
      "@id": "https://data.datatourisme.fr/17011b34-5f32-3737-8f78-c811d957d55f",
      "schema:address": [
        {
          "@id": "https://data.datatourisme.fr/2c466797-1cf6-33b0-b3fd-2e23be0d8f9c",
          "schema:addressLocality": "Paris",
          "schema:postalCode": "75008",
          "schema:streetAddress": [
            "12 avenue George V"
          ],
          "@type": [
            "schema:PostalAddress",
            "PostalAddress"
          ],
          "hasAddressCity": {
            "@id": "kb:75056",
            "@type": [
              "City"
            ],
            "rdfs:label": {
              "de": [
                "Paris"
              ],
              "pt": [
                "Paris"
              ],
              "en": [
                "Paris"
              ],
              "it": [
                "Paris"
              ],
              "fr": [
                "Paris"
              ],
              "nl": [
                "Paris"
              ],
              "es": [
                "Paris"
              ]
            },
            "insee": "75056",
            "isPartOfDepartment": {
              "@id": "kb:France1175",
              "@type": [
                "Department"
              ],
              "rdfs:label": {
                "de": [
                  "Paris"
                ],
                "pt": [
                  "Paris"
                ],
                "en": [
                  "Paris"
                ],
                "it": [
                  "Paris"
                ],
                "fr": [
                  "Paris"
                ],
                "nl": [
                  "Paris"
                ],
                "es": [
                  "Paris"
                ]
              },
              "insee": "75",
              "isPartOfRegion": {
                "@id": "kb:France11",
                "@type": [
                  "Region"
                ],
                "rdfs:label": {
                  "de": [
                    "Île-de-France"
                  ],
                  "pt": [
                    "Île-de-France"
                  ],
                  "en": [
                    "Île-de-France"
                  ],
                  "it": [
                    "Île-de-France"
                  ],
                  "fr": [
                    "Île-de-France"
                  ],
                  "nl": [
                    "Île-de-France"
                  ],
                  "es": [
                    "Île-de-France"
                  ]
                },
                "insee": "11",
                "isPartOfCountry": {
                  "@id": "kb:France",
                  "@type": [
                    "schema:Country"
                  ],
                  "rdfs:label": {
                    "de": [
                      "France",
                      "Frankreich"
                    ],
                    "pt": [
                      "França",
                      "France"
                    ],
                    "en": [
                      "France"
                    ],
                    "it": [
                      "France",
                      "Francia"
                    ],
                    "fr": [
                      "France"
                    ],
                    "nl": [
                      "France",
                      "Frankrijk"
                    ],
                    "es": [
                      "France",
                      "Francia"
                    ]
                  }
                }
              }
            }
          }
        }
      ],
      "schema:geo": {
        "@id": "https://data.datatourisme.fr/a010ef71-2c5c-3f78-9176-2ab7de62a0f9",
        "schema:latitude": "48.865932",
        "schema:longitude": "2.301783",
        "@type": [
          "schema:GeoCoordinates"
        ]
      },
      "schema:openingHoursSpecification": [
        {
          "@id": "https://data.datatourisme.fr/b9b79153-72fe-395e-b084-5919af63bb55",
          "schema:validFrom": "2023-01-01T00:00:00",
          "schema:validThrough": "2023-12-31T23:59:59",
          "@type": [
            "schema:OpeningHoursSpecification"
          ],
          "additionalInformation": {
            "de": [
              "Sonntag bis Freitag: 20:00 & 22:30 Uhr\r\nSamstag: 19.00, 21.30 & 23.45 Uhr"
            ],
            "en": [
              "Sunday to Friday: 8pm and 10:30pm\r\nSaturday: 7:00 pm, 9:30 pm & 11:45 pm"
            ],
            "it": [
              "Da domenica a venerdì: 20.00 e 22.30\r\nSabato: 19.00, 21.30 e 23.45"
            ],
            "fr": [
              "Dimanche au vendredi : 20h et 22h30  \r\nSamedi : 19h00, 21h30 & 23h45"
            ],
            "nl": [
              "Zondag tot vrijdag: 20u en 22u30\r\nZaterdag: 19.00, 21.30 en 23.45 uur"
            ],
            "es": [
              "De domingo a viernes: 20.00 h y 22.30 h\r\nSábado: 19:00, 21:30 y 23:45"
            ]
          },
          "hasTranslatedProperty": [
            {
              "@id": "https://data.datatourisme.fr/545a6bd4-6f26-38c4-be24-7429aac2a1cc",
              "dc:contributor": [
                "https://api.deepl.com/v2/translate"
              ],
              "rdf:language": [
                "es"
              ],
              "rdf:predicate": [
                "additionalInformation"
              ]
            },
            {
              "@id": "https://data.datatourisme.fr/86b5e7f9-1e4b-35b1-a0a7-4e841859395f",
              "dc:contributor": [
                "https://api.deepl.com/v2/translate"
              ],
              "rdf:language": [
                "de"
              ],
              "rdf:predicate": [
                "additionalInformation"
              ]
            },
            {
              "@id": "https://data.datatourisme.fr/b5dba5cb-3149-3adb-8658-905badaee32f",
              "dc:contributor": [
                "https://api.deepl.com/v2/translate"
              ],
              "rdf:language": [
                "nl"
              ],
              "rdf:predicate": [
                "additionalInformation"
              ]
            },
            {
              "@id": "https://data.datatourisme.fr/ccc538d7-8fce-3164-800e-44b2ffaa5342",
              "dc:contributor": [
                "https://api.deepl.com/v2/translate"
              ],
              "rdf:language": [
                "en"
              ],
              "rdf:predicate": [
                "additionalInformation"
              ]
            },
            {
              "@id": "https://data.datatourisme.fr/f730d3ab-d162-3886-a04f-846be8124778",
              "dc:contributor": [
                "https://api.deepl.com/v2/translate"
              ],
              "rdf:language": [
                "it"
              ],
              "rdf:predicate": [
                "additionalInformation"
              ]
            }
          ]
        }
      ],
      "@type": [
        "schema:Place",
        "Place"
      ]
    }
  ],
  "isOwnedBy": [
    {
      "@id": "https://data.datatourisme.fr/26ecd6f0-563c-356a-b0f9-ad3ec17effc4",
      "schema:email": [
        "bgeigle@visitparisregion.com",
        "hcaldo@visitparisregion.com",
        "mtanaskovic@visitparisregion.com"
      ],
      "schema:legalName": "Comité Régional du Tourisme Paris Ile de France",
      "@type": [
        "schema:Organization",
        "foaf:Agent",
        "Agent"
      ],
      "foaf:homepage": [
        "http://www.visitparisregion.com/"
      ]
    }
  ],
  "lastUpdate": "2023-06-08",
  "lastUpdateDatatourisme": "2023-10-02T05:53:31.736Z",
  "offers": [
    {
      "@id": "https://data.datatourisme.fr/5ec7810d-14f1-3fb2-8288-bdbd940e0bf7",
      "schema:priceSpecification": [
        {
          "@id": "https://data.datatourisme.fr/11300a23-4db2-3ba6-b9bf-e87d2a131d9e",
          "schema:maxPrice": [
            "295"
          ],
          "schema:minPrice": [
            "115"
          ],
          "schema:priceCurrency": "EUR",
          "@type": [
            "schema:PriceSpecification",
            "PriceSpecification"
          ],
          "appliesOnPeriod": [
            {
              "@id": "https://data.datatourisme.fr/a425afdf-3594-300b-b55e-1858bafa3fd4",
              "@type": [
                "Period"
              ],
              "endDate": "2023-12-31",
              "startDate": "2023-01-01"
            }
          ]
        }
      ],
      "@type": [
        "schema:Offer",
        "Offer"
      ]
    }
  ]
}