{
  "@id": "https://data.datatourisme.fr/13/ce06a695-60c9-3c72-a70f-75d3367fa7fa",
  "dc:identifier": "5947499",
  "@type": [
    "olo:OrderedList",
    "PlaceOfInterest",
    "PointOfInterest",
    "SportsAndLeisurePlace",
    "Tour",
    "WalkingTour"
  ],
  "rdfs:comment": {
    "de": [
      "Eine sehr angenehme Wanderung zwischen einem wilden, tief eingeschnittenen Tal, dem Plateau der Ardèche und den Hängen des Saint Joseph. Diese Wanderung finden Sie in unserer App \"les échappées inspées\", um die Strecke zu entdecken, und in unserem Wanderführer."
    ],
    "en": [
      "A very pleasant walk between a wild and steep valley, the Ardèche plateau and the Saint Joseph hillsides. You can find this walk in our application \"les échappées inspirées\" to discover the route and in our walking guide."
    ],
    "it": [
      "Una passeggiata molto piacevole tra una valle selvaggia e ripida, l'altopiano dell'Ardèche e le colline di Saint Joseph. Potete trovare questa passeggiata nella nostra applicazione \"les échappées inspirées\" per scoprire il percorso e nella nostra guida a piedi."
    ],
    "fr": [
      "Une randonnée très agréable entre une vallée sauvage et encaissée, le plateau ardéchois et les coteaux du Saint Joseph. Balade à retrouver dans notre application \"les échappées inspirées\" pour découvrir le parcours et dans notre guide de randonnées."
    ],
    "es": [
      "Un paseo muy agradable entre un valle salvaje y escarpado, la meseta de Ardèche y las laderas de Saint Joseph. Puede encontrar este paseo en nuestra aplicación \"les échappées inspirées\" para descubrir la ruta y en nuestra guía de senderismo."
    ],
    "nl": [
      "Een zeer aangename wandeling tussen een wilde en steile vallei, het plateau van de Ardèche en de hellingen van Saint Joseph. U vindt deze wandeling in onze applicatie \"les échappées inspirées\" om de route te ontdekken en in onze wandelgids."
    ]
  },
  "rdfs:label": {
    "fr": [
      "Le sentier des vignes"
    ]
  },
  "hasBeenCreatedBy": {
    "@id": "https://data.datatourisme.fr/13/73278a4a-8696-3eeb-976a-8fd4c9ec6997",
    "dc:identifier": "113",
    "schema:email": [
      "d.sanial@dromardeche.fr",
      "j.bruyere@dromardeche.fr"
    ],
    "schema:legalName": "Office de Tourisme Porte de DrômArdèche",
    "@type": [
      "schema:Organization",
      "foaf:Agent",
      "Agent"
    ],
    "foaf:homepage": [
      "http://www.autour-du-palais-ideal.fr/"
    ]
  },
  "hasBeenPublishedBy": [
    {
      "@id": "https://data.datatourisme.fr/d48f2ccd-2357-3a8e-b949-cb8bf19a361f",
      "schema:legalName": "Agence d'Attractivité de la Drôme - source : Apidae Tourisme",
      "@type": [
        "schema:Organization",
        "foaf:Agent",
        "Agent"
      ],
      "foaf:homepage": [
        "https://www.apidae-tourisme.com/"
      ]
    }
  ],
  "hasContact": [
    {
      "@id": "https://data.datatourisme.fr/055e0a47-f4a9-371f-bec5-c4f56507c129",
      "schema:telephone": [
        "+33 4 75 23 45 33"
      ],
      "@type": [
        "foaf:Agent",
        "Agent"
      ],
      "foaf:homepage": [
        "http://www.autour-du-palais-ideal.fr/"
      ]
    }
  ],
  "hasDescription": [
    {
      "@id": "https://data.datatourisme.fr/bca6423f-983e-3333-b9f4-96624a3f78f5",
      "@type": [
        "Description"
      ],
      "hasTranslatedProperty": [
        {
          "@id": "https://data.datatourisme.fr/5b664c6c-2d55-32c3-9ad8-38f396143aa0",
          "dc:contributor": [
            "https://api.deepl.com/v2/translate"
          ],
          "rdf:language": [
            "it"
          ],
          "rdf:predicate": [
            "shortDescription"
          ]
        },
        {
          "@id": "https://data.datatourisme.fr/a39782c1-d470-3a31-853c-18e5965f9eb1",
          "dc:contributor": [
            "https://api.deepl.com/v2/translate"
          ],
          "rdf:language": [
            "es"
          ],
          "rdf:predicate": [
            "shortDescription"
          ]
        },
        {
          "@id": "https://data.datatourisme.fr/a9e74c89-da5e-3e71-a700-fea204473d9d",
          "dc:contributor": [
            "https://api.deepl.com/v2/translate"
          ],
          "rdf:language": [
            "nl"
          ],
          "rdf:predicate": [
            "shortDescription"
          ]
        },
        {
          "@id": "https://data.datatourisme.fr/e8ec8823-3f8f-3eb4-9f21-b487acc64eaf",
          "dc:contributor": [
            "https://api.deepl.com/v2/translate"
          ],
          "rdf:language": [
            "de"
          ],
          "rdf:predicate": [
            "shortDescription"
          ]
        }
      ],
      "shortDescription": {
        "de": [
          "Eine sehr angenehme Wanderung zwischen einem wilden, tief eingeschnittenen Tal, dem Plateau der Ardèche und den Hängen des Saint Joseph. Diese Wanderung finden Sie in unserer App \"les échappées inspées\", um die Strecke zu entdecken, und in unserem Wanderführer."
        ],
        "en": [
          "A very pleasant walk between a wild and steep valley, the Ardèche plateau and the Saint Joseph hillsides. You can find this walk in our application \"les échappées inspirées\" to discover the route and in our walking guide."
        ],
        "it": [
          "Una passeggiata molto piacevole tra una valle selvaggia e ripida, l'altopiano dell'Ardèche e le colline di Saint Joseph. Potete trovare questa passeggiata nella nostra applicazione \"les échappées inspirées\" per scoprire il percorso e nella nostra guida a piedi."
        ],
        "fr": [
          "Une randonnée très agréable entre une vallée sauvage et encaissée, le plateau ardéchois et les coteaux du Saint Joseph. Balade à retrouver dans notre application \"les échappées inspirées\" pour découvrir le parcours et dans notre guide de randonnées."
        ],
        "es": [
          "Un paseo muy agradable entre un valle salvaje y escarpado, la meseta de Ardèche y las laderas de Saint Joseph. Puede encontrar este paseo en nuestra aplicación \"les échappées inspirées\" para descubrir la ruta y en nuestra guía de senderismo."
        ],
        "nl": [
          "Een zeer aangename wandeling tussen een wilde en steile vallei, het plateau van de Ardèche en de hellingen van Saint Joseph. U vindt deze wandeling in onze applicatie \"les échappées inspirées\" om de route te ontdekken en in onze wandelgids."
        ]
      }
    }
  ],
  "hasTheme": [
    {
      "@id": "kb:Hiking",
      "@type": [
        "SportsTheme"
      ],
      "rdfs:label": {
        "de": [
          "Wanderung"
        ],
        "pt": [
          "Caminhada"
        ],
        "en": [
          "Hiking"
        ],
        "it": [
          "Escursione"
        ],
        "fr": [
          "Randonnée"
        ],
        "nl": [
          "Wandelen"
        ],
        "es": [
          "Senderismo"
        ]
      }
    },
    {
      "@id": "kb:Pedestrian",
      "@type": [
        "SportsTheme"
      ],
      "rdfs:label": {
        "de": [
          "Zu Fuß"
        ],
        "pt": [
          "Pedestre"
        ],
        "en": [
          "Pedestrian"
        ],
        "it": [
          "A piedi"
        ],
        "fr": [
          "Pédestre"
        ],
        "nl": [
          "Voetgangers"
        ],
        "es": [
          "Peatón"
        ]
      }
    },
    {
      "@id": "kb:Running",
      "@type": [
        "SportsTheme"
      ],
      "rdfs:label": {
        "de": [
          "Laufen"
        ],
        "pt": [
          "Corrida a pé"
        ],
        "en": [
          "Running"
        ],
        "it": [
          "Corsa a piedi"
        ],
        "fr": [
          "Course à pied"
        ],
        "nl": [
          "Hardlopen"
        ],
        "es": [
          "Carrera a pie"
        ]
      }
    }
  ],
  "hasTranslatedProperty": [
    {
      "@id": "https://data.datatourisme.fr/2f95d0c3-0624-32ba-af35-57c22f00e83f",
      "dc:contributor": [
        "https://api.deepl.com/v2/translate"
      ],
      "rdf:language": [
        "it"
      ],
      "rdf:predicate": [
        {
          "@id": "rdfs:comment"
        }
      ]
    },
    {
      "@id": "https://data.datatourisme.fr/651f5e4b-5ba1-3628-88ca-d0f4b54eb107",
      "dc:contributor": [
        "https://api.deepl.com/v2/translate"
      ],
      "rdf:language": [
        "es"
      ],
      "rdf:predicate": [
        {
          "@id": "rdfs:comment"
        }
      ]
    },
    {
      "@id": "https://data.datatourisme.fr/89fa207f-074a-3480-8260-df7e3bf5577a",
      "dc:contributor": [
        "https://api.deepl.com/v2/translate"
      ],
      "rdf:language": [
        "nl"
      ],
      "rdf:predicate": [
        {
          "@id": "rdfs:comment"
        }
      ]
    },
    {
      "@id": "https://data.datatourisme.fr/9fdbeb9d-0220-3faa-b4a2-ae27dd646a35",
      "dc:contributor": [
        "https://api.deepl.com/v2/translate"
      ],
      "rdf:language": [
        "de"
      ],
      "rdf:predicate": [
        {
          "@id": "rdfs:comment"
        }
      ]
    }
  ],
  "isLocatedAt": [
    {
      "@id": "https://data.datatourisme.fr/b05ec3e9-1dc9-37ad-9180-97fe6cf2ee31",
      "schema:address": [
        {
          "@id": "https://data.datatourisme.fr/0effb623-6d6a-3cc3-9dd3-05c04a262490",
          "schema:addressLocality": "Sarras",
          "schema:postalCode": "07370",
          "schema:streetAddress": [
            "Panneau « info rando » devant l’église"
          ],
          "@type": [
            "schema:PostalAddress",
            "PostalAddress"
          ],
          "hasAddressCity": {
            "@id": "kb:07308",
            "@type": [
              "City"
            ],
            "rdfs:label": {
              "de": [
                "Sarras"
              ],
              "pt": [
                "Sarras"
              ],
              "en": [
                "Sarras"
              ],
              "it": [
                "Sarras"
              ],
              "fr": [
                "Sarras"
              ],
              "nl": [
                "Sarras"
              ],
              "es": [
                "Sarras"
              ]
            },
            "insee": "07308",
            "isPartOfDepartment": {
              "@id": "kb:France8407",
              "@type": [
                "Department"
              ],
              "rdfs:label": {
                "de": [
                  "Ardèche"
                ],
                "pt": [
                  "Ardèche"
                ],
                "en": [
                  "Ardèche"
                ],
                "it": [
                  "Ardèche"
                ],
                "fr": [
                  "Ardèche"
                ],
                "nl": [
                  "Ardèche"
                ],
                "es": [
                  "Ardèche"
                ]
              },
              "insee": "07",
              "isPartOfRegion": {
                "@id": "kb:France84",
                "@type": [
                  "Region"
                ],
                "rdfs:label": {
                  "de": [
                    "Auvergne-Rhône-Alpes"
                  ],
                  "pt": [
                    "Auvergne-Rhône-Alpes"
                  ],
                  "en": [
                    "Auvergne-Rhône-Alpes"
                  ],
                  "it": [
                    "Auvergne-Rhône-Alpes"
                  ],
                  "fr": [
                    "Auvergne-Rhône-Alpes"
                  ],
                  "nl": [
                    "Auvergne-Rhône-Alpes"
                  ],
                  "es": [
                    "Auvergne-Rhône-Alpes"
                  ]
                },
                "insee": "84",
                "isPartOfCountry": {
                  "@id": "kb:France",
                  "@type": [
                    "schema:Country"
                  ],
                  "rdfs:label": {
                    "de": [
                      "France",
                      "Frankreich"
                    ],
                    "pt": [
                      "França",
                      "France"
                    ],
                    "en": [
                      "France"
                    ],
                    "it": [
                      "France",
                      "Francia"
                    ],
                    "fr": [
                      "France"
                    ],
                    "nl": [
                      "France",
                      "Frankrijk"
                    ],
                    "es": [
                      "France",
                      "Francia"
                    ]
                  }
                }
              }
            }
          }
        }
      ],
      "schema:geo": {
        "@id": "https://data.datatourisme.fr/eefe50f0-c6a7-3cf1-a96b-8cff4ff85b50",
        "schema:latitude": "45.186747",
        "schema:longitude": "4.798066",
        "@type": [
          "schema:GeoCoordinates"
        ]
      },
      "schema:openingHoursSpecification": [
        {
          "@id": "https://data.datatourisme.fr/f87e535a-636d-3343-ad63-8a03392e7511",
          "schema:validFrom": "2023-01-01T00:00:00",
          "schema:validThrough": "2023-12-31T23:59:59",
          "@type": [
            "schema:OpeningHoursSpecification"
          ]
        }
      ],
      "@type": [
        "schema:Place",
        "Place"
      ]
    }
  ],
  "isOwnedBy": [
    {
      "@id": "https://data.datatourisme.fr/c34130c6-4437-3624-9afb-3511a8692fba",
      "schema:email": [
        "d.sanial@dromardeche.fr",
        "j.bruyere@dromardeche.fr"
      ],
      "schema:legalName": "Office de Tourisme Porte de DrômArdèche",
      "@type": [
        "schema:Organization",
        "foaf:Agent",
        "Agent"
      ],
      "foaf:homepage": [
        "http://www.autour-du-palais-ideal.fr/"
      ]
    }
  ],
  "lastUpdate": "2022-09-05",
  "lastUpdateDatatourisme": "2023-02-10T06:39:19.971Z"
}