{
  "@id": "https://data.datatourisme.fr/13/51cd1643-4691-3047-956b-dfbe04ce9e19",
  "dc:identifier": "679381",
  "@type": [
    "schema:FoodEstablishment",
    "schema:Winery",
    "BistroOrWineBar",
    "FoodEstablishment",
    "PlaceOfInterest",
    "PointOfInterest",
    "SportsAndLeisurePlace"
  ],
  "rdfs:comment": {
    "de": [
      "Seit dreißig Jahren lädt dieser Club exzellente Bands zu Auftritten an einem außergewöhnlichen Ort ein. Für Anhänger von Exzellenz."
    ],
    "en": [
      "This club has been inviting excellent bands to perform in an exceptional venue for thirty years. For the fans of excellence."
    ],
    "it": [
      "Da trent'anni, questo club invita eccellenti band a esibirsi in un locale eccezionale. Per chi ama l'eccellenza."
    ],
    "fr": [
      "Cela fait trente ans que ce club invite d'excellents groupes à se produire dans un lieu d’exception. Pour les adeptes d’excellence."
    ],
    "es": [
      "Desde hace treinta años, este club invita a excelentes bandas a actuar en un lugar excepcional. Para los que aman la excelencia."
    ],
    "nl": [
      "Al dertig jaar nodigt deze club uitstekende groepen uit om op te treden op een uitzonderlijke locatie. Voor degenen die van uitmuntendheid houden."
    ]
  },
  "rdfs:label": {
    "en": [
      "Jazz club Etoile"
    ],
    "fr": [
      "Jazz club Etoile"
    ]
  },
  "hasBeenCreatedBy": {
    "@id": "https://data.datatourisme.fr/13/03e0704b-5690-32de-a186-1dc3ad3316c9",
    "dc:identifier": "1019",
    "schema:email": [
      "bgeigle@visitparisregion.com",
      "hcaldo@visitparisregion.com",
      "mtanaskovic@visitparisregion.com"
    ],
    "schema:legalName": "Choose Paris Region",
    "@type": [
      "schema:Organization",
      "foaf:Agent",
      "Agent"
    ],
    "foaf:homepage": [
      "http://www.visitparisregion.com/"
    ]
  },
  "hasBeenPublishedBy": [
    {
      "@id": "https://data.datatourisme.fr/8a9feb4b-2cbd-3d2c-b507-bd6c6776b23b",
      "schema:legalName": "Apidae Tourisme Scic SA - source : Apidae Tourisme",
      "@type": [
        "schema:Organization",
        "foaf:Agent",
        "Agent"
      ],
      "foaf:homepage": [
        "https://www.apidae-tourisme.com/"
      ]
    }
  ],
  "hasContact": [
    {
      "@id": "https://data.datatourisme.fr/8212c66d-b436-379f-bf83-e82e44910e2c",
      "schema:email": [
        "jazzclub.etoile@lemeridien.com"
      ],
      "schema:telephone": [
        "+33 1 40 68 30 42"
      ],
      "@type": [
        "foaf:Agent",
        "Agent"
      ],
      "foaf:homepage": [
        "https://www.jazzclub-paris.com/fr/"
      ]
    }
  ],
  "hasDescription": [
    {
      "@id": "https://data.datatourisme.fr/ce05a55c-bebb-3ff3-9af2-b3dda1cc68e9",
      "@type": [
        "Description"
      ],
      "hasTranslatedProperty": [
        {
          "@id": "https://data.datatourisme.fr/228e9128-d940-3021-a867-8725a772f410",
          "dc:contributor": [
            "https://api.deepl.com/v2/translate"
          ],
          "rdf:language": [
            "en"
          ],
          "rdf:predicate": [
            "shortDescription"
          ]
        },
        {
          "@id": "https://data.datatourisme.fr/334275f4-18bb-3b2f-9f8e-470d9ea9f941",
          "dc:contributor": [
            "https://api.deepl.com/v2/translate"
          ],
          "rdf:language": [
            "nl"
          ],
          "rdf:predicate": [
            "shortDescription"
          ]
        },
        {
          "@id": "https://data.datatourisme.fr/40ca7ba8-f778-36bf-81f0-de11cd2d809f",
          "dc:contributor": [
            "https://api.deepl.com/v2/translate"
          ],
          "rdf:language": [
            "es"
          ],
          "rdf:predicate": [
            "shortDescription"
          ]
        },
        {
          "@id": "https://data.datatourisme.fr/5354f1dc-54b2-37d4-ab48-1dea8159195e",
          "dc:contributor": [
            "https://api.deepl.com/v2/translate"
          ],
          "rdf:language": [
            "de"
          ],
          "rdf:predicate": [
            "shortDescription"
          ]
        },
        {
          "@id": "https://data.datatourisme.fr/9ea8ba84-93d1-3915-be5e-fa7094dbc69c",
          "dc:contributor": [
            "https://api.deepl.com/v2/translate"
          ],
          "rdf:language": [
            "it"
          ],
          "rdf:predicate": [
            "shortDescription"
          ]
        }
      ],
      "shortDescription": {
        "de": [
          "Seit dreißig Jahren lädt dieser Club exzellente Bands zu Auftritten an einem außergewöhnlichen Ort ein. Für Anhänger von Exzellenz."
        ],
        "en": [
          "This club has been inviting excellent bands to perform in an exceptional venue for thirty years. For the fans of excellence."
        ],
        "it": [
          "Da trent'anni, questo club invita eccellenti band a esibirsi in un locale eccezionale. Per chi ama l'eccellenza."
        ],
        "fr": [
          "Cela fait trente ans que ce club invite d'excellents groupes à se produire dans un lieu d’exception. Pour les adeptes d’excellence."
        ],
        "es": [
          "Desde hace treinta años, este club invita a excelentes bandas a actuar en un lugar excepcional. Para los que aman la excelencia."
        ],
        "nl": [
          "Al dertig jaar nodigt deze club uitstekende groepen uit om op te treden op een uitzonderlijke locatie. Voor degenen die van uitmuntendheid houden."
        ]
      }
    }
  ],
  "hasTranslatedProperty": [
    {
      "@id": "https://data.datatourisme.fr/14c45636-76ff-375d-a83b-fb25e58f01c9",
      "dc:contributor": [
        "https://api.deepl.com/v2/translate"
      ],
      "rdf:language": [
        "es"
      ],
      "rdf:predicate": [
        {
          "@id": "rdfs:comment"
        }
      ]
    },
    {
      "@id": "https://data.datatourisme.fr/b6605dff-7213-32d1-b23a-c0b4c0c6898f",
      "dc:contributor": [
        "https://api.deepl.com/v2/translate"
      ],
      "rdf:language": [
        "it"
      ],
      "rdf:predicate": [
        {
          "@id": "rdfs:comment"
        }
      ]
    },
    {
      "@id": "https://data.datatourisme.fr/d9de438c-0c68-35ec-931d-856830bfca1b",
      "dc:contributor": [
        "https://api.deepl.com/v2/translate"
      ],
      "rdf:language": [
        "de"
      ],
      "rdf:predicate": [
        {
          "@id": "rdfs:comment"
        }
      ]
    },
    {
      "@id": "https://data.datatourisme.fr/dae20dc0-27f9-3579-b522-142ee52bc5ad",
      "dc:contributor": [
        "https://api.deepl.com/v2/translate"
      ],
      "rdf:language": [
        "nl"
      ],
      "rdf:predicate": [
        {
          "@id": "rdfs:comment"
        }
      ]
    },
    {
      "@id": "https://data.datatourisme.fr/ed71db5b-cc3c-39d1-ba76-8eb2ec666396",
      "dc:contributor": [
        "https://api.deepl.com/v2/translate"
      ],
      "rdf:language": [
        "en"
      ],
      "rdf:predicate": [
        {
          "@id": "rdfs:comment"
        }
      ]
    }
  ],
  "isLocatedAt": [
    {
      "@id": "https://data.datatourisme.fr/623c3c8f-ec97-378f-95c3-8317ef8beeb0",
      "schema:address": [
        {
          "@id": "https://data.datatourisme.fr/3de32272-ad2a-322b-b5ad-ecc36cff93fb",
          "schema:addressLocality": "Paris 17e Arrondissement",
          "schema:postalCode": "75017",
          "schema:streetAddress": [
            "81 Boulevard Gouvion-Saint-Cyr"
          ],
          "@type": [
            "schema:PostalAddress",
            "PostalAddress"
          ],
          "hasAddressCity": {
            "@id": "kb:75117",
            "@type": [
              "City"
            ],
            "rdfs:label": {
              "de": [
                "Paris 17e Arrondissement"
              ],
              "pt": [
                "Paris 17e Arrondissement"
              ],
              "en": [
                "Paris 17e Arrondissement"
              ],
              "it": [
                "Paris 17e Arrondissement"
              ],
              "fr": [
                "Paris 17e Arrondissement"
              ],
              "nl": [
                "Paris 17e Arrondissement"
              ],
              "es": [
                "Paris 17e Arrondissement"
              ]
            },
            "insee": "75117",
            "isPartOfDepartment": {
              "@id": "kb:France1175",
              "@type": [
                "Department"
              ],
              "rdfs:label": {
                "de": [
                  "Paris"
                ],
                "pt": [
                  "Paris"
                ],
                "en": [
                  "Paris"
                ],
                "it": [
                  "Paris"
                ],
                "fr": [
                  "Paris"
                ],
                "nl": [
                  "Paris"
                ],
                "es": [
                  "Paris"
                ]
              },
              "insee": "75",
              "isPartOfRegion": {
                "@id": "kb:France11",
                "@type": [
                  "Region"
                ],
                "rdfs:label": {
                  "de": [
                    "Île-de-France"
                  ],
                  "pt": [
                    "Île-de-France"
                  ],
                  "en": [
                    "Île-de-France"
                  ],
                  "it": [
                    "Île-de-France"
                  ],
                  "fr": [
                    "Île-de-France"
                  ],
                  "nl": [
                    "Île-de-France"
                  ],
                  "es": [
                    "Île-de-France"
                  ]
                },
                "insee": "11",
                "isPartOfCountry": {
                  "@id": "kb:France",
                  "@type": [
                    "schema:Country"
                  ],
                  "rdfs:label": {
                    "de": [
                      "France",
                      "Frankreich"
                    ],
                    "pt": [
                      "França",
                      "France"
                    ],
                    "en": [
                      "France"
                    ],
                    "it": [
                      "France",
                      "Francia"
                    ],
                    "fr": [
                      "France"
                    ],
                    "nl": [
                      "France",
                      "Frankrijk"
                    ],
                    "es": [
                      "France",
                      "Francia"
                    ]
                  }
                }
              }
            }
          }
        }
      ],
      "schema:geo": {
        "@id": "https://data.datatourisme.fr/81ff2861-b0a1-34c4-a401-fefb3826e44c",
        "schema:latitude": "48.879551",
        "schema:longitude": "2.284857",
        "@type": [
          "schema:GeoCoordinates"
        ]
      },
      "schema:openingHoursSpecification": [
        {
          "@id": "https://data.datatourisme.fr/d5535847-2909-32cc-bb76-e55714fd2183",
          "schema:validFrom": "2023-01-01T00:00:00",
          "schema:validThrough": "2023-12-31T23:59:59",
          "@type": [
            "schema:OpeningHoursSpecification"
          ],
          "additionalInformation": {
            "de": [
              "Konzert ab 20:30 Uhr"
            ],
            "en": [
              "Concert from 8.30pm"
            ],
            "it": [
              "Concerto dalle 20.30"
            ],
            "fr": [
              "Concert à partir de 20h30"
            ],
            "es": [
              "Concierto a partir de las 20.30 h"
            ],
            "nl": [
              "Concert vanaf 20.30 uur"
            ]
          },
          "hasTranslatedProperty": [
            {
              "@id": "https://data.datatourisme.fr/0cdbf138-e2e4-3f9b-a320-8e2060758b6f",
              "dc:contributor": [
                "https://api.deepl.com/v2/translate"
              ],
              "rdf:language": [
                "nl"
              ],
              "rdf:predicate": [
                "additionalInformation"
              ]
            },
            {
              "@id": "https://data.datatourisme.fr/0e421355-4fd8-324d-897b-a596aa5b734a",
              "dc:contributor": [
                "https://api.deepl.com/v2/translate"
              ],
              "rdf:language": [
                "de"
              ],
              "rdf:predicate": [
                "additionalInformation"
              ]
            },
            {
              "@id": "https://data.datatourisme.fr/53dca85c-08ef-3a6d-9875-3506783531c8",
              "dc:contributor": [
                "https://api.deepl.com/v2/translate"
              ],
              "rdf:language": [
                "es"
              ],
              "rdf:predicate": [
                "additionalInformation"
              ]
            },
            {
              "@id": "https://data.datatourisme.fr/55ec4e92-3515-382a-8ab3-791ab368d6c5",
              "dc:contributor": [
                "https://api.deepl.com/v2/translate"
              ],
              "rdf:language": [
                "en"
              ],
              "rdf:predicate": [
                "additionalInformation"
              ]
            },
            {
              "@id": "https://data.datatourisme.fr/b1f3cd58-93c8-31e2-8584-3d1f0845ef68",
              "dc:contributor": [
                "https://api.deepl.com/v2/translate"
              ],
              "rdf:language": [
                "it"
              ],
              "rdf:predicate": [
                "additionalInformation"
              ]
            }
          ]
        }
      ],
      "@type": [
        "schema:Place",
        "Place"
      ]
    }
  ],
  "isOwnedBy": [
    {
      "@id": "https://data.datatourisme.fr/3b8a790a-ebad-39c6-9a18-c5663001f469",
      "schema:email": [
        "bgeigle@visitparisregion.com",
        "hcaldo@visitparisregion.com",
        "mtanaskovic@visitparisregion.com"
      ],
      "schema:legalName": "Choose Paris Region",
      "@type": [
        "schema:Organization",
        "foaf:Agent",
        "Agent"
      ],
      "foaf:homepage": [
        "http://www.visitparisregion.com/"
      ]
    }
  ],
  "lastUpdate": "2023-08-17",
  "lastUpdateDatatourisme": "2023-10-02T05:53:31.742Z"
}