{
  "@id": "https://data.datatourisme.fr/13/3e201d30-b334-3c63-aca9-850599160a3c",
  "dc:identifier": "6337037",
  "schema:endDate": [
    "2023-01-01"
  ],
  "schema:startDate": [
    "2023-01-01"
  ],
  "@type": [
    "schema:Event",
    "EntertainmentAndEvent",
    "PointOfInterest"
  ],
  "rdfs:label": {
    "fr": [
      "Ateliers plastiques dans les collections \"Femme libérée !\" - Musée d'Art Moderne - adaptée au public en situation de handicap psychique et intellectel"
    ]
  },
  "hasBeenCreatedBy": {
    "@id": "https://data.datatourisme.fr/13/03e0704b-5690-32de-a186-1dc3ad3316c9",
    "dc:identifier": "1019",
    "schema:email": [
      "bgeigle@visitparisregion.com",
      "hcaldo@visitparisregion.com",
      "mtanaskovic@visitparisregion.com"
    ],
    "schema:legalName": "Choose Paris Region",
    "@type": [
      "schema:Organization",
      "foaf:Agent",
      "Agent"
    ],
    "foaf:homepage": [
      "http://www.visitparisregion.com/"
    ]
  },
  "hasBeenPublishedBy": [
    {
      "@id": "https://data.datatourisme.fr/8a9feb4b-2cbd-3d2c-b507-bd6c6776b23b",
      "schema:legalName": "Apidae Tourisme Scic SA - source : Apidae Tourisme",
      "@type": [
        "schema:Organization",
        "foaf:Agent",
        "Agent"
      ],
      "foaf:homepage": [
        "https://www.apidae-tourisme.com/"
      ]
    }
  ],
  "hasContact": [
    {
      "@id": "https://data.datatourisme.fr/16a46932-d08e-3e5d-9547-fa9ad2737445",
      "schema:email": [
        "marie-josephe.berengier@paris.fr"
      ],
      "schema:telephone": [
        "+33 1 53 67 40 00"
      ],
      "@type": [
        "foaf:Agent",
        "Agent"
      ],
      "foaf:homepage": [
        "http://www.mam.paris.fr/"
      ]
    }
  ],
  "isLocatedAt": [
    {
      "@id": "https://data.datatourisme.fr/011cd918-7a7e-3da2-91ee-d670983e9e98",
      "schema:address": [
        {
          "@id": "https://data.datatourisme.fr/22e55b2c-6653-35eb-bbd7-0cb767f33123",
          "schema:addressLocality": "Paris 16e Arrondissement",
          "schema:postalCode": "75016",
          "schema:streetAddress": [
            "11 avenue du Président Wilson",
            "Musée d’Art moderne de la Ville de Paris"
          ],
          "@type": [
            "schema:PostalAddress",
            "PostalAddress"
          ],
          "hasAddressCity": {
            "@id": "kb:75116",
            "@type": [
              "City"
            ],
            "rdfs:label": {
              "de": [
                "Paris 16e Arrondissement"
              ],
              "pt": [
                "Paris 16e Arrondissement"
              ],
              "en": [
                "Paris 16e Arrondissement"
              ],
              "it": [
                "Paris 16e Arrondissement"
              ],
              "fr": [
                "Paris 16e Arrondissement"
              ],
              "nl": [
                "Paris 16e Arrondissement"
              ],
              "es": [
                "Paris 16e Arrondissement"
              ]
            },
            "insee": "75116",
            "isPartOfDepartment": {
              "@id": "kb:France1175",
              "@type": [
                "Department"
              ],
              "rdfs:label": {
                "de": [
                  "Paris"
                ],
                "pt": [
                  "Paris"
                ],
                "en": [
                  "Paris"
                ],
                "it": [
                  "Paris"
                ],
                "fr": [
                  "Paris"
                ],
                "nl": [
                  "Paris"
                ],
                "es": [
                  "Paris"
                ]
              },
              "insee": "75",
              "isPartOfRegion": {
                "@id": "kb:France11",
                "@type": [
                  "Region"
                ],
                "rdfs:label": {
                  "de": [
                    "Île-de-France"
                  ],
                  "pt": [
                    "Île-de-France"
                  ],
                  "en": [
                    "Île-de-France"
                  ],
                  "it": [
                    "Île-de-France"
                  ],
                  "fr": [
                    "Île-de-France"
                  ],
                  "nl": [
                    "Île-de-France"
                  ],
                  "es": [
                    "Île-de-France"
                  ]
                },
                "insee": "11",
                "isPartOfCountry": {
                  "@id": "kb:France",
                  "@type": [
                    "schema:Country"
                  ],
                  "rdfs:label": {
                    "de": [
                      "France",
                      "Frankreich"
                    ],
                    "pt": [
                      "França",
                      "France"
                    ],
                    "en": [
                      "France"
                    ],
                    "it": [
                      "France",
                      "Francia"
                    ],
                    "fr": [
                      "France"
                    ],
                    "nl": [
                      "France",
                      "Frankrijk"
                    ],
                    "es": [
                      "France",
                      "Francia"
                    ]
                  }
                }
              }
            }
          }
        }
      ],
      "schema:geo": {
        "@id": "https://data.datatourisme.fr/94675a31-de74-324f-b7ab-e001bce9ef8b",
        "schema:latitude": "48.864654",
        "schema:longitude": "2.297714",
        "@type": [
          "schema:GeoCoordinates"
        ]
      },
      "schema:openingHoursSpecification": [
        {
          "@id": "https://data.datatourisme.fr/21c4a618-16d0-3c9a-ac67-64d698103b79",
          "schema:closes": "18:00:00",
          "schema:opens": "10:00:00",
          "schema:validFrom": "2023-01-01T00:00:00",
          "schema:validThrough": "2023-01-01T23:59:59",
          "@type": [
            "schema:OpeningHoursSpecification"
          ]
        }
      ],
      "@type": [
        "schema:Place",
        "Place"
      ]
    }
  ],
  "isOwnedBy": [
    {
      "@id": "https://data.datatourisme.fr/26ecd6f0-563c-356a-b0f9-ad3ec17effc4",
      "schema:email": [
        "bgeigle@visitparisregion.com",
        "hcaldo@visitparisregion.com",
        "mtanaskovic@visitparisregion.com"
      ],
      "schema:legalName": "Comité Régional du Tourisme Paris Ile de France",
      "@type": [
        "schema:Organization",
        "foaf:Agent",
        "Agent"
      ],
      "foaf:homepage": [
        "http://www.visitparisregion.com/"
      ]
    }
  ],
  "lastUpdate": "2022-11-24",
  "lastUpdateDatatourisme": "2023-10-02T05:53:31.763Z",
  "takesPlaceAt": [
    {
      "@id": "https://data.datatourisme.fr/91126e32-d73e-32fc-a2b0-2035cb02707c",
      "@type": [
        "Period",
        "RecurrentPeriod"
      ],
      "appliesOnDay": [
        {
          "@id": "schema:Monday",
          "@type": [
            "schema:DayOfWeek"
          ],
          "rdfs:label": {
            "de": [
              "Montag"
            ],
            "pt": [
              "Segunda-feira"
            ],
            "en": [
              "Monday"
            ],
            "it": [
              "Lunedì"
            ],
            "fr": [
              "Lundi"
            ],
            "nl": [
              "Maandag"
            ],
            "es": [
              "Lunes"
            ]
          }
        }
      ],
      "endDate": "2023-01-01",
      "endTime": "18:00:00",
      "startDate": "2023-01-01",
      "startTime": "10:00:00"
    }
  ]
}