{
  "@id": "https://data.datatourisme.fr/13/92b408f6-4ffd-3e8c-a733-8d1b9a220ec8",
  "dc:identifier": "705816",
  "@type": [
    "PlaceOfInterest",
    "PointOfInterest",
    "SportsAndLeisurePlace"
  ],
  "rdfs:comment": {
    "de": [
      "Sein Hauptziel ist es, die Akteure der Ile-de-France im Bereich Design zu vereinen, Design und Innovation im industriellen Gefüge der Ile-de-France zu verbreiten und durch Maßnahmen zur Förderung des Designs die Attraktivität der Region Ile-de-France zu steigern."
    ],
    "en": [
      "Its main objective is to federate Ile-de-France's design players, to disseminate design and innovation in the Ile-de-France industrial fabric and to strengthen the attractiveness of the Ile-de-France Region through design promotion actions."
    ],
    "it": [
      "Il suo obiettivo principale è quello di unire gli attori del settore del design dell'Ile-de-France, di diffondere il design e l'innovazione nel tessuto industriale della regione e di rafforzare l'attrattiva dell'Ile-de-France attraverso attività di promozione del design."
    ],
    "fr": [
      "Il a pour principal objectif de fédérer les acteurs franciliens du design, de diffuser le design et l’innovation dans le tissu industriel francilien et de renforcer par des actions de promotion du design l’attractivité de la Région Ile-de-France."
    ],
    "es": [
      "Su principal objetivo es unir a los actores del sector del diseño de Île-de-France, difundir el diseño y la innovación en el tejido industrial de la región y reforzar el atractivo de la región de Île-de-France mediante actividades de promoción del diseño."
    ],
    "nl": [
      "Het hoofddoel is het verenigen van de designspelers in Ile-de-France, het verspreiden van design en innovatie in de industriële structuur van Ile-de-France en het versterken van de aantrekkelijkheid van de regio Ile-de-France door promotieacties voor design."
    ]
  },
  "rdfs:label": {
    "fr": [
      "Le Lieu du Design"
    ]
  },
  "hasBeenCreatedBy": {
    "@id": "https://data.datatourisme.fr/13/03e0704b-5690-32de-a186-1dc3ad3316c9",
    "dc:identifier": "1019",
    "schema:email": [
      "bgeigle@visitparisregion.com",
      "hcaldo@visitparisregion.com",
      "mtanaskovic@visitparisregion.com"
    ],
    "schema:legalName": "Choose Paris Region",
    "@type": [
      "schema:Organization",
      "foaf:Agent",
      "Agent"
    ],
    "foaf:homepage": [
      "http://www.visitparisregion.com/"
    ]
  },
  "hasBeenPublishedBy": [
    {
      "@id": "https://data.datatourisme.fr/8a9feb4b-2cbd-3d2c-b507-bd6c6776b23b",
      "schema:legalName": "Apidae Tourisme Scic SA - source : Apidae Tourisme",
      "@type": [
        "schema:Organization",
        "foaf:Agent",
        "Agent"
      ],
      "foaf:homepage": [
        "https://www.apidae-tourisme.com/"
      ]
    }
  ],
  "hasContact": [
    {
      "@id": "https://data.datatourisme.fr/560bd60c-3ae0-3270-80ba-0e26a02ab190",
      "schema:email": [
        "contact@lelieududesign.com"
      ],
      "schema:telephone": [
        "+33 1 40 41 51 02"
      ],
      "@type": [
        "foaf:Agent",
        "Agent"
      ],
      "foaf:homepage": [
        "http://www.lelieududesign.com/"
      ]
    }
  ],
  "hasDescription": [
    {
      "@id": "https://data.datatourisme.fr/c4025ee6-0588-3eae-99d4-7c2df770c933",
      "@type": [
        "Description"
      ],
      "hasTranslatedProperty": [
        {
          "@id": "https://data.datatourisme.fr/284c6801-88c4-38e0-9647-01e856d8d176",
          "dc:contributor": [
            "https://api.deepl.com/v2/translate"
          ],
          "rdf:language": [
            "es"
          ],
          "rdf:predicate": [
            "shortDescription"
          ]
        },
        {
          "@id": "https://data.datatourisme.fr/3804c0db-b512-368f-af2f-709ef9786ca6",
          "dc:contributor": [
            "https://api.deepl.com/v2/translate"
          ],
          "rdf:language": [
            "en"
          ],
          "rdf:predicate": [
            "shortDescription"
          ]
        },
        {
          "@id": "https://data.datatourisme.fr/6cc1931d-dfd1-3bb7-8bb9-65e33e1108df",
          "dc:contributor": [
            "https://api.deepl.com/v2/translate"
          ],
          "rdf:language": [
            "it"
          ],
          "rdf:predicate": [
            "shortDescription"
          ]
        },
        {
          "@id": "https://data.datatourisme.fr/a4f9677d-5607-3a3b-a601-00db4abce1af",
          "dc:contributor": [
            "https://api.deepl.com/v2/translate"
          ],
          "rdf:language": [
            "de"
          ],
          "rdf:predicate": [
            "shortDescription"
          ]
        },
        {
          "@id": "https://data.datatourisme.fr/d5c1e94c-049d-3861-99c9-a7e1205abe32",
          "dc:contributor": [
            "https://api.deepl.com/v2/translate"
          ],
          "rdf:language": [
            "nl"
          ],
          "rdf:predicate": [
            "shortDescription"
          ]
        }
      ],
      "shortDescription": {
        "de": [
          "Sein Hauptziel ist es, die Akteure der Ile-de-France im Bereich Design zu vereinen, Design und Innovation im industriellen Gefüge der Ile-de-France zu verbreiten und durch Maßnahmen zur Förderung des Designs die Attraktivität der Region Ile-de-France zu steigern."
        ],
        "en": [
          "Its main objective is to federate Ile-de-France's design players, to disseminate design and innovation in the Ile-de-France industrial fabric and to strengthen the attractiveness of the Ile-de-France Region through design promotion actions."
        ],
        "it": [
          "Il suo obiettivo principale è quello di unire gli attori del settore del design dell'Ile-de-France, di diffondere il design e l'innovazione nel tessuto industriale della regione e di rafforzare l'attrattiva dell'Ile-de-France attraverso attività di promozione del design."
        ],
        "fr": [
          "Il a pour principal objectif de fédérer les acteurs franciliens du design, de diffuser le design et l’innovation dans le tissu industriel francilien et de renforcer par des actions de promotion du design l’attractivité de la Région Ile-de-France."
        ],
        "es": [
          "Su principal objetivo es unir a los actores del sector del diseño de Île-de-France, difundir el diseño y la innovación en el tejido industrial de la región y reforzar el atractivo de la región de Île-de-France mediante actividades de promoción del diseño."
        ],
        "nl": [
          "Het hoofddoel is het verenigen van de designspelers in Ile-de-France, het verspreiden van design en innovatie in de industriële structuur van Ile-de-France en het versterken van de aantrekkelijkheid van de regio Ile-de-France door promotieacties voor design."
        ]
      }
    }
  ],
  "hasTranslatedProperty": [
    {
      "@id": "https://data.datatourisme.fr/2bd025be-67f0-332f-bd6a-c2c99cf181b1",
      "dc:contributor": [
        "https://api.deepl.com/v2/translate"
      ],
      "rdf:language": [
        "it"
      ],
      "rdf:predicate": [
        {
          "@id": "rdfs:comment"
        }
      ]
    },
    {
      "@id": "https://data.datatourisme.fr/59de1b07-032f-3849-8d23-b0e8d3e20df6",
      "dc:contributor": [
        "https://api.deepl.com/v2/translate"
      ],
      "rdf:language": [
        "de"
      ],
      "rdf:predicate": [
        {
          "@id": "rdfs:comment"
        }
      ]
    },
    {
      "@id": "https://data.datatourisme.fr/873957ae-f113-3df7-93f3-f3e6ff9de528",
      "dc:contributor": [
        "https://api.deepl.com/v2/translate"
      ],
      "rdf:language": [
        "es"
      ],
      "rdf:predicate": [
        {
          "@id": "rdfs:comment"
        }
      ]
    },
    {
      "@id": "https://data.datatourisme.fr/a2acd9e0-9787-398b-bd99-68dd3cc80faf",
      "dc:contributor": [
        "https://api.deepl.com/v2/translate"
      ],
      "rdf:language": [
        "nl"
      ],
      "rdf:predicate": [
        {
          "@id": "rdfs:comment"
        }
      ]
    },
    {
      "@id": "https://data.datatourisme.fr/ab18a460-81ae-3cae-84f6-2e41a8375684",
      "dc:contributor": [
        "https://api.deepl.com/v2/translate"
      ],
      "rdf:language": [
        "en"
      ],
      "rdf:predicate": [
        {
          "@id": "rdfs:comment"
        }
      ]
    }
  ],
  "isLocatedAt": [
    {
      "@id": "https://data.datatourisme.fr/8a75c89b-7dce-3e12-825f-35fe5b09e873",
      "schema:address": [
        {
          "@id": "https://data.datatourisme.fr/9ea33902-ef54-3c8e-a3fa-f5442de5e693",
          "schema:addressLocality": "Paris",
          "schema:postalCode": "75019",
          "schema:streetAddress": [
            "11 rue de Cambrai"
          ],
          "@type": [
            "schema:PostalAddress",
            "PostalAddress"
          ],
          "hasAddressCity": {
            "@id": "kb:75056",
            "@type": [
              "City"
            ],
            "rdfs:label": {
              "de": [
                "Paris"
              ],
              "pt": [
                "Paris"
              ],
              "en": [
                "Paris"
              ],
              "it": [
                "Paris"
              ],
              "fr": [
                "Paris"
              ],
              "nl": [
                "Paris"
              ],
              "es": [
                "Paris"
              ]
            },
            "insee": "75056",
            "isPartOfDepartment": {
              "@id": "kb:France1175",
              "@type": [
                "Department"
              ],
              "rdfs:label": {
                "de": [
                  "Paris"
                ],
                "pt": [
                  "Paris"
                ],
                "en": [
                  "Paris"
                ],
                "it": [
                  "Paris"
                ],
                "fr": [
                  "Paris"
                ],
                "nl": [
                  "Paris"
                ],
                "es": [
                  "Paris"
                ]
              },
              "insee": "75",
              "isPartOfRegion": {
                "@id": "kb:France11",
                "@type": [
                  "Region"
                ],
                "rdfs:label": {
                  "de": [
                    "Île-de-France"
                  ],
                  "pt": [
                    "Île-de-France"
                  ],
                  "en": [
                    "Île-de-France"
                  ],
                  "it": [
                    "Île-de-France"
                  ],
                  "fr": [
                    "Île-de-France"
                  ],
                  "nl": [
                    "Île-de-France"
                  ],
                  "es": [
                    "Île-de-France"
                  ]
                },
                "insee": "11",
                "isPartOfCountry": {
                  "@id": "kb:France",
                  "@type": [
                    "schema:Country"
                  ],
                  "rdfs:label": {
                    "de": [
                      "France",
                      "Frankreich"
                    ],
                    "pt": [
                      "França",
                      "France"
                    ],
                    "en": [
                      "France"
                    ],
                    "it": [
                      "France",
                      "Francia"
                    ],
                    "fr": [
                      "France"
                    ],
                    "nl": [
                      "France",
                      "Frankrijk"
                    ],
                    "es": [
                      "France",
                      "Francia"
                    ]
                  }
                }
              }
            }
          }
        }
      ],
      "schema:geo": {
        "@id": "https://data.datatourisme.fr/d9164ce5-d3b6-358f-b81b-80a587db1c62",
        "schema:latitude": "48.896126",
        "schema:longitude": "2.380595",
        "@type": [
          "schema:GeoCoordinates"
        ]
      },
      "schema:openingHoursSpecification": [
        {
          "@id": "https://data.datatourisme.fr/f87e535a-636d-3343-ad63-8a03392e7511",
          "schema:validFrom": "2023-01-01T00:00:00",
          "schema:validThrough": "2023-12-31T23:59:59",
          "@type": [
            "schema:OpeningHoursSpecification"
          ]
        }
      ],
      "@type": [
        "schema:Place",
        "Place"
      ]
    }
  ],
  "isOwnedBy": [
    {
      "@id": "https://data.datatourisme.fr/26ecd6f0-563c-356a-b0f9-ad3ec17effc4",
      "schema:email": [
        "bgeigle@visitparisregion.com",
        "hcaldo@visitparisregion.com",
        "mtanaskovic@visitparisregion.com"
      ],
      "schema:legalName": "Comité Régional du Tourisme Paris Ile de France",
      "@type": [
        "schema:Organization",
        "foaf:Agent",
        "Agent"
      ],
      "foaf:homepage": [
        "http://www.visitparisregion.com/"
      ]
    }
  ],
  "lastUpdate": "2020-02-18",
  "lastUpdateDatatourisme": "2023-10-02T05:53:31.779Z"
}