{
  "@id": "https://data.datatourisme.fr/13/022e6234-4c65-3e23-9938-f31ac9ec9bbb",
  "dc:identifier": "5578189",
  "@type": [
    "olo:OrderedList",
    "PlaceOfInterest",
    "PointOfInterest",
    "RoadTour",
    "SportsAndLeisurePlace",
    "Tour"
  ],
  "rdfs:comment": {
    "de": [
      "Ein Aufenthalt für Feinschmecker mit leckeren Etappen, um die Gastronomie der Ardèche, ihre Produkte und ihre außergewöhnlichen Männer und Frauen zu entdecken."
    ],
    "en": [
      "A gourmet stay punctuated by tasty stages to discover the Ardèche gastronomy, its products and its exceptional men and women."
    ],
    "it": [
      "Un soggiorno gastronomico scandito da tappe gustose alla scoperta della gastronomia dell'Ardèche, dei suoi prodotti e dei suoi uomini e donne eccezionali."
    ],
    "fr": [
      "Un séjour gourmand ponctué d'étapes savoureuses pour découvrir la gastronomie ardéchoise, ses produits, ses hommes et femmes d'exception."
    ],
    "es": [
      "Una estancia gourmet salpicada de sabrosas paradas para descubrir la gastronomía de Ardèche, sus productos y sus excepcionales hombres y mujeres."
    ],
    "nl": [
      "Een gastronomisch verblijf onderbroken door smakelijke stops om de gastronomie van de Ardèche, zijn producten en zijn uitzonderlijke mannen en vrouwen te ontdekken."
    ]
  },
  "rdfs:label": {
    "fr": [
      "Circuit Etapes Savoureuses ardéchoises"
    ]
  },
  "hasBeenCreatedBy": {
    "@id": "https://data.datatourisme.fr/13/26657d5f-f902-3d2a-befe-558796b99584",
    "dc:identifier": "96",
    "schema:email": [
      "ncharra@ardeche-guide.com"
    ],
    "schema:legalName": "Agence de Développement Touristique de l'Ardèche",
    "@type": [
      "schema:Organization",
      "foaf:Agent",
      "Agent"
    ],
    "foaf:homepage": [
      "https://www.ardeche-guide.com/"
    ]
  },
  "hasBeenPublishedBy": [
    {
      "@id": "https://data.datatourisme.fr/dbca899d-3f22-364b-b99d-40af1e917c58",
      "schema:legalName": "Agence de Développement Touristique de l'Ardèche - source : Apidae Tourisme",
      "@type": [
        "schema:Organization",
        "foaf:Agent",
        "Agent"
      ],
      "foaf:homepage": [
        "https://www.apidae-tourisme.com/"
      ]
    }
  ],
  "hasContact": [
    {
      "@id": "https://data.datatourisme.fr/871bdbb3-69f8-32f4-868d-fd000a9804be",
      "@type": [
        "foaf:Agent",
        "Agent"
      ],
      "foaf:homepage": [
        "https://www.ardeche-guide.com/circuit-itinerant-en-voiture-autour-de-la-gastronomie"
      ]
    }
  ],
  "hasDescription": [
    {
      "@id": "https://data.datatourisme.fr/fe035568-3a86-3924-84b3-626ba2dbd177",
      "@type": [
        "Description"
      ],
      "hasTranslatedProperty": [
        {
          "@id": "https://data.datatourisme.fr/0cc5c663-ea85-38ed-bfaf-7a94f31b2a9c",
          "dc:contributor": [
            "https://api.deepl.com/v2/translate"
          ],
          "rdf:language": [
            "it"
          ],
          "rdf:predicate": [
            "shortDescription"
          ]
        },
        {
          "@id": "https://data.datatourisme.fr/11ecb924-b2bf-3417-9a8c-7937d8bfea15",
          "dc:contributor": [
            "https://api.deepl.com/v2/translate"
          ],
          "rdf:language": [
            "nl"
          ],
          "rdf:predicate": [
            "shortDescription"
          ]
        },
        {
          "@id": "https://data.datatourisme.fr/59874248-a351-387e-9dfa-d65ef993a8cc",
          "dc:contributor": [
            "https://api.deepl.com/v2/translate"
          ],
          "rdf:language": [
            "es"
          ],
          "rdf:predicate": [
            "shortDescription"
          ]
        },
        {
          "@id": "https://data.datatourisme.fr/88ce8127-adbe-3761-b699-c67c4fb5e1b1",
          "dc:contributor": [
            "https://api.deepl.com/v2/translate"
          ],
          "rdf:language": [
            "de"
          ],
          "rdf:predicate": [
            "shortDescription"
          ]
        },
        {
          "@id": "https://data.datatourisme.fr/c8e17ba3-b2fb-381e-9cd6-143e56dbfd11",
          "dc:contributor": [
            "https://api.deepl.com/v2/translate"
          ],
          "rdf:language": [
            "en"
          ],
          "rdf:predicate": [
            "shortDescription"
          ]
        }
      ],
      "shortDescription": {
        "de": [
          "Ein Aufenthalt für Feinschmecker mit leckeren Etappen, um die Gastronomie der Ardèche, ihre Produkte und ihre außergewöhnlichen Männer und Frauen zu entdecken."
        ],
        "en": [
          "A gourmet stay punctuated by tasty stages to discover the Ardèche gastronomy, its products and its exceptional men and women."
        ],
        "it": [
          "Un soggiorno gastronomico scandito da tappe gustose alla scoperta della gastronomia dell'Ardèche, dei suoi prodotti e dei suoi uomini e donne eccezionali."
        ],
        "fr": [
          "Un séjour gourmand ponctué d'étapes savoureuses pour découvrir la gastronomie ardéchoise, ses produits, ses hommes et femmes d'exception."
        ],
        "es": [
          "Una estancia gourmet salpicada de sabrosas paradas para descubrir la gastronomía de Ardèche, sus productos y sus excepcionales hombres y mujeres."
        ],
        "nl": [
          "Een gastronomisch verblijf onderbroken door smakelijke stops om de gastronomie van de Ardèche, zijn producten en zijn uitzonderlijke mannen en vrouwen te ontdekken."
        ]
      }
    }
  ],
  "hasTranslatedProperty": [
    {
      "@id": "https://data.datatourisme.fr/0d3668f2-b3e5-3258-ae4e-2bc6eb76e9ca",
      "dc:contributor": [
        "https://api.deepl.com/v2/translate"
      ],
      "rdf:language": [
        "nl"
      ],
      "rdf:predicate": [
        {
          "@id": "rdfs:comment"
        }
      ]
    },
    {
      "@id": "https://data.datatourisme.fr/29fe85c3-01b4-3bc4-b16a-7557043a5031",
      "dc:contributor": [
        "https://api.deepl.com/v2/translate"
      ],
      "rdf:language": [
        "en"
      ],
      "rdf:predicate": [
        {
          "@id": "rdfs:comment"
        }
      ]
    },
    {
      "@id": "https://data.datatourisme.fr/48b50c69-425a-31da-b96e-d046cdf42bfa",
      "dc:contributor": [
        "https://api.deepl.com/v2/translate"
      ],
      "rdf:language": [
        "es"
      ],
      "rdf:predicate": [
        {
          "@id": "rdfs:comment"
        }
      ]
    },
    {
      "@id": "https://data.datatourisme.fr/6c7e0ea5-721d-3cfb-b2a3-d18ce6e6aa6b",
      "dc:contributor": [
        "https://api.deepl.com/v2/translate"
      ],
      "rdf:language": [
        "de"
      ],
      "rdf:predicate": [
        {
          "@id": "rdfs:comment"
        }
      ]
    },
    {
      "@id": "https://data.datatourisme.fr/77af6020-50e3-3f31-963f-4e6089e929e0",
      "dc:contributor": [
        "https://api.deepl.com/v2/translate"
      ],
      "rdf:language": [
        "it"
      ],
      "rdf:predicate": [
        {
          "@id": "rdfs:comment"
        }
      ]
    }
  ],
  "isLocatedAt": [
    {
      "@id": "https://data.datatourisme.fr/42f31eda-bbbb-3b58-a04e-2f52ecd065eb",
      "schema:address": [
        {
          "@id": "https://data.datatourisme.fr/90dc85ee-d108-3283-b303-6d6fba673daa",
          "schema:addressLocality": "Planzolles",
          "schema:postalCode": "07230",
          "@type": [
            "schema:PostalAddress",
            "PostalAddress"
          ],
          "hasAddressCity": {
            "@id": "kb:07176",
            "@type": [
              "City"
            ],
            "rdfs:label": {
              "de": [
                "Planzolles"
              ],
              "pt": [
                "Planzolles"
              ],
              "en": [
                "Planzolles"
              ],
              "it": [
                "Planzolles"
              ],
              "fr": [
                "Planzolles"
              ],
              "nl": [
                "Planzolles"
              ],
              "es": [
                "Planzolles"
              ]
            },
            "insee": "07176",
            "isPartOfDepartment": {
              "@id": "kb:France8407",
              "@type": [
                "Department"
              ],
              "rdfs:label": {
                "de": [
                  "Ardèche"
                ],
                "pt": [
                  "Ardèche"
                ],
                "en": [
                  "Ardèche"
                ],
                "it": [
                  "Ardèche"
                ],
                "fr": [
                  "Ardèche"
                ],
                "nl": [
                  "Ardèche"
                ],
                "es": [
                  "Ardèche"
                ]
              },
              "insee": "07",
              "isPartOfRegion": {
                "@id": "kb:France84",
                "@type": [
                  "Region"
                ],
                "rdfs:label": {
                  "de": [
                    "Auvergne-Rhône-Alpes"
                  ],
                  "pt": [
                    "Auvergne-Rhône-Alpes"
                  ],
                  "en": [
                    "Auvergne-Rhône-Alpes"
                  ],
                  "it": [
                    "Auvergne-Rhône-Alpes"
                  ],
                  "fr": [
                    "Auvergne-Rhône-Alpes"
                  ],
                  "nl": [
                    "Auvergne-Rhône-Alpes"
                  ],
                  "es": [
                    "Auvergne-Rhône-Alpes"
                  ]
                },
                "insee": "84",
                "isPartOfCountry": {
                  "@id": "kb:France",
                  "@type": [
                    "schema:Country"
                  ],
                  "rdfs:label": {
                    "de": [
                      "France",
                      "Frankreich"
                    ],
                    "pt": [
                      "França",
                      "France"
                    ],
                    "en": [
                      "France"
                    ],
                    "it": [
                      "France",
                      "Francia"
                    ],
                    "fr": [
                      "France"
                    ],
                    "nl": [
                      "France",
                      "Frankrijk"
                    ],
                    "es": [
                      "France",
                      "Francia"
                    ]
                  }
                }
              }
            }
          }
        }
      ],
      "schema:geo": {
        "@id": "https://data.datatourisme.fr/e57b10b5-cad8-3175-93eb-b0b2c94fbb0c",
        "schema:latitude": "44.48693",
        "schema:longitude": "4.153335",
        "@type": [
          "schema:GeoCoordinates"
        ]
      },
      "schema:openingHoursSpecification": [
        {
          "@id": "https://data.datatourisme.fr/f87e535a-636d-3343-ad63-8a03392e7511",
          "schema:validFrom": "2023-01-01T00:00:00",
          "schema:validThrough": "2023-12-31T23:59:59",
          "@type": [
            "schema:OpeningHoursSpecification"
          ]
        }
      ],
      "@type": [
        "schema:Place",
        "Place"
      ]
    }
  ],
  "isOwnedBy": [
    {
      "@id": "https://data.datatourisme.fr/6ef576cd-2c5c-33d6-b250-09b105230dfc",
      "schema:email": [
        "ncharra@ardeche-guide.com"
      ],
      "schema:legalName": "Agence de Développement Touristique de l'Ardèche",
      "@type": [
        "schema:Organization",
        "foaf:Agent",
        "Agent"
      ],
      "foaf:homepage": [
        "https://www.ardeche-guide.com/"
      ]
    }
  ],
  "lastUpdate": "2022-06-14",
  "lastUpdateDatatourisme": "2023-02-01T18:07:35.618Z"
}