{
  "@id": "https://data.datatourisme.fr/13/aa7a0ab1-288f-353b-bca0-6a0e229cd019",
  "dc:identifier": "5607456",
  "@type": [
    "schema:LocalBusiness",
    "CulturalSite",
    "InterpretationCentre",
    "PlaceOfInterest",
    "PointOfInterest"
  ],
  "rdfs:comment": {
    "de": [
      "Die GoodPlanet Foundation wurde von Yann Arthus-Bertrand im Bois de Boulogne in Paris gegründet und ist ein kostenloser Ort, an dem das Bewusstsein für Umwelt- und Menschenfragen geschärft wird."
    ],
    "en": [
      "Founded by Yann Arthus-Bertrand in the Bois de Boulogne in Paris, the GoodPlanet Foundation is a free place to raise awareness on environmental and human issues."
    ],
    "it": [
      "Fondata da Yann Arthus-Bertrand nel Bois de Boulogne a Parigi, la Fondazione GoodPlanet è un luogo libero di sensibilizzazione su questioni ambientali e umane."
    ],
    "fr": [
      "Fondée par Yann Arthus-Bertrand dans le bois de Boulogne à Paris, la Fondation GoodPlanet est un lieu gratuit de sensibilisation aux questions environnementales et humaines."
    ],
    "es": [
      "Fundada por Yann Arthus-Bertrand en el Bois de Boulogne de París, la Fundación GoodPlanet es un espacio gratuito de sensibilización sobre temas medioambientales y humanos."
    ],
    "nl": [
      "De GoodPlanet Foundation, opgericht door Yann Arthus-Bertrand in het Bois de Boulogne in Parijs, is een gratis plek om mensen bewust te maken van milieu- en menselijke kwesties."
    ]
  },
  "rdfs:label": {
    "en": [
      "Fondation GoodPlanet"
    ],
    "fr": [
      "Fondation GoodPlanet"
    ]
  },
  "hasBeenCreatedBy": {
    "@id": "https://data.datatourisme.fr/13/03e0704b-5690-32de-a186-1dc3ad3316c9",
    "dc:identifier": "1019",
    "schema:email": [
      "bgeigle@visitparisregion.com",
      "hcaldo@visitparisregion.com",
      "mtanaskovic@visitparisregion.com"
    ],
    "schema:legalName": "Choose Paris Region",
    "@type": [
      "schema:Organization",
      "foaf:Agent",
      "Agent"
    ],
    "foaf:homepage": [
      "http://www.visitparisregion.com/"
    ]
  },
  "hasBeenPublishedBy": [
    {
      "@id": "https://data.datatourisme.fr/8a9feb4b-2cbd-3d2c-b507-bd6c6776b23b",
      "schema:legalName": "Apidae Tourisme Scic SA - source : Apidae Tourisme",
      "@type": [
        "schema:Organization",
        "foaf:Agent",
        "Agent"
      ],
      "foaf:homepage": [
        "https://www.apidae-tourisme.com/"
      ]
    }
  ],
  "hasContact": [
    {
      "@id": "https://data.datatourisme.fr/d19ad28e-6376-3410-9311-4d5a235ba05c",
      "schema:telephone": [
        "+33 048420101"
      ],
      "@type": [
        "foaf:Agent",
        "Agent"
      ],
      "foaf:homepage": [
        "https://www.goodplanet.org/fr/"
      ]
    }
  ],
  "hasDescription": [
    {
      "@id": "https://data.datatourisme.fr/e099d45f-9516-36da-a677-a724fd6a7c48",
      "@type": [
        "Description"
      ],
      "hasTranslatedProperty": [
        {
          "@id": "https://data.datatourisme.fr/01a31843-634e-3bdb-b9ad-b16cb0ecfe5a",
          "dc:contributor": [
            "https://api.deepl.com/v2/translate"
          ],
          "rdf:language": [
            "es"
          ],
          "rdf:predicate": [
            "shortDescription"
          ]
        },
        {
          "@id": "https://data.datatourisme.fr/2ae00960-4e24-3927-ba28-ff47ee580ec2",
          "dc:contributor": [
            "https://api.deepl.com/v2/translate"
          ],
          "rdf:language": [
            "de"
          ],
          "rdf:predicate": [
            "shortDescription"
          ]
        },
        {
          "@id": "https://data.datatourisme.fr/63762cab-8310-38c6-90fa-c92919076889",
          "dc:contributor": [
            "https://api.deepl.com/v2/translate"
          ],
          "rdf:language": [
            "nl"
          ],
          "rdf:predicate": [
            "shortDescription"
          ]
        },
        {
          "@id": "https://data.datatourisme.fr/8af26b52-94e3-34e4-8505-dbea0d80e7f3",
          "dc:contributor": [
            "https://api.deepl.com/v2/translate"
          ],
          "rdf:language": [
            "en"
          ],
          "rdf:predicate": [
            "shortDescription"
          ]
        },
        {
          "@id": "https://data.datatourisme.fr/e1646a5c-0991-339e-8bbd-11e29a58496a",
          "dc:contributor": [
            "https://api.deepl.com/v2/translate"
          ],
          "rdf:language": [
            "it"
          ],
          "rdf:predicate": [
            "shortDescription"
          ]
        }
      ],
      "shortDescription": {
        "de": [
          "Die GoodPlanet Foundation wurde von Yann Arthus-Bertrand im Bois de Boulogne in Paris gegründet und ist ein kostenloser Ort, an dem das Bewusstsein für Umwelt- und Menschenfragen geschärft wird."
        ],
        "en": [
          "Founded by Yann Arthus-Bertrand in the Bois de Boulogne in Paris, the GoodPlanet Foundation is a free place to raise awareness on environmental and human issues."
        ],
        "it": [
          "Fondata da Yann Arthus-Bertrand nel Bois de Boulogne a Parigi, la Fondazione GoodPlanet è un luogo libero di sensibilizzazione su questioni ambientali e umane."
        ],
        "fr": [
          "Fondée par Yann Arthus-Bertrand dans le bois de Boulogne à Paris, la Fondation GoodPlanet est un lieu gratuit de sensibilisation aux questions environnementales et humaines."
        ],
        "es": [
          "Fundada por Yann Arthus-Bertrand en el Bois de Boulogne de París, la Fundación GoodPlanet es un espacio gratuito de sensibilización sobre temas medioambientales y humanos."
        ],
        "nl": [
          "De GoodPlanet Foundation, opgericht door Yann Arthus-Bertrand in het Bois de Boulogne in Parijs, is een gratis plek om mensen bewust te maken van milieu- en menselijke kwesties."
        ]
      }
    }
  ],
  "hasTheme": [
    {
      "@id": "kb:Culture",
      "@type": [
        "CulturalTheme"
      ],
      "rdfs:label": {
        "de": [
          "Kultur"
        ],
        "pt": [
          "Cultura"
        ],
        "en": [
          "Culture"
        ],
        "it": [
          "Cultura"
        ],
        "fr": [
          "Culture"
        ],
        "nl": [
          "Cultuur"
        ],
        "es": [
          "Cultura"
        ]
      }
    }
  ],
  "hasTranslatedProperty": [
    {
      "@id": "https://data.datatourisme.fr/37462ac0-e027-334b-a05d-3d1ccb269718",
      "dc:contributor": [
        "https://api.deepl.com/v2/translate"
      ],
      "rdf:language": [
        "nl"
      ],
      "rdf:predicate": [
        {
          "@id": "rdfs:comment"
        }
      ]
    },
    {
      "@id": "https://data.datatourisme.fr/4f2af4fd-b3a0-348a-8165-9d3afaae7682",
      "dc:contributor": [
        "https://api.deepl.com/v2/translate"
      ],
      "rdf:language": [
        "de"
      ],
      "rdf:predicate": [
        {
          "@id": "rdfs:comment"
        }
      ]
    },
    {
      "@id": "https://data.datatourisme.fr/651e53c2-cf2c-3981-8626-f5046e3b19b2",
      "dc:contributor": [
        "https://api.deepl.com/v2/translate"
      ],
      "rdf:language": [
        "es"
      ],
      "rdf:predicate": [
        {
          "@id": "rdfs:comment"
        }
      ]
    },
    {
      "@id": "https://data.datatourisme.fr/daf57935-2064-3a45-a6b1-dba1db0719d5",
      "dc:contributor": [
        "https://api.deepl.com/v2/translate"
      ],
      "rdf:language": [
        "en"
      ],
      "rdf:predicate": [
        {
          "@id": "rdfs:comment"
        }
      ]
    },
    {
      "@id": "https://data.datatourisme.fr/dd1729ec-0b4c-3326-b5f9-dfc55db1594d",
      "dc:contributor": [
        "https://api.deepl.com/v2/translate"
      ],
      "rdf:language": [
        "it"
      ],
      "rdf:predicate": [
        {
          "@id": "rdfs:comment"
        }
      ]
    }
  ],
  "isLocatedAt": [
    {
      "@id": "https://data.datatourisme.fr/80a2dade-f7e7-3162-ae37-504dcad39bc4",
      "schema:address": [
        {
          "@id": "https://data.datatourisme.fr/70541c5e-c246-38a5-9f04-a06f6353c213",
          "schema:addressLocality": "Paris 16e Arrondissement",
          "schema:postalCode": "75016",
          "schema:streetAddress": [
            "1 Carrefour de Longchamp"
          ],
          "@type": [
            "schema:PostalAddress",
            "PostalAddress"
          ],
          "hasAddressCity": {
            "@id": "kb:75116",
            "@type": [
              "City"
            ],
            "rdfs:label": {
              "de": [
                "Paris 16e Arrondissement"
              ],
              "pt": [
                "Paris 16e Arrondissement"
              ],
              "en": [
                "Paris 16e Arrondissement"
              ],
              "it": [
                "Paris 16e Arrondissement"
              ],
              "fr": [
                "Paris 16e Arrondissement"
              ],
              "nl": [
                "Paris 16e Arrondissement"
              ],
              "es": [
                "Paris 16e Arrondissement"
              ]
            },
            "insee": "75116",
            "isPartOfDepartment": {
              "@id": "kb:France1175",
              "@type": [
                "Department"
              ],
              "rdfs:label": {
                "de": [
                  "Paris"
                ],
                "pt": [
                  "Paris"
                ],
                "en": [
                  "Paris"
                ],
                "it": [
                  "Paris"
                ],
                "fr": [
                  "Paris"
                ],
                "nl": [
                  "Paris"
                ],
                "es": [
                  "Paris"
                ]
              },
              "insee": "75",
              "isPartOfRegion": {
                "@id": "kb:France11",
                "@type": [
                  "Region"
                ],
                "rdfs:label": {
                  "de": [
                    "Île-de-France"
                  ],
                  "pt": [
                    "Île-de-France"
                  ],
                  "en": [
                    "Île-de-France"
                  ],
                  "it": [
                    "Île-de-France"
                  ],
                  "fr": [
                    "Île-de-France"
                  ],
                  "nl": [
                    "Île-de-France"
                  ],
                  "es": [
                    "Île-de-France"
                  ]
                },
                "insee": "11",
                "isPartOfCountry": {
                  "@id": "kb:France",
                  "@type": [
                    "schema:Country"
                  ],
                  "rdfs:label": {
                    "de": [
                      "France",
                      "Frankreich"
                    ],
                    "pt": [
                      "França",
                      "France"
                    ],
                    "en": [
                      "France"
                    ],
                    "it": [
                      "France",
                      "Francia"
                    ],
                    "fr": [
                      "France"
                    ],
                    "nl": [
                      "France",
                      "Frankrijk"
                    ],
                    "es": [
                      "France",
                      "Francia"
                    ]
                  }
                }
              }
            }
          }
        }
      ],
      "schema:geo": {
        "@id": "https://data.datatourisme.fr/614d6ff9-63ed-3828-a1b1-1c00f2daf176",
        "schema:latitude": "48.865118",
        "schema:longitude": "2.237971",
        "@type": [
          "schema:GeoCoordinates"
        ]
      },
      "schema:openingHoursSpecification": [
        {
          "@id": "https://data.datatourisme.fr/29414017-7a0a-3752-b93c-44c79555c878",
          "schema:closes": "18:00:00",
          "schema:opens": "12:00:00",
          "schema:validFrom": "2023-04-09T00:00:00",
          "schema:validThrough": "2023-12-18T23:59:59",
          "@type": [
            "schema:OpeningHoursSpecification"
          ],
          "additionalInformation": {
            "de": [
              "Mittwoch bis Freitag von 12:00 bis 18:00 Uhr\r\nSamstag bis Sonntag von 11:00 bis 19:00 Uhr"
            ],
            "en": [
              "From Wednesday to Friday from 12pm to 6pm\r\nFrom Saturday to Sunday from 11am to 7pm"
            ],
            "it": [
              "Da mercoledì a venerdì dalle 12.00 alle 18.00\r\nDa sabato a domenica dalle 11.00 alle 19.00"
            ],
            "fr": [
              "Du mercredi au vendredi de 12h à 18h\r\nDu samedi au dimanche de 11h à 19h"
            ],
            "nl": [
              "Woensdag tot vrijdag van 12 tot 18 uur\r\nZaterdag tot zondag van 11 tot 19 uur"
            ],
            "es": [
              "De miércoles a viernes de 12 a 18 horas\r\nDe sábado a domingo de 11 a 19 horas"
            ]
          },
          "hasTranslatedProperty": [
            {
              "@id": "https://data.datatourisme.fr/48b70bd5-0424-32ff-9106-ea1dd41556a6",
              "dc:contributor": [
                "https://api.deepl.com/v2/translate"
              ],
              "rdf:language": [
                "en"
              ],
              "rdf:predicate": [
                "additionalInformation"
              ]
            },
            {
              "@id": "https://data.datatourisme.fr/70352bfc-8706-3acc-8b00-7ce30919a0a4",
              "dc:contributor": [
                "https://api.deepl.com/v2/translate"
              ],
              "rdf:language": [
                "de"
              ],
              "rdf:predicate": [
                "additionalInformation"
              ]
            },
            {
              "@id": "https://data.datatourisme.fr/bce1e619-7041-344d-8710-a48e7c6b5d37",
              "dc:contributor": [
                "https://api.deepl.com/v2/translate"
              ],
              "rdf:language": [
                "es"
              ],
              "rdf:predicate": [
                "additionalInformation"
              ]
            },
            {
              "@id": "https://data.datatourisme.fr/dcf033e4-60ae-33d0-896e-da5671db67b7",
              "dc:contributor": [
                "https://api.deepl.com/v2/translate"
              ],
              "rdf:language": [
                "nl"
              ],
              "rdf:predicate": [
                "additionalInformation"
              ]
            },
            {
              "@id": "https://data.datatourisme.fr/e9752095-73e0-3182-92e7-a628ab721bba",
              "dc:contributor": [
                "https://api.deepl.com/v2/translate"
              ],
              "rdf:language": [
                "it"
              ],
              "rdf:predicate": [
                "additionalInformation"
              ]
            }
          ]
        }
      ],
      "@type": [
        "schema:Place",
        "Place"
      ]
    }
  ],
  "isOwnedBy": [
    {
      "@id": "https://data.datatourisme.fr/26ecd6f0-563c-356a-b0f9-ad3ec17effc4",
      "schema:email": [
        "bgeigle@visitparisregion.com",
        "hcaldo@visitparisregion.com",
        "mtanaskovic@visitparisregion.com"
      ],
      "schema:legalName": "Comité Régional du Tourisme Paris Ile de France",
      "@type": [
        "schema:Organization",
        "foaf:Agent",
        "Agent"
      ],
      "foaf:homepage": [
        "http://www.visitparisregion.com/"
      ]
    }
  ],
  "lastUpdate": "2022-04-20",
  "lastUpdateDatatourisme": "2023-10-02T05:53:31.81Z"
}