{
  "@id": "https://data.datatourisme.fr/13/7a3cb4bb-f715-3ab5-babd-629c08a7ca7f",
  "dc:identifier": "406111",
  "@type": [
    "olo:OrderedList",
    "EducationalTrail",
    "PlaceOfInterest",
    "PointOfInterest",
    "SportsAndLeisurePlace",
    "Tour",
    "WalkingTour"
  ],
  "rdfs:comment": {
    "de": [
      "Besuchen Sie das Herz des alten Dorfes auf dem beschilderten historischen Rundgang. Faltblatt im Rathaus erhältlich."
    ],
    "en": [
      "Discover the heart of the village along the signposted historical trail. Information leaflet available at the town Hall or Tourist Office in St Vallier."
    ],
    "it": [
      "Visitate il cuore dell'antico villaggio lungo il percorso storico segnalato. Opuscolo disponibile presso il municipio."
    ],
    "fr": [
      "Visitez le coeur du vieux village au gré du parcours historique fléché. Dépliant à disposition à la mairie."
    ],
    "es": [
      "Visite el corazón del antiguo pueblo a lo largo de la ruta histórica señalizada. Folleto disponible en el ayuntamiento."
    ],
    "nl": [
      "Bezoek het hart van het oude dorp langs de bewegwijzerde historische route. Folder beschikbaar op het gemeentehuis."
    ]
  },
  "rdfs:label": {
    "de": [
      "Historic path"
    ],
    "ru": [
      "Historic path"
    ],
    "en": [
      "Historic path"
    ],
    "it": [
      "Historic path"
    ],
    "fr": [
      "Parcours historique"
    ],
    "zh": [
      "Historic path"
    ],
    "nl": [
      "Historic path"
    ],
    "es": [
      "Historic path"
    ]
  },
  "hasBeenCreatedBy": {
    "@id": "https://data.datatourisme.fr/13/73278a4a-8696-3eeb-976a-8fd4c9ec6997",
    "dc:identifier": "113",
    "schema:email": [
      "d.sanial@dromardeche.fr",
      "j.bruyere@dromardeche.fr"
    ],
    "schema:legalName": "Office de Tourisme Porte de DrômArdèche",
    "@type": [
      "schema:Organization",
      "foaf:Agent",
      "Agent"
    ],
    "foaf:homepage": [
      "http://www.autour-du-palais-ideal.fr/"
    ]
  },
  "hasBeenPublishedBy": [
    {
      "@id": "https://data.datatourisme.fr/d48f2ccd-2357-3a8e-b949-cb8bf19a361f",
      "schema:legalName": "Agence d'Attractivité de la Drôme - source : Apidae Tourisme",
      "@type": [
        "schema:Organization",
        "foaf:Agent",
        "Agent"
      ],
      "foaf:homepage": [
        "https://www.apidae-tourisme.com/"
      ]
    }
  ],
  "hasContact": [
    {
      "@id": "https://data.datatourisme.fr/8e88c9f0-b6bf-3cc2-bafd-388d5a669f79",
      "schema:telephone": [
        "+33 4 75 23 04 81",
        "+33 4 75 23 45 33"
      ],
      "@type": [
        "foaf:Agent",
        "Agent"
      ]
    }
  ],
  "hasDescription": [
    {
      "@id": "https://data.datatourisme.fr/baf3d51d-b71a-3a53-9de8-2ddabbd68004",
      "@type": [
        "Description"
      ],
      "hasTranslatedProperty": [
        {
          "@id": "https://data.datatourisme.fr/47633e12-b988-34e1-b1a4-180f0341f35c",
          "dc:contributor": [
            "https://api.deepl.com/v2/translate"
          ],
          "rdf:language": [
            "de"
          ],
          "rdf:predicate": [
            "shortDescription"
          ]
        },
        {
          "@id": "https://data.datatourisme.fr/886a04e1-bdc3-3fea-a240-3f0730165afa",
          "dc:contributor": [
            "https://api.deepl.com/v2/translate"
          ],
          "rdf:language": [
            "es"
          ],
          "rdf:predicate": [
            "shortDescription"
          ]
        },
        {
          "@id": "https://data.datatourisme.fr/8d6d8ec8-0b32-307c-8045-ef862ef176e6",
          "dc:contributor": [
            "https://api.deepl.com/v2/translate"
          ],
          "rdf:language": [
            "nl"
          ],
          "rdf:predicate": [
            "shortDescription"
          ]
        },
        {
          "@id": "https://data.datatourisme.fr/b9c0c299-acbc-35bf-a0b2-ce6ca75848ed",
          "dc:contributor": [
            "https://api.deepl.com/v2/translate"
          ],
          "rdf:language": [
            "it"
          ],
          "rdf:predicate": [
            "shortDescription"
          ]
        }
      ],
      "shortDescription": {
        "de": [
          "Besuchen Sie das Herz des alten Dorfes auf dem beschilderten historischen Rundgang. Faltblatt im Rathaus erhältlich."
        ],
        "en": [
          "Discover the heart of the village along the signposted historical trail. Information leaflet available at the town Hall or Tourist Office in St Vallier."
        ],
        "it": [
          "Visitate il cuore dell'antico villaggio lungo il percorso storico segnalato. Opuscolo disponibile presso il municipio."
        ],
        "fr": [
          "Visitez le coeur du vieux village au gré du parcours historique fléché. Dépliant à disposition à la mairie."
        ],
        "es": [
          "Visite el corazón del antiguo pueblo a lo largo de la ruta histórica señalizada. Folleto disponible en el ayuntamiento."
        ],
        "nl": [
          "Bezoek het hart van het oude dorp langs de bewegwijzerde historische route. Folder beschikbaar op het gemeentehuis."
        ]
      }
    }
  ],
  "hasTheme": [
    {
      "@id": "kb:Hiking",
      "@type": [
        "SportsTheme"
      ],
      "rdfs:label": {
        "de": [
          "Wanderung"
        ],
        "pt": [
          "Caminhada"
        ],
        "en": [
          "Hiking"
        ],
        "it": [
          "Escursione"
        ],
        "fr": [
          "Randonnée"
        ],
        "nl": [
          "Wandelen"
        ],
        "es": [
          "Senderismo"
        ]
      }
    },
    {
      "@id": "kb:Pedestrian",
      "@type": [
        "SportsTheme"
      ],
      "rdfs:label": {
        "de": [
          "Zu Fuß"
        ],
        "pt": [
          "Pedestre"
        ],
        "en": [
          "Pedestrian"
        ],
        "it": [
          "A piedi"
        ],
        "fr": [
          "Pédestre"
        ],
        "nl": [
          "Voetgangers"
        ],
        "es": [
          "Peatón"
        ]
      }
    },
    {
      "@id": "kb:Running",
      "@type": [
        "SportsTheme"
      ],
      "rdfs:label": {
        "de": [
          "Laufen"
        ],
        "pt": [
          "Corrida a pé"
        ],
        "en": [
          "Running"
        ],
        "it": [
          "Corsa a piedi"
        ],
        "fr": [
          "Course à pied"
        ],
        "nl": [
          "Hardlopen"
        ],
        "es": [
          "Carrera a pie"
        ]
      }
    }
  ],
  "hasTranslatedProperty": [
    {
      "@id": "https://data.datatourisme.fr/4d6ef050-393b-32cb-8cc6-f01aad6af13f",
      "dc:contributor": [
        "https://api.deepl.com/v2/translate"
      ],
      "rdf:language": [
        "es"
      ],
      "rdf:predicate": [
        {
          "@id": "rdfs:comment"
        }
      ]
    },
    {
      "@id": "https://data.datatourisme.fr/8024d0a3-44a4-345e-afee-83cc5d541394",
      "dc:contributor": [
        "https://api.deepl.com/v2/translate"
      ],
      "rdf:language": [
        "de"
      ],
      "rdf:predicate": [
        {
          "@id": "rdfs:comment"
        }
      ]
    },
    {
      "@id": "https://data.datatourisme.fr/894c237d-6d62-3bc9-882f-3a33ce900a24",
      "dc:contributor": [
        "https://api.deepl.com/v2/translate"
      ],
      "rdf:language": [
        "nl"
      ],
      "rdf:predicate": [
        {
          "@id": "rdfs:comment"
        }
      ]
    },
    {
      "@id": "https://data.datatourisme.fr/e1cbb848-4064-38aa-ab4b-fa28a2502965",
      "dc:contributor": [
        "https://api.deepl.com/v2/translate"
      ],
      "rdf:language": [
        "it"
      ],
      "rdf:predicate": [
        {
          "@id": "rdfs:comment"
        }
      ]
    }
  ],
  "isLocatedAt": [
    {
      "@id": "https://data.datatourisme.fr/a457444c-9be0-3342-a3d9-cc93bbde5758",
      "schema:address": [
        {
          "@id": "https://data.datatourisme.fr/df13a420-5482-3661-b8b1-50003e60a1b5",
          "schema:addressLocality": "Sarras",
          "schema:postalCode": "07370",
          "schema:streetAddress": [
            "Village"
          ],
          "@type": [
            "schema:PostalAddress",
            "PostalAddress"
          ],
          "hasAddressCity": {
            "@id": "kb:07308",
            "@type": [
              "City"
            ],
            "rdfs:label": {
              "de": [
                "Sarras"
              ],
              "pt": [
                "Sarras"
              ],
              "en": [
                "Sarras"
              ],
              "it": [
                "Sarras"
              ],
              "fr": [
                "Sarras"
              ],
              "nl": [
                "Sarras"
              ],
              "es": [
                "Sarras"
              ]
            },
            "insee": "07308",
            "isPartOfDepartment": {
              "@id": "kb:France8407",
              "@type": [
                "Department"
              ],
              "rdfs:label": {
                "de": [
                  "Ardèche"
                ],
                "pt": [
                  "Ardèche"
                ],
                "en": [
                  "Ardèche"
                ],
                "it": [
                  "Ardèche"
                ],
                "fr": [
                  "Ardèche"
                ],
                "nl": [
                  "Ardèche"
                ],
                "es": [
                  "Ardèche"
                ]
              },
              "insee": "07",
              "isPartOfRegion": {
                "@id": "kb:France84",
                "@type": [
                  "Region"
                ],
                "rdfs:label": {
                  "de": [
                    "Auvergne-Rhône-Alpes"
                  ],
                  "pt": [
                    "Auvergne-Rhône-Alpes"
                  ],
                  "en": [
                    "Auvergne-Rhône-Alpes"
                  ],
                  "it": [
                    "Auvergne-Rhône-Alpes"
                  ],
                  "fr": [
                    "Auvergne-Rhône-Alpes"
                  ],
                  "nl": [
                    "Auvergne-Rhône-Alpes"
                  ],
                  "es": [
                    "Auvergne-Rhône-Alpes"
                  ]
                },
                "insee": "84",
                "isPartOfCountry": {
                  "@id": "kb:France",
                  "@type": [
                    "schema:Country"
                  ],
                  "rdfs:label": {
                    "de": [
                      "France",
                      "Frankreich"
                    ],
                    "pt": [
                      "França",
                      "France"
                    ],
                    "en": [
                      "France"
                    ],
                    "it": [
                      "France",
                      "Francia"
                    ],
                    "fr": [
                      "France"
                    ],
                    "nl": [
                      "France",
                      "Frankrijk"
                    ],
                    "es": [
                      "France",
                      "Francia"
                    ]
                  }
                }
              }
            }
          }
        }
      ],
      "schema:geo": {
        "@id": "https://data.datatourisme.fr/625b8797-bc2f-32ae-9a62-adcf8c287d7c",
        "schema:latitude": "45.18657",
        "schema:longitude": "4.798182",
        "@type": [
          "schema:GeoCoordinates"
        ]
      },
      "schema:openingHoursSpecification": [
        {
          "@id": "https://data.datatourisme.fr/f87e535a-636d-3343-ad63-8a03392e7511",
          "schema:validFrom": "2023-01-01T00:00:00",
          "schema:validThrough": "2023-12-31T23:59:59",
          "@type": [
            "schema:OpeningHoursSpecification"
          ]
        }
      ],
      "@type": [
        "schema:Place",
        "Place"
      ]
    }
  ],
  "isOwnedBy": [
    {
      "@id": "https://data.datatourisme.fr/c34130c6-4437-3624-9afb-3511a8692fba",
      "schema:email": [
        "d.sanial@dromardeche.fr",
        "j.bruyere@dromardeche.fr"
      ],
      "schema:legalName": "Office de Tourisme Porte de DrômArdèche",
      "@type": [
        "schema:Organization",
        "foaf:Agent",
        "Agent"
      ],
      "foaf:homepage": [
        "http://www.autour-du-palais-ideal.fr/"
      ]
    }
  ],
  "lastUpdate": "2020-01-14",
  "lastUpdateDatatourisme": "2023-02-10T06:39:19.845Z"
}