{
  "@id": "https://data.datatourisme.fr/13/7519e291-e72e-3694-bf74-780a218a406c",
  "dc:identifier": "696970",
  "@type": [
    "CulturalSite",
    "PlaceOfInterest",
    "PointOfInterest"
  ],
  "rdfs:comment": {
    "de": [
      "Als Basilika und späteres Gedächtnis der Republik nach der Französischen Revolution beherrscht das Pantheon das Quartier Latin, den Jardin du Luxembourg und die Sorbonne."
    ],
    "en": [
      "Basilica, then memory of the republic after the French Revolution, the Pantheon dominates the Latin Quarter, the Luxembourg Gardens and the Sorbonne."
    ],
    "it": [
      "Basilica, poi memoria della Repubblica dopo la Rivoluzione francese, il Pantheon domina il Quartiere Latino, i Giardini di Lussemburgo e la Sorbona."
    ],
    "fr": [
      "Basilique, puis mémoire de la république après la Révolution Française, le Panthéon domine le quartier latin, le jardin du Luxembourg et la Sorbonne."
    ],
    "nl": [
      "Basiliek, toen herinnering aan de republiek na de Franse Revolutie, het Pantheon domineert het Quartier Latin, de Tuinen van Luxemburg en de Sorbonne."
    ],
    "es": [
      "Basílica, entonces memoria de la república tras la Revolución Francesa, el Panteón domina el Barrio Latino, los Jardines de Luxemburgo y la Sorbona."
    ]
  },
  "rdfs:label": {
    "en": [
      "Panthéon"
    ],
    "fr": [
      "Panthéon"
    ]
  },
  "owl:sameAs": [
    "http://www.wikidata.org/entity/Q2973174"
  ],
  "hasBeenCreatedBy": {
    "@id": "https://data.datatourisme.fr/13/03e0704b-5690-32de-a186-1dc3ad3316c9",
    "dc:identifier": "1019",
    "schema:email": [
      "bgeigle@visitparisregion.com",
      "hcaldo@visitparisregion.com",
      "mtanaskovic@visitparisregion.com"
    ],
    "schema:legalName": "Choose Paris Region",
    "@type": [
      "schema:Organization",
      "foaf:Agent",
      "Agent"
    ],
    "foaf:homepage": [
      "http://www.visitparisregion.com/"
    ]
  },
  "hasBeenPublishedBy": [
    {
      "@id": "https://data.datatourisme.fr/8a9feb4b-2cbd-3d2c-b507-bd6c6776b23b",
      "schema:legalName": "Apidae Tourisme Scic SA - source : Apidae Tourisme",
      "@type": [
        "schema:Organization",
        "foaf:Agent",
        "Agent"
      ],
      "foaf:homepage": [
        "https://www.apidae-tourisme.com/"
      ]
    }
  ],
  "hasContact": [
    {
      "@id": "https://data.datatourisme.fr/a1c0561a-c296-3e59-8f10-ba4274a7479c",
      "schema:email": [
        "reservations.pantheon@monuments-nationaux.fr"
      ],
      "schema:telephone": [
        "+33 1 44 32 18 00"
      ],
      "@type": [
        "foaf:Agent",
        "Agent"
      ],
      "foaf:homepage": [
        "http://www.paris-pantheon.fr/"
      ]
    }
  ],
  "hasDescription": [
    {
      "@id": "https://data.datatourisme.fr/cddc79bc-7d59-350a-8e67-0704ed9681e5",
      "@type": [
        "Description"
      ],
      "hasTranslatedProperty": [
        {
          "@id": "https://data.datatourisme.fr/071e69db-8c13-3dff-a97a-ceb244b90cdd",
          "dc:contributor": [
            "https://api.deepl.com/v2/translate"
          ],
          "rdf:language": [
            "nl"
          ],
          "rdf:predicate": [
            "shortDescription"
          ]
        },
        {
          "@id": "https://data.datatourisme.fr/7edb076c-fc02-3b74-87ce-ca6db129bab3",
          "dc:contributor": [
            "https://api.deepl.com/v2/translate"
          ],
          "rdf:language": [
            "de"
          ],
          "rdf:predicate": [
            "shortDescription"
          ]
        },
        {
          "@id": "https://data.datatourisme.fr/812eccf1-766f-3b41-8df5-a64730106cee",
          "dc:contributor": [
            "https://api.deepl.com/v2/translate"
          ],
          "rdf:language": [
            "it"
          ],
          "rdf:predicate": [
            "shortDescription"
          ]
        },
        {
          "@id": "https://data.datatourisme.fr/ac73c989-fa30-316b-b5b6-2d6e4662142a",
          "dc:contributor": [
            "https://api.deepl.com/v2/translate"
          ],
          "rdf:language": [
            "en"
          ],
          "rdf:predicate": [
            "shortDescription"
          ]
        },
        {
          "@id": "https://data.datatourisme.fr/f321937e-9154-37b7-8e61-9170ae66a89e",
          "dc:contributor": [
            "https://api.deepl.com/v2/translate"
          ],
          "rdf:language": [
            "es"
          ],
          "rdf:predicate": [
            "shortDescription"
          ]
        }
      ],
      "shortDescription": {
        "de": [
          "Als Basilika und späteres Gedächtnis der Republik nach der Französischen Revolution beherrscht das Pantheon das Quartier Latin, den Jardin du Luxembourg und die Sorbonne."
        ],
        "en": [
          "Basilica, then memory of the republic after the French Revolution, the Pantheon dominates the Latin Quarter, the Luxembourg Gardens and the Sorbonne."
        ],
        "it": [
          "Basilica, poi memoria della Repubblica dopo la Rivoluzione francese, il Pantheon domina il Quartiere Latino, i Giardini di Lussemburgo e la Sorbona."
        ],
        "fr": [
          "Basilique, puis mémoire de la république après la Révolution Française, le Panthéon domine le quartier latin, le jardin du Luxembourg et la Sorbonne."
        ],
        "nl": [
          "Basiliek, toen herinnering aan de republiek na de Franse Revolutie, het Pantheon domineert het Quartier Latin, de Tuinen van Luxemburg en de Sorbonne."
        ],
        "es": [
          "Basílica, entonces memoria de la república tras la Revolución Francesa, el Panteón domina el Barrio Latino, los Jardines de Luxemburgo y la Sorbona."
        ]
      }
    }
  ],
  "hasRepresentation": [
    {
      "@id": "https://data.datatourisme.fr/b27db541-fac6-32a6-9d00-b4b1e388d139",
      "ebucore:hasAnnotation": [
        {
          "@id": "https://data.datatourisme.fr/ef9f5f64-b840-3509-a311-130a775d0884",
          "ebucore:isCoveredBy": "CC BY-SA 4.0",
          "ebucore:title": {
            "fr": [
              "Cinéma du Panthéon, 13 rue Victor-Cousin, Paris 5e"
            ]
          },
          "@type": [
            "ebucore:Annotation"
          ],
          "credits": [
            "Celette (https://commons.wikimedia.org/wiki/User:Celette)"
          ]
        }
      ],
      "ebucore:hasRelatedResource": [
        {
          "@id": "https://data.datatourisme.fr/6ff74bc0-1870-35d7-b256-ad97d4f35183",
          "ebucore:fileSize": [
            2986919
          ],
          "ebucore:hasMimeType": [
            {
              "@id": "kb:JPEG",
              "@type": [
                "ebucore:MimeType"
              ],
              "rdfs:comment": {
                "de": [
                  "JPEG-Bild"
                ],
                "pt": [
                  "Imagem JPEG"
                ],
                "en": [
                  "JPEG image file"
                ],
                "it": [
                  "Immagine JPEG"
                ],
                "fr": [
                  "Image JPEG"
                ],
                "nl": [
                  "JPEG-afbeelding"
                ],
                "es": [
                  "Imagen JPEG"
                ]
              },
              "rdfs:label": {
                "de": [
                  "image/jpeg"
                ],
                "pt": [
                  "image/jpeg"
                ],
                "en": [
                  "image/jpeg"
                ],
                "it": [
                  "image/jpeg"
                ],
                "fr": [
                  "image/jpeg"
                ],
                "nl": [
                  "image/jpeg"
                ],
                "es": [
                  "image/jpeg"
                ]
              }
            }
          ],
          "ebucore:height": 4666,
          "ebucore:locator": [
            "https://upload.wikimedia.org/wikipedia/commons/9/9b/Cin%C3%A9ma_du_Panth%C3%A9on%2C_13_rue_Victor-Cousin%2C_Paris_5e.jpg"
          ],
          "ebucore:width": 3562,
          "@type": [
            "ebucore:Resource"
          ]
        }
      ],
      "@type": [
        "ebucore:EditorialObject"
      ]
    }
  ],
  "hasTheme": [
    {
      "@id": "kb:Culture",
      "@type": [
        "CulturalTheme"
      ],
      "rdfs:label": {
        "de": [
          "Kultur"
        ],
        "pt": [
          "Cultura"
        ],
        "en": [
          "Culture"
        ],
        "it": [
          "Cultura"
        ],
        "fr": [
          "Culture"
        ],
        "nl": [
          "Cultuur"
        ],
        "es": [
          "Cultura"
        ]
      }
    }
  ],
  "hasTranslatedProperty": [
    {
      "@id": "https://data.datatourisme.fr/22b55f74-8333-32e0-a1c4-27a7f5cba2d7",
      "dc:contributor": [
        "https://api.deepl.com/v2/translate"
      ],
      "rdf:language": [
        "de"
      ],
      "rdf:predicate": [
        {
          "@id": "rdfs:comment"
        }
      ]
    },
    {
      "@id": "https://data.datatourisme.fr/2c7603ff-99b0-3012-9399-7644a1fd3d19",
      "dc:contributor": [
        "https://api.deepl.com/v2/translate"
      ],
      "rdf:language": [
        "en"
      ],
      "rdf:predicate": [
        {
          "@id": "rdfs:comment"
        }
      ]
    },
    {
      "@id": "https://data.datatourisme.fr/502a6c13-237f-374e-bfa3-1b804ce6769f",
      "dc:contributor": [
        "https://api.deepl.com/v2/translate"
      ],
      "rdf:language": [
        "nl"
      ],
      "rdf:predicate": [
        {
          "@id": "rdfs:comment"
        }
      ]
    },
    {
      "@id": "https://data.datatourisme.fr/f6467c5f-6cc0-3ff4-82a5-a2da1267ae34",
      "dc:contributor": [
        "https://api.deepl.com/v2/translate"
      ],
      "rdf:language": [
        "es"
      ],
      "rdf:predicate": [
        {
          "@id": "rdfs:comment"
        }
      ]
    },
    {
      "@id": "https://data.datatourisme.fr/fe66de43-8874-36bb-90fa-d24229ca3205",
      "dc:contributor": [
        "https://api.deepl.com/v2/translate"
      ],
      "rdf:language": [
        "it"
      ],
      "rdf:predicate": [
        {
          "@id": "rdfs:comment"
        }
      ]
    }
  ],
  "isLocatedAt": [
    {
      "@id": "https://data.datatourisme.fr/3d5e535d-b8b3-360f-94e1-3c32a1b57310",
      "schema:address": [
        {
          "@id": "https://data.datatourisme.fr/e37eef04-4d45-3f54-94c8-3325dc873be1",
          "schema:addressLocality": "Paris 5e Arrondissement",
          "schema:postalCode": "75005",
          "schema:streetAddress": [
            "Place du Panthéon"
          ],
          "@type": [
            "schema:PostalAddress",
            "PostalAddress"
          ],
          "hasAddressCity": {
            "@id": "kb:75105",
            "@type": [
              "City"
            ],
            "rdfs:label": {
              "de": [
                "Paris 5e Arrondissement"
              ],
              "pt": [
                "Paris 5e Arrondissement"
              ],
              "en": [
                "Paris 5e Arrondissement"
              ],
              "it": [
                "Paris 5e Arrondissement"
              ],
              "fr": [
                "Paris 5e Arrondissement"
              ],
              "nl": [
                "Paris 5e Arrondissement"
              ],
              "es": [
                "Paris 5e Arrondissement"
              ]
            },
            "insee": "75105",
            "isPartOfDepartment": {
              "@id": "kb:France1175",
              "@type": [
                "Department"
              ],
              "rdfs:label": {
                "de": [
                  "Paris"
                ],
                "pt": [
                  "Paris"
                ],
                "en": [
                  "Paris"
                ],
                "it": [
                  "Paris"
                ],
                "fr": [
                  "Paris"
                ],
                "nl": [
                  "Paris"
                ],
                "es": [
                  "Paris"
                ]
              },
              "insee": "75",
              "isPartOfRegion": {
                "@id": "kb:France11",
                "@type": [
                  "Region"
                ],
                "rdfs:label": {
                  "de": [
                    "Île-de-France"
                  ],
                  "pt": [
                    "Île-de-France"
                  ],
                  "en": [
                    "Île-de-France"
                  ],
                  "it": [
                    "Île-de-France"
                  ],
                  "fr": [
                    "Île-de-France"
                  ],
                  "nl": [
                    "Île-de-France"
                  ],
                  "es": [
                    "Île-de-France"
                  ]
                },
                "insee": "11",
                "isPartOfCountry": {
                  "@id": "kb:France",
                  "@type": [
                    "schema:Country"
                  ],
                  "rdfs:label": {
                    "de": [
                      "France",
                      "Frankreich"
                    ],
                    "pt": [
                      "França",
                      "France"
                    ],
                    "en": [
                      "France"
                    ],
                    "it": [
                      "France",
                      "Francia"
                    ],
                    "fr": [
                      "France"
                    ],
                    "nl": [
                      "France",
                      "Frankrijk"
                    ],
                    "es": [
                      "France",
                      "Francia"
                    ]
                  }
                }
              }
            }
          }
        }
      ],
      "schema:geo": {
        "@id": "https://data.datatourisme.fr/a6ff4b06-86f0-3797-8242-daeaa4908876",
        "schema:latitude": "48.846397",
        "schema:longitude": "2.345197",
        "@type": [
          "schema:GeoCoordinates"
        ]
      },
      "schema:openingHoursSpecification": [
        {
          "@id": "https://data.datatourisme.fr/0614c6de-3963-3697-a4ee-5e649004c495",
          "schema:closes": "18:30:00",
          "schema:opens": "10:00:00",
          "schema:validFrom": "2023-04-01T00:00:00",
          "schema:validThrough": "2023-09-30T23:59:59",
          "@type": [
            "schema:OpeningHoursSpecification"
          ],
          "additionalInformation": {
            "de": [
              "Letzter Einlass 17:45 Uhr\r\nBesuch des Panoramas geöffnet. Geöffnet an jedem Tag der Woche um 10.15, 11.00, 14.30, 15.30 und 16.30 Uhr"
            ],
            "en": [
              "Last entry 5:45 pm\r\nVisit of the panorama open. Open every day of the week at 10:15, 11:00, 14:30, 15:30 and 16:30"
            ],
            "it": [
              "Ultimo ingresso 17:45\r\nVisita del panorama aperto. Aperto tutti i giorni della settimana alle 10:15, 11:00, 14:30, 15:30 e 16:30"
            ],
            "fr": [
              "Dernière entrée 17h45\r\nVisite du panorama ouverte. Ouvert tous les jours de la semaine à 10h15, 11h00, 14h30, 15h30 et 16h30"
            ],
            "es": [
              "Última entrada 17:45\r\nVisita del panorama abierto. Abierto todos los días de la semana a las 10:15, 11:00, 14:30, 15:30 y 16:30"
            ],
            "nl": [
              "Laatste toegang 17:45\r\nBezoek van het panorama open. Open elke dag van de week om 10:15, 11:00, 14:30, 15:30 en 16:30"
            ]
          },
          "hasTranslatedProperty": [
            {
              "@id": "https://data.datatourisme.fr/1121f0e0-88f0-3fcf-9f72-89db952dd99c",
              "dc:contributor": [
                "https://api.deepl.com/v2/translate"
              ],
              "rdf:language": [
                "en"
              ],
              "rdf:predicate": [
                "additionalInformation"
              ]
            },
            {
              "@id": "https://data.datatourisme.fr/1dd39430-3995-34bf-9aa4-64af40e11264",
              "dc:contributor": [
                "https://api.deepl.com/v2/translate"
              ],
              "rdf:language": [
                "nl"
              ],
              "rdf:predicate": [
                "additionalInformation"
              ]
            },
            {
              "@id": "https://data.datatourisme.fr/3159d317-475d-3be6-9874-9f88ee4ebe45",
              "dc:contributor": [
                "https://api.deepl.com/v2/translate"
              ],
              "rdf:language": [
                "de"
              ],
              "rdf:predicate": [
                "additionalInformation"
              ]
            },
            {
              "@id": "https://data.datatourisme.fr/7c423bb0-bbfe-365b-a6fb-7853956b8b0b",
              "dc:contributor": [
                "https://api.deepl.com/v2/translate"
              ],
              "rdf:language": [
                "es"
              ],
              "rdf:predicate": [
                "additionalInformation"
              ]
            },
            {
              "@id": "https://data.datatourisme.fr/fadc2411-191f-3351-9eeb-dfc67c06fc2b",
              "dc:contributor": [
                "https://api.deepl.com/v2/translate"
              ],
              "rdf:language": [
                "it"
              ],
              "rdf:predicate": [
                "additionalInformation"
              ]
            }
          ]
        },
        {
          "@id": "https://data.datatourisme.fr/cfbd0245-8b64-33e6-a820-3239ba04a5ab",
          "schema:closes": "18:00:00",
          "schema:opens": "10:00:00",
          "schema:validFrom": "2023-10-01T00:00:00",
          "schema:validThrough": "2023-03-31T23:59:59",
          "@type": [
            "schema:OpeningHoursSpecification"
          ],
          "additionalInformation": {
            "de": [
              "Schließung des Ticketschalters 45 Minuten vorher.\r\nKeine Besichtigung des Panoramas"
            ],
            "en": [
              "Ticket office closes 45 minutes before.\r\nNo visit of the panorama"
            ],
            "it": [
              "La biglietteria chiude 45 minuti prima.\r\nNessuna visita al panorama"
            ],
            "fr": [
              "Fermeture de la billetterie 45 mn avant.\r\nPas de visite du panorama"
            ],
            "es": [
              "La taquilla cierra 45 minutos antes.\r\nNo hay visita al panorama"
            ],
            "nl": [
              "De kassa sluit 45 minuten van tevoren.\r\nGeen bezoek aan het panorama"
            ]
          },
          "hasTranslatedProperty": [
            {
              "@id": "https://data.datatourisme.fr/042da76b-1d02-35f5-8826-da5cc54dd66c",
              "dc:contributor": [
                "https://api.deepl.com/v2/translate"
              ],
              "rdf:language": [
                "en"
              ],
              "rdf:predicate": [
                "additionalInformation"
              ]
            },
            {
              "@id": "https://data.datatourisme.fr/10bdba8f-aad1-344c-9813-5fcd71f3e0dc",
              "dc:contributor": [
                "https://api.deepl.com/v2/translate"
              ],
              "rdf:language": [
                "it"
              ],
              "rdf:predicate": [
                "additionalInformation"
              ]
            },
            {
              "@id": "https://data.datatourisme.fr/87355a89-ad13-3893-a844-74826017fdf9",
              "dc:contributor": [
                "https://api.deepl.com/v2/translate"
              ],
              "rdf:language": [
                "nl"
              ],
              "rdf:predicate": [
                "additionalInformation"
              ]
            },
            {
              "@id": "https://data.datatourisme.fr/9904aff1-a3ce-327b-9b73-cb4246412882",
              "dc:contributor": [
                "https://api.deepl.com/v2/translate"
              ],
              "rdf:language": [
                "de"
              ],
              "rdf:predicate": [
                "additionalInformation"
              ]
            },
            {
              "@id": "https://data.datatourisme.fr/a47fcce5-c17a-36ed-b71a-4e8406ad55d7",
              "dc:contributor": [
                "https://api.deepl.com/v2/translate"
              ],
              "rdf:language": [
                "es"
              ],
              "rdf:predicate": [
                "additionalInformation"
              ]
            }
          ]
        }
      ],
      "@type": [
        "schema:Place",
        "Place"
      ]
    }
  ],
  "isOwnedBy": [
    {
      "@id": "https://data.datatourisme.fr/3b8a790a-ebad-39c6-9a18-c5663001f469",
      "schema:email": [
        "bgeigle@visitparisregion.com",
        "hcaldo@visitparisregion.com",
        "mtanaskovic@visitparisregion.com"
      ],
      "schema:legalName": "Choose Paris Region",
      "@type": [
        "schema:Organization",
        "foaf:Agent",
        "Agent"
      ],
      "foaf:homepage": [
        "http://www.visitparisregion.com/"
      ]
    }
  ],
  "lastUpdate": "2023-09-20",
  "lastUpdateDatatourisme": "2023-10-17T05:52:15.713Z",
  "offers": [
    {
      "@id": "https://data.datatourisme.fr/5a50289f-ed93-3bdd-935c-f0ffb28b3c88",
      "schema:priceSpecification": [
        {
          "@id": "https://data.datatourisme.fr/2e06a804-e26c-3863-b851-948290016796",
          "schema:maxPrice": [
            "11.5",
            "450",
            "9"
          ],
          "schema:minPrice": [
            "11.5",
            "450",
            "9"
          ],
          "schema:priceCurrency": "EUR",
          "@type": [
            "schema:PriceSpecification",
            "PriceSpecification"
          ],
          "appliesOnPeriod": [
            {
              "@id": "https://data.datatourisme.fr/291ba96c-d01e-34cf-9674-0451f896f0e4",
              "@type": [
                "Period"
              ],
              "endDate": "2023-09-30",
              "startDate": "2023-04-01"
            }
          ]
        },
        {
          "@id": "https://data.datatourisme.fr/3aff1ccd-05e7-3758-9a1b-0530ace3ae9a",
          "schema:maxPrice": [
            "11.5",
            "9"
          ],
          "schema:minPrice": [
            "11.5",
            "9"
          ],
          "schema:priceCurrency": "EUR",
          "@type": [
            "schema:PriceSpecification",
            "PriceSpecification"
          ],
          "appliesOnPeriod": [
            {
              "@id": "https://data.datatourisme.fr/1ff3ec26-d73f-374f-b161-70bf463b1eb6",
              "@type": [
                "Period"
              ],
              "endDate": "2024-03-31",
              "startDate": "2023-10-01"
            }
          ]
        }
      ],
      "@type": [
        "schema:Offer",
        "Offer"
      ]
    }
  ]
}