{
  "@id": "https://data.datatourisme.fr/13/09cf3389-8489-38fb-b50b-e0ed00c9fe96",
  "dc:identifier": "697984",
  "@type": [
    "schema:LocalBusiness",
    "schema:Museum",
    "CulturalSite",
    "Museum",
    "PlaceOfInterest",
    "PointOfInterest"
  ],
  "rdfs:comment": {
    "de": [
      "Das Petit Palais, das Museum der Schönen Künste der Stadt Paris, ist ein wahres architektonisches Juwel des 19. Jahrhunderts und bietet Ihnen einen chronologischen Besuch in einem bemerkenswert renovierten Raum an"
    ],
    "en": [
      "A true architectural jewel of the 19th century, the Petit Palais, Museum of Fine Arts of the City of Paris, offers you a chronological visit in a remarkably renovated space"
    ],
    "it": [
      "Vero e proprio gioiello architettonico del XIX secolo, il Petit Palais, Museo delle Belle Arti della città di Parigi, vi offre un percorso cronologico in uno spazio notevolmente rinnovato"
    ],
    "fr": [
      "Véritable joyau architectural du 19ème siècle, le Petit Palais, Musée des Beaux-Arts de la Ville de Paris, vous propose une visite chronologique dans un espace remarquablement rénové"
    ],
    "es": [
      "Verdadera joya arquitectónica del siglo XIX, el Petit Palais, el Museo de Bellas Artes de la ciudad de París, le ofrece un recorrido cronológico en un espacio notablemente renovado"
    ],
    "nl": [
      "Het Petit Palais, Musée des Beaux-Arts de la Ville de Paris, is een waar architecturaal juweel uit de 19e eeuw en biedt een chronologisch bezoek in een opmerkelijk gerenoveerde ruimte"
    ]
  },
  "rdfs:label": {
    "en": [
      "Petit Palais - Musée des Beaux Arts de la Ville de Paris"
    ],
    "fr": [
      "Petit Palais - Musée des Beaux Arts de la Ville de Paris"
    ]
  },
  "owl:sameAs": [
    "http://www.wikidata.org/entity/Q820892"
  ],
  "hasBeenCreatedBy": {
    "@id": "https://data.datatourisme.fr/13/03e0704b-5690-32de-a186-1dc3ad3316c9",
    "dc:identifier": "1019",
    "schema:email": [
      "bgeigle@visitparisregion.com",
      "hcaldo@visitparisregion.com",
      "mtanaskovic@visitparisregion.com"
    ],
    "schema:legalName": "Choose Paris Region",
    "@type": [
      "schema:Organization",
      "foaf:Agent",
      "Agent"
    ],
    "foaf:homepage": [
      "http://www.visitparisregion.com/"
    ]
  },
  "hasBeenPublishedBy": [
    {
      "@id": "https://data.datatourisme.fr/8a9feb4b-2cbd-3d2c-b507-bd6c6776b23b",
      "schema:legalName": "Apidae Tourisme Scic SA - source : Apidae Tourisme",
      "@type": [
        "schema:Organization",
        "foaf:Agent",
        "Agent"
      ],
      "foaf:homepage": [
        "https://www.apidae-tourisme.com/"
      ]
    }
  ],
  "hasContact": [
    {
      "@id": "https://data.datatourisme.fr/00a648f8-52dc-3bc3-b55f-1ab9cc4548b4",
      "schema:telephone": [
        "+33 1 53 43 40 00"
      ],
      "@type": [
        "foaf:Agent",
        "Agent"
      ],
      "foaf:homepage": [
        "http://www.parismusees.paris.fr/",
        "http://www.petitpalais.paris.fr/"
      ]
    }
  ],
  "hasDescription": [
    {
      "@id": "https://data.datatourisme.fr/c018ea02-9725-3314-a137-422d64cf3ba1",
      "@type": [
        "Description"
      ],
      "hasTranslatedProperty": [
        {
          "@id": "https://data.datatourisme.fr/3551d0be-b471-396f-9707-c6839aef320f",
          "dc:contributor": [
            "https://api.deepl.com/v2/translate"
          ],
          "rdf:language": [
            "es"
          ],
          "rdf:predicate": [
            "shortDescription"
          ]
        },
        {
          "@id": "https://data.datatourisme.fr/4f4a3062-3866-373f-802c-e852522a6251",
          "dc:contributor": [
            "https://api.deepl.com/v2/translate"
          ],
          "rdf:language": [
            "en"
          ],
          "rdf:predicate": [
            "shortDescription"
          ]
        },
        {
          "@id": "https://data.datatourisme.fr/813d4121-250a-3782-8ad3-628cc79ed67a",
          "dc:contributor": [
            "https://api.deepl.com/v2/translate"
          ],
          "rdf:language": [
            "it"
          ],
          "rdf:predicate": [
            "shortDescription"
          ]
        },
        {
          "@id": "https://data.datatourisme.fr/d1509b3a-73e8-3642-95de-fcf87152e814",
          "dc:contributor": [
            "https://api.deepl.com/v2/translate"
          ],
          "rdf:language": [
            "de"
          ],
          "rdf:predicate": [
            "shortDescription"
          ]
        },
        {
          "@id": "https://data.datatourisme.fr/e2ab5a2d-5744-3a81-befc-29855fe8aec0",
          "dc:contributor": [
            "https://api.deepl.com/v2/translate"
          ],
          "rdf:language": [
            "nl"
          ],
          "rdf:predicate": [
            "shortDescription"
          ]
        }
      ],
      "shortDescription": {
        "de": [
          "Das Petit Palais, das Museum der Schönen Künste der Stadt Paris, ist ein wahres architektonisches Juwel des 19. Jahrhunderts und bietet Ihnen einen chronologischen Besuch in einem bemerkenswert renovierten Raum an"
        ],
        "en": [
          "A true architectural jewel of the 19th century, the Petit Palais, Museum of Fine Arts of the City of Paris, offers you a chronological visit in a remarkably renovated space"
        ],
        "it": [
          "Vero e proprio gioiello architettonico del XIX secolo, il Petit Palais, Museo delle Belle Arti della città di Parigi, vi offre un percorso cronologico in uno spazio notevolmente rinnovato"
        ],
        "fr": [
          "Véritable joyau architectural du 19ème siècle, le Petit Palais, Musée des Beaux-Arts de la Ville de Paris, vous propose une visite chronologique dans un espace remarquablement rénové"
        ],
        "es": [
          "Verdadera joya arquitectónica del siglo XIX, el Petit Palais, el Museo de Bellas Artes de la ciudad de París, le ofrece un recorrido cronológico en un espacio notablemente renovado"
        ],
        "nl": [
          "Het Petit Palais, Musée des Beaux-Arts de la Ville de Paris, is een waar architecturaal juweel uit de 19e eeuw en biedt een chronologisch bezoek in een opmerkelijk gerenoveerde ruimte"
        ]
      }
    }
  ],
  "hasRepresentation": [
    {
      "@id": "https://data.datatourisme.fr/04cac523-a166-336d-a630-98c6de81e3d2",
      "ebucore:hasAnnotation": [
        {
          "@id": "https://data.datatourisme.fr/ec0886c7-e403-3126-a332-2f4714fdfe37",
          "ebucore:isCoveredBy": "CC BY-SA 4.0",
          "ebucore:title": {
            "fr": [
              "Petit Palais Paris 2"
            ]
          },
          "@type": [
            "ebucore:Annotation"
          ],
          "credits": [
            "Chabe01 (https://commons.wikimedia.org/wiki/User:Chabe01)"
          ]
        }
      ],
      "ebucore:hasRelatedResource": [
        {
          "@id": "https://data.datatourisme.fr/83c881c0-374c-37c2-ac39-34a977ca28a1",
          "ebucore:fileSize": [
            4598991
          ],
          "ebucore:hasMimeType": [
            {
              "@id": "kb:JPEG",
              "@type": [
                "ebucore:MimeType"
              ],
              "rdfs:comment": {
                "de": [
                  "JPEG-Bild"
                ],
                "pt": [
                  "Imagem JPEG"
                ],
                "en": [
                  "JPEG image file"
                ],
                "it": [
                  "Immagine JPEG"
                ],
                "fr": [
                  "Image JPEG"
                ],
                "nl": [
                  "JPEG-afbeelding"
                ],
                "es": [
                  "Imagen JPEG"
                ]
              },
              "rdfs:label": {
                "de": [
                  "image/jpeg"
                ],
                "pt": [
                  "image/jpeg"
                ],
                "en": [
                  "image/jpeg"
                ],
                "it": [
                  "image/jpeg"
                ],
                "fr": [
                  "image/jpeg"
                ],
                "nl": [
                  "image/jpeg"
                ],
                "es": [
                  "image/jpeg"
                ]
              }
            }
          ],
          "ebucore:height": 3200,
          "ebucore:locator": [
            "https://upload.wikimedia.org/wikipedia/commons/2/25/Petit_Palais_Paris_2.jpg"
          ],
          "ebucore:width": 4800,
          "@type": [
            "ebucore:Resource"
          ]
        }
      ],
      "@type": [
        "ebucore:EditorialObject"
      ]
    }
  ],
  "hasTheme": [
    {
      "@id": "kb:Culture",
      "@type": [
        "CulturalTheme"
      ],
      "rdfs:label": {
        "de": [
          "Kultur"
        ],
        "pt": [
          "Cultura"
        ],
        "en": [
          "Culture"
        ],
        "it": [
          "Cultura"
        ],
        "fr": [
          "Culture"
        ],
        "nl": [
          "Cultuur"
        ],
        "es": [
          "Cultura"
        ]
      }
    }
  ],
  "hasTranslatedProperty": [
    {
      "@id": "https://data.datatourisme.fr/0ef27b27-5b06-3519-b65b-e7c4e59dad80",
      "dc:contributor": [
        "https://api.deepl.com/v2/translate"
      ],
      "rdf:language": [
        "es"
      ],
      "rdf:predicate": [
        {
          "@id": "rdfs:comment"
        }
      ]
    },
    {
      "@id": "https://data.datatourisme.fr/1cbddddc-7d83-3ba0-bb55-7b262f4ef26d",
      "dc:contributor": [
        "https://api.deepl.com/v2/translate"
      ],
      "rdf:language": [
        "nl"
      ],
      "rdf:predicate": [
        {
          "@id": "rdfs:comment"
        }
      ]
    },
    {
      "@id": "https://data.datatourisme.fr/827d52b2-85dd-355f-b483-c0d1daf14e0e",
      "dc:contributor": [
        "https://api.deepl.com/v2/translate"
      ],
      "rdf:language": [
        "it"
      ],
      "rdf:predicate": [
        {
          "@id": "rdfs:comment"
        }
      ]
    },
    {
      "@id": "https://data.datatourisme.fr/f2355c75-3c9c-3e97-b326-3147abb37ee7",
      "dc:contributor": [
        "https://api.deepl.com/v2/translate"
      ],
      "rdf:language": [
        "en"
      ],
      "rdf:predicate": [
        {
          "@id": "rdfs:comment"
        }
      ]
    },
    {
      "@id": "https://data.datatourisme.fr/ff555204-e61f-304e-81af-da77c84a8a58",
      "dc:contributor": [
        "https://api.deepl.com/v2/translate"
      ],
      "rdf:language": [
        "de"
      ],
      "rdf:predicate": [
        {
          "@id": "rdfs:comment"
        }
      ]
    }
  ],
  "isLocatedAt": [
    {
      "@id": "https://data.datatourisme.fr/212eb104-1184-3994-b1cc-9c9e9ba55923",
      "schema:address": [
        {
          "@id": "https://data.datatourisme.fr/3cdb6bea-2b8b-3319-8e11-69b42d17b63f",
          "schema:addressLocality": "Paris",
          "schema:postalCode": "75008",
          "schema:streetAddress": [
            "Avenue Winston Churchill"
          ],
          "@type": [
            "schema:PostalAddress",
            "PostalAddress"
          ],
          "hasAddressCity": {
            "@id": "kb:75056",
            "@type": [
              "City"
            ],
            "rdfs:label": {
              "de": [
                "Paris"
              ],
              "pt": [
                "Paris"
              ],
              "en": [
                "Paris"
              ],
              "it": [
                "Paris"
              ],
              "fr": [
                "Paris"
              ],
              "nl": [
                "Paris"
              ],
              "es": [
                "Paris"
              ]
            },
            "insee": "75056",
            "isPartOfDepartment": {
              "@id": "kb:France1175",
              "@type": [
                "Department"
              ],
              "rdfs:label": {
                "de": [
                  "Paris"
                ],
                "pt": [
                  "Paris"
                ],
                "en": [
                  "Paris"
                ],
                "it": [
                  "Paris"
                ],
                "fr": [
                  "Paris"
                ],
                "nl": [
                  "Paris"
                ],
                "es": [
                  "Paris"
                ]
              },
              "insee": "75",
              "isPartOfRegion": {
                "@id": "kb:France11",
                "@type": [
                  "Region"
                ],
                "rdfs:label": {
                  "de": [
                    "Île-de-France"
                  ],
                  "pt": [
                    "Île-de-France"
                  ],
                  "en": [
                    "Île-de-France"
                  ],
                  "it": [
                    "Île-de-France"
                  ],
                  "fr": [
                    "Île-de-France"
                  ],
                  "nl": [
                    "Île-de-France"
                  ],
                  "es": [
                    "Île-de-France"
                  ]
                },
                "insee": "11",
                "isPartOfCountry": {
                  "@id": "kb:France",
                  "@type": [
                    "schema:Country"
                  ],
                  "rdfs:label": {
                    "de": [
                      "France",
                      "Frankreich"
                    ],
                    "pt": [
                      "França",
                      "France"
                    ],
                    "en": [
                      "France"
                    ],
                    "it": [
                      "France",
                      "Francia"
                    ],
                    "fr": [
                      "France"
                    ],
                    "nl": [
                      "France",
                      "Frankrijk"
                    ],
                    "es": [
                      "France",
                      "Francia"
                    ]
                  }
                }
              }
            }
          }
        }
      ],
      "schema:geo": {
        "@id": "https://data.datatourisme.fr/e9d4989e-9527-339a-b618-25329bd8b95e",
        "schema:latitude": "48.865895",
        "schema:longitude": "2.313805",
        "@type": [
          "schema:GeoCoordinates"
        ]
      },
      "schema:openingHoursSpecification": [
        {
          "@id": "https://data.datatourisme.fr/10b4bbf8-c289-33d6-bd35-db35caf4c92f",
          "schema:closes": "18:00:00",
          "schema:opens": "10:00:00",
          "schema:validFrom": "2023-01-01T00:00:00",
          "schema:validThrough": "2023-12-31T23:59:59",
          "@type": [
            "schema:OpeningHoursSpecification"
          ],
          "additionalInformation": {
            "de": [
              "Schließung der Kassen um 17 Uhr.\r\n\r\nNocturne: Freitag bis 21 Uhr für Sonderausstellungen."
            ],
            "en": [
              "Closing of the crates at 5:00 p.m.\r\n\r\nNocturne: Friday until 9 pm for the temporary exhibitions."
            ],
            "it": [
              "Chiusura delle casse alle 17:00.\r\n\r\nNotturno: venerdì fino alle 21.00 per le mostre temporanee."
            ],
            "fr": [
              "Fermeture des caisses à 17h.\r\n\r\nNocturne : Vendredi jusqu'à 21h pour les expositions temporaires."
            ],
            "nl": [
              "Sluiting van de kassa's om 17.00 uur.\r\n\r\nNocturne: vrijdag tot 21 uur voor tijdelijke tentoonstellingen."
            ],
            "es": [
              "Cierre de las cajas a las 17 horas.\r\n\r\nNocturno: viernes hasta las 21:00 horas para las exposiciones temporales."
            ]
          },
          "hasTranslatedProperty": [
            {
              "@id": "https://data.datatourisme.fr/500ff2c6-1535-34b8-a8dd-2cbeab117ee5",
              "dc:contributor": [
                "https://api.deepl.com/v2/translate"
              ],
              "rdf:language": [
                "en"
              ],
              "rdf:predicate": [
                "additionalInformation"
              ]
            },
            {
              "@id": "https://data.datatourisme.fr/85c7f7d5-0502-3629-ad7d-0b08e41ea572",
              "dc:contributor": [
                "https://api.deepl.com/v2/translate"
              ],
              "rdf:language": [
                "it"
              ],
              "rdf:predicate": [
                "additionalInformation"
              ]
            },
            {
              "@id": "https://data.datatourisme.fr/bafffc64-79da-3262-98c3-7e8e8d296b9f",
              "dc:contributor": [
                "https://api.deepl.com/v2/translate"
              ],
              "rdf:language": [
                "de"
              ],
              "rdf:predicate": [
                "additionalInformation"
              ]
            },
            {
              "@id": "https://data.datatourisme.fr/e259d699-3e2c-3db4-877f-6ac09b362f87",
              "dc:contributor": [
                "https://api.deepl.com/v2/translate"
              ],
              "rdf:language": [
                "nl"
              ],
              "rdf:predicate": [
                "additionalInformation"
              ]
            },
            {
              "@id": "https://data.datatourisme.fr/f804f664-9cee-32d7-87b2-162e949c5163",
              "dc:contributor": [
                "https://api.deepl.com/v2/translate"
              ],
              "rdf:language": [
                "es"
              ],
              "rdf:predicate": [
                "additionalInformation"
              ]
            }
          ]
        }
      ],
      "@type": [
        "schema:Place",
        "Place"
      ]
    }
  ],
  "isOwnedBy": [
    {
      "@id": "https://data.datatourisme.fr/3b8a790a-ebad-39c6-9a18-c5663001f469",
      "schema:email": [
        "bgeigle@visitparisregion.com",
        "hcaldo@visitparisregion.com",
        "mtanaskovic@visitparisregion.com"
      ],
      "schema:legalName": "Choose Paris Region",
      "@type": [
        "schema:Organization",
        "foaf:Agent",
        "Agent"
      ],
      "foaf:homepage": [
        "http://www.visitparisregion.com/"
      ]
    }
  ],
  "lastUpdate": "2021-04-20",
  "lastUpdateDatatourisme": "2023-10-02T05:53:31.693Z",
  "offers": [
    {
      "@id": "https://data.datatourisme.fr/9f68eb23-9750-3a02-a776-3ea459ce9749",
      "schema:priceSpecification": [
        {
          "@id": "https://data.datatourisme.fr/21936556-bd35-3f44-9590-db0d2f363064",
          "schema:priceCurrency": "EUR",
          "@type": [
            "schema:PriceSpecification",
            "PriceSpecification"
          ],
          "appliesOnPeriod": [
            {
              "@id": "https://data.datatourisme.fr/7410be00-ef25-3af2-bd96-7819d148586f",
              "@type": [
                "Period"
              ],
              "endDate": "2021-12-31",
              "startDate": "2021-01-01"
            }
          ]
        }
      ],
      "@type": [
        "schema:Offer",
        "Offer"
      ]
    }
  ]
}