{
  "@id": "https://data.datatourisme.fr/19/095ca9c0-85a9-373d-be1d-5823232d9e02",
  "dc:identifier": "e6488450-ae72-9157-3753-501ba3ec6055",
  "@type": [
    "CulturalSite",
    "PlaceOfInterest",
    "PointOfInterest",
    "RemarkableBuilding"
  ],
  "rdfs:comment": {
    "de": [
      "Am südöstlichen Ende des Parks Champ-de-Mars, gegenüber dem Eiffelturm, befindet sich eine Hochburg der französischen Armee: die École Militaire. Ihr Bau begann 1751 auf Befehl von König Ludwig XV., um die jungen Kadetten der königlichen Armee auszubilden (das Land hatte gerade den Österreichischen Erbfolgekrieg hinter sich und viele Männer und Geld verloren) und mit dem prestigeträchtigen Hôtel des Invalides, das unter Ludwig XIV. erbaut worden war, zu konkurrieren. Im Laufe der Zeit erlebte das Gebäude zahlreiche Schicksalsschläge (Bauverzögerungen, Vernachlässigung, Plünderung usw.), bis es Ende des 19. Jahrhunderts seine ursprüngliche militärische Funktion wiedererlangte. Zu seinen berühmten Schülern gehörte Napoleon Bonaparte."
    ],
    "en": [
      "At the south-east end of the Champ-de-Mars park, facing the Eiffel Tower, stands a landmark of the French army: the École Militaire. Its construction began in 1751 on the orders of King Louis XV in order to train the young cadets of the royal army (the country had just come out of the War of the Austrian Succession and had just lost a lot of men and money) and to compete with the prestigious Hôtel des Invalides built under Louis XIV. Over time, the building went through many tribulations (delays in construction, abandonment, looting, etc.) before regaining its initial military function at the end of the 19th century. Among its illustrious pupils, we can mention Napoleon Bonaparte."
    ],
    "it": [
      "All'estremità sud-est del parco Champ-de-Mars, di fronte alla Torre Eiffel, si trova un'istituzione militare francese: l'École Militaire. La sua costruzione iniziò nel 1751 per ordine del re Luigi XV, allo scopo di addestrare giovani cadetti per l'esercito reale (il Paese era appena uscito dalla Guerra di Successione Austriaca e aveva appena perso molti uomini e denaro) e di rivaleggiare con il prestigioso Hôtel des Invalides costruito sotto Luigi XIV. Nel corso del tempo, l'edificio ha attraversato molte prove e tribolazioni (ritardi nella costruzione, abbandono, saccheggi, ecc.) prima di riacquistare la sua funzione militare iniziale alla fine del XIX secolo. Tra i suoi illustri allievi c'era anche Napoleone Bonaparte."
    ],
    "fr": [
      "À l'extrémité sud-est du parc du Champ-de-Mars, face à la tour Eiffel, se dresse un haut lieu de l'armée française : l'École Militaire. Sa construction débute en 1751 sur ordre du roi Louis XV dans le but de former les jeunes cadets de l’armée royale (le pays sort tout juste de la guerre de Succession d'Autriche et vient de perdre beaucoup d’hommes et d’argent) et de rivaliser avec le prestigieux Hôtel des Invalides bâti sous Louis XIV. Au fil du temps, l’édifice va connaître de nombreuses tribulations (retard de chantier, abandon, pillage, etc.) pour retrouver à la fin du XIXe sa fonction militaire initiale. Parmi ses illustres élèves, citons Napoléon Bonaparte."
    ],
    "es": [
      "En el extremo sureste del parque del Campo de Marte, frente a la Torre Eiffel, se alza una institución militar francesa: la École Militaire. Su construcción comenzó en 1751 por orden del rey Luis XV con el fin de formar a jóvenes cadetes para el ejército real (el país acababa de salir de la Guerra de Sucesión austriaca y acababa de perder muchos hombres y dinero) y rivalizar con el prestigioso Hôtel des Invalides construido bajo Luis XIV. Con el paso del tiempo, el edificio pasó por muchas vicisitudes (retrasos en la construcción, abandono, saqueos, etc.) antes de recuperar su función militar inicial a finales del siglo XIX. Entre sus ilustres alumnos se encontraba Napoleón Bonaparte."
    ],
    "nl": [
      "Aan het zuidoostelijke uiteinde van het Champ-de-Mars park, tegenover de Eiffeltoren, staat een Franse militaire instelling: de École Militaire. De bouw ervan begon in 1751 op bevel van koning Lodewijk XV om jonge cadetten op te leiden voor het koninklijke leger (het land had net de Oostenrijkse Successieoorlog achter de rug en had net veel mannen en geld verloren) en om te wedijveren met het prestigieuze Hôtel des Invalides dat onder Lodewijk XIV was gebouwd. In de loop der tijd onderging het gebouw vele beproevingen (vertragingen bij de bouw, leegstand, plundering, enz.) voordat het aan het eind van de 19e eeuw zijn oorspronkelijke militaire functie terugkreeg. Onder zijn illustere leerlingen was Napoleon Bonaparte."
    ]
  },
  "rdfs:label": {
    "fr": [
      "École Militaire"
    ]
  },
  "owl:sameAs": [
    "http://www.wikidata.org/entity/Q273476"
  ],
  "hasBeenCreatedBy": {
    "@id": "https://data.datatourisme.fr/73f9361b-7fdb-3a8c-8c11-182ef0152392",
    "schema:email": [
      "opendata@parisinfo.com"
    ],
    "schema:legalName": "Office de Tourisme de Paris",
    "@type": [
      "schema:Organization",
      "foaf:Agent",
      "Agent"
    ],
    "foaf:homepage": [
      "https://www.parisinfo.com/"
    ]
  },
  "hasBeenPublishedBy": [
    {
      "@id": "https://data.datatourisme.fr/73f9361b-7fdb-3a8c-8c11-182ef0152392",
      "schema:email": [
        "opendata@parisinfo.com"
      ],
      "schema:legalName": "Office de Tourisme de Paris",
      "@type": [
        "schema:Organization",
        "foaf:Agent",
        "Agent"
      ],
      "foaf:homepage": [
        "https://www.parisinfo.com/"
      ]
    }
  ],
  "hasContact": [
    {
      "@id": "https://data.datatourisme.fr/7fe57281-ded3-35b9-b20c-5d2257055eb1",
      "@type": [
        "foaf:Agent",
        "Agent"
      ],
      "foaf:homepage": [
        "https://www.parisinfo.com/musee-monument-paris/71338/%C3%89cole-Militaire"
      ]
    }
  ],
  "hasDescription": [
    {
      "@id": "https://data.datatourisme.fr/32654433-4c9a-3e7b-9a16-8ff47e47d964",
      "dc:description": {
        "de": [
          "Am südöstlichen Ende des Parks Champ-de-Mars, gegenüber dem Eiffelturm, befindet sich eine Hochburg der französischen Armee: die École Militaire. Ihr Bau begann 1751 auf Befehl von König Ludwig XV., um die jungen Kadetten der königlichen Armee auszubilden (das Land hatte gerade den Österreichischen Erbfolgekrieg hinter sich und viele Männer und Geld verloren) und mit dem prestigeträchtigen Hôtel des Invalides, das unter Ludwig XIV. erbaut worden war, zu konkurrieren. Im Laufe der Zeit erlebte das Gebäude zahlreiche Schicksalsschläge (Bauverzögerungen, Vernachlässigung, Plünderung usw.), bis es Ende des 19. Jahrhunderts seine ursprüngliche militärische Funktion wiedererlangte. Zu seinen berühmten Schülern gehörte Napoleon Bonaparte."
        ],
        "en": [
          "At the south-east end of the Champ-de-Mars park, facing the Eiffel Tower, stands a landmark of the French army: the École Militaire. Its construction began in 1751 on the orders of King Louis XV in order to train the young cadets of the royal army (the country had just come out of the War of the Austrian Succession and had just lost a lot of men and money) and to compete with the prestigious Hôtel des Invalides built under Louis XIV. Over time, the building went through many tribulations (delays in construction, abandonment, looting, etc.) before regaining its initial military function at the end of the 19th century. Among its illustrious pupils, we can mention Napoleon Bonaparte."
        ],
        "it": [
          "All'estremità sud-est del parco Champ-de-Mars, di fronte alla Torre Eiffel, si trova un'istituzione militare francese: l'École Militaire. La sua costruzione iniziò nel 1751 per ordine del re Luigi XV, allo scopo di addestrare giovani cadetti per l'esercito reale (il Paese era appena uscito dalla Guerra di Successione Austriaca e aveva appena perso molti uomini e denaro) e di rivaleggiare con il prestigioso Hôtel des Invalides costruito sotto Luigi XIV. Nel corso del tempo, l'edificio ha attraversato molte prove e tribolazioni (ritardi nella costruzione, abbandono, saccheggi, ecc.) prima di riacquistare la sua funzione militare iniziale alla fine del XIX secolo. Tra i suoi illustri allievi c'era anche Napoleone Bonaparte."
        ],
        "fr": [
          "À l'extrémité sud-est du parc du Champ-de-Mars, face à la tour Eiffel, se dresse un haut lieu de l'armée française : l'École Militaire. Sa construction débute en 1751 sur ordre du roi Louis XV dans le but de former les jeunes cadets de l’armée royale (le pays sort tout juste de la guerre de Succession d'Autriche et vient de perdre beaucoup d’hommes et d’argent) et de rivaliser avec le prestigieux Hôtel des Invalides bâti sous Louis XIV. Au fil du temps, l’édifice va connaître de nombreuses tribulations (retard de chantier, abandon, pillage, etc.) pour retrouver à la fin du XIXe sa fonction militaire initiale. Parmi ses illustres élèves, citons Napoléon Bonaparte."
        ],
        "es": [
          "En el extremo sureste del parque del Campo de Marte, frente a la Torre Eiffel, se alza una institución militar francesa: la École Militaire. Su construcción comenzó en 1751 por orden del rey Luis XV con el fin de formar a jóvenes cadetes para el ejército real (el país acababa de salir de la Guerra de Sucesión austriaca y acababa de perder muchos hombres y dinero) y rivalizar con el prestigioso Hôtel des Invalides construido bajo Luis XIV. Con el paso del tiempo, el edificio pasó por muchas vicisitudes (retrasos en la construcción, abandono, saqueos, etc.) antes de recuperar su función militar inicial a finales del siglo XIX. Entre sus ilustres alumnos se encontraba Napoleón Bonaparte."
        ],
        "nl": [
          "Aan het zuidoostelijke uiteinde van het Champ-de-Mars park, tegenover de Eiffeltoren, staat een Franse militaire instelling: de École Militaire. De bouw ervan begon in 1751 op bevel van koning Lodewijk XV om jonge cadetten op te leiden voor het koninklijke leger (het land had net de Oostenrijkse Successieoorlog achter de rug en had net veel mannen en geld verloren) en om te wedijveren met het prestigieuze Hôtel des Invalides dat onder Lodewijk XIV was gebouwd. In de loop der tijd onderging het gebouw vele beproevingen (vertragingen bij de bouw, leegstand, plundering, enz.) voordat het aan het eind van de 19e eeuw zijn oorspronkelijke militaire functie terugkreeg. Onder zijn illustere leerlingen was Napoleon Bonaparte."
        ]
      },
      "@type": [
        "Description"
      ],
      "hasTranslatedProperty": [
        {
          "@id": "https://data.datatourisme.fr/15603c1e-0137-3e0d-98ac-fdaa188fa9e7",
          "dc:contributor": [
            "https://api.deepl.com/v2/translate"
          ],
          "rdf:language": [
            "it"
          ],
          "rdf:predicate": [
            {
              "@id": "dc:description"
            }
          ]
        },
        {
          "@id": "https://data.datatourisme.fr/34343b7b-a089-3459-9d8f-560cae2eb505",
          "dc:contributor": [
            "https://api.deepl.com/v2/translate"
          ],
          "rdf:language": [
            "en"
          ],
          "rdf:predicate": [
            "shortDescription"
          ]
        },
        {
          "@id": "https://data.datatourisme.fr/35e4e28f-5ca1-3d6d-aa81-7d410b4ae5ce",
          "dc:contributor": [
            "https://api.deepl.com/v2/translate"
          ],
          "rdf:language": [
            "de"
          ],
          "rdf:predicate": [
            {
              "@id": "dc:description"
            }
          ]
        },
        {
          "@id": "https://data.datatourisme.fr/4a9bf6a1-f6dd-32e6-a9a0-4a0ef987d333",
          "dc:contributor": [
            "https://api.deepl.com/v2/translate"
          ],
          "rdf:language": [
            "nl"
          ],
          "rdf:predicate": [
            "shortDescription"
          ]
        },
        {
          "@id": "https://data.datatourisme.fr/527d8b99-ac5e-3109-a601-f34001d28f12",
          "dc:contributor": [
            "https://api.deepl.com/v2/translate"
          ],
          "rdf:language": [
            "de"
          ],
          "rdf:predicate": [
            "shortDescription"
          ]
        },
        {
          "@id": "https://data.datatourisme.fr/64245113-6fc3-3e9a-b9d5-7320914a9201",
          "dc:contributor": [
            "https://api.deepl.com/v2/translate"
          ],
          "rdf:language": [
            "it"
          ],
          "rdf:predicate": [
            "shortDescription"
          ]
        },
        {
          "@id": "https://data.datatourisme.fr/b7fc72ca-8e59-3173-b2c7-692cf357bc58",
          "dc:contributor": [
            "https://api.deepl.com/v2/translate"
          ],
          "rdf:language": [
            "nl"
          ],
          "rdf:predicate": [
            {
              "@id": "dc:description"
            }
          ]
        },
        {
          "@id": "https://data.datatourisme.fr/c5a08d55-f2dd-3978-bd1a-f6bb2115c80b",
          "dc:contributor": [
            "https://api.deepl.com/v2/translate"
          ],
          "rdf:language": [
            "es"
          ],
          "rdf:predicate": [
            {
              "@id": "dc:description"
            }
          ]
        },
        {
          "@id": "https://data.datatourisme.fr/eac9c09c-9837-3ec1-a0ad-25363cdc1b9e",
          "dc:contributor": [
            "https://api.deepl.com/v2/translate"
          ],
          "rdf:language": [
            "es"
          ],
          "rdf:predicate": [
            "shortDescription"
          ]
        },
        {
          "@id": "https://data.datatourisme.fr/ff2d5350-bd28-32af-a7ce-d61fdea91a2e",
          "dc:contributor": [
            "https://api.deepl.com/v2/translate"
          ],
          "rdf:language": [
            "en"
          ],
          "rdf:predicate": [
            {
              "@id": "dc:description"
            }
          ]
        }
      ],
      "shortDescription": {
        "de": [
          "Am südöstlichen Ende des Parks Champ-de-Mars, gegenüber dem Eiffelturm, befindet sich eine Hochburg der französischen Armee: die École Militaire. Ihr Bau begann 1751 auf Befehl von König Ludwig XV., um die jungen Kadetten der königlichen Armee auszubilden (das Land hatte gerade den Österreichischen Erbfolgekrieg hinter sich und viele Männer und Geld verloren) und mit dem prestigeträchtigen Hôtel des Invalides, das unter Ludwig XIV. erbaut worden war, zu konkurrieren. Im Laufe der Zeit erlebte das Gebäude zahlreiche Schicksalsschläge (Bauverzögerungen, Vernachlässigung, Plünderung usw.), bis es Ende des 19. Jahrhunderts seine ursprüngliche militärische Funktion wiedererlangte. Zu seinen berühmten Schülern gehörte Napoleon Bonaparte."
        ],
        "en": [
          "At the south-east end of the Champ-de-Mars park, facing the Eiffel Tower, stands a landmark of the French army: the École Militaire. Its construction began in 1751 on the orders of King Louis XV in order to train the young cadets of the royal army (the country had just come out of the War of the Austrian Succession and had just lost a lot of men and money) and to compete with the prestigious Hôtel des Invalides built under Louis XIV. Over time, the building went through many tribulations (delays in construction, abandonment, looting, etc.) before regaining its initial military function at the end of the 19th century. Among its illustrious pupils, we can mention Napoleon Bonaparte."
        ],
        "it": [
          "All'estremità sud-est del parco Champ-de-Mars, di fronte alla Torre Eiffel, si trova un'istituzione militare francese: l'École Militaire. La sua costruzione iniziò nel 1751 per ordine del re Luigi XV, allo scopo di addestrare giovani cadetti per l'esercito reale (il Paese era appena uscito dalla Guerra di Successione Austriaca e aveva appena perso molti uomini e denaro) e di rivaleggiare con il prestigioso Hôtel des Invalides costruito sotto Luigi XIV. Nel corso del tempo, l'edificio ha attraversato molte prove e tribolazioni (ritardi nella costruzione, abbandono, saccheggi, ecc.) prima di riacquistare la sua funzione militare iniziale alla fine del XIX secolo. Tra i suoi illustri allievi c'era anche Napoleone Bonaparte."
        ],
        "fr": [
          "À l'extrémité sud-est du parc du Champ-de-Mars, face à la tour Eiffel, se dresse un haut lieu de l'armée française : l'École Militaire. Sa construction débute en 1751 sur ordre du roi Louis XV dans le but de former les jeunes cadets de l’armée royale (le pays sort tout juste de la guerre de Succession d'Autriche et vient de perdre beaucoup d’hommes et d’argent) et de rivaliser avec le prestigieux Hôtel des Invalides bâti sous Louis XIV. Au fil du temps, l’édifice va connaître de nombreuses tribulations (retard de chantier, abandon, pillage, etc.) pour retrouver à la fin du XIXe sa fonction militaire initiale. Parmi ses illustres élèves, citons Napoléon Bonaparte."
        ],
        "es": [
          "En el extremo sureste del parque del Campo de Marte, frente a la Torre Eiffel, se alza una institución militar francesa: la École Militaire. Su construcción comenzó en 1751 por orden del rey Luis XV con el fin de formar a jóvenes cadetes para el ejército real (el país acababa de salir de la Guerra de Sucesión austriaca y acababa de perder muchos hombres y dinero) y rivalizar con el prestigioso Hôtel des Invalides construido bajo Luis XIV. Con el paso del tiempo, el edificio pasó por muchas vicisitudes (retrasos en la construcción, abandono, saqueos, etc.) antes de recuperar su función militar inicial a finales del siglo XIX. Entre sus ilustres alumnos se encontraba Napoleón Bonaparte."
        ],
        "nl": [
          "Aan het zuidoostelijke uiteinde van het Champ-de-Mars park, tegenover de Eiffeltoren, staat een Franse militaire instelling: de École Militaire. De bouw ervan begon in 1751 op bevel van koning Lodewijk XV om jonge cadetten op te leiden voor het koninklijke leger (het land had net de Oostenrijkse Successieoorlog achter de rug en had net veel mannen en geld verloren) en om te wedijveren met het prestigieuze Hôtel des Invalides dat onder Lodewijk XIV was gebouwd. In de loop der tijd onderging het gebouw vele beproevingen (vertragingen bij de bouw, leegstand, plundering, enz.) voordat het aan het eind van de 19e eeuw zijn oorspronkelijke militaire functie terugkreeg. Onder zijn illustere leerlingen was Napoleon Bonaparte."
        ]
      }
    }
  ],
  "hasRepresentation": [
    {
      "@id": "https://data.datatourisme.fr/ba513de3-789a-36f6-9a70-0276dab2313f",
      "ebucore:hasAnnotation": [
        {
          "@id": "https://data.datatourisme.fr/11e6a89b-04a8-3a32-a83a-3a02b12418fd",
          "ebucore:isCoveredBy": "CC BY-SA 2.0",
          "ebucore:title": {
            "fr": [
              "École Militaire, Paris 14 June 2014"
            ]
          },
          "@type": [
            "ebucore:Annotation"
          ],
          "credits": [
            "<a href=\"//www.flickr.com/people/22251936@N00\" class=\"extiw\" title=\"flickruser:22251936@N00\">Connie Ma</a> from Chicago, United States"
          ]
        }
      ],
      "ebucore:hasRelatedResource": [
        {
          "@id": "https://data.datatourisme.fr/51ae2435-7969-3c57-97ae-ce0337f272da",
          "ebucore:fileSize": [
            5164556
          ],
          "ebucore:hasMimeType": [
            {
              "@id": "kb:JPEG",
              "@type": [
                "ebucore:MimeType"
              ],
              "rdfs:comment": {
                "de": [
                  "JPEG-Bild"
                ],
                "pt": [
                  "Imagem JPEG"
                ],
                "en": [
                  "JPEG image file"
                ],
                "it": [
                  "Immagine JPEG"
                ],
                "fr": [
                  "Image JPEG"
                ],
                "nl": [
                  "JPEG-afbeelding"
                ],
                "es": [
                  "Imagen JPEG"
                ]
              },
              "rdfs:label": {
                "de": [
                  "image/jpeg"
                ],
                "pt": [
                  "image/jpeg"
                ],
                "en": [
                  "image/jpeg"
                ],
                "it": [
                  "image/jpeg"
                ],
                "fr": [
                  "image/jpeg"
                ],
                "nl": [
                  "image/jpeg"
                ],
                "es": [
                  "image/jpeg"
                ]
              }
            }
          ],
          "ebucore:height": 2848,
          "ebucore:locator": [
            "https://upload.wikimedia.org/wikipedia/commons/e/e0/%C3%89cole_Militaire%2C_Paris_14_June_2014.jpg"
          ],
          "ebucore:width": 4272,
          "@type": [
            "ebucore:Resource"
          ]
        }
      ],
      "@type": [
        "ebucore:EditorialObject"
      ]
    }
  ],
  "hasTranslatedProperty": [
    {
      "@id": "https://data.datatourisme.fr/611be133-ebdb-3ac3-9ead-10f79b079253",
      "dc:contributor": [
        "https://api.deepl.com/v2/translate"
      ],
      "rdf:language": [
        "de"
      ],
      "rdf:predicate": [
        {
          "@id": "rdfs:comment"
        }
      ]
    },
    {
      "@id": "https://data.datatourisme.fr/9532b6f4-89ff-34b3-9452-ccbfe1722c26",
      "dc:contributor": [
        "https://api.deepl.com/v2/translate"
      ],
      "rdf:language": [
        "en"
      ],
      "rdf:predicate": [
        {
          "@id": "rdfs:comment"
        }
      ]
    },
    {
      "@id": "https://data.datatourisme.fr/c08c8c0a-b589-338d-ba2e-9d01bb9f6f2d",
      "dc:contributor": [
        "https://api.deepl.com/v2/translate"
      ],
      "rdf:language": [
        "it"
      ],
      "rdf:predicate": [
        {
          "@id": "rdfs:comment"
        }
      ]
    },
    {
      "@id": "https://data.datatourisme.fr/d72e4874-7ee0-36e0-a17c-9e3dd767d4fb",
      "dc:contributor": [
        "https://api.deepl.com/v2/translate"
      ],
      "rdf:language": [
        "es"
      ],
      "rdf:predicate": [
        {
          "@id": "rdfs:comment"
        }
      ]
    },
    {
      "@id": "https://data.datatourisme.fr/ef9e9769-aa73-36e9-ab12-15b464113cfe",
      "dc:contributor": [
        "https://api.deepl.com/v2/translate"
      ],
      "rdf:language": [
        "nl"
      ],
      "rdf:predicate": [
        {
          "@id": "rdfs:comment"
        }
      ]
    }
  ],
  "isLocatedAt": [
    {
      "@id": "https://data.datatourisme.fr/0befe7b2-d45c-31b8-90c2-115beb80f937",
      "schema:address": [
        {
          "@id": "https://data.datatourisme.fr/eed40bf8-ab72-3aad-9072-621f53a1a6f3",
          "schema:addressLocality": "Paris",
          "schema:postalCode": "75007",
          "schema:streetAddress": [
            "21 place Joffre"
          ],
          "@type": [
            "schema:PostalAddress",
            "PostalAddress"
          ],
          "hasAddressCity": {
            "@id": "kb:75056",
            "@type": [
              "City"
            ],
            "rdfs:label": {
              "de": [
                "Paris"
              ],
              "pt": [
                "Paris"
              ],
              "en": [
                "Paris"
              ],
              "it": [
                "Paris"
              ],
              "fr": [
                "Paris"
              ],
              "nl": [
                "Paris"
              ],
              "es": [
                "Paris"
              ]
            },
            "insee": "75056",
            "isPartOfDepartment": {
              "@id": "kb:France1175",
              "@type": [
                "Department"
              ],
              "rdfs:label": {
                "de": [
                  "Paris"
                ],
                "pt": [
                  "Paris"
                ],
                "en": [
                  "Paris"
                ],
                "it": [
                  "Paris"
                ],
                "fr": [
                  "Paris"
                ],
                "nl": [
                  "Paris"
                ],
                "es": [
                  "Paris"
                ]
              },
              "insee": "75",
              "isPartOfRegion": {
                "@id": "kb:France11",
                "@type": [
                  "Region"
                ],
                "rdfs:label": {
                  "de": [
                    "Île-de-France"
                  ],
                  "pt": [
                    "Île-de-France"
                  ],
                  "en": [
                    "Île-de-France"
                  ],
                  "it": [
                    "Île-de-France"
                  ],
                  "fr": [
                    "Île-de-France"
                  ],
                  "nl": [
                    "Île-de-France"
                  ],
                  "es": [
                    "Île-de-France"
                  ]
                },
                "insee": "11",
                "isPartOfCountry": {
                  "@id": "kb:France",
                  "@type": [
                    "schema:Country"
                  ],
                  "rdfs:label": {
                    "de": [
                      "France",
                      "Frankreich"
                    ],
                    "pt": [
                      "França",
                      "France"
                    ],
                    "en": [
                      "France"
                    ],
                    "it": [
                      "France",
                      "Francia"
                    ],
                    "fr": [
                      "France"
                    ],
                    "nl": [
                      "France",
                      "Frankrijk"
                    ],
                    "es": [
                      "France",
                      "Francia"
                    ]
                  }
                }
              }
            }
          }
        }
      ],
      "schema:geo": {
        "@id": "https://data.datatourisme.fr/16ece6a5-b079-3fa7-98e6-be26fdbda13e",
        "schema:latitude": "48.8515896",
        "schema:longitude": "2.301491599999963",
        "@type": [
          "schema:GeoCoordinates"
        ]
      },
      "schema:openingHoursSpecification": [
        {
          "@id": "https://data.datatourisme.fr/6690483e-c973-3761-911d-da4947774c3c",
          "@type": [
            "schema:OpeningHoursSpecification"
          ],
          "additionalInformation": {
            "de": [
              "Die École Militaire kann während der Europäischen Tage des Kulturerbes am dritten Wochenende im September besichtigt werden."
            ],
            "en": [
              "The École Militaire can be visited during the European Heritage Days on the third weekend of September."
            ],
            "it": [
              "L'École Militaire può essere visitata durante le Giornate Europee del Patrimonio, il terzo fine settimana di settembre."
            ],
            "fr": [
              "L’École Militaire se visite lors des Journées européennes du patrimoine, le 3e week-end de septembre."
            ],
            "es": [
              "La École Militaire puede visitarse durante las Jornadas Europeas del Patrimonio, el tercer fin de semana de septiembre."
            ],
            "nl": [
              "De École Militaire kan worden bezocht tijdens de Europese Erfgoeddagen in het derde weekend van september."
            ]
          },
          "hasTranslatedProperty": [
            {
              "@id": "https://data.datatourisme.fr/20fd9924-7b10-32fa-a1ee-3163b915fc7f",
              "dc:contributor": [
                "https://api.deepl.com/v2/translate"
              ],
              "rdf:language": [
                "nl"
              ],
              "rdf:predicate": [
                "additionalInformation"
              ]
            },
            {
              "@id": "https://data.datatourisme.fr/75308c1f-7448-3795-b052-9bf9adcd1abd",
              "dc:contributor": [
                "https://api.deepl.com/v2/translate"
              ],
              "rdf:language": [
                "en"
              ],
              "rdf:predicate": [
                "additionalInformation"
              ]
            },
            {
              "@id": "https://data.datatourisme.fr/82ed2f2e-60eb-3b5e-a3fa-9c4b56e6bc84",
              "dc:contributor": [
                "https://api.deepl.com/v2/translate"
              ],
              "rdf:language": [
                "de"
              ],
              "rdf:predicate": [
                "additionalInformation"
              ]
            },
            {
              "@id": "https://data.datatourisme.fr/bae080a3-716e-3593-8f56-807642a377aa",
              "dc:contributor": [
                "https://api.deepl.com/v2/translate"
              ],
              "rdf:language": [
                "it"
              ],
              "rdf:predicate": [
                "additionalInformation"
              ]
            },
            {
              "@id": "https://data.datatourisme.fr/f6a2aaf7-1e6d-3d46-8db8-c36d04deb5b8",
              "dc:contributor": [
                "https://api.deepl.com/v2/translate"
              ],
              "rdf:language": [
                "es"
              ],
              "rdf:predicate": [
                "additionalInformation"
              ]
            }
          ]
        }
      ],
      "@type": [
        "schema:Place",
        "Place"
      ]
    }
  ],
  "lastUpdate": "2023-06-30",
  "lastUpdateDatatourisme": "2023-10-12T16:59:40.001Z"
}