{
  "@id": "https://data.datatourisme.fr/13/82e6e240-941e-31f4-aa0f-f96db0793243",
  "dc:identifier": "4696443",
  "@type": [
    "olo:OrderedList",
    "PlaceOfInterest",
    "PointOfInterest",
    "SportsAndLeisurePlace",
    "Tour",
    "WalkingTour"
  ],
  "rdfs:comment": {
    "de": [
      "Diese schöne und ausgedehnte Wanderung führt durch sehr unterschiedliche Landschaften, zwischen Rhôneufern, Weinhängen, Hochebenen und tief eingeschnittenen Tälern. Balade à retrouver dans notre application \"les échappées inspirées\" pour découvrir le parcours."
    ],
    "en": [
      "This beautiful and long hike crosses very diverse landscapes, between the banks of the Rhône, vineyards, plateaus and steep valleys. You can find the route in our application \"les échappées inspirées\" to discover it."
    ],
    "it": [
      "Questa bella e lunga escursione attraversa paesaggi molto diversi, tra le rive del Rodano, i vigneti, gli altipiani e le valli scoscese. Potete trovare il percorso nella nostra applicazione \"les échappées inspirées\" per scoprirlo."
    ],
    "fr": [
      "Cette belle et grande randonnée traverse des paysages très diversifiés, entre berges du Rhône, coteaux de vignes, plateaux et vallées encaissées. Balade à retrouver dans notre application \"les échappées inspirées\" pour découvrir le parcours."
    ],
    "es": [
      "Esta hermosa y larga caminata atraviesa paisajes muy diversos, entre riberas del Ródano, viñedos, mesetas y valles escarpados. Puede encontrar la ruta en nuestra aplicación \"les échappées inspirées\" para descubrirla."
    ],
    "nl": [
      "Deze mooie en lange wandeling doorkruist zeer uiteenlopende landschappen, tussen de oevers van de Rhône, wijngaarden, plateaus en steile valleien. U kunt de route vinden in onze applicatie \"les échappées inspirées\" om deze te ontdekken."
    ]
  },
  "rdfs:label": {
    "fr": [
      "Le grand huit"
    ]
  },
  "hasBeenCreatedBy": {
    "@id": "https://data.datatourisme.fr/13/73278a4a-8696-3eeb-976a-8fd4c9ec6997",
    "dc:identifier": "113",
    "schema:email": [
      "d.sanial@dromardeche.fr",
      "j.bruyere@dromardeche.fr"
    ],
    "schema:legalName": "Office de Tourisme Porte de DrômArdèche",
    "@type": [
      "schema:Organization",
      "foaf:Agent",
      "Agent"
    ],
    "foaf:homepage": [
      "http://www.autour-du-palais-ideal.fr/"
    ]
  },
  "hasBeenPublishedBy": [
    {
      "@id": "https://data.datatourisme.fr/d48f2ccd-2357-3a8e-b949-cb8bf19a361f",
      "schema:legalName": "Agence d'Attractivité de la Drôme - source : Apidae Tourisme",
      "@type": [
        "schema:Organization",
        "foaf:Agent",
        "Agent"
      ],
      "foaf:homepage": [
        "https://www.apidae-tourisme.com/"
      ]
    }
  ],
  "hasContact": [
    {
      "@id": "https://data.datatourisme.fr/055e0a47-f4a9-371f-bec5-c4f56507c129",
      "schema:telephone": [
        "+33 4 75 23 45 33"
      ],
      "@type": [
        "foaf:Agent",
        "Agent"
      ],
      "foaf:homepage": [
        "http://www.autour-du-palais-ideal.fr/"
      ]
    }
  ],
  "hasDescription": [
    {
      "@id": "https://data.datatourisme.fr/8516d0ec-6627-39bf-8249-359bcfccc686",
      "@type": [
        "Description"
      ],
      "hasTranslatedProperty": [
        {
          "@id": "https://data.datatourisme.fr/0719fc9d-6b7f-3915-b2b4-32d2ad916eb8",
          "dc:contributor": [
            "https://api.deepl.com/v2/translate"
          ],
          "rdf:language": [
            "es"
          ],
          "rdf:predicate": [
            "shortDescription"
          ]
        },
        {
          "@id": "https://data.datatourisme.fr/7ffd815c-9094-3838-b684-28e48ca3b163",
          "dc:contributor": [
            "https://api.deepl.com/v2/translate"
          ],
          "rdf:language": [
            "nl"
          ],
          "rdf:predicate": [
            "shortDescription"
          ]
        },
        {
          "@id": "https://data.datatourisme.fr/cef979ca-0c5c-37c0-bafd-bd464aa01c3a",
          "dc:contributor": [
            "https://api.deepl.com/v2/translate"
          ],
          "rdf:language": [
            "de"
          ],
          "rdf:predicate": [
            "shortDescription"
          ]
        },
        {
          "@id": "https://data.datatourisme.fr/fc701dd2-cc10-31d5-95c0-d4d520d07e46",
          "dc:contributor": [
            "https://api.deepl.com/v2/translate"
          ],
          "rdf:language": [
            "it"
          ],
          "rdf:predicate": [
            "shortDescription"
          ]
        }
      ],
      "shortDescription": {
        "de": [
          "Diese schöne und ausgedehnte Wanderung führt durch sehr unterschiedliche Landschaften, zwischen Rhôneufern, Weinhängen, Hochebenen und tief eingeschnittenen Tälern. Balade à retrouver dans notre application \"les échappées inspirées\" pour découvrir le parcours."
        ],
        "en": [
          "This beautiful and long hike crosses very diverse landscapes, between the banks of the Rhône, vineyards, plateaus and steep valleys. You can find the route in our application \"les échappées inspirées\" to discover it."
        ],
        "it": [
          "Questa bella e lunga escursione attraversa paesaggi molto diversi, tra le rive del Rodano, i vigneti, gli altipiani e le valli scoscese. Potete trovare il percorso nella nostra applicazione \"les échappées inspirées\" per scoprirlo."
        ],
        "fr": [
          "Cette belle et grande randonnée traverse des paysages très diversifiés, entre berges du Rhône, coteaux de vignes, plateaux et vallées encaissées. Balade à retrouver dans notre application \"les échappées inspirées\" pour découvrir le parcours."
        ],
        "es": [
          "Esta hermosa y larga caminata atraviesa paisajes muy diversos, entre riberas del Ródano, viñedos, mesetas y valles escarpados. Puede encontrar la ruta en nuestra aplicación \"les échappées inspirées\" para descubrirla."
        ],
        "nl": [
          "Deze mooie en lange wandeling doorkruist zeer uiteenlopende landschappen, tussen de oevers van de Rhône, wijngaarden, plateaus en steile valleien. U kunt de route vinden in onze applicatie \"les échappées inspirées\" om deze te ontdekken."
        ]
      }
    }
  ],
  "hasTheme": [
    {
      "@id": "kb:Hiking",
      "@type": [
        "SportsTheme"
      ],
      "rdfs:label": {
        "de": [
          "Wanderung"
        ],
        "pt": [
          "Caminhada"
        ],
        "en": [
          "Hiking"
        ],
        "it": [
          "Escursione"
        ],
        "fr": [
          "Randonnée"
        ],
        "nl": [
          "Wandelen"
        ],
        "es": [
          "Senderismo"
        ]
      }
    },
    {
      "@id": "kb:Pedestrian",
      "@type": [
        "SportsTheme"
      ],
      "rdfs:label": {
        "de": [
          "Zu Fuß"
        ],
        "pt": [
          "Pedestre"
        ],
        "en": [
          "Pedestrian"
        ],
        "it": [
          "A piedi"
        ],
        "fr": [
          "Pédestre"
        ],
        "nl": [
          "Voetgangers"
        ],
        "es": [
          "Peatón"
        ]
      }
    },
    {
      "@id": "kb:Running",
      "@type": [
        "SportsTheme"
      ],
      "rdfs:label": {
        "de": [
          "Laufen"
        ],
        "pt": [
          "Corrida a pé"
        ],
        "en": [
          "Running"
        ],
        "it": [
          "Corsa a piedi"
        ],
        "fr": [
          "Course à pied"
        ],
        "nl": [
          "Hardlopen"
        ],
        "es": [
          "Carrera a pie"
        ]
      }
    }
  ],
  "hasTranslatedProperty": [
    {
      "@id": "https://data.datatourisme.fr/491c9031-b3e0-3c76-bfd3-ec5782813555",
      "dc:contributor": [
        "https://api.deepl.com/v2/translate"
      ],
      "rdf:language": [
        "it"
      ],
      "rdf:predicate": [
        {
          "@id": "rdfs:comment"
        }
      ]
    },
    {
      "@id": "https://data.datatourisme.fr/634d6b44-2fa0-39b8-9223-7b1e5c5a495c",
      "dc:contributor": [
        "https://api.deepl.com/v2/translate"
      ],
      "rdf:language": [
        "de"
      ],
      "rdf:predicate": [
        {
          "@id": "rdfs:comment"
        }
      ]
    },
    {
      "@id": "https://data.datatourisme.fr/e92dd7af-1b2d-3b1a-bb0b-56c7d21e444c",
      "dc:contributor": [
        "https://api.deepl.com/v2/translate"
      ],
      "rdf:language": [
        "es"
      ],
      "rdf:predicate": [
        {
          "@id": "rdfs:comment"
        }
      ]
    },
    {
      "@id": "https://data.datatourisme.fr/fa6c8576-beed-3e3c-b4a0-6dd5810e5815",
      "dc:contributor": [
        "https://api.deepl.com/v2/translate"
      ],
      "rdf:language": [
        "nl"
      ],
      "rdf:predicate": [
        {
          "@id": "rdfs:comment"
        }
      ]
    }
  ],
  "isLocatedAt": [
    {
      "@id": "https://data.datatourisme.fr/7e789ee2-20aa-356f-9f14-3122c1737eeb",
      "schema:address": [
        {
          "@id": "https://data.datatourisme.fr/1f736775-a113-3145-97f9-44e317c91fb4",
          "schema:addressLocality": "Ozon",
          "schema:postalCode": "07370",
          "schema:streetAddress": [
            "Salle polyvalente d'Ozon au dessus-du village"
          ],
          "@type": [
            "schema:PostalAddress",
            "PostalAddress"
          ],
          "hasAddressCity": {
            "@id": "kb:07169",
            "@type": [
              "City"
            ],
            "rdfs:label": {
              "de": [
                "Ozon"
              ],
              "pt": [
                "Ozon"
              ],
              "en": [
                "Ozon"
              ],
              "it": [
                "Ozon"
              ],
              "fr": [
                "Ozon"
              ],
              "nl": [
                "Ozon"
              ],
              "es": [
                "Ozon"
              ]
            },
            "insee": "07169",
            "isPartOfDepartment": {
              "@id": "kb:France8407",
              "@type": [
                "Department"
              ],
              "rdfs:label": {
                "de": [
                  "Ardèche"
                ],
                "pt": [
                  "Ardèche"
                ],
                "en": [
                  "Ardèche"
                ],
                "it": [
                  "Ardèche"
                ],
                "fr": [
                  "Ardèche"
                ],
                "nl": [
                  "Ardèche"
                ],
                "es": [
                  "Ardèche"
                ]
              },
              "insee": "07",
              "isPartOfRegion": {
                "@id": "kb:France84",
                "@type": [
                  "Region"
                ],
                "rdfs:label": {
                  "de": [
                    "Auvergne-Rhône-Alpes"
                  ],
                  "pt": [
                    "Auvergne-Rhône-Alpes"
                  ],
                  "en": [
                    "Auvergne-Rhône-Alpes"
                  ],
                  "it": [
                    "Auvergne-Rhône-Alpes"
                  ],
                  "fr": [
                    "Auvergne-Rhône-Alpes"
                  ],
                  "nl": [
                    "Auvergne-Rhône-Alpes"
                  ],
                  "es": [
                    "Auvergne-Rhône-Alpes"
                  ]
                },
                "insee": "84",
                "isPartOfCountry": {
                  "@id": "kb:France",
                  "@type": [
                    "schema:Country"
                  ],
                  "rdfs:label": {
                    "de": [
                      "France",
                      "Frankreich"
                    ],
                    "pt": [
                      "França",
                      "France"
                    ],
                    "en": [
                      "France"
                    ],
                    "it": [
                      "France",
                      "Francia"
                    ],
                    "fr": [
                      "France"
                    ],
                    "nl": [
                      "France",
                      "Frankrijk"
                    ],
                    "es": [
                      "France",
                      "Francia"
                    ]
                  }
                }
              }
            }
          }
        }
      ],
      "schema:geo": {
        "@id": "https://data.datatourisme.fr/d4648522-3f9e-3767-82e8-dfefdea3bda5",
        "schema:latitude": "45.164103",
        "schema:longitude": "4.801948",
        "@type": [
          "schema:GeoCoordinates"
        ]
      },
      "schema:openingHoursSpecification": [
        {
          "@id": "https://data.datatourisme.fr/f87e535a-636d-3343-ad63-8a03392e7511",
          "schema:validFrom": "2023-01-01T00:00:00",
          "schema:validThrough": "2023-12-31T23:59:59",
          "@type": [
            "schema:OpeningHoursSpecification"
          ]
        }
      ],
      "@type": [
        "schema:Place",
        "Place"
      ]
    }
  ],
  "isOwnedBy": [
    {
      "@id": "https://data.datatourisme.fr/c34130c6-4437-3624-9afb-3511a8692fba",
      "schema:email": [
        "d.sanial@dromardeche.fr",
        "j.bruyere@dromardeche.fr"
      ],
      "schema:legalName": "Office de Tourisme Porte de DrômArdèche",
      "@type": [
        "schema:Organization",
        "foaf:Agent",
        "Agent"
      ],
      "foaf:homepage": [
        "http://www.autour-du-palais-ideal.fr/"
      ]
    }
  ],
  "lastUpdate": "2022-09-05",
  "lastUpdateDatatourisme": "2023-02-10T06:39:19.913Z"
}