{
  "@id": "https://data.datatourisme.fr/13/82281237-dc2f-35b6-8650-0d8fd47b5e0c",
  "dc:identifier": "6463006",
  "@type": [
    "olo:OrderedList",
    "CyclingTour",
    "PlaceOfInterest",
    "PointOfInterest",
    "SportsAndLeisurePlace",
    "Tour"
  ],
  "rdfs:comment": {
    "de": [
      "Dieser Weg führt durch Unterholz und schattige Wiesen. Erkunden Sie den Fluss Ay und den Montbard mit seiner Kapelle und dem bemerkenswerten Aussichtspunkt. Bewundern Sie die Berge der Ardèche und das Massif du Pilat, während Sie durch eine reiche und wilde Natur radeln."
    ],
    "en": [
      "This trail leads through undergrowth and shady meadows. Explore the Ay river and the Montbard, with its chapel and its remarkable viewpoint. Admire the Ardèche mountains and the Massif du Pilat while pedaling in a rich and wild nature."
    ],
    "it": [
      "Questo percorso si snoda attraverso il sottobosco e i prati ombrosi. Esplorate il fiume Ay e il Montbard, con la sua cappella e il notevole punto panoramico. Ammirate le montagne dell'Ardèche e il Massiccio del Pilat pedalando in un paesaggio ricco e selvaggio."
    ],
    "fr": [
      "Ce parcours chemine à travers sous-bois et prairies ombragées. Explorez la rivière Ay et le Montbard, avec sa chapelle et son point de vue remarquable. Admirez les montagnes ardéchoises et le Massif du Pilat en pédalant dans une nature riche et sauvage."
    ],
    "es": [
      "Esta ruta atraviesa sotobosques y prados sombríos. Explore el río Ay y el Montbard, con su capilla y su notable mirador. Admire las montañas de Ardèche y el Macizo del Pilat mientras pedalea por un paisaje rico y salvaje."
    ],
    "nl": [
      "Deze route voert door kreupelhout en schaduwrijke weiden. Ontdek de rivier de Ay en de Montbard, met zijn kapel en opmerkelijk uitkijkpunt. Bewonder de bergen van de Ardèche en het Massif du Pilat terwijl u door een rijk en wild landschap fietst."
    ]
  },
  "rdfs:label": {
    "fr": [
      "Le Montbard"
    ]
  },
  "hasBeenCreatedBy": {
    "@id": "https://data.datatourisme.fr/13/73278a4a-8696-3eeb-976a-8fd4c9ec6997",
    "dc:identifier": "113",
    "schema:email": [
      "d.sanial@dromardeche.fr",
      "j.bruyere@dromardeche.fr"
    ],
    "schema:legalName": "Office de Tourisme Porte de DrômArdèche",
    "@type": [
      "schema:Organization",
      "foaf:Agent",
      "Agent"
    ],
    "foaf:homepage": [
      "http://www.autour-du-palais-ideal.fr/"
    ]
  },
  "hasBeenPublishedBy": [
    {
      "@id": "https://data.datatourisme.fr/d48f2ccd-2357-3a8e-b949-cb8bf19a361f",
      "schema:legalName": "Agence d'Attractivité de la Drôme - source : Apidae Tourisme",
      "@type": [
        "schema:Organization",
        "foaf:Agent",
        "Agent"
      ],
      "foaf:homepage": [
        "https://www.apidae-tourisme.com/"
      ]
    }
  ],
  "hasContact": [
    {
      "@id": "https://data.datatourisme.fr/e4a61420-5736-3383-8b66-c11b58e648c9",
      "schema:email": [
        "porte@dromardeche.fr"
      ],
      "schema:telephone": [
        "+33 4 75 23 45 33"
      ],
      "@type": [
        "foaf:Agent",
        "Agent"
      ],
      "foaf:homepage": [
        "http://www.autour-du-palais-ideal.fr/"
      ]
    }
  ],
  "hasDescription": [
    {
      "@id": "https://data.datatourisme.fr/e476156e-4dc1-3327-83c6-7992ca270a9b",
      "@type": [
        "Description"
      ],
      "hasTranslatedProperty": [
        {
          "@id": "https://data.datatourisme.fr/6028095e-c643-3bf3-87a9-8421544723a3",
          "dc:contributor": [
            "https://api.deepl.com/v2/translate"
          ],
          "rdf:language": [
            "es"
          ],
          "rdf:predicate": [
            "shortDescription"
          ]
        },
        {
          "@id": "https://data.datatourisme.fr/71784c40-6208-3288-a2dd-7bc9feb6f40e",
          "dc:contributor": [
            "https://api.deepl.com/v2/translate"
          ],
          "rdf:language": [
            "nl"
          ],
          "rdf:predicate": [
            "shortDescription"
          ]
        },
        {
          "@id": "https://data.datatourisme.fr/905f26ba-0707-36f9-b94f-aa8759c54a6c",
          "dc:contributor": [
            "https://api.deepl.com/v2/translate"
          ],
          "rdf:language": [
            "de"
          ],
          "rdf:predicate": [
            "shortDescription"
          ]
        },
        {
          "@id": "https://data.datatourisme.fr/c60e5815-d2ca-324c-9031-97b91fa51a89",
          "dc:contributor": [
            "https://api.deepl.com/v2/translate"
          ],
          "rdf:language": [
            "it"
          ],
          "rdf:predicate": [
            "shortDescription"
          ]
        }
      ],
      "shortDescription": {
        "de": [
          "Dieser Weg führt durch Unterholz und schattige Wiesen. Erkunden Sie den Fluss Ay und den Montbard mit seiner Kapelle und dem bemerkenswerten Aussichtspunkt. Bewundern Sie die Berge der Ardèche und das Massif du Pilat, während Sie durch eine reiche und wilde Natur radeln."
        ],
        "en": [
          "This trail leads through undergrowth and shady meadows. Explore the Ay river and the Montbard, with its chapel and its remarkable viewpoint. Admire the Ardèche mountains and the Massif du Pilat while pedaling in a rich and wild nature."
        ],
        "it": [
          "Questo percorso si snoda attraverso il sottobosco e i prati ombrosi. Esplorate il fiume Ay e il Montbard, con la sua cappella e il notevole punto panoramico. Ammirate le montagne dell'Ardèche e il Massiccio del Pilat pedalando in un paesaggio ricco e selvaggio."
        ],
        "fr": [
          "Ce parcours chemine à travers sous-bois et prairies ombragées. Explorez la rivière Ay et le Montbard, avec sa chapelle et son point de vue remarquable. Admirez les montagnes ardéchoises et le Massif du Pilat en pédalant dans une nature riche et sauvage."
        ],
        "es": [
          "Esta ruta atraviesa sotobosques y prados sombríos. Explore el río Ay y el Montbard, con su capilla y su notable mirador. Admire las montañas de Ardèche y el Macizo del Pilat mientras pedalea por un paisaje rico y salvaje."
        ],
        "nl": [
          "Deze route voert door kreupelhout en schaduwrijke weiden. Ontdek de rivier de Ay en de Montbard, met zijn kapel en opmerkelijk uitkijkpunt. Bewonder de bergen van de Ardèche en het Massif du Pilat terwijl u door een rijk en wild landschap fietst."
        ]
      }
    }
  ],
  "hasTheme": [
    {
      "@id": "kb:ATV",
      "@type": [
        "SportsTheme"
      ],
      "rdfs:label": {
        "de": [
          "MTB"
        ],
        "pt": [
          "Bicicleta-todo-o-terreno (BTT)"
        ],
        "en": [
          "Atv"
        ],
        "it": [
          "Mountain bike"
        ],
        "fr": [
          "Vtt"
        ],
        "nl": [
          "Mountainbike"
        ],
        "es": [
          "BTT"
        ]
      }
    },
    {
      "@id": "kb:Bike",
      "@type": [
        "SportsTheme"
      ],
      "rdfs:label": {
        "de": [
          "Fahrrad"
        ],
        "pt": [
          "Bicicleta"
        ],
        "en": [
          "Bike"
        ],
        "it": [
          "Bicicletta"
        ],
        "fr": [
          "Vélo"
        ],
        "nl": [
          "Fiets"
        ],
        "es": [
          "Bicicleta"
        ]
      }
    },
    {
      "@id": "kb:ElectricATV",
      "@type": [
        "SportsTheme"
      ],
      "rdfs:label": {
        "de": [
          "Elektro-Mountainbike"
        ],
        "pt": [
          "Bicicleta-todo-o-terreno (BTT) elétrica"
        ],
        "en": [
          "Electri atv"
        ],
        "it": [
          "Mountain bike elettrica"
        ],
        "fr": [
          "Vtt électrique"
        ],
        "nl": [
          "Elektrische mountainbike"
        ],
        "es": [
          "Bicicleta eléctrica de montaña"
        ]
      }
    }
  ],
  "hasTranslatedProperty": [
    {
      "@id": "https://data.datatourisme.fr/32fffcd3-e73f-35f5-a128-f86df1cc1e37",
      "dc:contributor": [
        "https://api.deepl.com/v2/translate"
      ],
      "rdf:language": [
        "nl"
      ],
      "rdf:predicate": [
        {
          "@id": "rdfs:comment"
        }
      ]
    },
    {
      "@id": "https://data.datatourisme.fr/4e70826f-9288-3e1a-80e5-5b146e8218a2",
      "dc:contributor": [
        "https://api.deepl.com/v2/translate"
      ],
      "rdf:language": [
        "it"
      ],
      "rdf:predicate": [
        {
          "@id": "rdfs:comment"
        }
      ]
    },
    {
      "@id": "https://data.datatourisme.fr/7b60f9bd-3b46-367f-9ca7-35c5e31c5579",
      "dc:contributor": [
        "https://api.deepl.com/v2/translate"
      ],
      "rdf:language": [
        "de"
      ],
      "rdf:predicate": [
        {
          "@id": "rdfs:comment"
        }
      ]
    },
    {
      "@id": "https://data.datatourisme.fr/bcad4558-19c3-37ae-ad53-b4c3448774ed",
      "dc:contributor": [
        "https://api.deepl.com/v2/translate"
      ],
      "rdf:language": [
        "es"
      ],
      "rdf:predicate": [
        {
          "@id": "rdfs:comment"
        }
      ]
    }
  ],
  "isLocatedAt": [
    {
      "@id": "https://data.datatourisme.fr/6022095b-8e71-3ea5-9533-430d63bbdd78",
      "schema:address": [
        {
          "@id": "https://data.datatourisme.fr/dcc57439-d84a-3bc5-9699-74037aff4d4c",
          "schema:addressLocality": "Eclassan",
          "schema:postalCode": "07370",
          "schema:streetAddress": [
            "Au départ du chemin de la croix du Montbard : depuis la RD6, prendre la petite route direction \"Maison Neuve\" et \"camping l'oasis\" sur 800m"
          ],
          "@type": [
            "schema:PostalAddress",
            "PostalAddress"
          ],
          "hasAddressCity": {
            "@id": "kb:07084",
            "@type": [
              "City"
            ],
            "rdfs:label": {
              "de": [
                "Eclassan"
              ],
              "pt": [
                "Eclassan"
              ],
              "en": [
                "Eclassan"
              ],
              "it": [
                "Eclassan"
              ],
              "fr": [
                "Eclassan"
              ],
              "nl": [
                "Eclassan"
              ],
              "es": [
                "Eclassan"
              ]
            },
            "insee": "07084",
            "isPartOfDepartment": {
              "@id": "kb:France8407",
              "@type": [
                "Department"
              ],
              "rdfs:label": {
                "de": [
                  "Ardèche"
                ],
                "pt": [
                  "Ardèche"
                ],
                "en": [
                  "Ardèche"
                ],
                "it": [
                  "Ardèche"
                ],
                "fr": [
                  "Ardèche"
                ],
                "nl": [
                  "Ardèche"
                ],
                "es": [
                  "Ardèche"
                ]
              },
              "insee": "07",
              "isPartOfRegion": {
                "@id": "kb:France84",
                "@type": [
                  "Region"
                ],
                "rdfs:label": {
                  "de": [
                    "Auvergne-Rhône-Alpes"
                  ],
                  "pt": [
                    "Auvergne-Rhône-Alpes"
                  ],
                  "en": [
                    "Auvergne-Rhône-Alpes"
                  ],
                  "it": [
                    "Auvergne-Rhône-Alpes"
                  ],
                  "fr": [
                    "Auvergne-Rhône-Alpes"
                  ],
                  "nl": [
                    "Auvergne-Rhône-Alpes"
                  ],
                  "es": [
                    "Auvergne-Rhône-Alpes"
                  ]
                },
                "insee": "84",
                "isPartOfCountry": {
                  "@id": "kb:France",
                  "@type": [
                    "schema:Country"
                  ],
                  "rdfs:label": {
                    "de": [
                      "France",
                      "Frankreich"
                    ],
                    "pt": [
                      "França",
                      "France"
                    ],
                    "en": [
                      "France"
                    ],
                    "it": [
                      "France",
                      "Francia"
                    ],
                    "fr": [
                      "France"
                    ],
                    "nl": [
                      "France",
                      "Frankrijk"
                    ],
                    "es": [
                      "France",
                      "Francia"
                    ]
                  }
                }
              }
            }
          }
        }
      ],
      "schema:geo": {
        "@id": "https://data.datatourisme.fr/3ab88933-cf58-3afd-bd9e-d3319ee75334",
        "schema:latitude": "45.168158",
        "schema:longitude": "4.746072",
        "@type": [
          "schema:GeoCoordinates"
        ]
      },
      "schema:openingHoursSpecification": [
        {
          "@id": "https://data.datatourisme.fr/f87e535a-636d-3343-ad63-8a03392e7511",
          "schema:validFrom": "2023-01-01T00:00:00",
          "schema:validThrough": "2023-12-31T23:59:59",
          "@type": [
            "schema:OpeningHoursSpecification"
          ]
        }
      ],
      "@type": [
        "schema:Place",
        "Place"
      ]
    }
  ],
  "isOwnedBy": [
    {
      "@id": "https://data.datatourisme.fr/c34130c6-4437-3624-9afb-3511a8692fba",
      "schema:email": [
        "d.sanial@dromardeche.fr",
        "j.bruyere@dromardeche.fr"
      ],
      "schema:legalName": "Office de Tourisme Porte de DrômArdèche",
      "@type": [
        "schema:Organization",
        "foaf:Agent",
        "Agent"
      ],
      "foaf:homepage": [
        "http://www.autour-du-palais-ideal.fr/"
      ]
    }
  ],
  "lastUpdate": "2023-04-28",
  "lastUpdateDatatourisme": "2023-04-29T05:39:58.25Z"
}