{
  "@id": "https://data.datatourisme.fr/13/0d1aaae9-6f87-3440-91de-3877df36b2dc",
  "dc:identifier": "842027",
  "@type": [
    "olo:OrderedList",
    "PlaceOfInterest",
    "PointOfInterest",
    "RoadTour",
    "SportsAndLeisurePlace",
    "Tour"
  ],
  "rdfs:comment": {
    "de": [
      "Eine Gourmetroute, auf der Sie die Erzeuger des Rhônetals in Ardèche Grand Air kennenlernen. Auf dem Programm stehen die Entdeckung der lokalen Weine und kulinarische Überraschungen bei unseren Gastronomen!"
    ],
    "en": [
      "A gourmet route with the opportunity to meet Rhone valley winemakers in Ardèche Grand Air. On the programme: a chance to taste local wines and some surprises in store in our restaurants!"
    ],
    "it": [
      "Un itinerario gastronomico per conoscere i produttori della Valle del Rodano in Ardèche Grand Air. In programma: scoperta dei vini locali e sorprese culinarie nei nostri ristoranti!"
    ],
    "fr": [
      "Un itinéraire gourmand à la rencontre des producteurs de la vallée du Rhône en Ardèche Grand Air. Au programme : découverte des vins locaux et surprises culinaires chez nos restaurateurs !"
    ],
    "es": [
      "Un itinerario gastronómico para conocer a los productores del Valle del Ródano en Ardèche Grand Air. En el programa: descubrimiento de los vinos locales y sorpresas culinarias en nuestros restaurantes"
    ],
    "nl": [
      "Een gastronomische route om de producenten van de Rhône-vallei in de Ardèche Grand Air te ontmoeten. Op het programma: ontdekking van lokale wijnen en culinaire verrassingen in onze restaurants!"
    ]
  },
  "rdfs:label": {
    "en": [
      "Gourmet trip along the River Rhone"
    ],
    "fr": [
      "Circuit gourmand le long du Rhône"
    ]
  },
  "hasBeenCreatedBy": {
    "@id": "https://data.datatourisme.fr/13/0f28b5d4-9b30-30af-aecd-95b4009adf4c",
    "dc:identifier": "141",
    "schema:email": [
      "communication@ardechegrandair.com",
      "contact@valday-ardeche.com",
      "direction@ardechegrandair.com",
      "directionvalday@ardechegrandair.com",
      "myriam.guigal@ardechegrandair.com"
    ],
    "schema:legalName": "Office de Tourisme Ardèche Grand Air",
    "@type": [
      "schema:Organization",
      "foaf:Agent",
      "Agent"
    ],
    "foaf:homepage": [
      "http://www.ardechegrandair.com/"
    ]
  },
  "hasBeenPublishedBy": [
    {
      "@id": "https://data.datatourisme.fr/dbca899d-3f22-364b-b99d-40af1e917c58",
      "schema:legalName": "Agence de Développement Touristique de l'Ardèche - source : Apidae Tourisme",
      "@type": [
        "schema:Organization",
        "foaf:Agent",
        "Agent"
      ],
      "foaf:homepage": [
        "https://www.apidae-tourisme.com/"
      ]
    }
  ],
  "hasContact": [
    {
      "@id": "https://data.datatourisme.fr/276d50e7-17d3-3759-b4f9-abcce167b409",
      "schema:email": [
        "contact@ardechegrandair.com"
      ],
      "schema:telephone": [
        "+33 4 75 33 24 51"
      ],
      "@type": [
        "foaf:Agent",
        "Agent"
      ],
      "foaf:homepage": [
        "http://www.ardechegrandair.com/",
        "https://www.cirkwi.com/fr/circuit/56283-circuit-gourmand-le-long-du-rhone"
      ]
    }
  ],
  "hasDescription": [
    {
      "@id": "https://data.datatourisme.fr/2532d5e4-5adf-3d79-90dc-7825f348f3d4",
      "@type": [
        "Description"
      ],
      "hasTranslatedProperty": [
        {
          "@id": "https://data.datatourisme.fr/5c457d93-1cc7-3d51-80b3-84ae07ee71ba",
          "dc:contributor": [
            "https://api.deepl.com/v2/translate"
          ],
          "rdf:language": [
            "es"
          ],
          "rdf:predicate": [
            "shortDescription"
          ]
        },
        {
          "@id": "https://data.datatourisme.fr/9e7b4965-a925-39bb-bf24-04387a7bcb02",
          "dc:contributor": [
            "https://api.deepl.com/v2/translate"
          ],
          "rdf:language": [
            "it"
          ],
          "rdf:predicate": [
            "shortDescription"
          ]
        },
        {
          "@id": "https://data.datatourisme.fr/e39c78b8-6dc3-3c3d-becf-2f75c4c6fcfa",
          "dc:contributor": [
            "https://api.deepl.com/v2/translate"
          ],
          "rdf:language": [
            "nl"
          ],
          "rdf:predicate": [
            "shortDescription"
          ]
        },
        {
          "@id": "https://data.datatourisme.fr/f4fd03a6-f302-31f0-9007-5e8abca4d402",
          "dc:contributor": [
            "https://api.deepl.com/v2/translate"
          ],
          "rdf:language": [
            "de"
          ],
          "rdf:predicate": [
            "shortDescription"
          ]
        }
      ],
      "shortDescription": {
        "de": [
          "Eine Gourmetroute, auf der Sie die Erzeuger des Rhônetals in Ardèche Grand Air kennenlernen. Auf dem Programm stehen die Entdeckung der lokalen Weine und kulinarische Überraschungen bei unseren Gastronomen!"
        ],
        "en": [
          "A gourmet route with the opportunity to meet Rhone valley winemakers in Ardèche Grand Air. On the programme: a chance to taste local wines and some surprises in store in our restaurants!"
        ],
        "it": [
          "Un itinerario gastronomico per conoscere i produttori della Valle del Rodano in Ardèche Grand Air. In programma: scoperta dei vini locali e sorprese culinarie nei nostri ristoranti!"
        ],
        "fr": [
          "Un itinéraire gourmand à la rencontre des producteurs de la vallée du Rhône en Ardèche Grand Air. Au programme : découverte des vins locaux et surprises culinaires chez nos restaurateurs !"
        ],
        "es": [
          "Un itinerario gastronómico para conocer a los productores del Valle del Ródano en Ardèche Grand Air. En el programa: descubrimiento de los vinos locales y sorpresas culinarias en nuestros restaurantes"
        ],
        "nl": [
          "Een gastronomische route om de producenten van de Rhône-vallei in de Ardèche Grand Air te ontmoeten. Op het programma: ontdekking van lokale wijnen en culinaire verrassingen in onze restaurants!"
        ]
      }
    }
  ],
  "hasTranslatedProperty": [
    {
      "@id": "https://data.datatourisme.fr/061ee143-7857-325f-bcbc-48f75dd6c083",
      "dc:contributor": [
        "https://api.deepl.com/v2/translate"
      ],
      "rdf:language": [
        "it"
      ],
      "rdf:predicate": [
        {
          "@id": "rdfs:comment"
        }
      ]
    },
    {
      "@id": "https://data.datatourisme.fr/59443510-c02b-3434-8223-aa9f6b379b03",
      "dc:contributor": [
        "https://api.deepl.com/v2/translate"
      ],
      "rdf:language": [
        "nl"
      ],
      "rdf:predicate": [
        {
          "@id": "rdfs:comment"
        }
      ]
    },
    {
      "@id": "https://data.datatourisme.fr/bdf5d618-023c-3814-b8ce-7dbd0b94358b",
      "dc:contributor": [
        "https://api.deepl.com/v2/translate"
      ],
      "rdf:language": [
        "es"
      ],
      "rdf:predicate": [
        {
          "@id": "rdfs:comment"
        }
      ]
    },
    {
      "@id": "https://data.datatourisme.fr/d7407884-9b5a-3f15-a182-6bb412df5896",
      "dc:contributor": [
        "https://api.deepl.com/v2/translate"
      ],
      "rdf:language": [
        "de"
      ],
      "rdf:predicate": [
        {
          "@id": "rdfs:comment"
        }
      ]
    }
  ],
  "isLocatedAt": [
    {
      "@id": "https://data.datatourisme.fr/68567a0d-ea23-3e6c-943e-ffd84fefc331",
      "schema:address": [
        {
          "@id": "https://data.datatourisme.fr/105815e3-f8de-3d2b-ad26-76c58194dfac",
          "schema:addressLocality": "Saint-Désirat",
          "schema:postalCode": "07340",
          "@type": [
            "schema:PostalAddress",
            "PostalAddress"
          ],
          "hasAddressCity": {
            "@id": "kb:07228",
            "@type": [
              "City"
            ],
            "rdfs:label": {
              "de": [
                "Saint-Désirat"
              ],
              "pt": [
                "Saint-Désirat"
              ],
              "en": [
                "Saint-Désirat"
              ],
              "it": [
                "Saint-Désirat"
              ],
              "fr": [
                "Saint-Désirat"
              ],
              "nl": [
                "Saint-Désirat"
              ],
              "es": [
                "Saint-Désirat"
              ]
            },
            "insee": "07228",
            "isPartOfDepartment": {
              "@id": "kb:France8407",
              "@type": [
                "Department"
              ],
              "rdfs:label": {
                "de": [
                  "Ardèche"
                ],
                "pt": [
                  "Ardèche"
                ],
                "en": [
                  "Ardèche"
                ],
                "it": [
                  "Ardèche"
                ],
                "fr": [
                  "Ardèche"
                ],
                "nl": [
                  "Ardèche"
                ],
                "es": [
                  "Ardèche"
                ]
              },
              "insee": "07",
              "isPartOfRegion": {
                "@id": "kb:France84",
                "@type": [
                  "Region"
                ],
                "rdfs:label": {
                  "de": [
                    "Auvergne-Rhône-Alpes"
                  ],
                  "pt": [
                    "Auvergne-Rhône-Alpes"
                  ],
                  "en": [
                    "Auvergne-Rhône-Alpes"
                  ],
                  "it": [
                    "Auvergne-Rhône-Alpes"
                  ],
                  "fr": [
                    "Auvergne-Rhône-Alpes"
                  ],
                  "nl": [
                    "Auvergne-Rhône-Alpes"
                  ],
                  "es": [
                    "Auvergne-Rhône-Alpes"
                  ]
                },
                "insee": "84",
                "isPartOfCountry": {
                  "@id": "kb:France",
                  "@type": [
                    "schema:Country"
                  ],
                  "rdfs:label": {
                    "de": [
                      "France",
                      "Frankreich"
                    ],
                    "pt": [
                      "França",
                      "France"
                    ],
                    "en": [
                      "France"
                    ],
                    "it": [
                      "France",
                      "Francia"
                    ],
                    "fr": [
                      "France"
                    ],
                    "nl": [
                      "France",
                      "Frankrijk"
                    ],
                    "es": [
                      "France",
                      "Francia"
                    ]
                  }
                }
              }
            }
          }
        }
      ],
      "schema:geo": {
        "@id": "https://data.datatourisme.fr/7a402d02-f7ad-3586-a8b8-4b0613526ca8",
        "schema:latitude": "45.255695",
        "schema:longitude": "4.785812",
        "@type": [
          "schema:GeoCoordinates"
        ]
      },
      "schema:openingHoursSpecification": [
        {
          "@id": "https://data.datatourisme.fr/f87e535a-636d-3343-ad63-8a03392e7511",
          "schema:validFrom": "2023-01-01T00:00:00",
          "schema:validThrough": "2023-12-31T23:59:59",
          "@type": [
            "schema:OpeningHoursSpecification"
          ]
        }
      ],
      "@type": [
        "schema:Place",
        "Place"
      ]
    }
  ],
  "isOwnedBy": [
    {
      "@id": "https://data.datatourisme.fr/3e141ebd-d3da-33b3-94c3-096fd7e178a7",
      "schema:email": [
        "communication@ardechegrandair.com",
        "direction@ardechegrandair.com",
        "directionvalday@ardechegrandair.com",
        "myriam.guigal@ardechegrandair.com"
      ],
      "schema:legalName": "Office de Tourisme Ardèche Grand Air",
      "@type": [
        "schema:Organization",
        "foaf:Agent",
        "Agent"
      ],
      "foaf:homepage": [
        "http://www.ardechegrandair.com/"
      ]
    }
  ],
  "lastUpdate": "2017-06-27",
  "lastUpdateDatatourisme": "2023-02-01T18:07:35.823Z"
}