{
  "@id": "https://data.datatourisme.fr/13/d724b7f9-5597-3c0e-9271-e3b255f9a0d5",
  "dc:identifier": "699592",
  "@type": [
    "schema:LocalBusiness",
    "schema:Museum",
    "CulturalSite",
    "Museum",
    "PlaceOfInterest",
    "PointOfInterest"
  ],
  "rdfs:comment": {
    "de": [
      "Das Museum ist ab dem 1. August 2023 wegen umfangreicher Renovierungsarbeiten für die Öffentlichkeit geschlossen. Die Wiedereröffnung ist für September 2024 geplant."
    ],
    "en": [
      "The Museum will be closed to the public from August 01, 2023 for major renovation work. Reopening is scheduled for September 2024."
    ],
    "it": [
      "Il Museo sarà chiuso al pubblico dal 1° agosto 2023 per importanti lavori di ristrutturazione. La riapertura è prevista per settembre 2024."
    ],
    "fr": [
      "Le Musée est fermé au public à compter du 01 août 2023 pour d'importants travaux de rénovation. Sa réouverture est prévue pour Septembre 2024."
    ],
    "nl": [
      "Het museum is vanaf 1 augustus 2023 gesloten voor het publiek voor ingrijpende renovatiewerkzaamheden. De heropening is gepland in september 2024."
    ],
    "es": [
      "El Museo permanecerá cerrado al público desde el 1 de agosto de 2023 para realizar importantes obras de renovación. Su reapertura está prevista para septiembre de 2024."
    ]
  },
  "rdfs:label": {
    "en": [
      "The Jacquemart-André museum"
    ],
    "fr": [
      "Musée Jacquemart-André"
    ]
  },
  "owl:sameAs": [
    "http://www.wikidata.org/entity/Q1165526"
  ],
  "hasBeenCreatedBy": {
    "@id": "https://data.datatourisme.fr/13/03e0704b-5690-32de-a186-1dc3ad3316c9",
    "dc:identifier": "1019",
    "schema:email": [
      "bgeigle@visitparisregion.com",
      "hcaldo@visitparisregion.com",
      "mtanaskovic@visitparisregion.com"
    ],
    "schema:legalName": "Choose Paris Region",
    "@type": [
      "schema:Organization",
      "foaf:Agent",
      "Agent"
    ],
    "foaf:homepage": [
      "http://www.visitparisregion.com/"
    ]
  },
  "hasBeenPublishedBy": [
    {
      "@id": "https://data.datatourisme.fr/8a9feb4b-2cbd-3d2c-b507-bd6c6776b23b",
      "schema:legalName": "Apidae Tourisme Scic SA - source : Apidae Tourisme",
      "@type": [
        "schema:Organization",
        "foaf:Agent",
        "Agent"
      ],
      "foaf:homepage": [
        "https://www.apidae-tourisme.com/"
      ]
    }
  ],
  "hasContact": [
    {
      "@id": "https://data.datatourisme.fr/486564aa-9788-319e-a8f4-55ac2de65d81",
      "schema:telephone": [
        "+33 1 45 62 11 59"
      ],
      "@type": [
        "foaf:Agent",
        "Agent"
      ],
      "foaf:homepage": [
        "http://www.musee-jacquemart-andre.com/"
      ]
    }
  ],
  "hasDescription": [
    {
      "@id": "https://data.datatourisme.fr/0d27297d-6408-329c-9788-e0b348928a59",
      "@type": [
        "Description"
      ],
      "hasTranslatedProperty": [
        {
          "@id": "https://data.datatourisme.fr/00dc1075-9894-33bf-beb4-062e69fae027",
          "dc:contributor": [
            "https://api.deepl.com/v2/translate"
          ],
          "rdf:language": [
            "nl"
          ],
          "rdf:predicate": [
            "shortDescription"
          ]
        },
        {
          "@id": "https://data.datatourisme.fr/29379414-35bb-36ad-ae49-e4218e8fefdb",
          "dc:contributor": [
            "https://api.deepl.com/v2/translate"
          ],
          "rdf:language": [
            "en"
          ],
          "rdf:predicate": [
            "shortDescription"
          ]
        },
        {
          "@id": "https://data.datatourisme.fr/cdf1d5ee-5f79-37ef-95f4-8998d2abeb57",
          "dc:contributor": [
            "https://api.deepl.com/v2/translate"
          ],
          "rdf:language": [
            "de"
          ],
          "rdf:predicate": [
            "shortDescription"
          ]
        },
        {
          "@id": "https://data.datatourisme.fr/e3855204-40a4-30b4-9ca1-73a9a79f7068",
          "dc:contributor": [
            "https://api.deepl.com/v2/translate"
          ],
          "rdf:language": [
            "es"
          ],
          "rdf:predicate": [
            "shortDescription"
          ]
        },
        {
          "@id": "https://data.datatourisme.fr/e5b756d3-db7b-364b-af78-3b2c920dd2e2",
          "dc:contributor": [
            "https://api.deepl.com/v2/translate"
          ],
          "rdf:language": [
            "it"
          ],
          "rdf:predicate": [
            "shortDescription"
          ]
        }
      ],
      "shortDescription": {
        "de": [
          "Das Museum ist ab dem 1. August 2023 wegen umfangreicher Renovierungsarbeiten für die Öffentlichkeit geschlossen. Die Wiedereröffnung ist für September 2024 geplant."
        ],
        "en": [
          "The Museum will be closed to the public from August 01, 2023 for major renovation work. Reopening is scheduled for September 2024."
        ],
        "it": [
          "Il Museo sarà chiuso al pubblico dal 1° agosto 2023 per importanti lavori di ristrutturazione. La riapertura è prevista per settembre 2024."
        ],
        "fr": [
          "Le Musée est fermé au public à compter du 01 août 2023 pour d'importants travaux de rénovation. Sa réouverture est prévue pour Septembre 2024."
        ],
        "nl": [
          "Het museum is vanaf 1 augustus 2023 gesloten voor het publiek voor ingrijpende renovatiewerkzaamheden. De heropening is gepland in september 2024."
        ],
        "es": [
          "El Museo permanecerá cerrado al público desde el 1 de agosto de 2023 para realizar importantes obras de renovación. Su reapertura está prevista para septiembre de 2024."
        ]
      }
    }
  ],
  "hasRepresentation": [
    {
      "@id": "https://data.datatourisme.fr/ddf84579-c69b-3304-8060-ab29d1168111",
      "ebucore:hasAnnotation": [
        {
          "@id": "https://data.datatourisme.fr/a2184ad4-7d78-3813-9988-3063b97fc1d4",
          "ebucore:isCoveredBy": "CC BY-SA 3.0",
          "ebucore:title": {
            "fr": [
              "Musée Jacquemart André 2007 - Recoura"
            ]
          },
          "@type": [
            "ebucore:Annotation"
          ],
          "credits": [
            "Christophe Recoura"
          ]
        }
      ],
      "ebucore:hasRelatedResource": [
        {
          "@id": "https://data.datatourisme.fr/8c0b7aac-61c8-3f4b-9793-486b431ab55a",
          "ebucore:fileSize": [
            4827393
          ],
          "ebucore:hasMimeType": [
            {
              "@id": "kb:JPEG",
              "@type": [
                "ebucore:MimeType"
              ],
              "rdfs:comment": {
                "de": [
                  "JPEG-Bild"
                ],
                "pt": [
                  "Imagem JPEG"
                ],
                "en": [
                  "JPEG image file"
                ],
                "it": [
                  "Immagine JPEG"
                ],
                "fr": [
                  "Image JPEG"
                ],
                "nl": [
                  "JPEG-afbeelding"
                ],
                "es": [
                  "Imagen JPEG"
                ]
              },
              "rdfs:label": {
                "de": [
                  "image/jpeg"
                ],
                "pt": [
                  "image/jpeg"
                ],
                "en": [
                  "image/jpeg"
                ],
                "it": [
                  "image/jpeg"
                ],
                "fr": [
                  "image/jpeg"
                ],
                "nl": [
                  "image/jpeg"
                ],
                "es": [
                  "image/jpeg"
                ]
              }
            }
          ],
          "ebucore:height": 3830,
          "ebucore:locator": [
            "https://upload.wikimedia.org/wikipedia/commons/9/90/Mus%C3%A9e_Jacquemart_Andr%C3%A9_2007_-_Recoura.jpg"
          ],
          "ebucore:width": 4973,
          "@type": [
            "ebucore:Resource"
          ]
        }
      ],
      "@type": [
        "ebucore:EditorialObject"
      ]
    }
  ],
  "hasTheme": [
    {
      "@id": "kb:Culture",
      "@type": [
        "CulturalTheme"
      ],
      "rdfs:label": {
        "de": [
          "Kultur"
        ],
        "pt": [
          "Cultura"
        ],
        "en": [
          "Culture"
        ],
        "it": [
          "Cultura"
        ],
        "fr": [
          "Culture"
        ],
        "nl": [
          "Cultuur"
        ],
        "es": [
          "Cultura"
        ]
      }
    }
  ],
  "hasTranslatedProperty": [
    {
      "@id": "https://data.datatourisme.fr/0cdc0f48-59b1-3b6d-b541-a170382e0f2f",
      "dc:contributor": [
        "https://api.deepl.com/v2/translate"
      ],
      "rdf:language": [
        "es"
      ],
      "rdf:predicate": [
        {
          "@id": "rdfs:comment"
        }
      ]
    },
    {
      "@id": "https://data.datatourisme.fr/afd4c017-5c42-39ff-a9bf-7df903743c02",
      "dc:contributor": [
        "https://api.deepl.com/v2/translate"
      ],
      "rdf:language": [
        "it"
      ],
      "rdf:predicate": [
        {
          "@id": "rdfs:comment"
        }
      ]
    },
    {
      "@id": "https://data.datatourisme.fr/e0f0f8b8-7a8f-3e66-841c-3d14549bc698",
      "dc:contributor": [
        "https://api.deepl.com/v2/translate"
      ],
      "rdf:language": [
        "nl"
      ],
      "rdf:predicate": [
        {
          "@id": "rdfs:comment"
        }
      ]
    },
    {
      "@id": "https://data.datatourisme.fr/eabb9175-5e7f-39c5-94b2-183dd2a43cbe",
      "dc:contributor": [
        "https://api.deepl.com/v2/translate"
      ],
      "rdf:language": [
        "de"
      ],
      "rdf:predicate": [
        {
          "@id": "rdfs:comment"
        }
      ]
    },
    {
      "@id": "https://data.datatourisme.fr/ef577a54-5b8e-369e-9af0-2fe5b9e184f6",
      "dc:contributor": [
        "https://api.deepl.com/v2/translate"
      ],
      "rdf:language": [
        "en"
      ],
      "rdf:predicate": [
        {
          "@id": "rdfs:comment"
        }
      ]
    }
  ],
  "isLocatedAt": [
    {
      "@id": "https://data.datatourisme.fr/e1d4ec2d-168c-353b-8095-c78883240445",
      "schema:address": [
        {
          "@id": "https://data.datatourisme.fr/9efabdc0-f223-3b13-a3e0-9b3f67a177d7",
          "schema:addressLocality": "Paris",
          "schema:postalCode": "75008",
          "schema:streetAddress": [
            "158 boulevard Haussmann"
          ],
          "@type": [
            "schema:PostalAddress",
            "PostalAddress"
          ],
          "hasAddressCity": {
            "@id": "kb:75056",
            "@type": [
              "City"
            ],
            "rdfs:label": {
              "de": [
                "Paris"
              ],
              "pt": [
                "Paris"
              ],
              "en": [
                "Paris"
              ],
              "it": [
                "Paris"
              ],
              "fr": [
                "Paris"
              ],
              "nl": [
                "Paris"
              ],
              "es": [
                "Paris"
              ]
            },
            "insee": "75056",
            "isPartOfDepartment": {
              "@id": "kb:France1175",
              "@type": [
                "Department"
              ],
              "rdfs:label": {
                "de": [
                  "Paris"
                ],
                "pt": [
                  "Paris"
                ],
                "en": [
                  "Paris"
                ],
                "it": [
                  "Paris"
                ],
                "fr": [
                  "Paris"
                ],
                "nl": [
                  "Paris"
                ],
                "es": [
                  "Paris"
                ]
              },
              "insee": "75",
              "isPartOfRegion": {
                "@id": "kb:France11",
                "@type": [
                  "Region"
                ],
                "rdfs:label": {
                  "de": [
                    "Île-de-France"
                  ],
                  "pt": [
                    "Île-de-France"
                  ],
                  "en": [
                    "Île-de-France"
                  ],
                  "it": [
                    "Île-de-France"
                  ],
                  "fr": [
                    "Île-de-France"
                  ],
                  "nl": [
                    "Île-de-France"
                  ],
                  "es": [
                    "Île-de-France"
                  ]
                },
                "insee": "11",
                "isPartOfCountry": {
                  "@id": "kb:France",
                  "@type": [
                    "schema:Country"
                  ],
                  "rdfs:label": {
                    "de": [
                      "France",
                      "Frankreich"
                    ],
                    "pt": [
                      "França",
                      "France"
                    ],
                    "en": [
                      "France"
                    ],
                    "it": [
                      "France",
                      "Francia"
                    ],
                    "fr": [
                      "France"
                    ],
                    "nl": [
                      "France",
                      "Frankrijk"
                    ],
                    "es": [
                      "France",
                      "Francia"
                    ]
                  }
                }
              }
            }
          }
        }
      ],
      "schema:geo": {
        "@id": "https://data.datatourisme.fr/1326bdea-07f5-35c2-b1a1-87be98f597c5",
        "schema:latitude": "48.875026",
        "schema:longitude": "2.310732",
        "@type": [
          "schema:GeoCoordinates"
        ]
      },
      "schema:openingHoursSpecification": [
        {
          "@id": "https://data.datatourisme.fr/4a54b872-2c90-3217-b996-3189a26592a4",
          "schema:closes": "19:00:00",
          "schema:opens": "11:00:00",
          "schema:validFrom": "2023-01-01T00:00:00",
          "schema:validThrough": "2023-12-31T23:59:59",
          "@type": [
            "schema:OpeningHoursSpecification"
          ],
          "additionalInformation": {
            "de": [
              "Das Museum schließt seine Türen am 1. August 2023 für umfangreiche Restaurierungsarbeiten. Die Wiedereröffnung ist für September 2024 geplant."
            ],
            "en": [
              "The museum will close its doors on August 1, 2023 for major restoration work. Reopening is scheduled for September 2024."
            ],
            "it": [
              "Il museo chiuderà le porte il 1° agosto 2023 per importanti lavori di restauro. La riapertura è prevista per settembre 2024."
            ],
            "fr": [
              "Le musée ferme ses portes du 1er août 2023 pour d’importants travaux de restauration. Sa réouverture est prévue pour septembre 2024."
            ],
            "nl": [
              "Het museum sluit zijn deuren op 1 augustus 2023 voor grote restauratiewerkzaamheden. De heropening is gepland voor september 2024."
            ],
            "es": [
              "El museo cerrará sus puertas el 1 de agosto de 2023 para someterse a importantes obras de restauración. Su reapertura está prevista para septiembre de 2024."
            ]
          },
          "hasTranslatedProperty": [
            {
              "@id": "https://data.datatourisme.fr/5ddfbdbc-df80-37c5-90cd-3952950daaf8",
              "dc:contributor": [
                "https://api.deepl.com/v2/translate"
              ],
              "rdf:language": [
                "es"
              ],
              "rdf:predicate": [
                "additionalInformation"
              ]
            },
            {
              "@id": "https://data.datatourisme.fr/af8327e2-3480-38be-83a7-795b4257aed4",
              "dc:contributor": [
                "https://api.deepl.com/v2/translate"
              ],
              "rdf:language": [
                "it"
              ],
              "rdf:predicate": [
                "additionalInformation"
              ]
            },
            {
              "@id": "https://data.datatourisme.fr/b3a84128-bb6d-3551-bf3f-9eb9a708548d",
              "dc:contributor": [
                "https://api.deepl.com/v2/translate"
              ],
              "rdf:language": [
                "en"
              ],
              "rdf:predicate": [
                "additionalInformation"
              ]
            },
            {
              "@id": "https://data.datatourisme.fr/d9648314-ba8f-3754-bea7-e6f3af8ee800",
              "dc:contributor": [
                "https://api.deepl.com/v2/translate"
              ],
              "rdf:language": [
                "de"
              ],
              "rdf:predicate": [
                "additionalInformation"
              ]
            },
            {
              "@id": "https://data.datatourisme.fr/f217cab5-b180-3038-99e7-f6404620d779",
              "dc:contributor": [
                "https://api.deepl.com/v2/translate"
              ],
              "rdf:language": [
                "nl"
              ],
              "rdf:predicate": [
                "additionalInformation"
              ]
            }
          ]
        }
      ],
      "@type": [
        "schema:Place",
        "Place"
      ]
    }
  ],
  "isOwnedBy": [
    {
      "@id": "https://data.datatourisme.fr/3b8a790a-ebad-39c6-9a18-c5663001f469",
      "schema:email": [
        "bgeigle@visitparisregion.com",
        "hcaldo@visitparisregion.com",
        "mtanaskovic@visitparisregion.com"
      ],
      "schema:legalName": "Choose Paris Region",
      "@type": [
        "schema:Organization",
        "foaf:Agent",
        "Agent"
      ],
      "foaf:homepage": [
        "http://www.visitparisregion.com/"
      ]
    }
  ],
  "lastUpdate": "2023-08-03",
  "lastUpdateDatatourisme": "2023-10-17T05:52:15.613Z",
  "offers": [
    {
      "@id": "https://data.datatourisme.fr/fccd83c4-75ed-39e9-a9a4-7a28ae220711",
      "schema:priceSpecification": [
        {
          "@id": "https://data.datatourisme.fr/ee3ba4a1-03db-3f07-9edc-048eb03febf1",
          "schema:maxPrice": [
            "10",
            "13",
            "17"
          ],
          "schema:minPrice": [
            "10",
            "13",
            "17"
          ],
          "schema:priceCurrency": "EUR",
          "@type": [
            "schema:PriceSpecification",
            "PriceSpecification"
          ],
          "appliesOnPeriod": [
            {
              "@id": "https://data.datatourisme.fr/a425afdf-3594-300b-b55e-1858bafa3fd4",
              "@type": [
                "Period"
              ],
              "endDate": "2023-12-31",
              "startDate": "2023-01-01"
            }
          ]
        }
      ],
      "@type": [
        "schema:Offer",
        "Offer"
      ]
    }
  ]
}