{
  "@id": "https://data.datatourisme.fr/13/d7d5d27e-d9b4-3f46-86de-f6eccd765991",
  "dc:identifier": "678609",
  "@type": [
    "schema:LocalBusiness",
    "schema:Museum",
    "CulturalSite",
    "Museum",
    "PlaceOfInterest",
    "PointOfInterest"
  ],
  "rdfs:comment": {
    "de": [
      "Entdecken Sie die Schokolade in all ihren Facetten. Im Musée Gourmand du Chocolat in Paris können Sie sich in sehr geschmacksintensive Experimente einführen lassen."
    ],
    "en": [
      "Discover chocolate in all its facets. At the Musée Gourmand du Chocolat in Paris, come and be initiated to very gustative experiences."
    ],
    "it": [
      "Scoprite il cioccolato in tutte le sue sfaccettature. Al Musée Gourmand du Chocolat di Parigi, venite a provare alcune esperienze molto gustose."
    ],
    "fr": [
      "Découvrez le chocolat sous toutes ses facettes. Au Musée Gourmand du Chocolat à Paris, venez vous initier à des expériences très gustatives."
    ],
    "nl": [
      "Ontdek chocolade in al zijn facetten. Kom in het Musée Gourmand du Chocolat in Parijs zeer smakelijke ervaringen opdoen."
    ],
    "es": [
      "Descubra el chocolate en todas sus facetas. En el Musée Gourmand du Chocolat de París, venga a probar algunas experiencias muy sabrosas."
    ]
  },
  "rdfs:label": {
    "en": [
      "Choco-Story Paris - The chocolate museum"
    ],
    "fr": [
      "Musée gourmand du chocolat - Choco-Story"
    ]
  },
  "hasBeenCreatedBy": {
    "@id": "https://data.datatourisme.fr/13/03e0704b-5690-32de-a186-1dc3ad3316c9",
    "dc:identifier": "1019",
    "schema:email": [
      "bgeigle@visitparisregion.com",
      "hcaldo@visitparisregion.com",
      "mtanaskovic@visitparisregion.com"
    ],
    "schema:legalName": "Choose Paris Region",
    "@type": [
      "schema:Organization",
      "foaf:Agent",
      "Agent"
    ],
    "foaf:homepage": [
      "http://www.visitparisregion.com/"
    ]
  },
  "hasBeenPublishedBy": [
    {
      "@id": "https://data.datatourisme.fr/8a9feb4b-2cbd-3d2c-b507-bd6c6776b23b",
      "schema:legalName": "Apidae Tourisme Scic SA - source : Apidae Tourisme",
      "@type": [
        "schema:Organization",
        "foaf:Agent",
        "Agent"
      ],
      "foaf:homepage": [
        "https://www.apidae-tourisme.com/"
      ]
    }
  ],
  "hasContact": [
    {
      "@id": "https://data.datatourisme.fr/fd8cbfbb-b432-3ef2-b21c-d9f0b6ff963b",
      "schema:email": [
        "info@museeduchocolat.fr"
      ],
      "schema:telephone": [
        "+33 1 42 29 68 60"
      ],
      "@type": [
        "foaf:Agent",
        "Agent"
      ],
      "foaf:homepage": [
        "http://www.museeduchocolat.fr/"
      ]
    }
  ],
  "hasDescription": [
    {
      "@id": "https://data.datatourisme.fr/302fdcf1-57f3-39ed-bbeb-30fee3fc4c98",
      "@type": [
        "Description"
      ],
      "hasTranslatedProperty": [
        {
          "@id": "https://data.datatourisme.fr/1be3986b-c24b-35cc-b931-3a6fb892e866",
          "dc:contributor": [
            "https://api.deepl.com/v2/translate"
          ],
          "rdf:language": [
            "nl"
          ],
          "rdf:predicate": [
            "shortDescription"
          ]
        },
        {
          "@id": "https://data.datatourisme.fr/29bec6d2-28c6-33bb-94f7-8614e5699fc1",
          "dc:contributor": [
            "https://api.deepl.com/v2/translate"
          ],
          "rdf:language": [
            "en"
          ],
          "rdf:predicate": [
            "shortDescription"
          ]
        },
        {
          "@id": "https://data.datatourisme.fr/6a40076b-2b9f-379c-ba5c-ab6f0d9191ff",
          "dc:contributor": [
            "https://api.deepl.com/v2/translate"
          ],
          "rdf:language": [
            "it"
          ],
          "rdf:predicate": [
            "shortDescription"
          ]
        },
        {
          "@id": "https://data.datatourisme.fr/d50ae8d5-3b35-3f5d-a195-567cc060e23a",
          "dc:contributor": [
            "https://api.deepl.com/v2/translate"
          ],
          "rdf:language": [
            "de"
          ],
          "rdf:predicate": [
            "shortDescription"
          ]
        },
        {
          "@id": "https://data.datatourisme.fr/da4733ba-2a86-3a88-b303-7b1e92b00668",
          "dc:contributor": [
            "https://api.deepl.com/v2/translate"
          ],
          "rdf:language": [
            "es"
          ],
          "rdf:predicate": [
            "shortDescription"
          ]
        }
      ],
      "shortDescription": {
        "de": [
          "Entdecken Sie die Schokolade in all ihren Facetten. Im Musée Gourmand du Chocolat in Paris können Sie sich in sehr geschmacksintensive Experimente einführen lassen."
        ],
        "en": [
          "Discover chocolate in all its facets. At the Musée Gourmand du Chocolat in Paris, come and be initiated to very gustative experiences."
        ],
        "it": [
          "Scoprite il cioccolato in tutte le sue sfaccettature. Al Musée Gourmand du Chocolat di Parigi, venite a provare alcune esperienze molto gustose."
        ],
        "fr": [
          "Découvrez le chocolat sous toutes ses facettes. Au Musée Gourmand du Chocolat à Paris, venez vous initier à des expériences très gustatives."
        ],
        "nl": [
          "Ontdek chocolade in al zijn facetten. Kom in het Musée Gourmand du Chocolat in Parijs zeer smakelijke ervaringen opdoen."
        ],
        "es": [
          "Descubra el chocolate en todas sus facetas. En el Musée Gourmand du Chocolat de París, venga a probar algunas experiencias muy sabrosas."
        ]
      }
    }
  ],
  "hasTheme": [
    {
      "@id": "kb:Culture",
      "@type": [
        "CulturalTheme"
      ],
      "rdfs:label": {
        "de": [
          "Kultur"
        ],
        "pt": [
          "Cultura"
        ],
        "en": [
          "Culture"
        ],
        "it": [
          "Cultura"
        ],
        "fr": [
          "Culture"
        ],
        "nl": [
          "Cultuur"
        ],
        "es": [
          "Cultura"
        ]
      }
    }
  ],
  "hasTranslatedProperty": [
    {
      "@id": "https://data.datatourisme.fr/0d772a63-bc24-3512-aeb2-ae09ca0709e4",
      "dc:contributor": [
        "https://api.deepl.com/v2/translate"
      ],
      "rdf:language": [
        "en"
      ],
      "rdf:predicate": [
        {
          "@id": "rdfs:comment"
        }
      ]
    },
    {
      "@id": "https://data.datatourisme.fr/15646363-6abc-3705-a08d-fdb627cb673d",
      "dc:contributor": [
        "https://api.deepl.com/v2/translate"
      ],
      "rdf:language": [
        "nl"
      ],
      "rdf:predicate": [
        {
          "@id": "rdfs:comment"
        }
      ]
    },
    {
      "@id": "https://data.datatourisme.fr/436edcbf-bd9a-3ba3-951e-79d4ab06aa4e",
      "dc:contributor": [
        "https://api.deepl.com/v2/translate"
      ],
      "rdf:language": [
        "de"
      ],
      "rdf:predicate": [
        {
          "@id": "rdfs:comment"
        }
      ]
    },
    {
      "@id": "https://data.datatourisme.fr/68dfdf0c-ba40-3373-8c19-d7ede31f08b9",
      "dc:contributor": [
        "https://api.deepl.com/v2/translate"
      ],
      "rdf:language": [
        "it"
      ],
      "rdf:predicate": [
        {
          "@id": "rdfs:comment"
        }
      ]
    },
    {
      "@id": "https://data.datatourisme.fr/f723f151-bcce-3736-af4a-8e4f381df591",
      "dc:contributor": [
        "https://api.deepl.com/v2/translate"
      ],
      "rdf:language": [
        "es"
      ],
      "rdf:predicate": [
        {
          "@id": "rdfs:comment"
        }
      ]
    }
  ],
  "isLocatedAt": [
    {
      "@id": "https://data.datatourisme.fr/2c29d040-96a9-3267-a556-fee5958193f7",
      "schema:address": [
        {
          "@id": "https://data.datatourisme.fr/4d18d96d-16a6-36ec-8f84-51e59b21c091",
          "schema:addressLocality": "Paris",
          "schema:postalCode": "75010",
          "schema:streetAddress": [
            "28, boulevard Bonne Nouvelle"
          ],
          "@type": [
            "schema:PostalAddress",
            "PostalAddress"
          ],
          "hasAddressCity": {
            "@id": "kb:75056",
            "@type": [
              "City"
            ],
            "rdfs:label": {
              "de": [
                "Paris"
              ],
              "pt": [
                "Paris"
              ],
              "en": [
                "Paris"
              ],
              "it": [
                "Paris"
              ],
              "fr": [
                "Paris"
              ],
              "nl": [
                "Paris"
              ],
              "es": [
                "Paris"
              ]
            },
            "insee": "75056",
            "isPartOfDepartment": {
              "@id": "kb:France1175",
              "@type": [
                "Department"
              ],
              "rdfs:label": {
                "de": [
                  "Paris"
                ],
                "pt": [
                  "Paris"
                ],
                "en": [
                  "Paris"
                ],
                "it": [
                  "Paris"
                ],
                "fr": [
                  "Paris"
                ],
                "nl": [
                  "Paris"
                ],
                "es": [
                  "Paris"
                ]
              },
              "insee": "75",
              "isPartOfRegion": {
                "@id": "kb:France11",
                "@type": [
                  "Region"
                ],
                "rdfs:label": {
                  "de": [
                    "Île-de-France"
                  ],
                  "pt": [
                    "Île-de-France"
                  ],
                  "en": [
                    "Île-de-France"
                  ],
                  "it": [
                    "Île-de-France"
                  ],
                  "fr": [
                    "Île-de-France"
                  ],
                  "nl": [
                    "Île-de-France"
                  ],
                  "es": [
                    "Île-de-France"
                  ]
                },
                "insee": "11",
                "isPartOfCountry": {
                  "@id": "kb:France",
                  "@type": [
                    "schema:Country"
                  ],
                  "rdfs:label": {
                    "de": [
                      "France",
                      "Frankreich"
                    ],
                    "pt": [
                      "França",
                      "France"
                    ],
                    "en": [
                      "France"
                    ],
                    "it": [
                      "France",
                      "Francia"
                    ],
                    "fr": [
                      "France"
                    ],
                    "nl": [
                      "France",
                      "Frankrijk"
                    ],
                    "es": [
                      "France",
                      "Francia"
                    ]
                  }
                }
              }
            }
          }
        }
      ],
      "schema:geo": {
        "@id": "https://data.datatourisme.fr/90656ba8-49d7-38b4-9f1d-fd92e3de6e7f",
        "schema:latitude": "48.870293",
        "schema:longitude": "2.350332",
        "@type": [
          "schema:GeoCoordinates"
        ]
      },
      "schema:openingHoursSpecification": [
        {
          "@id": "https://data.datatourisme.fr/82421042-6d34-3f06-bfce-5802db8ab01a",
          "schema:closes": "18:00:00",
          "schema:opens": "10:00:00",
          "schema:validFrom": "2023-12-31T00:00:00",
          "schema:validThrough": "2023-12-30T23:59:59",
          "@type": [
            "schema:OpeningHoursSpecification"
          ],
          "additionalInformation": {
            "de": [
              "Die letzten Einträge sind um 17 Uhr."
            ],
            "en": [
              "Last entries are at 5:00."
            ],
            "it": [
              "Le ultime iscrizioni sono alle ore 17.00."
            ],
            "fr": [
              "Les dernières entrées sont à 17h."
            ],
            "es": [
              "Las últimas inscripciones son a las 17.00 horas."
            ],
            "nl": [
              "De laatste inzendingen zijn om 17.00 uur."
            ]
          },
          "hasTranslatedProperty": [
            {
              "@id": "https://data.datatourisme.fr/1a078d14-346f-37c6-9200-5123dab47e87",
              "dc:contributor": [
                "https://api.deepl.com/v2/translate"
              ],
              "rdf:language": [
                "nl"
              ],
              "rdf:predicate": [
                "additionalInformation"
              ]
            },
            {
              "@id": "https://data.datatourisme.fr/30c6b81a-9e48-3042-9480-ea19449dbc93",
              "dc:contributor": [
                "https://api.deepl.com/v2/translate"
              ],
              "rdf:language": [
                "it"
              ],
              "rdf:predicate": [
                "additionalInformation"
              ]
            },
            {
              "@id": "https://data.datatourisme.fr/381e82c1-6e77-3fe4-a774-03c773062b00",
              "dc:contributor": [
                "https://api.deepl.com/v2/translate"
              ],
              "rdf:language": [
                "de"
              ],
              "rdf:predicate": [
                "additionalInformation"
              ]
            },
            {
              "@id": "https://data.datatourisme.fr/c49fdce1-a277-3d3f-81f7-436152dd709d",
              "dc:contributor": [
                "https://api.deepl.com/v2/translate"
              ],
              "rdf:language": [
                "es"
              ],
              "rdf:predicate": [
                "additionalInformation"
              ]
            },
            {
              "@id": "https://data.datatourisme.fr/e1ea1592-ace4-30d6-8e4d-3bc8398232d7",
              "dc:contributor": [
                "https://api.deepl.com/v2/translate"
              ],
              "rdf:language": [
                "en"
              ],
              "rdf:predicate": [
                "additionalInformation"
              ]
            }
          ]
        }
      ],
      "@type": [
        "schema:Place",
        "Place"
      ]
    }
  ],
  "isOwnedBy": [
    {
      "@id": "https://data.datatourisme.fr/26ecd6f0-563c-356a-b0f9-ad3ec17effc4",
      "schema:email": [
        "bgeigle@visitparisregion.com",
        "hcaldo@visitparisregion.com",
        "mtanaskovic@visitparisregion.com"
      ],
      "schema:legalName": "Comité Régional du Tourisme Paris Ile de France",
      "@type": [
        "schema:Organization",
        "foaf:Agent",
        "Agent"
      ],
      "foaf:homepage": [
        "http://www.visitparisregion.com/"
      ]
    }
  ],
  "lastUpdate": "2023-08-04",
  "lastUpdateDatatourisme": "2023-10-17T05:52:15.74Z",
  "offers": [
    {
      "@id": "https://data.datatourisme.fr/348c743e-c36a-30ca-aa45-a650286a5f6a",
      "schema:priceSpecification": [
        {
          "@id": "https://data.datatourisme.fr/3a5532e3-9511-336a-b675-a5703c6b7c02",
          "schema:maxPrice": [
            "13",
            "15",
            "9"
          ],
          "schema:minPrice": [
            "13",
            "15",
            "9"
          ],
          "schema:priceCurrency": "EUR",
          "@type": [
            "schema:PriceSpecification",
            "PriceSpecification"
          ],
          "appliesOnPeriod": [
            {
              "@id": "https://data.datatourisme.fr/9af75862-bf7a-37b1-8797-d9aa43121351",
              "@type": [
                "Period"
              ],
              "endDate": "2023-12-31",
              "startDate": "2021-01-01"
            }
          ]
        }
      ],
      "@type": [
        "schema:Offer",
        "Offer"
      ]
    }
  ]
}