{
  "@id": "https://data.datatourisme.fr/19/1718cffd-f370-3dcf-abe2-b1b2feb2d379",
  "dc:identifier": "7ea8684e-8792-5784-d399-501ba375b806",
  "@type": [
    "schema:LocalBusiness",
    "schema:Museum",
    "CulturalSite",
    "Museum",
    "PlaceOfInterest",
    "PointOfInterest"
  ],
  "rdfs:label": {
    "fr": [
      "Musée de la Contrefaçon"
    ]
  },
  "owl:sameAs": [
    "http://www.wikidata.org/entity/Q2449709"
  ],
  "hasBeenCreatedBy": {
    "@id": "https://data.datatourisme.fr/73f9361b-7fdb-3a8c-8c11-182ef0152392",
    "schema:email": [
      "opendata@parisinfo.com"
    ],
    "schema:legalName": "Office de Tourisme de Paris",
    "@type": [
      "schema:Organization",
      "foaf:Agent",
      "Agent"
    ],
    "foaf:homepage": [
      "https://www.parisinfo.com/"
    ]
  },
  "hasBeenPublishedBy": [
    {
      "@id": "https://data.datatourisme.fr/73f9361b-7fdb-3a8c-8c11-182ef0152392",
      "schema:email": [
        "opendata@parisinfo.com"
      ],
      "schema:legalName": "Office de Tourisme de Paris",
      "@type": [
        "schema:Organization",
        "foaf:Agent",
        "Agent"
      ],
      "foaf:homepage": [
        "https://www.parisinfo.com/"
      ]
    }
  ],
  "hasContact": [
    {
      "@id": "https://data.datatourisme.fr/eac9e448-3fe8-3441-b61d-608f5aae88f7",
      "schema:email": [
        "info@unifab.com"
      ],
      "schema:telephone": [
        "+33 1 56 26 14 03"
      ],
      "@type": [
        "foaf:Agent",
        "Agent"
      ],
      "foaf:homepage": [
        "https://musee-contrefacon.com/"
      ]
    }
  ],
  "hasRepresentation": [
    {
      "@id": "https://data.datatourisme.fr/8f6c869b-dc92-350a-bc83-cd3bc15a0d2c",
      "ebucore:hasAnnotation": [
        {
          "@id": "https://data.datatourisme.fr/1364b540-75b6-31cc-8497-caee36f032aa",
          "ebucore:isCoveredBy": "CC BY-SA 4.0",
          "ebucore:title": {
            "fr": [
              "Musée de la Contrefaçon, 16 rue de la Faisanderie, Paris 16e 2"
            ]
          },
          "@type": [
            "ebucore:Annotation"
          ],
          "credits": [
            "<table style=\"margin: 1.5em auto; width:60%; background-color:#ede3e3; border:2px solid #000000; border-radius: 10px; padding:1px;\" cellspacing=\"10\"><tbody><tr><td align=\"center\">\n<p>Merci d'indiquer cette ligne de crédit près de l'image en cas de réutilisation :\n</p>\n<div class=\"center\"><b>Crédit : Polymagou - CC-BY-SA</b>\n</div>\n<p><small><i>Merci beaucoup de me prévenir sur <a href=\"//commons.wikimedia.org/wiki/User_talk:Polymagou\" title=\"User talk:Polymagou\">ma page de discussion</a> si vous reprenez cette image en dehors d'un projet Wikimédia <span typeof=\"mw:File\"><span><img src=\"https://upload.wikimedia.org/wikipedia/commons/thumb/7/79/Face-smile.svg/20px-Face-smile.svg.png\" decoding=\"async\" width=\"20\" height=\"20\" class=\"mw-file-element\" srcset=\"https://upload.wikimedia.org/wikipedia/commons/thumb/7/79/Face-smile.svg/30px-Face-smile.svg.png 1.5x, https://upload.wikimedia.org/wikipedia/commons/thumb/7/79/Face-smile.svg/40px-Face-smile.svg.png 2x\" data-file-width=\"48\" data-file-height=\"48\"></span></span>.</i></small>\n</p>\n</td></tr></tbody></table><p><br></p>"
          ]
        }
      ],
      "ebucore:hasRelatedResource": [
        {
          "@id": "https://data.datatourisme.fr/8ecd64e5-8be8-33bd-93d6-deaaa6657a3f",
          "ebucore:fileSize": [
            10289630
          ],
          "ebucore:hasMimeType": [
            {
              "@id": "kb:JPEG",
              "@type": [
                "ebucore:MimeType"
              ],
              "rdfs:comment": {
                "de": [
                  "JPEG-Bild"
                ],
                "pt": [
                  "Imagem JPEG"
                ],
                "en": [
                  "JPEG image file"
                ],
                "it": [
                  "Immagine JPEG"
                ],
                "fr": [
                  "Image JPEG"
                ],
                "nl": [
                  "JPEG-afbeelding"
                ],
                "es": [
                  "Imagen JPEG"
                ]
              },
              "rdfs:label": {
                "de": [
                  "image/jpeg"
                ],
                "pt": [
                  "image/jpeg"
                ],
                "en": [
                  "image/jpeg"
                ],
                "it": [
                  "image/jpeg"
                ],
                "fr": [
                  "image/jpeg"
                ],
                "nl": [
                  "image/jpeg"
                ],
                "es": [
                  "image/jpeg"
                ]
              }
            }
          ],
          "ebucore:height": 3361,
          "ebucore:locator": [
            "https://upload.wikimedia.org/wikipedia/commons/2/2d/Mus%C3%A9e_de_la_Contrefa%C3%A7on%2C_16_rue_de_la_Faisanderie%2C_Paris_16e_2.jpg"
          ],
          "ebucore:width": 5041,
          "@type": [
            "ebucore:Resource"
          ]
        }
      ],
      "@type": [
        "ebucore:EditorialObject"
      ]
    }
  ],
  "isLocatedAt": [
    {
      "@id": "https://data.datatourisme.fr/f94deed8-156c-3613-be82-3a5d1baaf999",
      "schema:address": [
        {
          "@id": "https://data.datatourisme.fr/8cdcacdb-532a-3d0a-9c43-9bf1e50793e4",
          "schema:addressLocality": "Paris",
          "schema:postalCode": "75116",
          "schema:streetAddress": [
            "16 rue de la Faisanderie"
          ],
          "@type": [
            "schema:PostalAddress",
            "PostalAddress"
          ],
          "hasAddressCity": {
            "@id": "kb:75056",
            "@type": [
              "City"
            ],
            "rdfs:label": {
              "de": [
                "Paris"
              ],
              "pt": [
                "Paris"
              ],
              "en": [
                "Paris"
              ],
              "it": [
                "Paris"
              ],
              "fr": [
                "Paris"
              ],
              "nl": [
                "Paris"
              ],
              "es": [
                "Paris"
              ]
            },
            "insee": "75056",
            "isPartOfDepartment": {
              "@id": "kb:France1175",
              "@type": [
                "Department"
              ],
              "rdfs:label": {
                "de": [
                  "Paris"
                ],
                "pt": [
                  "Paris"
                ],
                "en": [
                  "Paris"
                ],
                "it": [
                  "Paris"
                ],
                "fr": [
                  "Paris"
                ],
                "nl": [
                  "Paris"
                ],
                "es": [
                  "Paris"
                ]
              },
              "insee": "75",
              "isPartOfRegion": {
                "@id": "kb:France11",
                "@type": [
                  "Region"
                ],
                "rdfs:label": {
                  "de": [
                    "Île-de-France"
                  ],
                  "pt": [
                    "Île-de-France"
                  ],
                  "en": [
                    "Île-de-France"
                  ],
                  "it": [
                    "Île-de-France"
                  ],
                  "fr": [
                    "Île-de-France"
                  ],
                  "nl": [
                    "Île-de-France"
                  ],
                  "es": [
                    "Île-de-France"
                  ]
                },
                "insee": "11",
                "isPartOfCountry": {
                  "@id": "kb:France",
                  "@type": [
                    "schema:Country"
                  ],
                  "rdfs:label": {
                    "de": [
                      "France",
                      "Frankreich"
                    ],
                    "pt": [
                      "França",
                      "France"
                    ],
                    "en": [
                      "France"
                    ],
                    "it": [
                      "France",
                      "Francia"
                    ],
                    "fr": [
                      "France"
                    ],
                    "nl": [
                      "France",
                      "Frankrijk"
                    ],
                    "es": [
                      "France",
                      "Francia"
                    ]
                  }
                }
              }
            }
          }
        }
      ],
      "schema:geo": {
        "@id": "https://data.datatourisme.fr/a2638e4c-78a3-3ff5-9d6f-5ace4d583794",
        "schema:latitude": "48.8701673",
        "schema:longitude": "2.2767930999999635",
        "@type": [
          "schema:GeoCoordinates"
        ]
      },
      "schema:openingHoursSpecification": [
        {
          "@id": "https://data.datatourisme.fr/966ed88b-eb04-3b1f-a0fb-020a4f07764e",
          "@type": [
            "schema:OpeningHoursSpecification"
          ],
          "additionalInformation": {
            "de": [
              "Montag bis Samstag, 14.00-17.30 Uhr. Überprüfen Sie die jährlichen Schließungen vorab auf der Website."
            ],
            "en": [
              "Monday-Saturday, 2-5:30pm. Please check the annual closures on the website beforehand."
            ],
            "it": [
              "Lunedì-sabato, 14.00-17.30. Si prega di controllare in anticipo le chiusure annuali sul sito web."
            ],
            "fr": [
              "Lundi-samedi, 14h-17h30. Vérifier les fermetures annuelles sur le site internet au préalable."
            ],
            "nl": [
              "Maandag-zaterdag van 14.00 tot 17.30 uur. Controleer vooraf de jaarlijkse sluitingen op de website."
            ],
            "es": [
              "De lunes a sábado, de 14.00 a 17.30 h. Consulte con antelación los cierres anuales en el sitio web."
            ]
          },
          "hasTranslatedProperty": [
            {
              "@id": "https://data.datatourisme.fr/9a57b661-0c33-36ac-9af2-8e992d11e5dc",
              "dc:contributor": [
                "https://api.deepl.com/v2/translate"
              ],
              "rdf:language": [
                "es"
              ],
              "rdf:predicate": [
                "additionalInformation"
              ]
            },
            {
              "@id": "https://data.datatourisme.fr/9a71de37-bb15-35cb-b431-270132aae721",
              "dc:contributor": [
                "https://api.deepl.com/v2/translate"
              ],
              "rdf:language": [
                "it"
              ],
              "rdf:predicate": [
                "additionalInformation"
              ]
            },
            {
              "@id": "https://data.datatourisme.fr/c5f67e67-f801-335a-ba50-34be69c59f05",
              "dc:contributor": [
                "https://api.deepl.com/v2/translate"
              ],
              "rdf:language": [
                "nl"
              ],
              "rdf:predicate": [
                "additionalInformation"
              ]
            },
            {
              "@id": "https://data.datatourisme.fr/e3d37c5e-0359-3ea4-8ea2-8214378a9dc8",
              "dc:contributor": [
                "https://api.deepl.com/v2/translate"
              ],
              "rdf:language": [
                "en"
              ],
              "rdf:predicate": [
                "additionalInformation"
              ]
            },
            {
              "@id": "https://data.datatourisme.fr/e893332a-a1ad-3293-b9f4-d89891d1fadf",
              "dc:contributor": [
                "https://api.deepl.com/v2/translate"
              ],
              "rdf:language": [
                "de"
              ],
              "rdf:predicate": [
                "additionalInformation"
              ]
            }
          ]
        }
      ],
      "@type": [
        "schema:Place",
        "Place"
      ]
    }
  ],
  "lastUpdate": "2023-06-30",
  "lastUpdateDatatourisme": "2023-10-12T16:59:40.007Z"
}