{
  "@id": "https://data.datatourisme.fr/13/51769c0a-eff8-35a0-9f94-f44c4b5ae610",
  "dc:identifier": "5241726",
  "@type": [
    "olo:OrderedList",
    "CyclingTour",
    "PlaceOfInterest",
    "PointOfInterest",
    "SportsAndLeisurePlace",
    "Tour"
  ],
  "rdfs:comment": {
    "de": [
      "Das Beste der grünen Wege der Ardèche steht auf dem Programm. Viarhona, Voie bleue und vor allem die Dolce Via in den herrlichen Schluchten des Eyrieux. Und als wäre das noch nicht genug, gibt es ein krönendes Finale im Dampfzug der Ardèche."
    ],
    "en": [
      "The best cylcling path ! Viarhona, Voie bleue and the Dolce Via inside the amazing gorges of Eyrieux. Do you want more ? You can finish your ride by getting insde the steam train Mastrou !"
    ],
    "it": [
      "Il meglio delle vie verdi dell'Ardèche in programma. Viarhona, Voie bleue e soprattutto la Dolce Via nelle splendide gole di Eyrieux. E come se non bastasse, gran finale in treno a vapore dell'Ardèche."
    ],
    "fr": [
      "Le meilleur des voies vertes de l'Ardèche au programme. Viarhona, Voie bleue, et surtout la Dolce Via dans les splendides gorges de l'Eyrieux. Et comme si cela ne suffisait pas, un final en apothéose dans le train à vapeur de l'Ardèche."
    ],
    "es": [
      "Lo mejor de las vías verdes de Ardèche en el programa. Viarhona, Voie bleue, y sobre todo la Dolce Via en las espléndidas gargantas de Eyrieux. Y por si fuera poco, un gran final en el tren de vapor de Ardèche."
    ],
    "nl": [
      "De beste groene routes van de Ardèche op het programma. Viarhona, Voie bleue, en vooral de Dolce Via in de prachtige Eyrieux kloven. En alsof dat nog niet genoeg was, een grote finale in de stoomtrein van de Ardèche."
    ]
  },
  "rdfs:label": {
    "de": [
      "Circuit VAE : La Dolce Via"
    ],
    "ru": [
      "Circuit VAE : La Dolce Via"
    ],
    "en": [
      "E bike Tour : La Dolce Via"
    ],
    "it": [
      "Circuit VAE : La Dolce Via"
    ],
    "fr": [
      "Circuit VAE : La Dolce Via"
    ],
    "zh": [
      "Circuit VAE : La Dolce Via"
    ],
    "nl": [
      "Circuit VAE : La Dolce Via"
    ],
    "es": [
      "Circuit VAE : La Dolce Via"
    ]
  },
  "hasBeenCreatedBy": {
    "@id": "https://data.datatourisme.fr/13/185c29dc-2432-3934-ae37-7cfda20e414c",
    "dc:identifier": "627",
    "schema:email": [
      "a.ferrel@ah-tourisme.com",
      "d.mathieu@ah-tourisme.com",
      "s.monneron@ah-tourisme.com"
    ],
    "schema:legalName": "Ardèche Hermitage Tourisme",
    "@type": [
      "schema:Organization",
      "foaf:Agent",
      "Agent"
    ],
    "foaf:homepage": [
      "http://ardeche-hermitage.com/"
    ]
  },
  "hasBeenPublishedBy": [
    {
      "@id": "https://data.datatourisme.fr/dbca899d-3f22-364b-b99d-40af1e917c58",
      "schema:legalName": "Agence de Développement Touristique de l'Ardèche - source : Apidae Tourisme",
      "@type": [
        "schema:Organization",
        "foaf:Agent",
        "Agent"
      ],
      "foaf:homepage": [
        "https://www.apidae-tourisme.com/"
      ]
    }
  ],
  "hasContact": [
    {
      "@id": "https://data.datatourisme.fr/a01ea66f-2087-3b8e-a52d-518dfc388669",
      "schema:email": [
        "info@ah-tourisme.com"
      ],
      "schema:telephone": [
        "+33 4 75 08 10 23"
      ],
      "@type": [
        "foaf:Agent",
        "Agent"
      ],
      "foaf:homepage": [
        "https://www.ardeche-hermitage.com/fr/bouger/au-grand-air/cyclo-tourisme/itineraires-velo-assistance-electrique/"
      ]
    }
  ],
  "hasDescription": [
    {
      "@id": "https://data.datatourisme.fr/6a30ed77-63b1-33d5-94c5-0458c6385469",
      "@type": [
        "Description"
      ],
      "hasTranslatedProperty": [
        {
          "@id": "https://data.datatourisme.fr/14f910a0-3692-3051-9ae7-8890efb85b70",
          "dc:contributor": [
            "https://api.deepl.com/v2/translate"
          ],
          "rdf:language": [
            "nl"
          ],
          "rdf:predicate": [
            "shortDescription"
          ]
        },
        {
          "@id": "https://data.datatourisme.fr/1e23745e-6e0f-35c5-af33-3e155e5d2478",
          "dc:contributor": [
            "https://api.deepl.com/v2/translate"
          ],
          "rdf:language": [
            "it"
          ],
          "rdf:predicate": [
            "shortDescription"
          ]
        },
        {
          "@id": "https://data.datatourisme.fr/9bcf910c-cb76-305d-87d3-994f795fcdf6",
          "dc:contributor": [
            "https://api.deepl.com/v2/translate"
          ],
          "rdf:language": [
            "es"
          ],
          "rdf:predicate": [
            "shortDescription"
          ]
        },
        {
          "@id": "https://data.datatourisme.fr/ce063b95-b022-3c8d-a7a2-cf48a66adba0",
          "dc:contributor": [
            "https://api.deepl.com/v2/translate"
          ],
          "rdf:language": [
            "de"
          ],
          "rdf:predicate": [
            "shortDescription"
          ]
        }
      ],
      "shortDescription": {
        "de": [
          "Das Beste der grünen Wege der Ardèche steht auf dem Programm. Viarhona, Voie bleue und vor allem die Dolce Via in den herrlichen Schluchten des Eyrieux. Und als wäre das noch nicht genug, gibt es ein krönendes Finale im Dampfzug der Ardèche."
        ],
        "en": [
          "The best cylcling path ! Viarhona, Voie bleue and the Dolce Via inside the amazing gorges of Eyrieux. Do you want more ? You can finish your ride by getting insde the steam train Mastrou !"
        ],
        "it": [
          "Il meglio delle vie verdi dell'Ardèche in programma. Viarhona, Voie bleue e soprattutto la Dolce Via nelle splendide gole di Eyrieux. E come se non bastasse, gran finale in treno a vapore dell'Ardèche."
        ],
        "fr": [
          "Le meilleur des voies vertes de l'Ardèche au programme. Viarhona, Voie bleue, et surtout la Dolce Via dans les splendides gorges de l'Eyrieux. Et comme si cela ne suffisait pas, un final en apothéose dans le train à vapeur de l'Ardèche."
        ],
        "es": [
          "Lo mejor de las vías verdes de Ardèche en el programa. Viarhona, Voie bleue, y sobre todo la Dolce Via en las espléndidas gargantas de Eyrieux. Y por si fuera poco, un gran final en el tren de vapor de Ardèche."
        ],
        "nl": [
          "De beste groene routes van de Ardèche op het programma. Viarhona, Voie bleue, en vooral de Dolce Via in de prachtige Eyrieux kloven. En alsof dat nog niet genoeg was, een grote finale in de stoomtrein van de Ardèche."
        ]
      }
    }
  ],
  "hasTheme": [
    {
      "@id": "kb:Bike",
      "@type": [
        "SportsTheme"
      ],
      "rdfs:label": {
        "de": [
          "Fahrrad"
        ],
        "pt": [
          "Bicicleta"
        ],
        "en": [
          "Bike"
        ],
        "it": [
          "Bicicletta"
        ],
        "fr": [
          "Vélo"
        ],
        "nl": [
          "Fiets"
        ],
        "es": [
          "Bicicleta"
        ]
      }
    },
    {
      "@id": "kb:ElectricallyAssistedBicycle",
      "@type": [
        "SportsTheme"
      ],
      "rdfs:label": {
        "de": [
          "Ladestation für Elektrofahrräder"
        ],
        "pt": [
          "Bicicleta elétrica"
        ],
        "en": [
          "Electrically assisted bicycle"
        ],
        "it": [
          "Bicicletta a pedalata assistita"
        ],
        "fr": [
          "Vélo à assistance électrique, VAE"
        ],
        "nl": [
          "Elektrische fiets"
        ],
        "es": [
          "Bicicleta eléctrica, VAE"
        ]
      }
    }
  ],
  "hasTranslatedProperty": [
    {
      "@id": "https://data.datatourisme.fr/622adf63-0f7e-32dd-80c4-7da11db68c67",
      "dc:contributor": [
        "https://api.deepl.com/v2/translate"
      ],
      "rdf:language": [
        "it"
      ],
      "rdf:predicate": [
        {
          "@id": "rdfs:comment"
        }
      ]
    },
    {
      "@id": "https://data.datatourisme.fr/6bb14d59-0052-36f0-8d0c-8f7c56f121b0",
      "dc:contributor": [
        "https://api.deepl.com/v2/translate"
      ],
      "rdf:language": [
        "de"
      ],
      "rdf:predicate": [
        {
          "@id": "rdfs:comment"
        }
      ]
    },
    {
      "@id": "https://data.datatourisme.fr/9ad07758-8c0d-341f-a81f-f0eedbe58f54",
      "dc:contributor": [
        "https://api.deepl.com/v2/translate"
      ],
      "rdf:language": [
        "nl"
      ],
      "rdf:predicate": [
        {
          "@id": "rdfs:comment"
        }
      ]
    },
    {
      "@id": "https://data.datatourisme.fr/b19f288c-6264-3be9-8de4-8f3cb674396b",
      "dc:contributor": [
        "https://api.deepl.com/v2/translate"
      ],
      "rdf:language": [
        "es"
      ],
      "rdf:predicate": [
        {
          "@id": "rdfs:comment"
        }
      ]
    }
  ],
  "isLocatedAt": [
    {
      "@id": "https://data.datatourisme.fr/187f998a-510b-3cc1-953a-1bff56a3175e",
      "schema:address": [
        {
          "@id": "https://data.datatourisme.fr/c383d2e9-a434-379d-8c10-bbfe4e2d895c",
          "schema:addressLocality": "Tournon-sur-Rhône",
          "schema:postalCode": "07300",
          "@type": [
            "schema:PostalAddress",
            "PostalAddress"
          ],
          "hasAddressCity": {
            "@id": "kb:07324",
            "@type": [
              "City"
            ],
            "rdfs:label": {
              "de": [
                "Tournon-sur-Rhône"
              ],
              "pt": [
                "Tournon-sur-Rhône"
              ],
              "en": [
                "Tournon-sur-Rhône"
              ],
              "it": [
                "Tournon-sur-Rhône"
              ],
              "fr": [
                "Tournon-sur-Rhône"
              ],
              "nl": [
                "Tournon-sur-Rhône"
              ],
              "es": [
                "Tournon-sur-Rhône"
              ]
            },
            "insee": "07324",
            "isPartOfDepartment": {
              "@id": "kb:France8407",
              "@type": [
                "Department"
              ],
              "rdfs:label": {
                "de": [
                  "Ardèche"
                ],
                "pt": [
                  "Ardèche"
                ],
                "en": [
                  "Ardèche"
                ],
                "it": [
                  "Ardèche"
                ],
                "fr": [
                  "Ardèche"
                ],
                "nl": [
                  "Ardèche"
                ],
                "es": [
                  "Ardèche"
                ]
              },
              "insee": "07",
              "isPartOfRegion": {
                "@id": "kb:France84",
                "@type": [
                  "Region"
                ],
                "rdfs:label": {
                  "de": [
                    "Auvergne-Rhône-Alpes"
                  ],
                  "pt": [
                    "Auvergne-Rhône-Alpes"
                  ],
                  "en": [
                    "Auvergne-Rhône-Alpes"
                  ],
                  "it": [
                    "Auvergne-Rhône-Alpes"
                  ],
                  "fr": [
                    "Auvergne-Rhône-Alpes"
                  ],
                  "nl": [
                    "Auvergne-Rhône-Alpes"
                  ],
                  "es": [
                    "Auvergne-Rhône-Alpes"
                  ]
                },
                "insee": "84",
                "isPartOfCountry": {
                  "@id": "kb:France",
                  "@type": [
                    "schema:Country"
                  ],
                  "rdfs:label": {
                    "de": [
                      "France",
                      "Frankreich"
                    ],
                    "pt": [
                      "França",
                      "France"
                    ],
                    "en": [
                      "France"
                    ],
                    "it": [
                      "France",
                      "Francia"
                    ],
                    "fr": [
                      "France"
                    ],
                    "nl": [
                      "France",
                      "Frankrijk"
                    ],
                    "es": [
                      "France",
                      "Francia"
                    ]
                  }
                }
              }
            }
          }
        }
      ],
      "schema:geo": {
        "@id": "https://data.datatourisme.fr/57680aa0-34f8-3c35-a5f0-8456708d5c59",
        "schema:elevation": "100",
        "schema:latitude": "45.069",
        "schema:longitude": "4.8311",
        "@type": [
          "schema:GeoCoordinates"
        ]
      },
      "schema:openingHoursSpecification": [
        {
          "@id": "https://data.datatourisme.fr/03780169-2460-3040-9176-c3205012347e",
          "schema:validFrom": "2023-01-01T00:00:00",
          "schema:validThrough": "2023-12-31T23:59:59",
          "@type": [
            "schema:OpeningHoursSpecification"
          ],
          "additionalInformation": {
            "de": [
              "Beste Jahreszeit: April bis Juni und September Oktober"
            ],
            "en": [
              "Best season: April to June and September October"
            ],
            "it": [
              "Stagione migliore: da aprile a giugno e da settembre a ottobre"
            ],
            "fr": [
              "Meilleure saison : avril à juin et septembre octobre"
            ],
            "es": [
              "Mejor temporada: de abril a junio y de septiembre a octubre"
            ],
            "nl": [
              "Beste seizoen: april tot juni en september tot oktober"
            ]
          },
          "hasTranslatedProperty": [
            {
              "@id": "https://data.datatourisme.fr/3d3d4e28-9046-36cd-847d-7add992cf27a",
              "dc:contributor": [
                "https://api.deepl.com/v2/translate"
              ],
              "rdf:language": [
                "en"
              ],
              "rdf:predicate": [
                "additionalInformation"
              ]
            },
            {
              "@id": "https://data.datatourisme.fr/786b7e15-1ecb-3e29-b055-a4cca07d9ce9",
              "dc:contributor": [
                "https://api.deepl.com/v2/translate"
              ],
              "rdf:language": [
                "de"
              ],
              "rdf:predicate": [
                "additionalInformation"
              ]
            },
            {
              "@id": "https://data.datatourisme.fr/7cd158c5-bd29-343f-8911-fd3fb24fb1fb",
              "dc:contributor": [
                "https://api.deepl.com/v2/translate"
              ],
              "rdf:language": [
                "nl"
              ],
              "rdf:predicate": [
                "additionalInformation"
              ]
            },
            {
              "@id": "https://data.datatourisme.fr/a2732ea0-e55b-3eda-b39a-ba322a508183",
              "dc:contributor": [
                "https://api.deepl.com/v2/translate"
              ],
              "rdf:language": [
                "es"
              ],
              "rdf:predicate": [
                "additionalInformation"
              ]
            },
            {
              "@id": "https://data.datatourisme.fr/e914ec9a-1003-31c4-85f1-874a22806265",
              "dc:contributor": [
                "https://api.deepl.com/v2/translate"
              ],
              "rdf:language": [
                "it"
              ],
              "rdf:predicate": [
                "additionalInformation"
              ]
            }
          ]
        }
      ],
      "@type": [
        "schema:Place",
        "Place"
      ]
    }
  ],
  "isOwnedBy": [
    {
      "@id": "https://data.datatourisme.fr/e485229f-e26b-3c2e-8f16-ebf98c03d1e5",
      "schema:email": [
        "a.ferrel@ah-tourisme.com",
        "d.mathieu@ah-tourisme.com",
        "s.monneron@ah-tourisme.com"
      ],
      "schema:legalName": "Ardèche Hermitage Tourisme",
      "@type": [
        "schema:Organization",
        "foaf:Agent",
        "Agent"
      ],
      "foaf:homepage": [
        "http://ardeche-hermitage.com/"
      ]
    }
  ],
  "lastUpdate": "2020-10-14",
  "lastUpdateDatatourisme": "2023-02-08T06:39:48.941Z"
}