{
  "@id": "https://data.datatourisme.fr/13/bb30cc7b-7645-3a8b-970d-c77987dfdfb6",
  "dc:identifier": "6584911",
  "@type": [
    "schema:FoodEstablishment",
    "schema:Winery",
    "BistroOrWineBar",
    "FoodEstablishment",
    "PlaceOfInterest",
    "PointOfInterest",
    "SportsAndLeisurePlace"
  ],
  "rdfs:comment": {
    "de": [
      "Willkommen in den Wolken. Oder vielmehr in das Nest der Küchenchefs Denny Imbroisi und Matthias Giroud. Mit der Ilvolo Bar öffnet das Rooftop des Novotel Paris Vaugirard Montparnasse wieder dauerhaft seine Pforten."
    ],
    "en": [
      "Welcome to the clouds. Or rather in the nest of chefs Denny Imbroisi and Matthias Giroud. With the Ilvolo Bar, the rooftop of Novotel Paris Vaugirard Montparnasse reopens its doors on a permanent basis."
    ],
    "it": [
      "Benvenuti tra le nuvole. O meglio nel nido degli chef Denny Imbroisi e Matthias Giroud. Con l'Ilvolo Bar, il rooftop del Novotel Paris Vaugirard Montparnasse riapre le sue porte in modo permanente."
    ],
    "fr": [
      "Bienvenue dans les nuages. Ou plutôt dans le nid des chefs Denny Imbroisi et Matthias Giroud. Avec l’Ilvolo Bar, le rooftop du Novotel Paris Vaugirard Montparnasse rouvre ses portes de manière permanente."
    ],
    "nl": [
      "Welkom in de wolken. Of eigenlijk in het nest van chef-koks Denny Imbroisi en Matthias Giroud. Met de Ilvolo Bar heropent het dak van het Novotel Paris Vaugirard Montparnasse zijn deuren op permanente basis."
    ],
    "es": [
      "Bienvenido a las nubes. O mejor dicho, al nido de los chefs Denny Imbroisi y Matthias Giroud. Con el Ilvolo Bar, la azotea del Novotel Paris Vaugirard Montparnasse reabre sus puertas de forma permanente."
    ]
  },
  "rdfs:label": {
    "fr": [
      "Ilvolo Rooftop Bar"
    ]
  },
  "hasBeenCreatedBy": {
    "@id": "https://data.datatourisme.fr/13/03e0704b-5690-32de-a186-1dc3ad3316c9",
    "dc:identifier": "1019",
    "schema:email": [
      "bgeigle@visitparisregion.com",
      "hcaldo@visitparisregion.com",
      "mtanaskovic@visitparisregion.com"
    ],
    "schema:legalName": "Choose Paris Region",
    "@type": [
      "schema:Organization",
      "foaf:Agent",
      "Agent"
    ],
    "foaf:homepage": [
      "http://www.visitparisregion.com/"
    ]
  },
  "hasBeenPublishedBy": [
    {
      "@id": "https://data.datatourisme.fr/8a9feb4b-2cbd-3d2c-b507-bd6c6776b23b",
      "schema:legalName": "Apidae Tourisme Scic SA - source : Apidae Tourisme",
      "@type": [
        "schema:Organization",
        "foaf:Agent",
        "Agent"
      ],
      "foaf:homepage": [
        "https://www.apidae-tourisme.com/"
      ]
    }
  ],
  "hasContact": [
    {
      "@id": "https://data.datatourisme.fr/03dfa193-ddae-331e-bad8-405df4e8379e",
      "schema:telephone": [
        "+33 1 61 61 80 80"
      ],
      "@type": [
        "foaf:Agent",
        "Agent"
      ]
    }
  ],
  "hasDescription": [
    {
      "@id": "https://data.datatourisme.fr/57813441-1998-367e-a0f5-dec0b6b78a02",
      "@type": [
        "Description"
      ],
      "hasTranslatedProperty": [
        {
          "@id": "https://data.datatourisme.fr/1ddb130a-70cb-30d0-87fe-230926a6941b",
          "dc:contributor": [
            "https://api.deepl.com/v2/translate"
          ],
          "rdf:language": [
            "de"
          ],
          "rdf:predicate": [
            "shortDescription"
          ]
        },
        {
          "@id": "https://data.datatourisme.fr/67e11a27-8367-30e7-a938-f1e90f06a036",
          "dc:contributor": [
            "https://api.deepl.com/v2/translate"
          ],
          "rdf:language": [
            "nl"
          ],
          "rdf:predicate": [
            "shortDescription"
          ]
        },
        {
          "@id": "https://data.datatourisme.fr/c1102d20-7b44-3f5b-979c-15f324447e44",
          "dc:contributor": [
            "https://api.deepl.com/v2/translate"
          ],
          "rdf:language": [
            "en"
          ],
          "rdf:predicate": [
            "shortDescription"
          ]
        },
        {
          "@id": "https://data.datatourisme.fr/e21ccf7c-6c32-3e63-a92d-e61805dde02f",
          "dc:contributor": [
            "https://api.deepl.com/v2/translate"
          ],
          "rdf:language": [
            "es"
          ],
          "rdf:predicate": [
            "shortDescription"
          ]
        },
        {
          "@id": "https://data.datatourisme.fr/fa4b7bd5-87c5-305f-822f-5470f39d74e1",
          "dc:contributor": [
            "https://api.deepl.com/v2/translate"
          ],
          "rdf:language": [
            "it"
          ],
          "rdf:predicate": [
            "shortDescription"
          ]
        }
      ],
      "shortDescription": {
        "de": [
          "Willkommen in den Wolken. Oder vielmehr in das Nest der Küchenchefs Denny Imbroisi und Matthias Giroud. Mit der Ilvolo Bar öffnet das Rooftop des Novotel Paris Vaugirard Montparnasse wieder dauerhaft seine Pforten."
        ],
        "en": [
          "Welcome to the clouds. Or rather in the nest of chefs Denny Imbroisi and Matthias Giroud. With the Ilvolo Bar, the rooftop of Novotel Paris Vaugirard Montparnasse reopens its doors on a permanent basis."
        ],
        "it": [
          "Benvenuti tra le nuvole. O meglio nel nido degli chef Denny Imbroisi e Matthias Giroud. Con l'Ilvolo Bar, il rooftop del Novotel Paris Vaugirard Montparnasse riapre le sue porte in modo permanente."
        ],
        "fr": [
          "Bienvenue dans les nuages. Ou plutôt dans le nid des chefs Denny Imbroisi et Matthias Giroud. Avec l’Ilvolo Bar, le rooftop du Novotel Paris Vaugirard Montparnasse rouvre ses portes de manière permanente."
        ],
        "nl": [
          "Welkom in de wolken. Of eigenlijk in het nest van chef-koks Denny Imbroisi en Matthias Giroud. Met de Ilvolo Bar heropent het dak van het Novotel Paris Vaugirard Montparnasse zijn deuren op permanente basis."
        ],
        "es": [
          "Bienvenido a las nubes. O mejor dicho, al nido de los chefs Denny Imbroisi y Matthias Giroud. Con el Ilvolo Bar, la azotea del Novotel Paris Vaugirard Montparnasse reabre sus puertas de forma permanente."
        ]
      }
    }
  ],
  "hasTranslatedProperty": [
    {
      "@id": "https://data.datatourisme.fr/4f959feb-cffc-3879-a8f0-1af11f9fd574",
      "dc:contributor": [
        "https://api.deepl.com/v2/translate"
      ],
      "rdf:language": [
        "en"
      ],
      "rdf:predicate": [
        {
          "@id": "rdfs:comment"
        }
      ]
    },
    {
      "@id": "https://data.datatourisme.fr/5be7a34a-29cf-375a-8e73-95eb395864d9",
      "dc:contributor": [
        "https://api.deepl.com/v2/translate"
      ],
      "rdf:language": [
        "es"
      ],
      "rdf:predicate": [
        {
          "@id": "rdfs:comment"
        }
      ]
    },
    {
      "@id": "https://data.datatourisme.fr/72be538c-0d51-3053-811d-5474cd531e8d",
      "dc:contributor": [
        "https://api.deepl.com/v2/translate"
      ],
      "rdf:language": [
        "it"
      ],
      "rdf:predicate": [
        {
          "@id": "rdfs:comment"
        }
      ]
    },
    {
      "@id": "https://data.datatourisme.fr/9a09e279-53e7-3b37-8e05-054a5f3b3894",
      "dc:contributor": [
        "https://api.deepl.com/v2/translate"
      ],
      "rdf:language": [
        "nl"
      ],
      "rdf:predicate": [
        {
          "@id": "rdfs:comment"
        }
      ]
    },
    {
      "@id": "https://data.datatourisme.fr/f3b86d5e-0101-3a69-b883-a27bc44de9c2",
      "dc:contributor": [
        "https://api.deepl.com/v2/translate"
      ],
      "rdf:language": [
        "de"
      ],
      "rdf:predicate": [
        {
          "@id": "rdfs:comment"
        }
      ]
    }
  ],
  "isLocatedAt": [
    {
      "@id": "https://data.datatourisme.fr/be52bec3-f80c-31a2-ad8b-0bd11f6f922f",
      "schema:address": [
        {
          "@id": "https://data.datatourisme.fr/db3d345a-85bb-3340-b667-ef13c55166b4",
          "schema:addressLocality": "Paris 15e Arrondissement",
          "schema:postalCode": "75015",
          "schema:streetAddress": [
            "257 Rue de Vaugirard"
          ],
          "@type": [
            "schema:PostalAddress",
            "PostalAddress"
          ],
          "hasAddressCity": {
            "@id": "kb:75115",
            "@type": [
              "City"
            ],
            "rdfs:label": {
              "de": [
                "Paris 15e Arrondissement"
              ],
              "pt": [
                "Paris 15e Arrondissement"
              ],
              "en": [
                "Paris 15e Arrondissement"
              ],
              "it": [
                "Paris 15e Arrondissement"
              ],
              "fr": [
                "Paris 15e Arrondissement"
              ],
              "nl": [
                "Paris 15e Arrondissement"
              ],
              "es": [
                "Paris 15e Arrondissement"
              ]
            },
            "insee": "75115",
            "isPartOfDepartment": {
              "@id": "kb:France1175",
              "@type": [
                "Department"
              ],
              "rdfs:label": {
                "de": [
                  "Paris"
                ],
                "pt": [
                  "Paris"
                ],
                "en": [
                  "Paris"
                ],
                "it": [
                  "Paris"
                ],
                "fr": [
                  "Paris"
                ],
                "nl": [
                  "Paris"
                ],
                "es": [
                  "Paris"
                ]
              },
              "insee": "75",
              "isPartOfRegion": {
                "@id": "kb:France11",
                "@type": [
                  "Region"
                ],
                "rdfs:label": {
                  "de": [
                    "Île-de-France"
                  ],
                  "pt": [
                    "Île-de-France"
                  ],
                  "en": [
                    "Île-de-France"
                  ],
                  "it": [
                    "Île-de-France"
                  ],
                  "fr": [
                    "Île-de-France"
                  ],
                  "nl": [
                    "Île-de-France"
                  ],
                  "es": [
                    "Île-de-France"
                  ]
                },
                "insee": "11",
                "isPartOfCountry": {
                  "@id": "kb:France",
                  "@type": [
                    "schema:Country"
                  ],
                  "rdfs:label": {
                    "de": [
                      "France",
                      "Frankreich"
                    ],
                    "pt": [
                      "França",
                      "France"
                    ],
                    "en": [
                      "France"
                    ],
                    "it": [
                      "France",
                      "Francia"
                    ],
                    "fr": [
                      "France"
                    ],
                    "nl": [
                      "France",
                      "Frankrijk"
                    ],
                    "es": [
                      "France",
                      "Francia"
                    ]
                  }
                }
              }
            }
          }
        }
      ],
      "schema:geo": {
        "@id": "https://data.datatourisme.fr/0995b701-c289-3e05-88af-19fe4a9031e8",
        "schema:latitude": "48.616566",
        "schema:longitude": "2.440163",
        "@type": [
          "schema:GeoCoordinates"
        ]
      },
      "schema:openingHoursSpecification": [
        {
          "@id": "https://data.datatourisme.fr/97cc3670-0b97-37c5-a7ca-7d63b1ca4c43",
          "schema:closes": "00:00:00",
          "schema:opens": "17:00:00",
          "schema:validFrom": "2023-01-01T00:00:00",
          "schema:validThrough": "2023-12-31T23:59:59",
          "@type": [
            "schema:OpeningHoursSpecification"
          ],
          "additionalInformation": {
            "de": [
              "montag 17:00?00:00\r\ndienstag 17:00?00:00\r\nmittwoch 17:00?00:00\r\ndonnerstag 17:00?00:00\r\nfreitag 17:00?02:00\r\nsamstag 17:00?02:00\r\nsonntag 17:00?00:00"
            ],
            "en": [
              "monday 17:00?00:00\r\ntuesday 17:00?00:00\r\nwednesday 17:00?00:00\r\nthursday 17:00?00:00\r\nfriday 17:00?02:00\r\nsaturday 17:00?02:00\r\nsunday 17:00?00:00"
            ],
            "it": [
              "lunedì 17:00?00:00\r\nmartedì 17:00?00:00\r\nmercoledì 17:00?00:00\r\ngiovedì 17:00?00:00\r\nvenerdì 17:00?02:00\r\nsabato 17:00?02:00\r\ndomenica 17:00?00:00"
            ],
            "fr": [
              "lundi\t17:00–00:00\r\nmardi\t17:00–00:00\r\nmercredi\t17:00–00:00\r\njeudi\t 17:00–00:00\r\nvendredi\t17:00–02:00\r\nsamedi\t17:00–02:00\r\ndimanche 17:00–00:00"
            ],
            "nl": [
              "maandag 17:00?00:00\r\ndinsdag 17:00?00:00\r\nwoensdag 17:00?00:00\r\ndonderdag 17:00?00:00\r\nvrijdag 17:00?02:00\r\nzaterdag 17:00?02:00\r\nzondag 17:00?00:00"
            ],
            "es": [
              "lunes 17:00?00:00\r\nmartes 17:00?00:00\r\nmiércoles 17:00?00:00\r\njueves 17:00?00:00\r\nviernes 17:00?02:00\r\nsábado 17:00?02:00\r\ndomingo 17:00?00:00"
            ]
          },
          "hasTranslatedProperty": [
            {
              "@id": "https://data.datatourisme.fr/225c6131-7df6-3583-99a5-d1a7617021f1",
              "dc:contributor": [
                "https://api.deepl.com/v2/translate"
              ],
              "rdf:language": [
                "de"
              ],
              "rdf:predicate": [
                "additionalInformation"
              ]
            },
            {
              "@id": "https://data.datatourisme.fr/4f594f8b-ad46-30b0-904f-c2942a06949a",
              "dc:contributor": [
                "https://api.deepl.com/v2/translate"
              ],
              "rdf:language": [
                "es"
              ],
              "rdf:predicate": [
                "additionalInformation"
              ]
            },
            {
              "@id": "https://data.datatourisme.fr/56018922-fe22-3518-bd84-0260e61da262",
              "dc:contributor": [
                "https://api.deepl.com/v2/translate"
              ],
              "rdf:language": [
                "nl"
              ],
              "rdf:predicate": [
                "additionalInformation"
              ]
            },
            {
              "@id": "https://data.datatourisme.fr/df399a26-a608-3544-853d-c7db3cf76989",
              "dc:contributor": [
                "https://api.deepl.com/v2/translate"
              ],
              "rdf:language": [
                "en"
              ],
              "rdf:predicate": [
                "additionalInformation"
              ]
            },
            {
              "@id": "https://data.datatourisme.fr/e3639ad0-28eb-3062-bf3f-ba8767484a1a",
              "dc:contributor": [
                "https://api.deepl.com/v2/translate"
              ],
              "rdf:language": [
                "it"
              ],
              "rdf:predicate": [
                "additionalInformation"
              ]
            }
          ]
        }
      ],
      "@type": [
        "schema:Place",
        "Place"
      ]
    }
  ],
  "isOwnedBy": [
    {
      "@id": "https://data.datatourisme.fr/3b8a790a-ebad-39c6-9a18-c5663001f469",
      "schema:email": [
        "bgeigle@visitparisregion.com",
        "hcaldo@visitparisregion.com",
        "mtanaskovic@visitparisregion.com"
      ],
      "schema:legalName": "Choose Paris Region",
      "@type": [
        "schema:Organization",
        "foaf:Agent",
        "Agent"
      ],
      "foaf:homepage": [
        "http://www.visitparisregion.com/"
      ]
    }
  ],
  "lastUpdate": "2023-06-28",
  "lastUpdateDatatourisme": "2023-10-02T05:53:31.769Z"
}