{
  "@id": "https://data.datatourisme.fr/13/bb44d116-335d-3c4b-b730-e7099ad05856",
  "dc:identifier": "772014",
  "@type": [
    "schema:LocalBusiness",
    "CulturalSite",
    "InterpretationCentre",
    "PlaceOfInterest",
    "PointOfInterest"
  ],
  "rdfs:comment": {
    "de": [
      "Am Fuße des Butte Montmartre befindet sich eine Baltard-Halle, die ganz der Art Brut und der Art Singulier gewidmet ist."
    ],
    "en": [
      "At the foot of the Butte Montmartre, a Baltard hall entirely dedicated to art brut and singular."
    ],
    "it": [
      "Ai piedi della Butte Montmartre, una sala baltarda interamente dedicata all'art brut e al singolare."
    ],
    "fr": [
      "Au pied de la Butte Montmartre, une halle Baltard entièrement dédiée à l'art brut et singulier."
    ],
    "es": [
      "Al pie de la Butte Montmartre, una sala Baltard enteramente dedicada al art brut y singular."
    ],
    "nl": [
      "Aan de voet van de Butte Montmartre, een Baltard zaal geheel gewijd aan art brut en singulier."
    ]
  },
  "rdfs:label": {
    "en": [
      "Halle Saint Pierre"
    ],
    "fr": [
      "Halle Saint Pierre"
    ]
  },
  "owl:sameAs": [
    "http://www.wikidata.org/entity/Q3126070"
  ],
  "hasBeenCreatedBy": {
    "@id": "https://data.datatourisme.fr/13/03e0704b-5690-32de-a186-1dc3ad3316c9",
    "dc:identifier": "1019",
    "schema:email": [
      "bgeigle@visitparisregion.com",
      "hcaldo@visitparisregion.com",
      "mtanaskovic@visitparisregion.com"
    ],
    "schema:legalName": "Choose Paris Region",
    "@type": [
      "schema:Organization",
      "foaf:Agent",
      "Agent"
    ],
    "foaf:homepage": [
      "http://www.visitparisregion.com/"
    ]
  },
  "hasBeenPublishedBy": [
    {
      "@id": "https://data.datatourisme.fr/8a9feb4b-2cbd-3d2c-b507-bd6c6776b23b",
      "schema:legalName": "Apidae Tourisme Scic SA - source : Apidae Tourisme",
      "@type": [
        "schema:Organization",
        "foaf:Agent",
        "Agent"
      ],
      "foaf:homepage": [
        "https://www.apidae-tourisme.com/"
      ]
    }
  ],
  "hasContact": [
    {
      "@id": "https://data.datatourisme.fr/018cb4ac-0939-3b32-844b-b70b23956ebf",
      "schema:email": [
        "communication@hallesaintpierre.org"
      ],
      "schema:telephone": [
        "+33 1 42 58 72 89"
      ],
      "@type": [
        "foaf:Agent",
        "Agent"
      ],
      "foaf:homepage": [
        "http://www.hallesaintpierre.org/"
      ]
    }
  ],
  "hasDescription": [
    {
      "@id": "https://data.datatourisme.fr/e2c2fbaa-8eaa-330d-9de1-1c0b93572551",
      "@type": [
        "Description"
      ],
      "hasTranslatedProperty": [
        {
          "@id": "https://data.datatourisme.fr/1ec5f476-54e5-398b-9fea-44996f7fb268",
          "dc:contributor": [
            "https://api.deepl.com/v2/translate"
          ],
          "rdf:language": [
            "nl"
          ],
          "rdf:predicate": [
            "shortDescription"
          ]
        },
        {
          "@id": "https://data.datatourisme.fr/87ae856c-77a1-37e8-b4b0-87be538145c7",
          "dc:contributor": [
            "https://api.deepl.com/v2/translate"
          ],
          "rdf:language": [
            "es"
          ],
          "rdf:predicate": [
            "shortDescription"
          ]
        },
        {
          "@id": "https://data.datatourisme.fr/bd120ebd-4715-3965-9477-468fd4785772",
          "dc:contributor": [
            "https://api.deepl.com/v2/translate"
          ],
          "rdf:language": [
            "it"
          ],
          "rdf:predicate": [
            "shortDescription"
          ]
        },
        {
          "@id": "https://data.datatourisme.fr/cf932c66-4deb-3d14-9a49-4b2ba79d7ebf",
          "dc:contributor": [
            "https://api.deepl.com/v2/translate"
          ],
          "rdf:language": [
            "de"
          ],
          "rdf:predicate": [
            "shortDescription"
          ]
        },
        {
          "@id": "https://data.datatourisme.fr/e68f1601-8748-37b5-b992-7337c716cdf9",
          "dc:contributor": [
            "https://api.deepl.com/v2/translate"
          ],
          "rdf:language": [
            "en"
          ],
          "rdf:predicate": [
            "shortDescription"
          ]
        }
      ],
      "shortDescription": {
        "de": [
          "Am Fuße des Butte Montmartre befindet sich eine Baltard-Halle, die ganz der Art Brut und der Art Singulier gewidmet ist."
        ],
        "en": [
          "At the foot of the Butte Montmartre, a Baltard hall entirely dedicated to art brut and singular."
        ],
        "it": [
          "Ai piedi della Butte Montmartre, una sala baltarda interamente dedicata all'art brut e al singolare."
        ],
        "fr": [
          "Au pied de la Butte Montmartre, une halle Baltard entièrement dédiée à l'art brut et singulier."
        ],
        "es": [
          "Al pie de la Butte Montmartre, una sala Baltard enteramente dedicada al art brut y singular."
        ],
        "nl": [
          "Aan de voet van de Butte Montmartre, een Baltard zaal geheel gewijd aan art brut en singulier."
        ]
      }
    }
  ],
  "hasRepresentation": [
    {
      "@id": "https://data.datatourisme.fr/ca0c0409-a05b-379b-9e7f-853d4f8795d6",
      "ebucore:hasAnnotation": [
        {
          "@id": "https://data.datatourisme.fr/385d851b-bb61-3b14-9b80-a15c353362c4",
          "ebucore:isCoveredBy": "CC BY 2.0",
          "ebucore:title": {
            "fr": [
              "Halle Saint Pierre In Montmartre - Paris 2013"
            ]
          },
          "@type": [
            "ebucore:Annotation"
          ],
          "credits": [
            "<a rel=\"nofollow\" class=\"external text\" href=\"https://www.flickr.com/people/54238124@N00\">Jim Linwood</a> from London"
          ]
        }
      ],
      "ebucore:hasRelatedResource": [
        {
          "@id": "https://data.datatourisme.fr/971906f0-4046-3b1b-b319-c4bf1315e73c",
          "ebucore:fileSize": [
            3512246
          ],
          "ebucore:hasMimeType": [
            {
              "@id": "kb:JPEG",
              "@type": [
                "ebucore:MimeType"
              ],
              "rdfs:comment": {
                "de": [
                  "JPEG-Bild"
                ],
                "pt": [
                  "Imagem JPEG"
                ],
                "en": [
                  "JPEG image file"
                ],
                "it": [
                  "Immagine JPEG"
                ],
                "fr": [
                  "Image JPEG"
                ],
                "nl": [
                  "JPEG-afbeelding"
                ],
                "es": [
                  "Imagen JPEG"
                ]
              },
              "rdfs:label": {
                "de": [
                  "image/jpeg"
                ],
                "pt": [
                  "image/jpeg"
                ],
                "en": [
                  "image/jpeg"
                ],
                "it": [
                  "image/jpeg"
                ],
                "fr": [
                  "image/jpeg"
                ],
                "nl": [
                  "image/jpeg"
                ],
                "es": [
                  "image/jpeg"
                ]
              }
            }
          ],
          "ebucore:height": 2796,
          "ebucore:locator": [
            "https://upload.wikimedia.org/wikipedia/commons/8/85/Halle_Saint_Pierre_In_Montmartre_-_Paris_2013.jpg"
          ],
          "ebucore:width": 3811,
          "@type": [
            "ebucore:Resource"
          ]
        }
      ],
      "@type": [
        "ebucore:EditorialObject"
      ]
    }
  ],
  "hasTheme": [
    {
      "@id": "kb:Culture",
      "@type": [
        "CulturalTheme"
      ],
      "rdfs:label": {
        "de": [
          "Kultur"
        ],
        "pt": [
          "Cultura"
        ],
        "en": [
          "Culture"
        ],
        "it": [
          "Cultura"
        ],
        "fr": [
          "Culture"
        ],
        "nl": [
          "Cultuur"
        ],
        "es": [
          "Cultura"
        ]
      }
    }
  ],
  "hasTranslatedProperty": [
    {
      "@id": "https://data.datatourisme.fr/19b8f79d-fe81-387b-a998-3042c2630587",
      "dc:contributor": [
        "https://api.deepl.com/v2/translate"
      ],
      "rdf:language": [
        "it"
      ],
      "rdf:predicate": [
        {
          "@id": "rdfs:comment"
        }
      ]
    },
    {
      "@id": "https://data.datatourisme.fr/37deb5c9-2731-33a2-8dbf-30e2697306bb",
      "dc:contributor": [
        "https://api.deepl.com/v2/translate"
      ],
      "rdf:language": [
        "de"
      ],
      "rdf:predicate": [
        {
          "@id": "rdfs:comment"
        }
      ]
    },
    {
      "@id": "https://data.datatourisme.fr/6caf8a8d-5595-3afd-8f05-a567f5cda179",
      "dc:contributor": [
        "https://api.deepl.com/v2/translate"
      ],
      "rdf:language": [
        "en"
      ],
      "rdf:predicate": [
        {
          "@id": "rdfs:comment"
        }
      ]
    },
    {
      "@id": "https://data.datatourisme.fr/7819e60a-87d1-3698-a41b-8e439d971fd3",
      "dc:contributor": [
        "https://api.deepl.com/v2/translate"
      ],
      "rdf:language": [
        "es"
      ],
      "rdf:predicate": [
        {
          "@id": "rdfs:comment"
        }
      ]
    },
    {
      "@id": "https://data.datatourisme.fr/882282dd-656a-36be-85dd-d01a76779fb1",
      "dc:contributor": [
        "https://api.deepl.com/v2/translate"
      ],
      "rdf:language": [
        "nl"
      ],
      "rdf:predicate": [
        {
          "@id": "rdfs:comment"
        }
      ]
    }
  ],
  "isLocatedAt": [
    {
      "@id": "https://data.datatourisme.fr/4499573e-8b3b-35cc-9b07-2d56b13e206b",
      "schema:address": [
        {
          "@id": "https://data.datatourisme.fr/1307a37f-c328-36dd-be53-37b413997d4b",
          "schema:addressLocality": "Paris",
          "schema:postalCode": "75018",
          "schema:streetAddress": [
            "2 rue Ronsard"
          ],
          "@type": [
            "schema:PostalAddress",
            "PostalAddress"
          ],
          "hasAddressCity": {
            "@id": "kb:75056",
            "@type": [
              "City"
            ],
            "rdfs:label": {
              "de": [
                "Paris"
              ],
              "pt": [
                "Paris"
              ],
              "en": [
                "Paris"
              ],
              "it": [
                "Paris"
              ],
              "fr": [
                "Paris"
              ],
              "nl": [
                "Paris"
              ],
              "es": [
                "Paris"
              ]
            },
            "insee": "75056",
            "isPartOfDepartment": {
              "@id": "kb:France1175",
              "@type": [
                "Department"
              ],
              "rdfs:label": {
                "de": [
                  "Paris"
                ],
                "pt": [
                  "Paris"
                ],
                "en": [
                  "Paris"
                ],
                "it": [
                  "Paris"
                ],
                "fr": [
                  "Paris"
                ],
                "nl": [
                  "Paris"
                ],
                "es": [
                  "Paris"
                ]
              },
              "insee": "75",
              "isPartOfRegion": {
                "@id": "kb:France11",
                "@type": [
                  "Region"
                ],
                "rdfs:label": {
                  "de": [
                    "Île-de-France"
                  ],
                  "pt": [
                    "Île-de-France"
                  ],
                  "en": [
                    "Île-de-France"
                  ],
                  "it": [
                    "Île-de-France"
                  ],
                  "fr": [
                    "Île-de-France"
                  ],
                  "nl": [
                    "Île-de-France"
                  ],
                  "es": [
                    "Île-de-France"
                  ]
                },
                "insee": "11",
                "isPartOfCountry": {
                  "@id": "kb:France",
                  "@type": [
                    "schema:Country"
                  ],
                  "rdfs:label": {
                    "de": [
                      "France",
                      "Frankreich"
                    ],
                    "pt": [
                      "França",
                      "France"
                    ],
                    "en": [
                      "France"
                    ],
                    "it": [
                      "France",
                      "Francia"
                    ],
                    "fr": [
                      "France"
                    ],
                    "nl": [
                      "France",
                      "Frankrijk"
                    ],
                    "es": [
                      "France",
                      "Francia"
                    ]
                  }
                }
              }
            }
          }
        }
      ],
      "schema:geo": {
        "@id": "https://data.datatourisme.fr/9b4f5314-e37c-3e25-bcae-d7fd97d8db31",
        "schema:latitude": "48.88483",
        "schema:longitude": "2.344504",
        "@type": [
          "schema:GeoCoordinates"
        ]
      },
      "schema:openingHoursSpecification": [
        {
          "@id": "https://data.datatourisme.fr/958a2911-7182-35ea-9e84-6875dfa1e9e5",
          "schema:closes": "18:00:00",
          "schema:opens": "11:00:00",
          "schema:validFrom": "2023-09-01T00:00:00",
          "schema:validThrough": "2023-07-31T23:59:59",
          "@type": [
            "schema:OpeningHoursSpecification"
          ],
          "additionalInformation": {
            "de": [
              "samstag von 11h bis 19h\r\nsonntag von 12:00 bis 18:00 Uhr"
            ],
            "en": [
              "saturday from 11am to 7pm\r\nsunday from 12h to 18h"
            ],
            "it": [
              "sabato dalle 11.00 alle 19.00\r\ndomenica dalle 12:00 alle 18:00"
            ],
            "fr": [
              "samedi de 11h à 19h\r\ndimanche de 12h à 18h"
            ],
            "nl": [
              "zaterdag van 11 tot 19 uur\r\nzondag van 12 tot 18 uur"
            ],
            "es": [
              "sábado de 11 a 19 horas\r\ndomingo de 12 a 18 horas"
            ]
          },
          "hasTranslatedProperty": [
            {
              "@id": "https://data.datatourisme.fr/495dc820-0521-3424-a434-9e67c2f391d8",
              "dc:contributor": [
                "https://api.deepl.com/v2/translate"
              ],
              "rdf:language": [
                "it"
              ],
              "rdf:predicate": [
                "additionalInformation"
              ]
            },
            {
              "@id": "https://data.datatourisme.fr/4d6242f3-5241-3a98-bdcc-c875abcd7535",
              "dc:contributor": [
                "https://api.deepl.com/v2/translate"
              ],
              "rdf:language": [
                "en"
              ],
              "rdf:predicate": [
                "additionalInformation"
              ]
            },
            {
              "@id": "https://data.datatourisme.fr/5932c4f9-a7b9-3de9-89d3-9c247fd2ea68",
              "dc:contributor": [
                "https://api.deepl.com/v2/translate"
              ],
              "rdf:language": [
                "nl"
              ],
              "rdf:predicate": [
                "additionalInformation"
              ]
            },
            {
              "@id": "https://data.datatourisme.fr/c9c267f5-0ef7-3317-9450-e5c017cc1c75",
              "dc:contributor": [
                "https://api.deepl.com/v2/translate"
              ],
              "rdf:language": [
                "es"
              ],
              "rdf:predicate": [
                "additionalInformation"
              ]
            },
            {
              "@id": "https://data.datatourisme.fr/cac53357-3525-3072-9a6a-adc0c70cb91c",
              "dc:contributor": [
                "https://api.deepl.com/v2/translate"
              ],
              "rdf:language": [
                "de"
              ],
              "rdf:predicate": [
                "additionalInformation"
              ]
            }
          ]
        },
        {
          "@id": "https://data.datatourisme.fr/ce30e87d-b339-3e6b-a880-2bbfe9d3f6a0",
          "schema:closes": "18:00:00",
          "schema:opens": "12:00:00",
          "schema:validFrom": "2023-08-01T00:00:00",
          "schema:validThrough": "2023-08-31T23:59:59",
          "@type": [
            "schema:OpeningHoursSpecification"
          ]
        }
      ],
      "@type": [
        "schema:Place",
        "Place"
      ]
    }
  ],
  "isOwnedBy": [
    {
      "@id": "https://data.datatourisme.fr/26ecd6f0-563c-356a-b0f9-ad3ec17effc4",
      "schema:email": [
        "bgeigle@visitparisregion.com",
        "hcaldo@visitparisregion.com",
        "mtanaskovic@visitparisregion.com"
      ],
      "schema:legalName": "Comité Régional du Tourisme Paris Ile de France",
      "@type": [
        "schema:Organization",
        "foaf:Agent",
        "Agent"
      ],
      "foaf:homepage": [
        "http://www.visitparisregion.com/"
      ]
    }
  ],
  "lastUpdate": "2023-08-02",
  "lastUpdateDatatourisme": "2023-10-02T05:53:31.768Z",
  "offers": [
    {
      "@id": "https://data.datatourisme.fr/a231b06f-4937-3e53-9b1b-e7e0d50eefc9",
      "schema:priceSpecification": [
        {
          "@id": "https://data.datatourisme.fr/cc13e882-53bb-3479-a14c-1cb25668be2c",
          "schema:maxPrice": [
            "6",
            "7",
            "9"
          ],
          "schema:minPrice": [
            "6",
            "7",
            "9"
          ],
          "schema:priceCurrency": "EUR",
          "@type": [
            "schema:PriceSpecification",
            "PriceSpecification"
          ],
          "appliesOnPeriod": [
            {
              "@id": "https://data.datatourisme.fr/a94125bb-9faa-3784-8f75-5560b6e04a1a",
              "@type": [
                "Period"
              ],
              "endDate": "2024-12-31",
              "startDate": "2023-01-01"
            }
          ]
        }
      ],
      "@type": [
        "schema:Offer",
        "Offer"
      ]
    }
  ]
}