{
  "@id": "https://data.datatourisme.fr/13/63a262fd-89e4-3227-ab09-7e887a6784de",
  "dc:identifier": "4696065",
  "@type": [
    "olo:OrderedList",
    "PlaceOfInterest",
    "PointOfInterest",
    "SportsAndLeisurePlace",
    "Tour",
    "WalkingTour"
  ],
  "rdfs:comment": {
    "de": [
      "Auf dieser etwas steilen Wanderung durch Obstgärten und Weinberge können Sie die hügeligen und grünen Landschaften der nördlichen Ardèche entdecken. Entdecken Sie ihn im Reiseführer, der im Tourismusbüro erhältlich ist, und in der App \"les échappées inspirées\"."
    ],
    "en": [
      "This slightly steep walk through orchards and vineyards will allow you to discover the green, undulating landscapes of the Northern Ardèche. To be discovered in the topoguide on sale at the tourist office and the \"échappées inspirées\" application."
    ],
    "it": [
      "Questa passeggiata leggermente ripida attraverso frutteti e vigneti vi permetterà di scoprire i paesaggi verdi e ondulati dell'Ardèche settentrionale. Da scoprire nella guida in vendita presso l'ufficio del turismo e nell'applicazione \"échappées inspirées\"."
    ],
    "fr": [
      "Cette balade un peu escarpée à travers vergers et vignes vous permettra de découvrir les paysages vallonés et verts de l'Ardèche Septentrionale. A découvrir dans le guide en vente à l'office de tourisme et l'application les \"échappées inspirées\"."
    ],
    "es": [
      "Este paseo ligeramente empinado a través de huertos y viñedos le permitirá descubrir los paisajes verdes y ondulados del norte de Ardèche. Se puede descubrir en la guía a la venta en la oficina de turismo y en la aplicación \"échappées inspirées\"."
    ],
    "nl": [
      "Deze licht steile wandeling door boomgaarden en wijngaarden laat u de groene, heuvelachtige landschappen van de noordelijke Ardèche ontdekken. Te ontdekken in de gids die te koop is bij het toeristenbureau en de applicatie \"échappées inspirées\"."
    ]
  },
  "rdfs:label": {
    "fr": [
      "Le Belvédère aux croix"
    ]
  },
  "hasBeenCreatedBy": {
    "@id": "https://data.datatourisme.fr/13/73278a4a-8696-3eeb-976a-8fd4c9ec6997",
    "dc:identifier": "113",
    "schema:email": [
      "d.sanial@dromardeche.fr",
      "j.bruyere@dromardeche.fr"
    ],
    "schema:legalName": "Office de Tourisme Porte de DrômArdèche",
    "@type": [
      "schema:Organization",
      "foaf:Agent",
      "Agent"
    ],
    "foaf:homepage": [
      "http://www.autour-du-palais-ideal.fr/"
    ]
  },
  "hasBeenPublishedBy": [
    {
      "@id": "https://data.datatourisme.fr/d48f2ccd-2357-3a8e-b949-cb8bf19a361f",
      "schema:legalName": "Agence d'Attractivité de la Drôme - source : Apidae Tourisme",
      "@type": [
        "schema:Organization",
        "foaf:Agent",
        "Agent"
      ],
      "foaf:homepage": [
        "https://www.apidae-tourisme.com/"
      ]
    }
  ],
  "hasContact": [
    {
      "@id": "https://data.datatourisme.fr/055e0a47-f4a9-371f-bec5-c4f56507c129",
      "schema:telephone": [
        "+33 4 75 23 45 33"
      ],
      "@type": [
        "foaf:Agent",
        "Agent"
      ],
      "foaf:homepage": [
        "http://www.autour-du-palais-ideal.fr/"
      ]
    }
  ],
  "hasDescription": [
    {
      "@id": "https://data.datatourisme.fr/1ffb7d5a-f0fc-33fd-8344-33492a1d3120",
      "@type": [
        "Description"
      ],
      "hasTranslatedProperty": [
        {
          "@id": "https://data.datatourisme.fr/2c414de7-a8a6-34b8-bcf8-92a06c75df41",
          "dc:contributor": [
            "https://api.deepl.com/v2/translate"
          ],
          "rdf:language": [
            "nl"
          ],
          "rdf:predicate": [
            "shortDescription"
          ]
        },
        {
          "@id": "https://data.datatourisme.fr/6a58f3ee-ef07-3a1d-be91-173ac9d549d4",
          "dc:contributor": [
            "https://api.deepl.com/v2/translate"
          ],
          "rdf:language": [
            "es"
          ],
          "rdf:predicate": [
            "shortDescription"
          ]
        },
        {
          "@id": "https://data.datatourisme.fr/ba22981b-7d82-3b61-ae51-359239ef0a6b",
          "dc:contributor": [
            "https://api.deepl.com/v2/translate"
          ],
          "rdf:language": [
            "de"
          ],
          "rdf:predicate": [
            "shortDescription"
          ]
        },
        {
          "@id": "https://data.datatourisme.fr/d4c9a19c-1ae8-35ce-8684-304ed6f5a433",
          "dc:contributor": [
            "https://api.deepl.com/v2/translate"
          ],
          "rdf:language": [
            "it"
          ],
          "rdf:predicate": [
            "shortDescription"
          ]
        }
      ],
      "shortDescription": {
        "de": [
          "Auf dieser etwas steilen Wanderung durch Obstgärten und Weinberge können Sie die hügeligen und grünen Landschaften der nördlichen Ardèche entdecken. Entdecken Sie ihn im Reiseführer, der im Tourismusbüro erhältlich ist, und in der App \"les échappées inspirées\"."
        ],
        "en": [
          "This slightly steep walk through orchards and vineyards will allow you to discover the green, undulating landscapes of the Northern Ardèche. To be discovered in the topoguide on sale at the tourist office and the \"échappées inspirées\" application."
        ],
        "it": [
          "Questa passeggiata leggermente ripida attraverso frutteti e vigneti vi permetterà di scoprire i paesaggi verdi e ondulati dell'Ardèche settentrionale. Da scoprire nella guida in vendita presso l'ufficio del turismo e nell'applicazione \"échappées inspirées\"."
        ],
        "fr": [
          "Cette balade un peu escarpée à travers vergers et vignes vous permettra de découvrir les paysages vallonés et verts de l'Ardèche Septentrionale. A découvrir dans le guide en vente à l'office de tourisme et l'application les \"échappées inspirées\"."
        ],
        "es": [
          "Este paseo ligeramente empinado a través de huertos y viñedos le permitirá descubrir los paisajes verdes y ondulados del norte de Ardèche. Se puede descubrir en la guía a la venta en la oficina de turismo y en la aplicación \"échappées inspirées\"."
        ],
        "nl": [
          "Deze licht steile wandeling door boomgaarden en wijngaarden laat u de groene, heuvelachtige landschappen van de noordelijke Ardèche ontdekken. Te ontdekken in de gids die te koop is bij het toeristenbureau en de applicatie \"échappées inspirées\"."
        ]
      }
    }
  ],
  "hasTheme": [
    {
      "@id": "kb:Hiking",
      "@type": [
        "SportsTheme"
      ],
      "rdfs:label": {
        "de": [
          "Wanderung"
        ],
        "pt": [
          "Caminhada"
        ],
        "en": [
          "Hiking"
        ],
        "it": [
          "Escursione"
        ],
        "fr": [
          "Randonnée"
        ],
        "nl": [
          "Wandelen"
        ],
        "es": [
          "Senderismo"
        ]
      }
    },
    {
      "@id": "kb:Pedestrian",
      "@type": [
        "SportsTheme"
      ],
      "rdfs:label": {
        "de": [
          "Zu Fuß"
        ],
        "pt": [
          "Pedestre"
        ],
        "en": [
          "Pedestrian"
        ],
        "it": [
          "A piedi"
        ],
        "fr": [
          "Pédestre"
        ],
        "nl": [
          "Voetgangers"
        ],
        "es": [
          "Peatón"
        ]
      }
    },
    {
      "@id": "kb:Running",
      "@type": [
        "SportsTheme"
      ],
      "rdfs:label": {
        "de": [
          "Laufen"
        ],
        "pt": [
          "Corrida a pé"
        ],
        "en": [
          "Running"
        ],
        "it": [
          "Corsa a piedi"
        ],
        "fr": [
          "Course à pied"
        ],
        "nl": [
          "Hardlopen"
        ],
        "es": [
          "Carrera a pie"
        ]
      }
    }
  ],
  "hasTranslatedProperty": [
    {
      "@id": "https://data.datatourisme.fr/8a65f4ea-616d-3a3b-8fda-0af789da3295",
      "dc:contributor": [
        "https://api.deepl.com/v2/translate"
      ],
      "rdf:language": [
        "nl"
      ],
      "rdf:predicate": [
        {
          "@id": "rdfs:comment"
        }
      ]
    },
    {
      "@id": "https://data.datatourisme.fr/aa7ed350-c0bd-3cfc-ba43-851c394b7474",
      "dc:contributor": [
        "https://api.deepl.com/v2/translate"
      ],
      "rdf:language": [
        "es"
      ],
      "rdf:predicate": [
        {
          "@id": "rdfs:comment"
        }
      ]
    },
    {
      "@id": "https://data.datatourisme.fr/c8bde12e-d612-31b6-b5a9-f030929189c3",
      "dc:contributor": [
        "https://api.deepl.com/v2/translate"
      ],
      "rdf:language": [
        "it"
      ],
      "rdf:predicate": [
        {
          "@id": "rdfs:comment"
        }
      ]
    },
    {
      "@id": "https://data.datatourisme.fr/caa5faab-a8a1-3807-80b1-3668487058dd",
      "dc:contributor": [
        "https://api.deepl.com/v2/translate"
      ],
      "rdf:language": [
        "de"
      ],
      "rdf:predicate": [
        {
          "@id": "rdfs:comment"
        }
      ]
    }
  ],
  "isLocatedAt": [
    {
      "@id": "https://data.datatourisme.fr/e24d550a-2089-3ff6-a2ed-79469a9e43ea",
      "schema:address": [
        {
          "@id": "https://data.datatourisme.fr/9ffb58b0-885a-30fc-a63d-472f8c91cd83",
          "schema:addressLocality": "Andance",
          "schema:postalCode": "07340",
          "schema:streetAddress": [
            "Place maxime chantier"
          ],
          "@type": [
            "schema:PostalAddress",
            "PostalAddress"
          ],
          "hasAddressCity": {
            "@id": "kb:07009",
            "@type": [
              "City"
            ],
            "rdfs:label": {
              "de": [
                "Andance"
              ],
              "pt": [
                "Andance"
              ],
              "en": [
                "Andance"
              ],
              "it": [
                "Andance"
              ],
              "fr": [
                "Andance"
              ],
              "nl": [
                "Andance"
              ],
              "es": [
                "Andance"
              ]
            },
            "insee": "07009",
            "isPartOfDepartment": {
              "@id": "kb:France8407",
              "@type": [
                "Department"
              ],
              "rdfs:label": {
                "de": [
                  "Ardèche"
                ],
                "pt": [
                  "Ardèche"
                ],
                "en": [
                  "Ardèche"
                ],
                "it": [
                  "Ardèche"
                ],
                "fr": [
                  "Ardèche"
                ],
                "nl": [
                  "Ardèche"
                ],
                "es": [
                  "Ardèche"
                ]
              },
              "insee": "07",
              "isPartOfRegion": {
                "@id": "kb:France84",
                "@type": [
                  "Region"
                ],
                "rdfs:label": {
                  "de": [
                    "Auvergne-Rhône-Alpes"
                  ],
                  "pt": [
                    "Auvergne-Rhône-Alpes"
                  ],
                  "en": [
                    "Auvergne-Rhône-Alpes"
                  ],
                  "it": [
                    "Auvergne-Rhône-Alpes"
                  ],
                  "fr": [
                    "Auvergne-Rhône-Alpes"
                  ],
                  "nl": [
                    "Auvergne-Rhône-Alpes"
                  ],
                  "es": [
                    "Auvergne-Rhône-Alpes"
                  ]
                },
                "insee": "84",
                "isPartOfCountry": {
                  "@id": "kb:France",
                  "@type": [
                    "schema:Country"
                  ],
                  "rdfs:label": {
                    "de": [
                      "France",
                      "Frankreich"
                    ],
                    "pt": [
                      "França",
                      "France"
                    ],
                    "en": [
                      "France"
                    ],
                    "it": [
                      "France",
                      "Francia"
                    ],
                    "fr": [
                      "France"
                    ],
                    "nl": [
                      "France",
                      "Frankrijk"
                    ],
                    "es": [
                      "France",
                      "Francia"
                    ]
                  }
                }
              }
            }
          }
        }
      ],
      "schema:geo": {
        "@id": "https://data.datatourisme.fr/189a1e92-79c6-3eb9-8361-09ac370f20f5",
        "schema:latitude": "45.239781",
        "schema:longitude": "4.799594",
        "@type": [
          "schema:GeoCoordinates"
        ]
      },
      "schema:openingHoursSpecification": [
        {
          "@id": "https://data.datatourisme.fr/f87e535a-636d-3343-ad63-8a03392e7511",
          "schema:validFrom": "2023-01-01T00:00:00",
          "schema:validThrough": "2023-12-31T23:59:59",
          "@type": [
            "schema:OpeningHoursSpecification"
          ]
        }
      ],
      "@type": [
        "schema:Place",
        "Place"
      ]
    }
  ],
  "isOwnedBy": [
    {
      "@id": "https://data.datatourisme.fr/c34130c6-4437-3624-9afb-3511a8692fba",
      "schema:email": [
        "d.sanial@dromardeche.fr",
        "j.bruyere@dromardeche.fr"
      ],
      "schema:legalName": "Office de Tourisme Porte de DrômArdèche",
      "@type": [
        "schema:Organization",
        "foaf:Agent",
        "Agent"
      ],
      "foaf:homepage": [
        "http://www.autour-du-palais-ideal.fr/"
      ]
    }
  ],
  "lastUpdate": "2022-09-05",
  "lastUpdateDatatourisme": "2023-02-10T06:39:19.8Z"
}