{
  "@id": "https://data.datatourisme.fr/19/734a455c-b73e-3e13-82e5-6d5975093e8d",
  "dc:identifier": "d7a0c0c5-d5b1-4581-702a-501ba3ea2bb3",
  "@type": [
    "schema:LocalBusiness",
    "schema:Museum",
    "CulturalSite",
    "Museum",
    "PlaceOfInterest",
    "PointOfInterest"
  ],
  "rdfs:comment": {
    "de": [
      "Das von Jean Nouvel entworfene transparente und reflektierende Gebäude soll die zeitgenössische Kunst in all ihren Formen fördern: Fotografie, Malerei, Video, Architektur, Skulpturen? Jedes Jahr finden hier große temporäre Ausstellungen, Begegnungen und Aufführungen statt. Das Gebäude ist von einem wunderschönen grünen Garten umgeben, der als \"Theatrum Botanicum\" bezeichnet wird und eine außergewöhnliche Flora und Fauna beherbergt."
    ],
    "en": [
      "The transparent and reflective building designed by Jean Nouvel aims to promote contemporary art in all its forms: photography, painting, video, architecture, sculpture... Every year, it hosts large temporary exhibitions, meetings, live shows... The building is surrounded by a sublime green garden called \"Theatrum Botanicum\", concealing an exceptional fauna and flora."
    ],
    "it": [
      "L'edificio trasparente e riflettente progettato da Jean Nouvel mira a promuovere l'arte contemporanea in tutte le sue forme: fotografia, pittura, video, architettura, scultura? Ogni anno ospita importanti mostre temporanee, incontri, spettacoli dal vivo, ecc. L'edificio è circondato da un sublime giardino verde chiamato \"Theatrum Botanicum\", che nasconde una fauna e una flora eccezionali."
    ],
    "fr": [
      "Le bâtiment tout en transparence et en reflets imaginé par Jean Nouvel vise à promouvoir l'art contemporain sous toutes ses formes : photographie, peinture, vidéo, architecture, sculpture… Il accueille chaque année de grandes expositions temporaires, des rencontres, des spectacles vivants... L'édifice est entouré d’un sublime jardin verdoyant baptisé \"Theatrum Botanicum\", dissimulant une faune et une flore exceptionnelles."
    ],
    "nl": [
      "Het door Jean Nouvel ontworpen transparante en spiegelende gebouw wil hedendaagse kunst in al zijn vormen promoten: fotografie, schilderkunst, video, architectuur, beeldhouwkunst? Elk jaar vinden er grote tijdelijke tentoonstellingen, bijeenkomsten, live-optredens enz. plaats. Het gebouw is omgeven door een sublieme groene tuin genaamd \"Theatrum Botanicum\", waarin een uitzonderlijke fauna en flora schuilgaan."
    ],
    "es": [
      "El edificio transparente y reflectante diseñado por Jean Nouvel pretende promover el arte contemporáneo en todas sus formas: fotografía, pintura, vídeo, arquitectura, escultura.. Cada año acoge grandes exposiciones temporales, encuentros, actuaciones en directo, etc. El edificio está rodeado por un sublime jardín verde llamado \"Theatrum Botanicum\", que esconde una fauna y flora excepcionales."
    ]
  },
  "rdfs:label": {
    "fr": [
      "Fondation Cartier pour l'art contemporain"
    ]
  },
  "owl:sameAs": [
    "http://www.wikidata.org/entity/Q1284688"
  ],
  "hasBeenCreatedBy": {
    "@id": "https://data.datatourisme.fr/73f9361b-7fdb-3a8c-8c11-182ef0152392",
    "schema:email": [
      "opendata@parisinfo.com"
    ],
    "schema:legalName": "Office de Tourisme de Paris",
    "@type": [
      "schema:Organization",
      "foaf:Agent",
      "Agent"
    ],
    "foaf:homepage": [
      "https://www.parisinfo.com/"
    ]
  },
  "hasBeenPublishedBy": [
    {
      "@id": "https://data.datatourisme.fr/73f9361b-7fdb-3a8c-8c11-182ef0152392",
      "schema:email": [
        "opendata@parisinfo.com"
      ],
      "schema:legalName": "Office de Tourisme de Paris",
      "@type": [
        "schema:Organization",
        "foaf:Agent",
        "Agent"
      ],
      "foaf:homepage": [
        "https://www.parisinfo.com/"
      ]
    }
  ],
  "hasContact": [
    {
      "@id": "https://data.datatourisme.fr/0e469a4b-342d-3113-9409-77b442e1eb07",
      "schema:email": [
        "info.reservation@fondation.cartier.com"
      ],
      "schema:telephone": [
        "+33 1 42 18 56 50"
      ],
      "@type": [
        "foaf:Agent",
        "Agent"
      ],
      "foaf:homepage": [
        "https://www.fondationcartier.com/"
      ]
    }
  ],
  "hasDescription": [
    {
      "@id": "https://data.datatourisme.fr/071f419a-9526-30c8-86cf-dbfaa40b2fa5",
      "dc:description": {
        "de": [
          "Das von Jean Nouvel entworfene transparente und reflektierende Gebäude soll die zeitgenössische Kunst in all ihren Formen fördern: Fotografie, Malerei, Video, Architektur, Skulpturen? Jedes Jahr finden hier große temporäre Ausstellungen, Begegnungen und Aufführungen statt. Das Gebäude ist von einem wunderschönen grünen Garten umgeben, der als \"Theatrum Botanicum\" bezeichnet wird und eine außergewöhnliche Flora und Fauna beherbergt."
        ],
        "en": [
          "The transparent and reflective building designed by Jean Nouvel aims to promote contemporary art in all its forms: photography, painting, video, architecture, sculpture... Every year, it hosts large temporary exhibitions, meetings, live shows... The building is surrounded by a sublime green garden called \"Theatrum Botanicum\", concealing an exceptional fauna and flora."
        ],
        "it": [
          "L'edificio trasparente e riflettente progettato da Jean Nouvel mira a promuovere l'arte contemporanea in tutte le sue forme: fotografia, pittura, video, architettura, scultura? Ogni anno ospita importanti mostre temporanee, incontri, spettacoli dal vivo, ecc. L'edificio è circondato da un sublime giardino verde chiamato \"Theatrum Botanicum\", che nasconde una fauna e una flora eccezionali."
        ],
        "fr": [
          "Le bâtiment tout en transparence et en reflets imaginé par Jean Nouvel vise à promouvoir l'art contemporain sous toutes ses formes : photographie, peinture, vidéo, architecture, sculpture… Il accueille chaque année de grandes expositions temporaires, des rencontres, des spectacles vivants... L'édifice est entouré d’un sublime jardin verdoyant baptisé \"Theatrum Botanicum\", dissimulant une faune et une flore exceptionnelles."
        ],
        "nl": [
          "Het door Jean Nouvel ontworpen transparante en spiegelende gebouw wil hedendaagse kunst in al zijn vormen promoten: fotografie, schilderkunst, video, architectuur, beeldhouwkunst? Elk jaar vinden er grote tijdelijke tentoonstellingen, bijeenkomsten, live-optredens enz. plaats. Het gebouw is omgeven door een sublieme groene tuin genaamd \"Theatrum Botanicum\", waarin een uitzonderlijke fauna en flora schuilgaan."
        ],
        "es": [
          "El edificio transparente y reflectante diseñado por Jean Nouvel pretende promover el arte contemporáneo en todas sus formas: fotografía, pintura, vídeo, arquitectura, escultura.. Cada año acoge grandes exposiciones temporales, encuentros, actuaciones en directo, etc. El edificio está rodeado por un sublime jardín verde llamado \"Theatrum Botanicum\", que esconde una fauna y flora excepcionales."
        ]
      },
      "@type": [
        "Description"
      ],
      "hasTranslatedProperty": [
        {
          "@id": "https://data.datatourisme.fr/0c67072e-4b5b-3aa6-9585-606f3007c8fb",
          "dc:contributor": [
            "https://api.deepl.com/v2/translate"
          ],
          "rdf:language": [
            "de"
          ],
          "rdf:predicate": [
            {
              "@id": "dc:description"
            }
          ]
        },
        {
          "@id": "https://data.datatourisme.fr/5646d4bf-70dd-3739-bc44-5201f27353c9",
          "dc:contributor": [
            "https://api.deepl.com/v2/translate"
          ],
          "rdf:language": [
            "es"
          ],
          "rdf:predicate": [
            "shortDescription"
          ]
        },
        {
          "@id": "https://data.datatourisme.fr/8972b054-a6e8-3231-86db-259391639d9d",
          "dc:contributor": [
            "https://api.deepl.com/v2/translate"
          ],
          "rdf:language": [
            "it"
          ],
          "rdf:predicate": [
            "shortDescription"
          ]
        },
        {
          "@id": "https://data.datatourisme.fr/89939726-3026-3d61-bf6e-9b00ec149751",
          "dc:contributor": [
            "https://api.deepl.com/v2/translate"
          ],
          "rdf:language": [
            "es"
          ],
          "rdf:predicate": [
            {
              "@id": "dc:description"
            }
          ]
        },
        {
          "@id": "https://data.datatourisme.fr/8cfa35c2-6094-3d49-b99b-1f2655afcbee",
          "dc:contributor": [
            "https://api.deepl.com/v2/translate"
          ],
          "rdf:language": [
            "en"
          ],
          "rdf:predicate": [
            "shortDescription"
          ]
        },
        {
          "@id": "https://data.datatourisme.fr/9c06caea-ac57-3fd0-bed6-60e0c0f30120",
          "dc:contributor": [
            "https://api.deepl.com/v2/translate"
          ],
          "rdf:language": [
            "it"
          ],
          "rdf:predicate": [
            {
              "@id": "dc:description"
            }
          ]
        },
        {
          "@id": "https://data.datatourisme.fr/a6d6459f-293f-3411-aa5a-ab1847b0dec6",
          "dc:contributor": [
            "https://api.deepl.com/v2/translate"
          ],
          "rdf:language": [
            "de"
          ],
          "rdf:predicate": [
            "shortDescription"
          ]
        },
        {
          "@id": "https://data.datatourisme.fr/c5cb83b3-de25-32dd-bf60-38fcd5a8cbab",
          "dc:contributor": [
            "https://api.deepl.com/v2/translate"
          ],
          "rdf:language": [
            "nl"
          ],
          "rdf:predicate": [
            "shortDescription"
          ]
        },
        {
          "@id": "https://data.datatourisme.fr/c906c045-5af1-39c6-8fc2-7c130e1afafa",
          "dc:contributor": [
            "https://api.deepl.com/v2/translate"
          ],
          "rdf:language": [
            "en"
          ],
          "rdf:predicate": [
            {
              "@id": "dc:description"
            }
          ]
        },
        {
          "@id": "https://data.datatourisme.fr/fb7b9f4e-ddce-3f73-9b50-72e2aae9fb89",
          "dc:contributor": [
            "https://api.deepl.com/v2/translate"
          ],
          "rdf:language": [
            "nl"
          ],
          "rdf:predicate": [
            {
              "@id": "dc:description"
            }
          ]
        }
      ],
      "shortDescription": {
        "de": [
          "Das von Jean Nouvel entworfene transparente und reflektierende Gebäude soll die zeitgenössische Kunst in all ihren Formen fördern: Fotografie, Malerei, Video, Architektur, Skulpturen? Jedes Jahr finden hier große temporäre Ausstellungen, Begegnungen und Aufführungen statt. Das Gebäude ist von einem wunderschönen grünen Garten umgeben, der als \"Theatrum Botanicum\" bezeichnet wird und eine außergewöhnliche Flora und Fauna beherbergt."
        ],
        "en": [
          "The transparent and reflective building designed by Jean Nouvel aims to promote contemporary art in all its forms: photography, painting, video, architecture, sculpture... Every year, it hosts large temporary exhibitions, meetings, live shows... The building is surrounded by a sublime green garden called \"Theatrum Botanicum\", concealing an exceptional fauna and flora."
        ],
        "it": [
          "L'edificio trasparente e riflettente progettato da Jean Nouvel mira a promuovere l'arte contemporanea in tutte le sue forme: fotografia, pittura, video, architettura, scultura? Ogni anno ospita importanti mostre temporanee, incontri, spettacoli dal vivo, ecc. L'edificio è circondato da un sublime giardino verde chiamato \"Theatrum Botanicum\", che nasconde una fauna e una flora eccezionali."
        ],
        "fr": [
          "Le bâtiment tout en transparence et en reflets imaginé par Jean Nouvel vise à promouvoir l'art contemporain sous toutes ses formes : photographie, peinture, vidéo, architecture, sculpture… Il accueille chaque année de grandes expositions temporaires, des rencontres, des spectacles vivants... L'édifice est entouré d’un sublime jardin verdoyant baptisé \"Theatrum Botanicum\", dissimulant une faune et une flore exceptionnelles."
        ],
        "nl": [
          "Het door Jean Nouvel ontworpen transparante en spiegelende gebouw wil hedendaagse kunst in al zijn vormen promoten: fotografie, schilderkunst, video, architectuur, beeldhouwkunst? Elk jaar vinden er grote tijdelijke tentoonstellingen, bijeenkomsten, live-optredens enz. plaats. Het gebouw is omgeven door een sublieme groene tuin genaamd \"Theatrum Botanicum\", waarin een uitzonderlijke fauna en flora schuilgaan."
        ],
        "es": [
          "El edificio transparente y reflectante diseñado por Jean Nouvel pretende promover el arte contemporáneo en todas sus formas: fotografía, pintura, vídeo, arquitectura, escultura.. Cada año acoge grandes exposiciones temporales, encuentros, actuaciones en directo, etc. El edificio está rodeado por un sublime jardín verde llamado \"Theatrum Botanicum\", que esconde una fauna y flora excepcionales."
        ]
      }
    }
  ],
  "hasRepresentation": [
    {
      "@id": "https://data.datatourisme.fr/0197a116-1e3d-3380-b270-3ec3cb44294c",
      "ebucore:hasAnnotation": [
        {
          "@id": "https://data.datatourisme.fr/6b8929e4-3a61-317f-9ddf-ab0b9c5e2170",
          "ebucore:isCoveredBy": "CC BY 2.0",
          "ebucore:title": {
            "fr": [
              "La Fondation Cartier pour l'art contemporain (15907035710)"
            ]
          },
          "@type": [
            "ebucore:Annotation"
          ],
          "credits": [
            "<a rel=\"nofollow\" class=\"external text\" href=\"https://www.flickr.com/people/72746018@N00\">Jean-Pierre Dalbéra</a> from Paris, France"
          ]
        }
      ],
      "ebucore:hasRelatedResource": [
        {
          "@id": "https://data.datatourisme.fr/6cb2e4e7-344e-3502-9ca7-5497a86d21f4",
          "ebucore:fileSize": [
            2255106
          ],
          "ebucore:hasMimeType": [
            {
              "@id": "kb:JPEG",
              "@type": [
                "ebucore:MimeType"
              ],
              "rdfs:comment": {
                "de": [
                  "JPEG-Bild"
                ],
                "pt": [
                  "Imagem JPEG"
                ],
                "en": [
                  "JPEG image file"
                ],
                "it": [
                  "Immagine JPEG"
                ],
                "fr": [
                  "Image JPEG"
                ],
                "nl": [
                  "JPEG-afbeelding"
                ],
                "es": [
                  "Imagen JPEG"
                ]
              },
              "rdfs:label": {
                "de": [
                  "image/jpeg"
                ],
                "pt": [
                  "image/jpeg"
                ],
                "en": [
                  "image/jpeg"
                ],
                "it": [
                  "image/jpeg"
                ],
                "fr": [
                  "image/jpeg"
                ],
                "nl": [
                  "image/jpeg"
                ],
                "es": [
                  "image/jpeg"
                ]
              }
            }
          ],
          "ebucore:height": 1200,
          "ebucore:locator": [
            "https://upload.wikimedia.org/wikipedia/commons/a/a8/La_Fondation_Cartier_pour_l%27art_contemporain_%2815907035710%29.jpg"
          ],
          "ebucore:width": 1800,
          "@type": [
            "ebucore:Resource"
          ]
        }
      ],
      "@type": [
        "ebucore:EditorialObject"
      ]
    },
    {
      "@id": "https://data.datatourisme.fr/07cce7e4-d00b-3071-8ecf-a763abba947b"
    }
  ],
  "hasTranslatedProperty": [
    {
      "@id": "https://data.datatourisme.fr/06a08072-ae72-3444-9dd1-81e9592e2845",
      "dc:contributor": [
        "https://api.deepl.com/v2/translate"
      ],
      "rdf:language": [
        "de"
      ],
      "rdf:predicate": [
        {
          "@id": "rdfs:comment"
        }
      ]
    },
    {
      "@id": "https://data.datatourisme.fr/121edcda-0f2b-3071-87de-95680ecdd582",
      "dc:contributor": [
        "https://api.deepl.com/v2/translate"
      ],
      "rdf:language": [
        "en"
      ],
      "rdf:predicate": [
        {
          "@id": "rdfs:comment"
        }
      ]
    },
    {
      "@id": "https://data.datatourisme.fr/2794990f-e637-351c-8ac6-7b0851e7f0e5",
      "dc:contributor": [
        "https://api.deepl.com/v2/translate"
      ],
      "rdf:language": [
        "es"
      ],
      "rdf:predicate": [
        {
          "@id": "rdfs:comment"
        }
      ]
    },
    {
      "@id": "https://data.datatourisme.fr/6cce0f98-8a1a-3f82-8691-bafebaf3aa6a",
      "dc:contributor": [
        "https://api.deepl.com/v2/translate"
      ],
      "rdf:language": [
        "nl"
      ],
      "rdf:predicate": [
        {
          "@id": "rdfs:comment"
        }
      ]
    },
    {
      "@id": "https://data.datatourisme.fr/fd0c08b4-89d6-3ac2-95fe-6fe72c2061d6",
      "dc:contributor": [
        "https://api.deepl.com/v2/translate"
      ],
      "rdf:language": [
        "it"
      ],
      "rdf:predicate": [
        {
          "@id": "rdfs:comment"
        }
      ]
    }
  ],
  "isLocatedAt": [
    {
      "@id": "https://data.datatourisme.fr/04aa1522-b047-3e85-868f-153360058ed9",
      "schema:address": [
        {
          "@id": "https://data.datatourisme.fr/895977d7-3623-3b6a-a176-3463318f5e31",
          "schema:addressLocality": "Paris",
          "schema:postalCode": "75014",
          "schema:streetAddress": [
            "261 boulevard Raspail"
          ],
          "@type": [
            "schema:PostalAddress",
            "PostalAddress"
          ],
          "hasAddressCity": {
            "@id": "kb:75056",
            "@type": [
              "City"
            ],
            "rdfs:label": {
              "de": [
                "Paris"
              ],
              "pt": [
                "Paris"
              ],
              "en": [
                "Paris"
              ],
              "it": [
                "Paris"
              ],
              "fr": [
                "Paris"
              ],
              "nl": [
                "Paris"
              ],
              "es": [
                "Paris"
              ]
            },
            "insee": "75056",
            "isPartOfDepartment": {
              "@id": "kb:France1175",
              "@type": [
                "Department"
              ],
              "rdfs:label": {
                "de": [
                  "Paris"
                ],
                "pt": [
                  "Paris"
                ],
                "en": [
                  "Paris"
                ],
                "it": [
                  "Paris"
                ],
                "fr": [
                  "Paris"
                ],
                "nl": [
                  "Paris"
                ],
                "es": [
                  "Paris"
                ]
              },
              "insee": "75",
              "isPartOfRegion": {
                "@id": "kb:France11",
                "@type": [
                  "Region"
                ],
                "rdfs:label": {
                  "de": [
                    "Île-de-France"
                  ],
                  "pt": [
                    "Île-de-France"
                  ],
                  "en": [
                    "Île-de-France"
                  ],
                  "it": [
                    "Île-de-France"
                  ],
                  "fr": [
                    "Île-de-France"
                  ],
                  "nl": [
                    "Île-de-France"
                  ],
                  "es": [
                    "Île-de-France"
                  ]
                },
                "insee": "11",
                "isPartOfCountry": {
                  "@id": "kb:France",
                  "@type": [
                    "schema:Country"
                  ],
                  "rdfs:label": {
                    "de": [
                      "France",
                      "Frankreich"
                    ],
                    "pt": [
                      "França",
                      "France"
                    ],
                    "en": [
                      "France"
                    ],
                    "it": [
                      "France",
                      "Francia"
                    ],
                    "fr": [
                      "France"
                    ],
                    "nl": [
                      "France",
                      "Frankrijk"
                    ],
                    "es": [
                      "France",
                      "Francia"
                    ]
                  }
                }
              }
            }
          }
        }
      ],
      "schema:geo": {
        "@id": "https://data.datatourisme.fr/ee0f29b2-0cfe-37c9-a747-301d5cc9d732",
        "schema:latitude": "48.83654910193549",
        "schema:longitude": "2.331750573016393",
        "@type": [
          "schema:GeoCoordinates"
        ]
      },
      "schema:openingHoursSpecification": [
        {
          "@id": "https://data.datatourisme.fr/7e739e66-c4af-3b77-92b6-6a4ca476183f",
          "@type": [
            "schema:OpeningHoursSpecification"
          ],
          "additionalInformation": {
            "de": [
              "Dienstag, 11:00-22:00 Uhr; Mittwoch-Sonntag, 11:00-20:00 Uhr."
            ],
            "en": [
              "Tuesday, 11am-10pm; Wednesday-Sunday, 11am-8pm."
            ],
            "it": [
              "Martedì, 11.00-22.00; mercoledì-domenica, 11.00-20.00."
            ],
            "fr": [
              "Mardi, 11h-22h ; mercredi-dimanche, 11h-20h."
            ],
            "es": [
              "Martes, de 11.00 a 22.00 h; miércoles a domingo, de 11.00 a 20.00 h."
            ],
            "nl": [
              "Dinsdag van 11 tot 22 uur; woensdag tot zondag van 11 tot 20 uur."
            ]
          },
          "hasTranslatedProperty": [
            {
              "@id": "https://data.datatourisme.fr/26a4d0e7-59a8-3e82-9da3-29c00280f687",
              "dc:contributor": [
                "https://api.deepl.com/v2/translate"
              ],
              "rdf:language": [
                "es"
              ],
              "rdf:predicate": [
                "additionalInformation"
              ]
            },
            {
              "@id": "https://data.datatourisme.fr/aed78d69-b589-3640-b3ef-4f30a8743e6e",
              "dc:contributor": [
                "https://api.deepl.com/v2/translate"
              ],
              "rdf:language": [
                "it"
              ],
              "rdf:predicate": [
                "additionalInformation"
              ]
            },
            {
              "@id": "https://data.datatourisme.fr/afe1b0be-0a58-3cf9-b775-e546ec054caf",
              "dc:contributor": [
                "https://api.deepl.com/v2/translate"
              ],
              "rdf:language": [
                "de"
              ],
              "rdf:predicate": [
                "additionalInformation"
              ]
            },
            {
              "@id": "https://data.datatourisme.fr/c0cc0d15-759a-31f1-92d1-7a4c6f3af864",
              "dc:contributor": [
                "https://api.deepl.com/v2/translate"
              ],
              "rdf:language": [
                "nl"
              ],
              "rdf:predicate": [
                "additionalInformation"
              ]
            },
            {
              "@id": "https://data.datatourisme.fr/fe654f55-2a54-37b8-8e66-aaf3029ed856",
              "dc:contributor": [
                "https://api.deepl.com/v2/translate"
              ],
              "rdf:language": [
                "en"
              ],
              "rdf:predicate": [
                "additionalInformation"
              ]
            }
          ]
        }
      ],
      "@type": [
        "schema:Place",
        "Place"
      ]
    }
  ],
  "lastUpdate": "2023-06-27",
  "lastUpdateDatatourisme": "2023-10-12T16:59:40.001Z"
}