{
  "@id": "https://data.datatourisme.fr/13/ef2f5174-27ab-3521-8581-8b9e06710e40",
  "dc:identifier": "5232646",
  "@type": [
    "olo:OrderedList",
    "CyclingTour",
    "PlaceOfInterest",
    "PointOfInterest",
    "SportsAndLeisurePlace",
    "Tour"
  ],
  "rdfs:comment": {
    "de": [
      "Zwei Flüsse, die nicht sehr bekannt sind und die daher absolute Ruhe versprechen. Unterwegs die Kapelle St. Martin de Galejas und ihre Heilquelle. Hier und da, typische Ardèche Dörfer und schönen Aussichten."
    ],
    "en": [
      "Two rivers, not well known, and which, therefore, promise to be in complete tranquility. On the way, the chapel of St Martin de Galejas and its healing spring. Here and there, typical Ardèche villages and breathtaking views."
    ],
    "it": [
      "Due corsi d'acqua poco conosciuti, che promettono quindi di essere abbastanza tranquilli. Lungo il percorso, la cappella di San Martin de Galejas e la sua sorgente dalle proprietà curative. Qua e là, villaggi tipici dell'Ardèche e punti panoramici mozzafiato."
    ],
    "fr": [
      "Deux cours d'eau assez méconnu, et qui, par conséquent, promettent d'être en toute tranquillité. En chemin, la chapelle St Martin de Galejas et sa source aux vertus guérisseuses. Ca et là, de typiques villages ardéchois et des points de vue saisissants."
    ],
    "nl": [
      "Twee weinig bekende waterwegen, die dus vrij rustig beloven te zijn. Onderweg de kapel van St Martin de Galejas en zijn bron met geneeskrachtige werking. Hier en daar typische Ardèche-dorpjes en adembenemende uitzichtpunten."
    ],
    "es": [
      "Dos vías fluviales poco conocidas que, por tanto, prometen ser bastante tranquilas. En el camino, la capilla de San Martín de Galejas y su manantial con propiedades curativas. Aquí y allá, pueblos típicos de Ardèche y miradores impresionantes."
    ]
  },
  "rdfs:label": {
    "de": [
      "Elektrofahrrad Tour : Zwischen Duzon und Ormèze"
    ],
    "en": [
      "E bike Tour : Between Duzon and Ormèze"
    ],
    "fr": [
      "Circuit VAE : Entre Duzon et Ormèze"
    ]
  },
  "hasBeenCreatedBy": {
    "@id": "https://data.datatourisme.fr/13/185c29dc-2432-3934-ae37-7cfda20e414c",
    "dc:identifier": "627",
    "schema:email": [
      "a.ferrel@ah-tourisme.com",
      "d.mathieu@ah-tourisme.com",
      "s.monneron@ah-tourisme.com"
    ],
    "schema:legalName": "Ardèche Hermitage Tourisme",
    "@type": [
      "schema:Organization",
      "foaf:Agent",
      "Agent"
    ],
    "foaf:homepage": [
      "http://ardeche-hermitage.com/"
    ]
  },
  "hasBeenPublishedBy": [
    {
      "@id": "https://data.datatourisme.fr/dbca899d-3f22-364b-b99d-40af1e917c58",
      "schema:legalName": "Agence de Développement Touristique de l'Ardèche - source : Apidae Tourisme",
      "@type": [
        "schema:Organization",
        "foaf:Agent",
        "Agent"
      ],
      "foaf:homepage": [
        "https://www.apidae-tourisme.com/"
      ]
    }
  ],
  "hasContact": [
    {
      "@id": "https://data.datatourisme.fr/d4ba6d0a-056b-3823-9542-de7123d12766",
      "schema:email": [
        "info@ah-tourisme.com"
      ],
      "schema:telephone": [
        "+33 4 75 08 10 23"
      ],
      "@type": [
        "foaf:Agent",
        "Agent"
      ],
      "foaf:homepage": [
        "https://rando-ardeche-hermitage.fr/velo-a-assistance-electrique/entre-duzon-et-ormeze/"
      ]
    }
  ],
  "hasDescription": [
    {
      "@id": "https://data.datatourisme.fr/45fb0a3d-51f4-3345-ba1f-11a748637c07",
      "@type": [
        "Description"
      ],
      "hasTranslatedProperty": [
        {
          "@id": "https://data.datatourisme.fr/05450093-5359-3e2f-8809-f69a93601a9c",
          "dc:contributor": [
            "https://api.deepl.com/v2/translate"
          ],
          "rdf:language": [
            "nl"
          ],
          "rdf:predicate": [
            "shortDescription"
          ]
        },
        {
          "@id": "https://data.datatourisme.fr/4dd0309e-5326-32ef-93ca-2f3f4141c22c",
          "dc:contributor": [
            "https://api.deepl.com/v2/translate"
          ],
          "rdf:language": [
            "es"
          ],
          "rdf:predicate": [
            "shortDescription"
          ]
        },
        {
          "@id": "https://data.datatourisme.fr/c631d6e5-4775-3bac-a1a8-1a1b9ec461bc",
          "dc:contributor": [
            "https://api.deepl.com/v2/translate"
          ],
          "rdf:language": [
            "it"
          ],
          "rdf:predicate": [
            "shortDescription"
          ]
        }
      ],
      "shortDescription": {
        "de": [
          "Zwei Flüsse, die nicht sehr bekannt sind und die daher absolute Ruhe versprechen. Unterwegs die Kapelle St. Martin de Galejas und ihre Heilquelle. Hier und da, typische Ardèche Dörfer und schönen Aussichten."
        ],
        "en": [
          "Two rivers, not well known, and which, therefore, promise to be in complete tranquility. On the way, the chapel of St Martin de Galejas and its healing spring. Here and there, typical Ardèche villages and breathtaking views."
        ],
        "it": [
          "Due corsi d'acqua poco conosciuti, che promettono quindi di essere abbastanza tranquilli. Lungo il percorso, la cappella di San Martin de Galejas e la sua sorgente dalle proprietà curative. Qua e là, villaggi tipici dell'Ardèche e punti panoramici mozzafiato."
        ],
        "fr": [
          "Deux cours d'eau assez méconnu, et qui, par conséquent, promettent d'être en toute tranquillité. En chemin, la chapelle St Martin de Galejas et sa source aux vertus guérisseuses. Ca et là, de typiques villages ardéchois et des points de vue saisissants."
        ],
        "nl": [
          "Twee weinig bekende waterwegen, die dus vrij rustig beloven te zijn. Onderweg de kapel van St Martin de Galejas en zijn bron met geneeskrachtige werking. Hier en daar typische Ardèche-dorpjes en adembenemende uitzichtpunten."
        ],
        "es": [
          "Dos vías fluviales poco conocidas que, por tanto, prometen ser bastante tranquilas. En el camino, la capilla de San Martín de Galejas y su manantial con propiedades curativas. Aquí y allá, pueblos típicos de Ardèche y miradores impresionantes."
        ]
      }
    }
  ],
  "hasTheme": [
    {
      "@id": "kb:Bike",
      "@type": [
        "SportsTheme"
      ],
      "rdfs:label": {
        "de": [
          "Fahrrad"
        ],
        "pt": [
          "Bicicleta"
        ],
        "en": [
          "Bike"
        ],
        "it": [
          "Bicicletta"
        ],
        "fr": [
          "Vélo"
        ],
        "nl": [
          "Fiets"
        ],
        "es": [
          "Bicicleta"
        ]
      }
    },
    {
      "@id": "kb:ElectricallyAssistedBicycle",
      "@type": [
        "SportsTheme"
      ],
      "rdfs:label": {
        "de": [
          "Ladestation für Elektrofahrräder"
        ],
        "pt": [
          "Bicicleta elétrica"
        ],
        "en": [
          "Electrically assisted bicycle"
        ],
        "it": [
          "Bicicletta a pedalata assistita"
        ],
        "fr": [
          "Vélo à assistance électrique, VAE"
        ],
        "nl": [
          "Elektrische fiets"
        ],
        "es": [
          "Bicicleta eléctrica, VAE"
        ]
      }
    }
  ],
  "hasTranslatedProperty": [
    {
      "@id": "https://data.datatourisme.fr/85dd13e9-387a-3354-9fdb-59ce4dd8c94e",
      "dc:contributor": [
        "https://api.deepl.com/v2/translate"
      ],
      "rdf:language": [
        "es"
      ],
      "rdf:predicate": [
        {
          "@id": "rdfs:comment"
        }
      ]
    },
    {
      "@id": "https://data.datatourisme.fr/9a1c780e-2ac1-39ea-b077-6b6340a5ded3",
      "dc:contributor": [
        "https://api.deepl.com/v2/translate"
      ],
      "rdf:language": [
        "nl"
      ],
      "rdf:predicate": [
        {
          "@id": "rdfs:comment"
        }
      ]
    },
    {
      "@id": "https://data.datatourisme.fr/ad280c01-12d0-39a3-b4fd-005fc5992625",
      "dc:contributor": [
        "https://api.deepl.com/v2/translate"
      ],
      "rdf:language": [
        "it"
      ],
      "rdf:predicate": [
        {
          "@id": "rdfs:comment"
        }
      ]
    }
  ],
  "isLocatedAt": [
    {
      "@id": "https://data.datatourisme.fr/a0ea60c0-66f9-30ee-9663-157e6bdb7e25",
      "schema:address": [
        {
          "@id": "https://data.datatourisme.fr/5a22ce35-3d90-3801-8180-567ca2f7d14b",
          "schema:addressLocality": "Colombier-le-Jeune",
          "schema:postalCode": "07270",
          "schema:streetAddress": [
            "Centre du village"
          ],
          "@type": [
            "schema:PostalAddress",
            "PostalAddress"
          ],
          "hasAddressCity": {
            "@id": "kb:07068",
            "@type": [
              "City"
            ],
            "rdfs:label": {
              "de": [
                "Colombier-le-Jeune"
              ],
              "pt": [
                "Colombier-le-Jeune"
              ],
              "en": [
                "Colombier-le-Jeune"
              ],
              "it": [
                "Colombier-le-Jeune"
              ],
              "fr": [
                "Colombier-le-Jeune"
              ],
              "nl": [
                "Colombier-le-Jeune"
              ],
              "es": [
                "Colombier-le-Jeune"
              ]
            },
            "insee": "07068",
            "isPartOfDepartment": {
              "@id": "kb:France8407",
              "@type": [
                "Department"
              ],
              "rdfs:label": {
                "de": [
                  "Ardèche"
                ],
                "pt": [
                  "Ardèche"
                ],
                "en": [
                  "Ardèche"
                ],
                "it": [
                  "Ardèche"
                ],
                "fr": [
                  "Ardèche"
                ],
                "nl": [
                  "Ardèche"
                ],
                "es": [
                  "Ardèche"
                ]
              },
              "insee": "07",
              "isPartOfRegion": {
                "@id": "kb:France84",
                "@type": [
                  "Region"
                ],
                "rdfs:label": {
                  "de": [
                    "Auvergne-Rhône-Alpes"
                  ],
                  "pt": [
                    "Auvergne-Rhône-Alpes"
                  ],
                  "en": [
                    "Auvergne-Rhône-Alpes"
                  ],
                  "it": [
                    "Auvergne-Rhône-Alpes"
                  ],
                  "fr": [
                    "Auvergne-Rhône-Alpes"
                  ],
                  "nl": [
                    "Auvergne-Rhône-Alpes"
                  ],
                  "es": [
                    "Auvergne-Rhône-Alpes"
                  ]
                },
                "insee": "84",
                "isPartOfCountry": {
                  "@id": "kb:France",
                  "@type": [
                    "schema:Country"
                  ],
                  "rdfs:label": {
                    "de": [
                      "France",
                      "Frankreich"
                    ],
                    "pt": [
                      "França",
                      "France"
                    ],
                    "en": [
                      "France"
                    ],
                    "it": [
                      "France",
                      "Francia"
                    ],
                    "fr": [
                      "France"
                    ],
                    "nl": [
                      "France",
                      "Frankrijk"
                    ],
                    "es": [
                      "France",
                      "Francia"
                    ]
                  }
                }
              }
            }
          }
        }
      ],
      "schema:geo": {
        "@id": "https://data.datatourisme.fr/cae91115-b7af-3de7-aaf0-3cf3a185922a",
        "schema:elevation": "500",
        "schema:latitude": "45.011",
        "schema:longitude": "4.7023",
        "@type": [
          "schema:GeoCoordinates"
        ]
      },
      "schema:openingHoursSpecification": [
        {
          "@id": "https://data.datatourisme.fr/5787876e-22ec-3057-a9d3-6c918e6c0b89",
          "schema:validFrom": "2023-01-01T00:00:00",
          "schema:validThrough": "2023-12-31T23:59:59",
          "@type": [
            "schema:OpeningHoursSpecification"
          ],
          "additionalInformation": {
            "de": [
              "Beste Jahreszeit: Mai bis Oktober"
            ],
            "en": [
              "Best season: May to October"
            ],
            "it": [
              "Stagione migliore: da maggio a ottobre"
            ],
            "fr": [
              "Meilleure saison : mai à octobre"
            ],
            "es": [
              "Mejor temporada: de mayo a octubre"
            ],
            "nl": [
              "Beste seizoen: mei tot oktober"
            ]
          },
          "hasTranslatedProperty": [
            {
              "@id": "https://data.datatourisme.fr/1bc6082f-4a2e-3773-a23e-a752b6f3db61",
              "dc:contributor": [
                "https://api.deepl.com/v2/translate"
              ],
              "rdf:language": [
                "es"
              ],
              "rdf:predicate": [
                "additionalInformation"
              ]
            },
            {
              "@id": "https://data.datatourisme.fr/4e1be5bf-f861-3984-8521-5070c3872a87",
              "dc:contributor": [
                "https://api.deepl.com/v2/translate"
              ],
              "rdf:language": [
                "nl"
              ],
              "rdf:predicate": [
                "additionalInformation"
              ]
            },
            {
              "@id": "https://data.datatourisme.fr/6f18b3c1-965c-3bd0-8f0a-6748bd61b60f",
              "dc:contributor": [
                "https://api.deepl.com/v2/translate"
              ],
              "rdf:language": [
                "it"
              ],
              "rdf:predicate": [
                "additionalInformation"
              ]
            },
            {
              "@id": "https://data.datatourisme.fr/a48de503-b7c8-37ac-afdf-abb6917c09e4",
              "dc:contributor": [
                "https://api.deepl.com/v2/translate"
              ],
              "rdf:language": [
                "en"
              ],
              "rdf:predicate": [
                "additionalInformation"
              ]
            },
            {
              "@id": "https://data.datatourisme.fr/dacb4638-c2a1-36af-a1c1-c9e27c292cfa",
              "dc:contributor": [
                "https://api.deepl.com/v2/translate"
              ],
              "rdf:language": [
                "de"
              ],
              "rdf:predicate": [
                "additionalInformation"
              ]
            }
          ]
        }
      ],
      "@type": [
        "schema:Place",
        "Place"
      ]
    }
  ],
  "isOwnedBy": [
    {
      "@id": "https://data.datatourisme.fr/e485229f-e26b-3c2e-8f16-ebf98c03d1e5",
      "schema:email": [
        "a.ferrel@ah-tourisme.com",
        "d.mathieu@ah-tourisme.com",
        "s.monneron@ah-tourisme.com"
      ],
      "schema:legalName": "Ardèche Hermitage Tourisme",
      "@type": [
        "schema:Organization",
        "foaf:Agent",
        "Agent"
      ],
      "foaf:homepage": [
        "http://ardeche-hermitage.com/"
      ]
    }
  ],
  "lastUpdate": "2022-03-03",
  "lastUpdateDatatourisme": "2023-02-08T06:39:49.11Z"
}