{
  "@id": "https://data.datatourisme.fr/13/c9666dff-e589-3aa3-abad-27d304a96b8b",
  "dc:identifier": "5803853",
  "@type": [
    "schema:FoodEstablishment",
    "schema:Winery",
    "BistroOrWineBar",
    "FoodEstablishment",
    "PlaceOfInterest",
    "PointOfInterest",
    "SportsAndLeisurePlace"
  ],
  "rdfs:comment": {
    "de": [
      "Rooftop, Lounge-Bar, Restaurant, Designer-Boutique, Ausstellungen?C?ur Sacré ist am Fuße des Montmartre zu entdecken. Im Schatten der Basilika Sacré-C?ur, mit Blick auf die schönsten Sehenswürdigkeiten von Paris... Was sonst?"
    ],
    "en": [
      "Rooftop, lounge bar, restaurant, designer boutique, expositions?C?ur Sacré is to be discovered at the foot of Montmartre. In the shadow of the Sacré-C?ur Basilica, overlooking the most beautiful monuments in Paris... What else?"
    ],
    "it": [
      "Rooftop, lounge bar, ristorante e boutique di design, il C?ur Sacré è il luogo ideale ai piedi di Montmartre. All'ombra della basilica del Sacro Cuore, con vista sui più bei monumenti di Parigi... Che altro?"
    ],
    "fr": [
      "Rooftop, bar lounge, restaurant, boutique de créateurs, expositions…Cœur Sacré est à découvrir au pied de Montmartre. À l'ombre de la basilique du Sacré-Cœur, avec une vue sur les plus beaux monuments de Paris... What else ?"
    ],
    "nl": [
      "Rooftop, loungebar, restaurant en designerboetiek, C?ur Sacré is de place to be aan de voet van Montmartre. In de schaduw van de Sacré-C'ur-basiliek, met uitzicht op de mooiste monumenten van Parijs... Wat nog meer?"
    ],
    "es": [
      "Azotea, lounge bar, restaurante y boutique de diseño, Cœur Sacré es el lugar de moda al pie de Montmartre. A la sombra de la basílica del Sacré-Cœur, con vistas a los monumentos más bellos de París... ¿Qué más?"
    ]
  },
  "rdfs:label": {
    "fr": [
      "Coeur Sacré"
    ]
  },
  "hasBeenCreatedBy": {
    "@id": "https://data.datatourisme.fr/13/03e0704b-5690-32de-a186-1dc3ad3316c9",
    "dc:identifier": "1019",
    "schema:email": [
      "bgeigle@visitparisregion.com",
      "hcaldo@visitparisregion.com",
      "mtanaskovic@visitparisregion.com"
    ],
    "schema:legalName": "Choose Paris Region",
    "@type": [
      "schema:Organization",
      "foaf:Agent",
      "Agent"
    ],
    "foaf:homepage": [
      "http://www.visitparisregion.com/"
    ]
  },
  "hasBeenPublishedBy": [
    {
      "@id": "https://data.datatourisme.fr/8a9feb4b-2cbd-3d2c-b507-bd6c6776b23b",
      "schema:legalName": "Apidae Tourisme Scic SA - source : Apidae Tourisme",
      "@type": [
        "schema:Organization",
        "foaf:Agent",
        "Agent"
      ],
      "foaf:homepage": [
        "https://www.apidae-tourisme.com/"
      ]
    }
  ],
  "hasContact": [
    {
      "@id": "https://data.datatourisme.fr/4247b157-0091-3bba-a385-ed3b0a732767",
      "schema:telephone": [
        "+33 1 45 26 04 58"
      ],
      "@type": [
        "foaf:Agent",
        "Agent"
      ],
      "foaf:homepage": [
        "http://www.coeur-sacre.com/"
      ]
    }
  ],
  "hasDescription": [
    {
      "@id": "https://data.datatourisme.fr/b95d78c2-6b27-3d13-9f75-7fdad101f520",
      "@type": [
        "Description"
      ],
      "hasTranslatedProperty": [
        {
          "@id": "https://data.datatourisme.fr/14bc512c-4848-338e-8d8a-6208ad3bdfb4",
          "dc:contributor": [
            "https://api.deepl.com/v2/translate"
          ],
          "rdf:language": [
            "nl"
          ],
          "rdf:predicate": [
            "shortDescription"
          ]
        },
        {
          "@id": "https://data.datatourisme.fr/2cb83177-cd06-3df4-9ca5-bd1763dc24c4",
          "dc:contributor": [
            "https://api.deepl.com/v2/translate"
          ],
          "rdf:language": [
            "es"
          ],
          "rdf:predicate": [
            "shortDescription"
          ]
        },
        {
          "@id": "https://data.datatourisme.fr/98d56d92-93c9-37c7-bed6-dc5fe1a091a7",
          "dc:contributor": [
            "https://api.deepl.com/v2/translate"
          ],
          "rdf:language": [
            "de"
          ],
          "rdf:predicate": [
            "shortDescription"
          ]
        },
        {
          "@id": "https://data.datatourisme.fr/ac3a60f7-9521-3643-a832-2695909b72d5",
          "dc:contributor": [
            "https://api.deepl.com/v2/translate"
          ],
          "rdf:language": [
            "en"
          ],
          "rdf:predicate": [
            "shortDescription"
          ]
        },
        {
          "@id": "https://data.datatourisme.fr/f539750e-3b4a-3050-a569-69c8d9825c7c",
          "dc:contributor": [
            "https://api.deepl.com/v2/translate"
          ],
          "rdf:language": [
            "it"
          ],
          "rdf:predicate": [
            "shortDescription"
          ]
        }
      ],
      "shortDescription": {
        "de": [
          "Rooftop, Lounge-Bar, Restaurant, Designer-Boutique, Ausstellungen?C?ur Sacré ist am Fuße des Montmartre zu entdecken. Im Schatten der Basilika Sacré-C?ur, mit Blick auf die schönsten Sehenswürdigkeiten von Paris... Was sonst?"
        ],
        "en": [
          "Rooftop, lounge bar, restaurant, designer boutique, expositions?C?ur Sacré is to be discovered at the foot of Montmartre. In the shadow of the Sacré-C?ur Basilica, overlooking the most beautiful monuments in Paris... What else?"
        ],
        "it": [
          "Rooftop, lounge bar, ristorante e boutique di design, il C?ur Sacré è il luogo ideale ai piedi di Montmartre. All'ombra della basilica del Sacro Cuore, con vista sui più bei monumenti di Parigi... Che altro?"
        ],
        "fr": [
          "Rooftop, bar lounge, restaurant, boutique de créateurs, expositions…Cœur Sacré est à découvrir au pied de Montmartre. À l'ombre de la basilique du Sacré-Cœur, avec une vue sur les plus beaux monuments de Paris... What else ?"
        ],
        "nl": [
          "Rooftop, loungebar, restaurant en designerboetiek, C?ur Sacré is de place to be aan de voet van Montmartre. In de schaduw van de Sacré-C'ur-basiliek, met uitzicht op de mooiste monumenten van Parijs... Wat nog meer?"
        ],
        "es": [
          "Azotea, lounge bar, restaurante y boutique de diseño, Cœur Sacré es el lugar de moda al pie de Montmartre. A la sombra de la basílica del Sacré-Cœur, con vistas a los monumentos más bellos de París... ¿Qué más?"
        ]
      }
    }
  ],
  "hasTranslatedProperty": [
    {
      "@id": "https://data.datatourisme.fr/17206954-1314-35ed-8e82-3444a34d28f5",
      "dc:contributor": [
        "https://api.deepl.com/v2/translate"
      ],
      "rdf:language": [
        "en"
      ],
      "rdf:predicate": [
        {
          "@id": "rdfs:comment"
        }
      ]
    },
    {
      "@id": "https://data.datatourisme.fr/1c107399-b22a-3630-99d6-89976346a8ac",
      "dc:contributor": [
        "https://api.deepl.com/v2/translate"
      ],
      "rdf:language": [
        "de"
      ],
      "rdf:predicate": [
        {
          "@id": "rdfs:comment"
        }
      ]
    },
    {
      "@id": "https://data.datatourisme.fr/23ef6d4e-6693-3386-b084-6739e9fbeb2d",
      "dc:contributor": [
        "https://api.deepl.com/v2/translate"
      ],
      "rdf:language": [
        "es"
      ],
      "rdf:predicate": [
        {
          "@id": "rdfs:comment"
        }
      ]
    },
    {
      "@id": "https://data.datatourisme.fr/2c8145b8-c569-347a-ab4e-a3371d9dfd23",
      "dc:contributor": [
        "https://api.deepl.com/v2/translate"
      ],
      "rdf:language": [
        "it"
      ],
      "rdf:predicate": [
        {
          "@id": "rdfs:comment"
        }
      ]
    },
    {
      "@id": "https://data.datatourisme.fr/3105b96f-3e1a-3a74-8bf9-357e06862cb7",
      "dc:contributor": [
        "https://api.deepl.com/v2/translate"
      ],
      "rdf:language": [
        "nl"
      ],
      "rdf:predicate": [
        {
          "@id": "rdfs:comment"
        }
      ]
    }
  ],
  "isLocatedAt": [
    {
      "@id": "https://data.datatourisme.fr/2589248f-9ef5-3ad6-8d9b-04b6f3b66089",
      "schema:address": [
        {
          "@id": "https://data.datatourisme.fr/fff6b5a0-f8d3-3bfe-b2fb-d17bcfe0bfc1",
          "schema:addressLocality": "Paris",
          "schema:postalCode": "75018",
          "schema:streetAddress": [
            "5 rue Saint-Eleuthère"
          ],
          "@type": [
            "schema:PostalAddress",
            "PostalAddress"
          ],
          "hasAddressCity": {
            "@id": "kb:75056",
            "@type": [
              "City"
            ],
            "rdfs:label": {
              "de": [
                "Paris"
              ],
              "pt": [
                "Paris"
              ],
              "en": [
                "Paris"
              ],
              "it": [
                "Paris"
              ],
              "fr": [
                "Paris"
              ],
              "nl": [
                "Paris"
              ],
              "es": [
                "Paris"
              ]
            },
            "insee": "75056",
            "isPartOfDepartment": {
              "@id": "kb:France1175",
              "@type": [
                "Department"
              ],
              "rdfs:label": {
                "de": [
                  "Paris"
                ],
                "pt": [
                  "Paris"
                ],
                "en": [
                  "Paris"
                ],
                "it": [
                  "Paris"
                ],
                "fr": [
                  "Paris"
                ],
                "nl": [
                  "Paris"
                ],
                "es": [
                  "Paris"
                ]
              },
              "insee": "75",
              "isPartOfRegion": {
                "@id": "kb:France11",
                "@type": [
                  "Region"
                ],
                "rdfs:label": {
                  "de": [
                    "Île-de-France"
                  ],
                  "pt": [
                    "Île-de-France"
                  ],
                  "en": [
                    "Île-de-France"
                  ],
                  "it": [
                    "Île-de-France"
                  ],
                  "fr": [
                    "Île-de-France"
                  ],
                  "nl": [
                    "Île-de-France"
                  ],
                  "es": [
                    "Île-de-France"
                  ]
                },
                "insee": "11",
                "isPartOfCountry": {
                  "@id": "kb:France",
                  "@type": [
                    "schema:Country"
                  ],
                  "rdfs:label": {
                    "de": [
                      "France",
                      "Frankreich"
                    ],
                    "pt": [
                      "França",
                      "France"
                    ],
                    "en": [
                      "France"
                    ],
                    "it": [
                      "France",
                      "Francia"
                    ],
                    "fr": [
                      "France"
                    ],
                    "nl": [
                      "France",
                      "Frankrijk"
                    ],
                    "es": [
                      "France",
                      "Francia"
                    ]
                  }
                }
              }
            }
          }
        }
      ],
      "schema:geo": {
        "@id": "https://data.datatourisme.fr/0238e24d-b914-3fa6-ad3e-815250d56b44",
        "schema:latitude": "48.88567",
        "schema:longitude": "2.342206",
        "@type": [
          "schema:GeoCoordinates"
        ]
      },
      "schema:openingHoursSpecification": [
        {
          "@id": "https://data.datatourisme.fr/ad8e41e5-0c36-30b6-ab4d-675719e566fb",
          "schema:closes": "19:00:00",
          "schema:opens": "10:30:00",
          "schema:validFrom": "2023-01-01T00:00:00",
          "schema:validThrough": "2023-12-31T23:59:59",
          "@type": [
            "schema:OpeningHoursSpecification"
          ],
          "additionalInformation": {
            "de": [
              "Von 10:30 bis 19:00 Uhr für den Concept Store\r\nLe Rooftop by Coeur Sacré: von 17:30 bis 2 Uhr"
            ],
            "en": [
              "10:30 am to 7 pm for the concept store\r\nRooftop by Coeur Sacré: 5:30 pm to 2 am"
            ],
            "it": [
              "Dalle 10.30 alle 19.00 per il concept store\r\nIl Rooftop di Coeur Sacré: dalle 17.30 alle 2 di notte"
            ],
            "fr": [
              "De 10h30 à 19h pour le concept store\r\nLe Rooftop by Coeur Sacré : de 17h30 à 2h"
            ],
            "nl": [
              "Van 10.30 tot 19.00 uur voor de conceptstore\r\nHet dak van Coeur Sacré: van 17.30 tot 02.00 uur"
            ],
            "es": [
              "De 10h30 a 19h00 para el concept store\r\nRooftop by Coeur Sacré: de 17.30 a 2.00 h"
            ]
          },
          "hasTranslatedProperty": [
            {
              "@id": "https://data.datatourisme.fr/1c198fc4-3bc8-39d9-a053-e85644782624",
              "dc:contributor": [
                "https://api.deepl.com/v2/translate"
              ],
              "rdf:language": [
                "nl"
              ],
              "rdf:predicate": [
                "additionalInformation"
              ]
            },
            {
              "@id": "https://data.datatourisme.fr/3efaa5d8-aa0d-3e18-bc9b-378caa92271f",
              "dc:contributor": [
                "https://api.deepl.com/v2/translate"
              ],
              "rdf:language": [
                "en"
              ],
              "rdf:predicate": [
                "additionalInformation"
              ]
            },
            {
              "@id": "https://data.datatourisme.fr/43f5c7f6-7dd3-36c8-bfc1-439748739970",
              "dc:contributor": [
                "https://api.deepl.com/v2/translate"
              ],
              "rdf:language": [
                "es"
              ],
              "rdf:predicate": [
                "additionalInformation"
              ]
            },
            {
              "@id": "https://data.datatourisme.fr/70b30497-0d70-37e8-861c-851d3e1e3aa8",
              "dc:contributor": [
                "https://api.deepl.com/v2/translate"
              ],
              "rdf:language": [
                "it"
              ],
              "rdf:predicate": [
                "additionalInformation"
              ]
            },
            {
              "@id": "https://data.datatourisme.fr/c76bd0d0-7d90-354b-a925-537d4eee36a0",
              "dc:contributor": [
                "https://api.deepl.com/v2/translate"
              ],
              "rdf:language": [
                "de"
              ],
              "rdf:predicate": [
                "additionalInformation"
              ]
            }
          ]
        }
      ],
      "@type": [
        "schema:Place",
        "Place"
      ]
    }
  ],
  "isOwnedBy": [
    {
      "@id": "https://data.datatourisme.fr/3b8a790a-ebad-39c6-9a18-c5663001f469",
      "schema:email": [
        "bgeigle@visitparisregion.com",
        "hcaldo@visitparisregion.com",
        "mtanaskovic@visitparisregion.com"
      ],
      "schema:legalName": "Choose Paris Region",
      "@type": [
        "schema:Organization",
        "foaf:Agent",
        "Agent"
      ],
      "foaf:homepage": [
        "http://www.visitparisregion.com/"
      ]
    }
  ],
  "lastUpdate": "2023-08-22",
  "lastUpdateDatatourisme": "2023-10-02T05:53:31.719Z"
}