{
  "@id": "https://data.datatourisme.fr/13/c9237bd3-58f2-361d-8804-1c5d9227c77b",
  "dc:identifier": "787159",
  "@type": [
    "schema:LocalBusiness",
    "CraftsmanShop",
    "PlaceOfInterest",
    "PointOfInterest",
    "Store"
  ],
  "rdfs:comment": {
    "de": [
      "Das Beste des französischen Kunsthandwerks wird in dieser sorgfältig dekorierten Boutique ausgestellt. Liebhaber seltener, handgefertigter Stücke werden hier garantiert fündig."
    ],
    "en": [
      "The best of French arts and crafts is on display in this carefully decorated shop. Favourites are guaranteed for lovers of rare handmade pieces."
    ],
    "it": [
      "Il meglio dell'artigianato francese è esposto in questa boutique accuratamente decorata. Gli amanti dei pezzi rari e fatti a mano si innamoreranno sicuramente di questo posto."
    ],
    "fr": [
      "Le meilleur de l’artisanat d’art français s’expose au sein de cette boutique à la déco soignée. Coups de cœur assuré pour les amateurs de pièces rares produites à la main."
    ],
    "es": [
      "Lo mejor de la artesanía francesa se expone en esta boutique cuidadosamente decorada. Los amantes de las piezas raras y artesanales se enamorarán del lugar."
    ],
    "nl": [
      "Het beste van de Franse kunstnijverheid is te zien in deze zorgvuldig ingerichte boetiek. Liefhebbers van zeldzame, handgemaakte stukken worden hier zeker verliefd."
    ]
  },
  "rdfs:label": {
    "fr": [
      "Boutique Talents Etoile"
    ]
  },
  "hasBeenCreatedBy": {
    "@id": "https://data.datatourisme.fr/13/03e0704b-5690-32de-a186-1dc3ad3316c9",
    "dc:identifier": "1019",
    "schema:email": [
      "bgeigle@visitparisregion.com",
      "hcaldo@visitparisregion.com",
      "mtanaskovic@visitparisregion.com"
    ],
    "schema:legalName": "Choose Paris Region",
    "@type": [
      "schema:Organization",
      "foaf:Agent",
      "Agent"
    ],
    "foaf:homepage": [
      "http://www.visitparisregion.com/"
    ]
  },
  "hasBeenPublishedBy": [
    {
      "@id": "https://data.datatourisme.fr/8a9feb4b-2cbd-3d2c-b507-bd6c6776b23b",
      "schema:legalName": "Apidae Tourisme Scic SA - source : Apidae Tourisme",
      "@type": [
        "schema:Organization",
        "foaf:Agent",
        "Agent"
      ],
      "foaf:homepage": [
        "https://www.apidae-tourisme.com/"
      ]
    }
  ],
  "hasContact": [
    {
      "@id": "https://data.datatourisme.fr/19d2389f-9ff3-3ba4-941b-448f5b1d0d91",
      "schema:email": [
        "talents.etoile@ateliersdart.com"
      ],
      "schema:telephone": [
        "+33 1 44 40 22 80"
      ],
      "@type": [
        "foaf:Agent",
        "Agent"
      ],
      "foaf:homepage": [
        "http://www.boutiquestalents.com/fr/etoile/"
      ]
    }
  ],
  "hasDescription": [
    {
      "@id": "https://data.datatourisme.fr/02c73ccc-2f18-3c57-b3ce-23c48fb113c6",
      "@type": [
        "Description"
      ],
      "hasTranslatedProperty": [
        {
          "@id": "https://data.datatourisme.fr/3673ee85-da2e-34dd-85a5-84355477ddd9",
          "dc:contributor": [
            "https://api.deepl.com/v2/translate"
          ],
          "rdf:language": [
            "it"
          ],
          "rdf:predicate": [
            "shortDescription"
          ]
        },
        {
          "@id": "https://data.datatourisme.fr/7d71636a-1a69-3935-a9e8-9ae4d27a728d",
          "dc:contributor": [
            "https://api.deepl.com/v2/translate"
          ],
          "rdf:language": [
            "de"
          ],
          "rdf:predicate": [
            "shortDescription"
          ]
        },
        {
          "@id": "https://data.datatourisme.fr/88a93cc9-52f3-3c1e-bc59-f2ac0f9b5da3",
          "dc:contributor": [
            "https://api.deepl.com/v2/translate"
          ],
          "rdf:language": [
            "en"
          ],
          "rdf:predicate": [
            "shortDescription"
          ]
        },
        {
          "@id": "https://data.datatourisme.fr/90339a67-ea8a-3fb3-935e-f670c3e5305e",
          "dc:contributor": [
            "https://api.deepl.com/v2/translate"
          ],
          "rdf:language": [
            "es"
          ],
          "rdf:predicate": [
            "shortDescription"
          ]
        },
        {
          "@id": "https://data.datatourisme.fr/a11bad2a-8b2e-3959-999c-26d0a099f72a",
          "dc:contributor": [
            "https://api.deepl.com/v2/translate"
          ],
          "rdf:language": [
            "nl"
          ],
          "rdf:predicate": [
            "shortDescription"
          ]
        }
      ],
      "shortDescription": {
        "de": [
          "Das Beste des französischen Kunsthandwerks wird in dieser sorgfältig dekorierten Boutique ausgestellt. Liebhaber seltener, handgefertigter Stücke werden hier garantiert fündig."
        ],
        "en": [
          "The best of French arts and crafts is on display in this carefully decorated shop. Favourites are guaranteed for lovers of rare handmade pieces."
        ],
        "it": [
          "Il meglio dell'artigianato francese è esposto in questa boutique accuratamente decorata. Gli amanti dei pezzi rari e fatti a mano si innamoreranno sicuramente di questo posto."
        ],
        "fr": [
          "Le meilleur de l’artisanat d’art français s’expose au sein de cette boutique à la déco soignée. Coups de cœur assuré pour les amateurs de pièces rares produites à la main."
        ],
        "es": [
          "Lo mejor de la artesanía francesa se expone en esta boutique cuidadosamente decorada. Los amantes de las piezas raras y artesanales se enamorarán del lugar."
        ],
        "nl": [
          "Het beste van de Franse kunstnijverheid is te zien in deze zorgvuldig ingerichte boetiek. Liefhebbers van zeldzame, handgemaakte stukken worden hier zeker verliefd."
        ]
      }
    }
  ],
  "hasTranslatedProperty": [
    {
      "@id": "https://data.datatourisme.fr/1f59cdd0-0faf-3f71-acf1-7757fb68288d",
      "dc:contributor": [
        "https://api.deepl.com/v2/translate"
      ],
      "rdf:language": [
        "it"
      ],
      "rdf:predicate": [
        {
          "@id": "rdfs:comment"
        }
      ]
    },
    {
      "@id": "https://data.datatourisme.fr/26ff1a6e-396f-3ec9-b25a-db9561cddc11",
      "dc:contributor": [
        "https://api.deepl.com/v2/translate"
      ],
      "rdf:language": [
        "en"
      ],
      "rdf:predicate": [
        {
          "@id": "rdfs:comment"
        }
      ]
    },
    {
      "@id": "https://data.datatourisme.fr/569f7395-c8a1-38a9-9f3c-ee758fddbb84",
      "dc:contributor": [
        "https://api.deepl.com/v2/translate"
      ],
      "rdf:language": [
        "nl"
      ],
      "rdf:predicate": [
        {
          "@id": "rdfs:comment"
        }
      ]
    },
    {
      "@id": "https://data.datatourisme.fr/8bb8aa27-5823-3953-a37a-ed8e0ca7170d",
      "dc:contributor": [
        "https://api.deepl.com/v2/translate"
      ],
      "rdf:language": [
        "es"
      ],
      "rdf:predicate": [
        {
          "@id": "rdfs:comment"
        }
      ]
    },
    {
      "@id": "https://data.datatourisme.fr/9cd0058e-1563-3872-a016-b22799237a10",
      "dc:contributor": [
        "https://api.deepl.com/v2/translate"
      ],
      "rdf:language": [
        "de"
      ],
      "rdf:predicate": [
        {
          "@id": "rdfs:comment"
        }
      ]
    }
  ],
  "isLocatedAt": [
    {
      "@id": "https://data.datatourisme.fr/4e469689-5ebe-3e6b-a8fd-2301369c6454",
      "schema:address": [
        {
          "@id": "https://data.datatourisme.fr/cbe69afc-7f08-3848-b117-20d353bdc0e0",
          "schema:addressLocality": "Paris 17e Arrondissement",
          "schema:postalCode": "75017",
          "schema:streetAddress": [
            "26 avenue Niel"
          ],
          "@type": [
            "schema:PostalAddress",
            "PostalAddress"
          ],
          "hasAddressCity": {
            "@id": "kb:75117",
            "@type": [
              "City"
            ],
            "rdfs:label": {
              "de": [
                "Paris 17e Arrondissement"
              ],
              "pt": [
                "Paris 17e Arrondissement"
              ],
              "en": [
                "Paris 17e Arrondissement"
              ],
              "it": [
                "Paris 17e Arrondissement"
              ],
              "fr": [
                "Paris 17e Arrondissement"
              ],
              "nl": [
                "Paris 17e Arrondissement"
              ],
              "es": [
                "Paris 17e Arrondissement"
              ]
            },
            "insee": "75117",
            "isPartOfDepartment": {
              "@id": "kb:France1175",
              "@type": [
                "Department"
              ],
              "rdfs:label": {
                "de": [
                  "Paris"
                ],
                "pt": [
                  "Paris"
                ],
                "en": [
                  "Paris"
                ],
                "it": [
                  "Paris"
                ],
                "fr": [
                  "Paris"
                ],
                "nl": [
                  "Paris"
                ],
                "es": [
                  "Paris"
                ]
              },
              "insee": "75",
              "isPartOfRegion": {
                "@id": "kb:France11",
                "@type": [
                  "Region"
                ],
                "rdfs:label": {
                  "de": [
                    "Île-de-France"
                  ],
                  "pt": [
                    "Île-de-France"
                  ],
                  "en": [
                    "Île-de-France"
                  ],
                  "it": [
                    "Île-de-France"
                  ],
                  "fr": [
                    "Île-de-France"
                  ],
                  "nl": [
                    "Île-de-France"
                  ],
                  "es": [
                    "Île-de-France"
                  ]
                },
                "insee": "11",
                "isPartOfCountry": {
                  "@id": "kb:France",
                  "@type": [
                    "schema:Country"
                  ],
                  "rdfs:label": {
                    "de": [
                      "France",
                      "Frankreich"
                    ],
                    "pt": [
                      "França",
                      "France"
                    ],
                    "en": [
                      "France"
                    ],
                    "it": [
                      "France",
                      "Francia"
                    ],
                    "fr": [
                      "France"
                    ],
                    "nl": [
                      "France",
                      "Frankrijk"
                    ],
                    "es": [
                      "France",
                      "Francia"
                    ]
                  }
                }
              }
            }
          }
        }
      ],
      "schema:geo": {
        "@id": "https://data.datatourisme.fr/791d0ba1-a1dc-3f9a-a6b3-ebafe6a54694",
        "schema:latitude": "48.880807",
        "schema:longitude": "2.295583",
        "@type": [
          "schema:GeoCoordinates"
        ]
      },
      "schema:openingHoursSpecification": [
        {
          "@id": "https://data.datatourisme.fr/864e54a4-27f8-3aaa-a4e1-ff8f3cc36d99",
          "schema:closes": "19:00:00",
          "schema:opens": "11:00:00",
          "schema:validFrom": "2023-01-01T00:00:00",
          "schema:validThrough": "2023-12-31T23:59:59",
          "@type": [
            "schema:OpeningHoursSpecification"
          ],
          "additionalInformation": {
            "de": [
              "von 14:00 bis 15:00 Uhr geschlossen"
            ],
            "en": [
              "closed from 2:00 pm to 3:00 pm"
            ],
            "it": [
              "chiuso dalle 14:00 alle 15:00"
            ],
            "fr": [
              "fermé de 14h00 à 15h00"
            ],
            "nl": [
              "gesloten van 14:00 tot 15:00"
            ],
            "es": [
              "cerrado de 14:00 a 15:00"
            ]
          },
          "hasTranslatedProperty": [
            {
              "@id": "https://data.datatourisme.fr/1b486c97-6463-3b76-883d-84ae284d7457",
              "dc:contributor": [
                "https://api.deepl.com/v2/translate"
              ],
              "rdf:language": [
                "nl"
              ],
              "rdf:predicate": [
                "additionalInformation"
              ]
            },
            {
              "@id": "https://data.datatourisme.fr/32c638ff-9eb4-331b-a097-b233420fa465",
              "dc:contributor": [
                "https://api.deepl.com/v2/translate"
              ],
              "rdf:language": [
                "it"
              ],
              "rdf:predicate": [
                "additionalInformation"
              ]
            },
            {
              "@id": "https://data.datatourisme.fr/b2d999c4-b6e7-31a4-961a-388cf1f4e152",
              "dc:contributor": [
                "https://api.deepl.com/v2/translate"
              ],
              "rdf:language": [
                "es"
              ],
              "rdf:predicate": [
                "additionalInformation"
              ]
            },
            {
              "@id": "https://data.datatourisme.fr/b88ab607-c164-3293-9875-ff5ab9266ddb",
              "dc:contributor": [
                "https://api.deepl.com/v2/translate"
              ],
              "rdf:language": [
                "en"
              ],
              "rdf:predicate": [
                "additionalInformation"
              ]
            },
            {
              "@id": "https://data.datatourisme.fr/e7a3a75e-9dbc-38dd-bb15-3199185e2362",
              "dc:contributor": [
                "https://api.deepl.com/v2/translate"
              ],
              "rdf:language": [
                "de"
              ],
              "rdf:predicate": [
                "additionalInformation"
              ]
            }
          ]
        }
      ],
      "@type": [
        "schema:Place",
        "Place"
      ]
    }
  ],
  "isOwnedBy": [
    {
      "@id": "https://data.datatourisme.fr/26ecd6f0-563c-356a-b0f9-ad3ec17effc4",
      "schema:email": [
        "bgeigle@visitparisregion.com",
        "hcaldo@visitparisregion.com",
        "mtanaskovic@visitparisregion.com"
      ],
      "schema:legalName": "Comité Régional du Tourisme Paris Ile de France",
      "@type": [
        "schema:Organization",
        "foaf:Agent",
        "Agent"
      ],
      "foaf:homepage": [
        "http://www.visitparisregion.com/"
      ]
    }
  ],
  "lastUpdate": "2020-02-18",
  "lastUpdateDatatourisme": "2023-10-02T05:53:31.705Z"
}