{
  "@id": "https://data.datatourisme.fr/13/afc92cdd-54bf-3a41-8811-10fab28edc20",
  "dc:identifier": "678213",
  "@type": [
    "schema:FoodEstablishment",
    "schema:NightClub",
    "schema:Winery",
    "BistroOrWineBar",
    "FoodEstablishment",
    "NightClub",
    "PlaceOfInterest",
    "PointOfInterest",
    "SportsAndLeisurePlace"
  ],
  "rdfs:comment": {
    "de": [
      "Als Zeuge der Dynamik, die die Umgebung von Austerlitz erfasst hat, erinnert Djoon an die New Yorker Nacht und ist ein Tempel für Tänzer und Liebhaber von Underground-Musik."
    ],
    "en": [
      "Witnessing the dynamism taking hold of the Austerlitz area, Djoon evokes the New York nightlife and has established itself as a temple for dancers and underground music lovers."
    ],
    "it": [
      "Testimone del dinamismo che sta prendendo piede nella zona di Austerlitz, Djoon evoca la vita notturna di New York e si è affermato come tempio dei ballerini e degli amanti della musica underground."
    ],
    "fr": [
      "Témoin du dynamisme qui s’empare des abords d’Austerlitz, Djoon évoque la nuit new-yorkaise et s’impose comme un temple pour danseurs et amoureux de la musique underground."
    ],
    "es": [
      "Testigo del dinamismo que se apodera de los alrededores de Austerlitz, Djoon evoca la vida nocturna neoyorquina y se ha consolidado como un templo para bailarines y amantes de la música underground."
    ],
    "nl": [
      "Djoon, getuige van de dynamiek die het gebied rond Austerlitz overneemt, doet denken aan het nachtleven van New York en heeft zich gevestigd als een tempel voor dansers en liefhebbers van undergroundmuziek."
    ]
  },
  "rdfs:label": {
    "fr": [
      "Djoon"
    ]
  },
  "hasBeenCreatedBy": {
    "@id": "https://data.datatourisme.fr/13/03e0704b-5690-32de-a186-1dc3ad3316c9",
    "dc:identifier": "1019",
    "schema:email": [
      "bgeigle@visitparisregion.com",
      "hcaldo@visitparisregion.com",
      "mtanaskovic@visitparisregion.com"
    ],
    "schema:legalName": "Choose Paris Region",
    "@type": [
      "schema:Organization",
      "foaf:Agent",
      "Agent"
    ],
    "foaf:homepage": [
      "http://www.visitparisregion.com/"
    ]
  },
  "hasBeenPublishedBy": [
    {
      "@id": "https://data.datatourisme.fr/8a9feb4b-2cbd-3d2c-b507-bd6c6776b23b",
      "schema:legalName": "Apidae Tourisme Scic SA - source : Apidae Tourisme",
      "@type": [
        "schema:Organization",
        "foaf:Agent",
        "Agent"
      ],
      "foaf:homepage": [
        "https://www.apidae-tourisme.com/"
      ]
    }
  ],
  "hasContact": [
    {
      "@id": "https://data.datatourisme.fr/d48fc099-3177-3aee-b1a2-fba5842f1824",
      "schema:email": [
        "contact@djoon.fr"
      ],
      "schema:telephone": [
        "+33 1 45 70 83 49"
      ],
      "@type": [
        "foaf:Agent",
        "Agent"
      ],
      "foaf:homepage": [
        "http://www.djoon.com/"
      ]
    }
  ],
  "hasDescription": [
    {
      "@id": "https://data.datatourisme.fr/a24929fe-39a7-38a4-8aee-ded550d52da6",
      "@type": [
        "Description"
      ],
      "hasTranslatedProperty": [
        {
          "@id": "https://data.datatourisme.fr/0f4b5971-6c9f-3b82-9a0a-3a7dcc506945",
          "dc:contributor": [
            "https://api.deepl.com/v2/translate"
          ],
          "rdf:language": [
            "en"
          ],
          "rdf:predicate": [
            "shortDescription"
          ]
        },
        {
          "@id": "https://data.datatourisme.fr/25e3b848-8708-3cf7-a512-d1473bf5e200",
          "dc:contributor": [
            "https://api.deepl.com/v2/translate"
          ],
          "rdf:language": [
            "de"
          ],
          "rdf:predicate": [
            "shortDescription"
          ]
        },
        {
          "@id": "https://data.datatourisme.fr/291e19b9-b8bb-3ec9-ab4f-62577d0ef919",
          "dc:contributor": [
            "https://api.deepl.com/v2/translate"
          ],
          "rdf:language": [
            "it"
          ],
          "rdf:predicate": [
            "shortDescription"
          ]
        },
        {
          "@id": "https://data.datatourisme.fr/73f161e8-d4b8-3b76-ad9f-17d6767e0fc6",
          "dc:contributor": [
            "https://api.deepl.com/v2/translate"
          ],
          "rdf:language": [
            "nl"
          ],
          "rdf:predicate": [
            "shortDescription"
          ]
        },
        {
          "@id": "https://data.datatourisme.fr/bd758026-14f4-30a2-99b0-2f0a42e4a1e8",
          "dc:contributor": [
            "https://api.deepl.com/v2/translate"
          ],
          "rdf:language": [
            "es"
          ],
          "rdf:predicate": [
            "shortDescription"
          ]
        }
      ],
      "shortDescription": {
        "de": [
          "Als Zeuge der Dynamik, die die Umgebung von Austerlitz erfasst hat, erinnert Djoon an die New Yorker Nacht und ist ein Tempel für Tänzer und Liebhaber von Underground-Musik."
        ],
        "en": [
          "Witnessing the dynamism taking hold of the Austerlitz area, Djoon evokes the New York nightlife and has established itself as a temple for dancers and underground music lovers."
        ],
        "it": [
          "Testimone del dinamismo che sta prendendo piede nella zona di Austerlitz, Djoon evoca la vita notturna di New York e si è affermato come tempio dei ballerini e degli amanti della musica underground."
        ],
        "fr": [
          "Témoin du dynamisme qui s’empare des abords d’Austerlitz, Djoon évoque la nuit new-yorkaise et s’impose comme un temple pour danseurs et amoureux de la musique underground."
        ],
        "es": [
          "Testigo del dinamismo que se apodera de los alrededores de Austerlitz, Djoon evoca la vida nocturna neoyorquina y se ha consolidado como un templo para bailarines y amantes de la música underground."
        ],
        "nl": [
          "Djoon, getuige van de dynamiek die het gebied rond Austerlitz overneemt, doet denken aan het nachtleven van New York en heeft zich gevestigd als een tempel voor dansers en liefhebbers van undergroundmuziek."
        ]
      }
    }
  ],
  "hasTranslatedProperty": [
    {
      "@id": "https://data.datatourisme.fr/38a47cda-dba3-3e73-b9e5-0deb8d8ad610",
      "dc:contributor": [
        "https://api.deepl.com/v2/translate"
      ],
      "rdf:language": [
        "es"
      ],
      "rdf:predicate": [
        {
          "@id": "rdfs:comment"
        }
      ]
    },
    {
      "@id": "https://data.datatourisme.fr/64a918d0-7cfa-3672-88c5-630f5610bfb0",
      "dc:contributor": [
        "https://api.deepl.com/v2/translate"
      ],
      "rdf:language": [
        "en"
      ],
      "rdf:predicate": [
        {
          "@id": "rdfs:comment"
        }
      ]
    },
    {
      "@id": "https://data.datatourisme.fr/7793a754-212d-3275-9568-c2f0fc173c81",
      "dc:contributor": [
        "https://api.deepl.com/v2/translate"
      ],
      "rdf:language": [
        "de"
      ],
      "rdf:predicate": [
        {
          "@id": "rdfs:comment"
        }
      ]
    },
    {
      "@id": "https://data.datatourisme.fr/b135a367-55cd-3ee4-9cc9-959ca9371223",
      "dc:contributor": [
        "https://api.deepl.com/v2/translate"
      ],
      "rdf:language": [
        "nl"
      ],
      "rdf:predicate": [
        {
          "@id": "rdfs:comment"
        }
      ]
    },
    {
      "@id": "https://data.datatourisme.fr/dba8f8cd-2a17-3ffc-b3ce-88c9f265df9e",
      "dc:contributor": [
        "https://api.deepl.com/v2/translate"
      ],
      "rdf:language": [
        "it"
      ],
      "rdf:predicate": [
        {
          "@id": "rdfs:comment"
        }
      ]
    }
  ],
  "isLocatedAt": [
    {
      "@id": "https://data.datatourisme.fr/3d256818-7de9-3963-bc37-2630849a39f8",
      "schema:address": [
        {
          "@id": "https://data.datatourisme.fr/6ba23041-cc7a-3ed8-be83-7f42df6d0e35",
          "schema:addressLocality": "Paris",
          "schema:postalCode": "75013",
          "schema:streetAddress": [
            "22 Boulevard Vincent Auriol"
          ],
          "@type": [
            "schema:PostalAddress",
            "PostalAddress"
          ],
          "hasAddressCity": {
            "@id": "kb:75056",
            "@type": [
              "City"
            ],
            "rdfs:label": {
              "de": [
                "Paris"
              ],
              "pt": [
                "Paris"
              ],
              "en": [
                "Paris"
              ],
              "it": [
                "Paris"
              ],
              "fr": [
                "Paris"
              ],
              "nl": [
                "Paris"
              ],
              "es": [
                "Paris"
              ]
            },
            "insee": "75056",
            "isPartOfDepartment": {
              "@id": "kb:France1175",
              "@type": [
                "Department"
              ],
              "rdfs:label": {
                "de": [
                  "Paris"
                ],
                "pt": [
                  "Paris"
                ],
                "en": [
                  "Paris"
                ],
                "it": [
                  "Paris"
                ],
                "fr": [
                  "Paris"
                ],
                "nl": [
                  "Paris"
                ],
                "es": [
                  "Paris"
                ]
              },
              "insee": "75",
              "isPartOfRegion": {
                "@id": "kb:France11",
                "@type": [
                  "Region"
                ],
                "rdfs:label": {
                  "de": [
                    "Île-de-France"
                  ],
                  "pt": [
                    "Île-de-France"
                  ],
                  "en": [
                    "Île-de-France"
                  ],
                  "it": [
                    "Île-de-France"
                  ],
                  "fr": [
                    "Île-de-France"
                  ],
                  "nl": [
                    "Île-de-France"
                  ],
                  "es": [
                    "Île-de-France"
                  ]
                },
                "insee": "11",
                "isPartOfCountry": {
                  "@id": "kb:France",
                  "@type": [
                    "schema:Country"
                  ],
                  "rdfs:label": {
                    "de": [
                      "France",
                      "Frankreich"
                    ],
                    "pt": [
                      "França",
                      "France"
                    ],
                    "en": [
                      "France"
                    ],
                    "it": [
                      "France",
                      "Francia"
                    ],
                    "fr": [
                      "France"
                    ],
                    "nl": [
                      "France",
                      "Frankrijk"
                    ],
                    "es": [
                      "France",
                      "Francia"
                    ]
                  }
                }
              }
            }
          }
        }
      ],
      "schema:geo": {
        "@id": "https://data.datatourisme.fr/4559de7d-9f2c-30c6-ad76-e9a3eaa4a3bc",
        "schema:latitude": "48.836673",
        "schema:longitude": "2.371651",
        "@type": [
          "schema:GeoCoordinates"
        ]
      },
      "schema:openingHoursSpecification": [
        {
          "@id": "https://data.datatourisme.fr/79fb65e7-750c-3881-a97d-b65bc9a328c2",
          "schema:validFrom": "2023-01-01T00:00:00",
          "schema:validThrough": "2023-12-31T23:59:59",
          "@type": [
            "schema:OpeningHoursSpecification"
          ],
          "additionalInformation": {
            "de": [
              "Montag und Dienstag: 10:00 bis 15:30 Uhr;\r\nMittwoch und Donnerstag: 10:00 bis 01:00 Uhr;\r\nFreitag: 19:30-05:00 Uhr\r\nWochenende: 10:00 bis 5:00 Uhr."
            ],
            "en": [
              "Monday and Tuesday: 10 am to 3:30 pm;\r\nWednesday and Thursday: 10:00 a.m. to 1:00 a.m;\r\nFriday: 7:30 to 5:00 p.m\r\nWeekend: 10:00 a.m. to 5:00 a.m."
            ],
            "it": [
              "Lunedì e martedì: dalle 10.00 alle 15.30;\r\nMercoledì e giovedì: dalle 10.00 all'1.00;\r\nVenerdì: dalle 19.30 alle 5.00\r\nFine settimana: dalle 10.00 alle 5.00."
            ],
            "fr": [
              "Lundi et mardi : 10h à 15h30;\r\nMercredi et jeudi: 10h à 01h;\r\nVendredi: 19h30-05h; \r\nWeek-end: 10h à 5h."
            ],
            "nl": [
              "Maandag en dinsdag: 10.00 tot 15.30 uur;\r\nWoensdag en donderdag: 10.00 tot 1.00 uur;\r\nVrijdag: 19.30 tot 5 uur\r\nWeekend: 10u tot 5u."
            ],
            "es": [
              "Lunes y martes: de 10 a 15.30 horas;\r\nMiércoles y jueves: de 10 a 1 de la mañana;\r\nViernes: de 19:30 a 5:00 horas\r\nFin de semana: de 10 a 5 de la mañana."
            ]
          },
          "hasTranslatedProperty": [
            {
              "@id": "https://data.datatourisme.fr/14067a83-1c2e-301b-a268-f723b380118a",
              "dc:contributor": [
                "https://api.deepl.com/v2/translate"
              ],
              "rdf:language": [
                "it"
              ],
              "rdf:predicate": [
                "additionalInformation"
              ]
            },
            {
              "@id": "https://data.datatourisme.fr/1d822585-9271-3272-998d-6a4d46599fb2",
              "dc:contributor": [
                "https://api.deepl.com/v2/translate"
              ],
              "rdf:language": [
                "nl"
              ],
              "rdf:predicate": [
                "additionalInformation"
              ]
            },
            {
              "@id": "https://data.datatourisme.fr/82b353bf-e78d-3d82-a9c4-cb41f9f63e65",
              "dc:contributor": [
                "https://api.deepl.com/v2/translate"
              ],
              "rdf:language": [
                "de"
              ],
              "rdf:predicate": [
                "additionalInformation"
              ]
            },
            {
              "@id": "https://data.datatourisme.fr/cd104deb-8490-3260-be5a-6ee5b8d2584e",
              "dc:contributor": [
                "https://api.deepl.com/v2/translate"
              ],
              "rdf:language": [
                "en"
              ],
              "rdf:predicate": [
                "additionalInformation"
              ]
            },
            {
              "@id": "https://data.datatourisme.fr/d9fb4305-e1af-31e0-b229-7be68183dc11",
              "dc:contributor": [
                "https://api.deepl.com/v2/translate"
              ],
              "rdf:language": [
                "es"
              ],
              "rdf:predicate": [
                "additionalInformation"
              ]
            }
          ]
        }
      ],
      "@type": [
        "schema:Place",
        "Place"
      ]
    }
  ],
  "isOwnedBy": [
    {
      "@id": "https://data.datatourisme.fr/26ecd6f0-563c-356a-b0f9-ad3ec17effc4",
      "schema:email": [
        "bgeigle@visitparisregion.com",
        "hcaldo@visitparisregion.com",
        "mtanaskovic@visitparisregion.com"
      ],
      "schema:legalName": "Comité Régional du Tourisme Paris Ile de France",
      "@type": [
        "schema:Organization",
        "foaf:Agent",
        "Agent"
      ],
      "foaf:homepage": [
        "http://www.visitparisregion.com/"
      ]
    }
  ],
  "lastUpdate": "2023-08-02",
  "lastUpdateDatatourisme": "2023-10-02T05:53:31.657Z"
}