{
  "@id": "https://data.datatourisme.fr/13/f2e66300-b2c9-3a24-9b32-fc402f2bbb47",
  "dc:identifier": "847819",
  "@type": [
    "schema:Landform",
    "schema:LocalBusiness",
    "Beach",
    "NaturalHeritage",
    "PlaceOfInterest",
    "PointOfInterest",
    "SportsAndLeisurePlace",
    "SwimmingPool"
  ],
  "rdfs:comment": {
    "de": [
      "Das 1600 m² große Wassersportzentrum Eyrium empfängt Sie im Herzen des Eyrieux-Tals in der Nähe von Le Cheylard. Schwimmbad, Rutschen, Kinderspielplatz, Planschbecken, Picknick-Ecke, Bar und Boulespiel... Hier ist für jeden Geschmack etwas dabei!"
    ],
    "en": [
      "The 1600 m² Eyrium aquatic center welcomes you to the heart of the Eyrieux Valley, near Le Cheylard. Swimming pool, slides, children's games, paddling pool, picnic area, bar and boules... Something for everyone!"
    ],
    "it": [
      "Il centro acquatico Eyrium, di 1600 m², vi accoglie nel cuore della Valle dell'Eyrieux, vicino a Le Cheylard. Piscina, scivoli, giochi per bambini, piscina per bambini, area picnic, bar e bocce... Qualcosa per tutti!"
    ],
    "fr": [
      "La base aquatique Eyrium de 1600 m² vous accueille au cœur de la Vallée de l'Eyrieux, proche du Cheylard. Piscine, toboggans, jeux pour enfants, pataugeoire, coin pique-nique, bar et jeux de boules... Il y en a pour tous les goûts !"
    ],
    "nl": [
      "Het Eyrium aquacentrum van 1600 m² verwelkomt je in het hart van de Eyrieux vallei, vlakbij Le Cheylard. Zwembad, glijbanen, kinderspelen, pierenbad, picknickplaats, bar en petanque... Voor ieder wat wils!"
    ],
    "es": [
      "El centro acuático Eyrium, de 1600 m², le da la bienvenida en el corazón del valle de Eyrieux, cerca de Le Cheylard. Piscina, toboganes, juegos infantiles, piscina para niños, zona de picnic, bar y petanca... Para todos los gustos"
    ]
  },
  "rdfs:label": {
    "fr": [
      "Base de loisirs aquatique Eyrium"
    ]
  },
  "hasBeenCreatedBy": {
    "@id": "https://data.datatourisme.fr/13/bd686fd6-40be-38ef-aae0-091fa301e613",
    "dc:identifier": "193",
    "schema:email": [
      "l.dejulis@ardeche-hautes-vallees.fr",
      "mf.devidal@ardeche-hautes-vallees.fr"
    ],
    "schema:legalName": "Office de Tourisme de Val'Eyrieux - Ardèche Hautes Vallées",
    "@type": [
      "schema:Organization",
      "foaf:Agent",
      "Agent"
    ],
    "foaf:homepage": [
      "https://www.ardeche-hautes-vallees.fr/"
    ]
  },
  "hasBeenPublishedBy": [
    {
      "@id": "https://data.datatourisme.fr/dbca899d-3f22-364b-b99d-40af1e917c58",
      "schema:legalName": "Agence de Développement Touristique de l'Ardèche - source : Apidae Tourisme",
      "@type": [
        "schema:Organization",
        "foaf:Agent",
        "Agent"
      ],
      "foaf:homepage": [
        "https://www.apidae-tourisme.com/"
      ]
    }
  ],
  "hasContact": [
    {
      "@id": "https://data.datatourisme.fr/0e1b6ffc-e363-3159-aee8-35b9851cd098",
      "schema:telephone": [
        "+33 4 75 29 34 65",
        "+33 4 75 64 80 97"
      ],
      "@type": [
        "foaf:Agent",
        "Agent"
      ],
      "foaf:homepage": [
        "https://www.eyrium.fr/"
      ]
    }
  ],
  "hasDescription": [
    {
      "@id": "https://data.datatourisme.fr/65ec1e6c-fddb-3144-9f0a-fffc285352ce",
      "@type": [
        "Description"
      ],
      "hasTranslatedProperty": [
        {
          "@id": "https://data.datatourisme.fr/24894b0f-0323-346a-8a82-5b89ba2abe56",
          "dc:contributor": [
            "https://api.deepl.com/v2/translate"
          ],
          "rdf:language": [
            "de"
          ],
          "rdf:predicate": [
            "shortDescription"
          ]
        },
        {
          "@id": "https://data.datatourisme.fr/71beab80-d75b-32c9-a6df-4403d562a28f",
          "dc:contributor": [
            "https://api.deepl.com/v2/translate"
          ],
          "rdf:language": [
            "it"
          ],
          "rdf:predicate": [
            "shortDescription"
          ]
        },
        {
          "@id": "https://data.datatourisme.fr/820f5a39-cb56-366f-a95d-caa440e5bf7f",
          "dc:contributor": [
            "https://api.deepl.com/v2/translate"
          ],
          "rdf:language": [
            "en"
          ],
          "rdf:predicate": [
            "shortDescription"
          ]
        },
        {
          "@id": "https://data.datatourisme.fr/86c54932-0685-3e36-bb1e-1ddc627f1260",
          "dc:contributor": [
            "https://api.deepl.com/v2/translate"
          ],
          "rdf:language": [
            "es"
          ],
          "rdf:predicate": [
            "shortDescription"
          ]
        },
        {
          "@id": "https://data.datatourisme.fr/b54eaaba-5166-3099-8ed8-0ce5c9eaaec7",
          "dc:contributor": [
            "https://api.deepl.com/v2/translate"
          ],
          "rdf:language": [
            "nl"
          ],
          "rdf:predicate": [
            "shortDescription"
          ]
        }
      ],
      "shortDescription": {
        "de": [
          "Das 1600 m² große Wassersportzentrum Eyrium empfängt Sie im Herzen des Eyrieux-Tals in der Nähe von Le Cheylard. Schwimmbad, Rutschen, Kinderspielplatz, Planschbecken, Picknick-Ecke, Bar und Boulespiel... Hier ist für jeden Geschmack etwas dabei!"
        ],
        "en": [
          "The 1600 m² Eyrium aquatic center welcomes you to the heart of the Eyrieux Valley, near Le Cheylard. Swimming pool, slides, children's games, paddling pool, picnic area, bar and boules... Something for everyone!"
        ],
        "it": [
          "Il centro acquatico Eyrium, di 1600 m², vi accoglie nel cuore della Valle dell'Eyrieux, vicino a Le Cheylard. Piscina, scivoli, giochi per bambini, piscina per bambini, area picnic, bar e bocce... Qualcosa per tutti!"
        ],
        "fr": [
          "La base aquatique Eyrium de 1600 m² vous accueille au cœur de la Vallée de l'Eyrieux, proche du Cheylard. Piscine, toboggans, jeux pour enfants, pataugeoire, coin pique-nique, bar et jeux de boules... Il y en a pour tous les goûts !"
        ],
        "nl": [
          "Het Eyrium aquacentrum van 1600 m² verwelkomt je in het hart van de Eyrieux vallei, vlakbij Le Cheylard. Zwembad, glijbanen, kinderspelen, pierenbad, picknickplaats, bar en petanque... Voor ieder wat wils!"
        ],
        "es": [
          "El centro acuático Eyrium, de 1600 m², le da la bienvenida en el corazón del valle de Eyrieux, cerca de Le Cheylard. Piscina, toboganes, juegos infantiles, piscina para niños, zona de picnic, bar y petanca... Para todos los gustos"
        ]
      }
    }
  ],
  "hasReview": [
    {
      "@id": "https://data.datatourisme.fr/6e866798-cae5-351c-9e8d-963661217e60",
      "@type": [
        "Review"
      ],
      "hasReviewValue": {
        "@id": "kb:LabelRating_AccueilVelo",
        "@type": [
          "LabelRating"
        ],
        "rdfs:label": {
          "de": [
            "Accueil Vélo"
          ],
          "pt": [
            "Accueil Vélo"
          ],
          "en": [
            "Accueil Vélo"
          ],
          "it": [
            "Accueil Vélo"
          ],
          "fr": [
            "Accueil Vélo"
          ],
          "nl": [
            "Accueil Vélo"
          ],
          "es": [
            "Accueil Vélo"
          ]
        },
        "isCompliantWith": [
          "PlaceOfInterest"
        ]
      }
    }
  ],
  "hasTheme": [
    {
      "@id": "kb:Bathing",
      "@type": [
        "AccommodationAmenity",
        "SportsTheme"
      ],
      "rdfs:label": {
        "de": [
          "Baden"
        ],
        "pt": [
          "Banho"
        ],
        "en": [
          "Bathing"
        ],
        "it": [
          "Bagno"
        ],
        "fr": [
          "Baignade"
        ],
        "nl": [
          "Zwemmen"
        ],
        "es": [
          "Baño"
        ]
      }
    }
  ],
  "hasTranslatedProperty": [
    {
      "@id": "https://data.datatourisme.fr/17a0ae14-1693-3125-9eaa-be05e43233b7",
      "dc:contributor": [
        "https://api.deepl.com/v2/translate"
      ],
      "rdf:language": [
        "it"
      ],
      "rdf:predicate": [
        {
          "@id": "rdfs:comment"
        }
      ]
    },
    {
      "@id": "https://data.datatourisme.fr/ba1c5bce-8d50-302b-9b9e-cd9a76d87ae6",
      "dc:contributor": [
        "https://api.deepl.com/v2/translate"
      ],
      "rdf:language": [
        "en"
      ],
      "rdf:predicate": [
        {
          "@id": "rdfs:comment"
        }
      ]
    },
    {
      "@id": "https://data.datatourisme.fr/c0e74a8b-c519-3542-8621-b8fac046a9a0",
      "dc:contributor": [
        "https://api.deepl.com/v2/translate"
      ],
      "rdf:language": [
        "nl"
      ],
      "rdf:predicate": [
        {
          "@id": "rdfs:comment"
        }
      ]
    },
    {
      "@id": "https://data.datatourisme.fr/ef18cfe7-230b-3cdb-afcb-c84ff2369bfe",
      "dc:contributor": [
        "https://api.deepl.com/v2/translate"
      ],
      "rdf:language": [
        "de"
      ],
      "rdf:predicate": [
        {
          "@id": "rdfs:comment"
        }
      ]
    },
    {
      "@id": "https://data.datatourisme.fr/f5bbf0ee-9f99-31e1-8f41-fa335903f73c",
      "dc:contributor": [
        "https://api.deepl.com/v2/translate"
      ],
      "rdf:language": [
        "es"
      ],
      "rdf:predicate": [
        {
          "@id": "rdfs:comment"
        }
      ]
    }
  ],
  "isLocatedAt": [
    {
      "@id": "https://data.datatourisme.fr/5d125189-81f4-3492-9ea2-be4ee9c15c8c",
      "schema:address": [
        {
          "@id": "https://data.datatourisme.fr/546bd7ec-b09a-343a-a6ee-7d31dc0a8e87",
          "schema:addressLocality": "Belsentes",
          "schema:postalCode": "07160",
          "schema:streetAddress": [
            "Au bord du Lac des Collanges",
            "Nonières"
          ],
          "@type": [
            "schema:PostalAddress",
            "PostalAddress"
          ],
          "hasAddressCity": {
            "@id": "kb:07165",
            "@type": [
              "City"
            ],
            "rdfs:label": {
              "de": [
                "Belsentes"
              ],
              "pt": [
                "Belsentes"
              ],
              "en": [
                "Belsentes"
              ],
              "it": [
                "Belsentes"
              ],
              "fr": [
                "Belsentes"
              ],
              "nl": [
                "Belsentes"
              ],
              "es": [
                "Belsentes"
              ]
            },
            "insee": "07165",
            "isPartOfDepartment": {
              "@id": "kb:France8407",
              "@type": [
                "Department"
              ],
              "rdfs:label": {
                "de": [
                  "Ardèche"
                ],
                "pt": [
                  "Ardèche"
                ],
                "en": [
                  "Ardèche"
                ],
                "it": [
                  "Ardèche"
                ],
                "fr": [
                  "Ardèche"
                ],
                "nl": [
                  "Ardèche"
                ],
                "es": [
                  "Ardèche"
                ]
              },
              "insee": "07",
              "isPartOfRegion": {
                "@id": "kb:France84",
                "@type": [
                  "Region"
                ],
                "rdfs:label": {
                  "de": [
                    "Auvergne-Rhône-Alpes"
                  ],
                  "pt": [
                    "Auvergne-Rhône-Alpes"
                  ],
                  "en": [
                    "Auvergne-Rhône-Alpes"
                  ],
                  "it": [
                    "Auvergne-Rhône-Alpes"
                  ],
                  "fr": [
                    "Auvergne-Rhône-Alpes"
                  ],
                  "nl": [
                    "Auvergne-Rhône-Alpes"
                  ],
                  "es": [
                    "Auvergne-Rhône-Alpes"
                  ]
                },
                "insee": "84",
                "isPartOfCountry": {
                  "@id": "kb:France",
                  "@type": [
                    "schema:Country"
                  ],
                  "rdfs:label": {
                    "de": [
                      "France",
                      "Frankreich"
                    ],
                    "pt": [
                      "França",
                      "France"
                    ],
                    "en": [
                      "France"
                    ],
                    "it": [
                      "France",
                      "Francia"
                    ],
                    "fr": [
                      "France"
                    ],
                    "nl": [
                      "France",
                      "Frankrijk"
                    ],
                    "es": [
                      "France",
                      "Francia"
                    ]
                  }
                }
              }
            }
          }
        }
      ],
      "schema:geo": {
        "@id": "https://data.datatourisme.fr/c0b99f9a-fe53-3e91-91bc-7ae8ea364d31",
        "schema:latitude": "44.91174",
        "schema:longitude": "4.464725",
        "@type": [
          "schema:GeoCoordinates"
        ]
      },
      "schema:openingHoursSpecification": [
        {
          "@id": "https://data.datatourisme.fr/909f3cfe-8f1b-3dfc-afb1-ed43852548f4",
          "schema:closes": "20:00:00",
          "schema:opens": "11:00:00",
          "schema:validFrom": "2023-07-01T00:00:00",
          "schema:validThrough": "2023-08-31T23:59:59",
          "@type": [
            "schema:OpeningHoursSpecification"
          ]
        },
        {
          "@id": "https://data.datatourisme.fr/9129b24d-22e5-3608-ac57-781f59fbe59c",
          "schema:validFrom": "2023-06-15T00:00:00",
          "schema:validThrough": "2023-06-30T23:59:59",
          "@type": [
            "schema:OpeningHoursSpecification"
          ]
        }
      ],
      "@type": [
        "schema:Place",
        "Place"
      ]
    }
  ],
  "isOwnedBy": [
    {
      "@id": "https://data.datatourisme.fr/598955e7-8a4e-3395-b123-576cbc76c1e8",
      "schema:email": [
        "l.dejulis@ardeche-hautes-vallees.fr",
        "mf.devidal@ardeche-hautes-vallees.fr"
      ],
      "schema:legalName": "Office de Tourisme de Val'Eyrieux - Ardèche Hautes Vallées",
      "@type": [
        "schema:Organization",
        "foaf:Agent",
        "Agent"
      ],
      "foaf:homepage": [
        "https://www.ardeche-hautes-vallees.fr/"
      ]
    }
  ],
  "lastUpdate": "2023-08-18",
  "lastUpdateDatatourisme": "2023-09-20T05:51:01.739Z",
  "offers": [
    {
      "@id": "https://data.datatourisme.fr/efa46c7c-7a19-337c-abbb-ed67be833f6a",
      "schema:priceSpecification": [
        {
          "@id": "https://data.datatourisme.fr/ba7f4aeb-32b9-3570-a50f-286ccb0e3d49",
          "schema:maxPrice": [
            "3.5",
            "5.5"
          ],
          "schema:minPrice": [
            "3.5",
            "5.5"
          ],
          "schema:priceCurrency": "EUR",
          "@type": [
            "schema:PriceSpecification",
            "PriceSpecification"
          ],
          "appliesOnPeriod": [
            {
              "@id": "https://data.datatourisme.fr/88c51339-15c7-36e6-bd44-17165b27ec22",
              "@type": [
                "Period"
              ],
              "endDate": "2023-08-31",
              "startDate": "2023-06-15"
            }
          ]
        }
      ],
      "@type": [
        "schema:Offer",
        "Offer"
      ]
    }
  ]
}