{
  "@id": "https://data.datatourisme.fr/13/f2e66300-b2c9-3a24-9b32-fc402f2bbb47",
  "dc:identifier": "847819",
  "@type": [
    "schema:Landform",
    "schema:LocalBusiness",
    "Beach",
    "NaturalHeritage",
    "PlaceOfInterest",
    "PointOfInterest",
    "SportsAndLeisurePlace",
    "SwimmingPool"
  ],
  "rdfs:comment": {
    "de": [
      "Die 1600 m² große Wassersportanlage Eyrium empfängt Sie im Herzen des Eyrieux-Tals. Rutschen, Kinderspiele, Planschbecken, Picknick-Ecke, Bar und Boulespiele... Hier ist für jeden Geschmack etwas dabei!"
    ],
    "en": [
      "The Eyrium aquatic base of 1600 m² welcomes you in the heart of the Eyrieux Valley. Slides, games for children, paddling pool, picnic area, bar and bowls... There is something for everyone !"
    ],
    "it": [
      "Il centro acquatico Eyrium, di 1600 m², vi accoglie nel cuore della Valle di Eyrieux. Scivoli, giochi per bambini, piscina per bambini, area picnic, bar e bocce... Ce n'è per tutti i gusti!"
    ],
    "fr": [
      "La base aquatique Eyrium de 1600 m² vous accueille au cœur de la Vallée de l'Eyrieux. Toboggans, jeux pour enfants, pataugeoire, coin pique-nique, bar et jeux de boules... Il y en a pour tous les goûts !"
    ],
    "nl": [
      "Het Eyrium aquacentrum van 1600 m² verwelkomt u in het hart van de Eyrieux-vallei. Glijbanen, kinderspelen, kikkerbad, picknickplaats, bar en bowls... Er is voor elk wat wils!"
    ],
    "es": [
      "El centro acuático Eyrium, de 1600 m², le da la bienvenida en el corazón del Valle de Eyrieux. Toboganes, juegos para niños, piscina infantil, zona de picnic, bar y petanca... Hay para todos los gustos"
    ]
  },
  "rdfs:label": {
    "fr": [
      "Base de loisirs aquatique Eyrium"
    ]
  },
  "hasBeenCreatedBy": {
    "@id": "https://data.datatourisme.fr/13/bd686fd6-40be-38ef-aae0-091fa301e613",
    "dc:identifier": "193",
    "schema:email": [
      "l.dejulis@ardeche-hautes-vallees.fr",
      "mf.devidal@ardeche-hautes-vallees.fr"
    ],
    "schema:legalName": "Office de Tourisme de Val'Eyrieux - Ardèche Hautes Vallées",
    "@type": [
      "schema:Organization",
      "foaf:Agent",
      "Agent"
    ],
    "foaf:homepage": [
      "https://www.ardeche-hautes-vallees.fr/"
    ]
  },
  "hasBeenPublishedBy": [
    {
      "@id": "https://data.datatourisme.fr/dbca899d-3f22-364b-b99d-40af1e917c58",
      "schema:legalName": "Agence de Développement Touristique de l'Ardèche - source : Apidae Tourisme",
      "@type": [
        "schema:Organization",
        "foaf:Agent",
        "Agent"
      ],
      "foaf:homepage": [
        "https://www.apidae-tourisme.com/"
      ]
    }
  ],
  "hasContact": [
    {
      "@id": "https://data.datatourisme.fr/5c8d7a09-3b9a-3313-8464-e98a1fa071e5",
      "schema:telephone": [
        "+33 4 75 29 34 65",
        "+33 4 75 64 80 97"
      ],
      "@type": [
        "foaf:Agent",
        "Agent"
      ]
    }
  ],
  "hasDescription": [
    {
      "@id": "https://data.datatourisme.fr/53a7138e-b710-3230-bf43-6fef03ae328b",
      "@type": [
        "Description"
      ],
      "hasTranslatedProperty": [
        {
          "@id": "https://data.datatourisme.fr/3a521483-7c29-3d42-a0f3-cd74c1c7e16d",
          "dc:contributor": [
            "https://api.deepl.com/v2/translate"
          ],
          "rdf:language": [
            "es"
          ],
          "rdf:predicate": [
            "shortDescription"
          ]
        },
        {
          "@id": "https://data.datatourisme.fr/747e54a5-3f69-30cc-a3da-fdc30e5ef134",
          "dc:contributor": [
            "https://api.deepl.com/v2/translate"
          ],
          "rdf:language": [
            "nl"
          ],
          "rdf:predicate": [
            "shortDescription"
          ]
        },
        {
          "@id": "https://data.datatourisme.fr/bde6ce3e-2756-3a4f-bacb-451c9e68a681",
          "dc:contributor": [
            "https://api.deepl.com/v2/translate"
          ],
          "rdf:language": [
            "en"
          ],
          "rdf:predicate": [
            "shortDescription"
          ]
        },
        {
          "@id": "https://data.datatourisme.fr/dd8eafe9-00f5-3b68-a2e8-77cef2127c7b",
          "dc:contributor": [
            "https://api.deepl.com/v2/translate"
          ],
          "rdf:language": [
            "de"
          ],
          "rdf:predicate": [
            "shortDescription"
          ]
        },
        {
          "@id": "https://data.datatourisme.fr/f8bf5d50-cbed-3ea1-97d7-4540b27a9721",
          "dc:contributor": [
            "https://api.deepl.com/v2/translate"
          ],
          "rdf:language": [
            "it"
          ],
          "rdf:predicate": [
            "shortDescription"
          ]
        }
      ],
      "shortDescription": {
        "de": [
          "Die 1600 m² große Wassersportanlage Eyrium empfängt Sie im Herzen des Eyrieux-Tals. Rutschen, Kinderspiele, Planschbecken, Picknick-Ecke, Bar und Boulespiele... Hier ist für jeden Geschmack etwas dabei!"
        ],
        "en": [
          "The Eyrium aquatic base of 1600 m² welcomes you in the heart of the Eyrieux Valley. Slides, games for children, paddling pool, picnic area, bar and bowls... There is something for everyone !"
        ],
        "it": [
          "Il centro acquatico Eyrium, di 1600 m², vi accoglie nel cuore della Valle di Eyrieux. Scivoli, giochi per bambini, piscina per bambini, area picnic, bar e bocce... Ce n'è per tutti i gusti!"
        ],
        "fr": [
          "La base aquatique Eyrium de 1600 m² vous accueille au cœur de la Vallée de l'Eyrieux. Toboggans, jeux pour enfants, pataugeoire, coin pique-nique, bar et jeux de boules... Il y en a pour tous les goûts !"
        ],
        "nl": [
          "Het Eyrium aquacentrum van 1600 m² verwelkomt u in het hart van de Eyrieux-vallei. Glijbanen, kinderspelen, kikkerbad, picknickplaats, bar en bowls... Er is voor elk wat wils!"
        ],
        "es": [
          "El centro acuático Eyrium, de 1600 m², le da la bienvenida en el corazón del Valle de Eyrieux. Toboganes, juegos para niños, piscina infantil, zona de picnic, bar y petanca... Hay para todos los gustos"
        ]
      }
    }
  ],
  "hasReview": [
    {
      "@id": "https://data.datatourisme.fr/6e866798-cae5-351c-9e8d-963661217e60",
      "@type": [
        "Review"
      ],
      "hasReviewValue": {
        "@id": "kb:LabelRating_AccueilVelo",
        "@type": [
          "LabelRating"
        ],
        "rdfs:label": {
          "de": [
            "Accueil Vélo"
          ],
          "pt": [
            "Accueil Vélo"
          ],
          "en": [
            "Accueil Vélo"
          ],
          "it": [
            "Accueil Vélo"
          ],
          "fr": [
            "Accueil Vélo"
          ],
          "nl": [
            "Accueil Vélo"
          ],
          "es": [
            "Accueil Vélo"
          ]
        },
        "isCompliantWith": [
          "PlaceOfInterest"
        ]
      }
    }
  ],
  "hasTheme": [
    {
      "@id": "kb:Bathing",
      "@type": [
        "AccommodationAmenity",
        "SportsTheme"
      ],
      "rdfs:label": {
        "de": [
          "Baden"
        ],
        "pt": [
          "Banho"
        ],
        "en": [
          "Bathing"
        ],
        "it": [
          "Bagno"
        ],
        "fr": [
          "Baignade"
        ],
        "nl": [
          "Zwemmen"
        ],
        "es": [
          "Baño"
        ]
      }
    }
  ],
  "hasTranslatedProperty": [
    {
      "@id": "https://data.datatourisme.fr/012257dd-a7e3-3cb8-8d60-fdf68db02d9b",
      "dc:contributor": [
        "https://api.deepl.com/v2/translate"
      ],
      "rdf:language": [
        "it"
      ],
      "rdf:predicate": [
        {
          "@id": "rdfs:comment"
        }
      ]
    },
    {
      "@id": "https://data.datatourisme.fr/41c6bcd9-52b3-3b8b-899f-35ce65a2ab8a",
      "dc:contributor": [
        "https://api.deepl.com/v2/translate"
      ],
      "rdf:language": [
        "en"
      ],
      "rdf:predicate": [
        {
          "@id": "rdfs:comment"
        }
      ]
    },
    {
      "@id": "https://data.datatourisme.fr/4a05809b-44b3-360d-936c-f5d6a80427fe",
      "dc:contributor": [
        "https://api.deepl.com/v2/translate"
      ],
      "rdf:language": [
        "es"
      ],
      "rdf:predicate": [
        {
          "@id": "rdfs:comment"
        }
      ]
    },
    {
      "@id": "https://data.datatourisme.fr/58ec5a02-515a-3c01-b3c7-fbd524ea54d2",
      "dc:contributor": [
        "https://api.deepl.com/v2/translate"
      ],
      "rdf:language": [
        "nl"
      ],
      "rdf:predicate": [
        {
          "@id": "rdfs:comment"
        }
      ]
    },
    {
      "@id": "https://data.datatourisme.fr/e93ac075-4bde-38a0-b344-5a24ea162825",
      "dc:contributor": [
        "https://api.deepl.com/v2/translate"
      ],
      "rdf:language": [
        "de"
      ],
      "rdf:predicate": [
        {
          "@id": "rdfs:comment"
        }
      ]
    }
  ],
  "isLocatedAt": [
    {
      "@id": "https://data.datatourisme.fr/5d125189-81f4-3492-9ea2-be4ee9c15c8c",
      "schema:address": [
        {
          "@id": "https://data.datatourisme.fr/546bd7ec-b09a-343a-a6ee-7d31dc0a8e87",
          "schema:addressLocality": "Belsentes",
          "schema:postalCode": "07160",
          "schema:streetAddress": [
            "Au bord du Lac des Collanges",
            "Nonières"
          ],
          "@type": [
            "schema:PostalAddress",
            "PostalAddress"
          ],
          "hasAddressCity": {
            "@id": "kb:07165",
            "@type": [
              "City"
            ],
            "rdfs:label": {
              "de": [
                "Belsentes"
              ],
              "pt": [
                "Belsentes"
              ],
              "en": [
                "Belsentes"
              ],
              "it": [
                "Belsentes"
              ],
              "fr": [
                "Belsentes"
              ],
              "nl": [
                "Belsentes"
              ],
              "es": [
                "Belsentes"
              ]
            },
            "insee": "07165",
            "isPartOfDepartment": {
              "@id": "kb:France8407",
              "@type": [
                "Department"
              ],
              "rdfs:label": {
                "de": [
                  "Ardèche"
                ],
                "pt": [
                  "Ardèche"
                ],
                "en": [
                  "Ardèche"
                ],
                "it": [
                  "Ardèche"
                ],
                "fr": [
                  "Ardèche"
                ],
                "nl": [
                  "Ardèche"
                ],
                "es": [
                  "Ardèche"
                ]
              },
              "insee": "07",
              "isPartOfRegion": {
                "@id": "kb:France84",
                "@type": [
                  "Region"
                ],
                "rdfs:label": {
                  "de": [
                    "Auvergne-Rhône-Alpes"
                  ],
                  "pt": [
                    "Auvergne-Rhône-Alpes"
                  ],
                  "en": [
                    "Auvergne-Rhône-Alpes"
                  ],
                  "it": [
                    "Auvergne-Rhône-Alpes"
                  ],
                  "fr": [
                    "Auvergne-Rhône-Alpes"
                  ],
                  "nl": [
                    "Auvergne-Rhône-Alpes"
                  ],
                  "es": [
                    "Auvergne-Rhône-Alpes"
                  ]
                },
                "insee": "84",
                "isPartOfCountry": {
                  "@id": "kb:France",
                  "@type": [
                    "schema:Country"
                  ],
                  "rdfs:label": {
                    "de": [
                      "France",
                      "Frankreich"
                    ],
                    "pt": [
                      "França",
                      "France"
                    ],
                    "en": [
                      "France"
                    ],
                    "it": [
                      "France",
                      "Francia"
                    ],
                    "fr": [
                      "France"
                    ],
                    "nl": [
                      "France",
                      "Frankrijk"
                    ],
                    "es": [
                      "France",
                      "Francia"
                    ]
                  }
                }
              }
            }
          }
        }
      ],
      "schema:geo": {
        "@id": "https://data.datatourisme.fr/c0b99f9a-fe53-3e91-91bc-7ae8ea364d31",
        "schema:latitude": "44.91174",
        "schema:longitude": "4.464725",
        "@type": [
          "schema:GeoCoordinates"
        ]
      },
      "schema:openingHoursSpecification": [
        {
          "@id": "https://data.datatourisme.fr/909f3cfe-8f1b-3dfc-afb1-ed43852548f4",
          "schema:closes": "20:00:00",
          "schema:opens": "11:00:00",
          "schema:validFrom": "2023-07-01T00:00:00",
          "schema:validThrough": "2023-08-31T23:59:59",
          "@type": [
            "schema:OpeningHoursSpecification"
          ]
        },
        {
          "@id": "https://data.datatourisme.fr/9129b24d-22e5-3608-ac57-781f59fbe59c",
          "schema:validFrom": "2023-06-15T00:00:00",
          "schema:validThrough": "2023-06-30T23:59:59",
          "@type": [
            "schema:OpeningHoursSpecification"
          ]
        }
      ],
      "@type": [
        "schema:Place",
        "Place"
      ]
    }
  ],
  "isOwnedBy": [
    {
      "@id": "https://data.datatourisme.fr/598955e7-8a4e-3395-b123-576cbc76c1e8",
      "schema:email": [
        "l.dejulis@ardeche-hautes-vallees.fr",
        "mf.devidal@ardeche-hautes-vallees.fr"
      ],
      "schema:legalName": "Office de Tourisme de Val'Eyrieux - Ardèche Hautes Vallées",
      "@type": [
        "schema:Organization",
        "foaf:Agent",
        "Agent"
      ],
      "foaf:homepage": [
        "https://www.ardeche-hautes-vallees.fr/"
      ]
    }
  ],
  "lastUpdate": "2023-05-16",
  "lastUpdateDatatourisme": "2023-05-22T05:48:38.562Z",
  "offers": [
    {
      "@id": "https://data.datatourisme.fr/9783b9ad-bf3e-3f0f-8f1b-4bc223ab09bb",
      "schema:priceSpecification": [
        {
          "@id": "https://data.datatourisme.fr/a78743e9-7180-3bf8-a7b1-ff3c834d29d4",
          "schema:maxPrice": [
            "3.5",
            "5.5"
          ],
          "schema:minPrice": [
            "3.5",
            "5.5"
          ],
          "schema:priceCurrency": "EUR",
          "@type": [
            "schema:PriceSpecification",
            "PriceSpecification"
          ],
          "appliesOnPeriod": [
            {
              "@id": "https://data.datatourisme.fr/88c51339-15c7-36e6-bd44-17165b27ec22",
              "@type": [
                "Period"
              ],
              "endDate": "2023-08-31",
              "startDate": "2023-06-15"
            }
          ]
        }
      ],
      "@type": [
        "schema:Offer",
        "Offer"
      ]
    }
  ]
}