{
  "@id": "https://data.datatourisme.fr/13/41e50711-8b96-36dc-85f1-b7d1080a50aa",
  "dc:identifier": "63036",
  "@type": [
    "schema:Landform",
    "NaturalHeritage",
    "PlaceOfInterest",
    "PointOfInterest",
    "PointOfView"
  ],
  "rdfs:comment": {
    "de": [
      "Lernen Sie, die Landschaft, die sich Ihnen bietet, zu betrachten und zu verstehen: die Rhône, die Terrassen von St. Joseph... Ein für alle zugänglicher Wanderweg führt Sie dorthin."
    ],
    "en": [
      "Learn how to observe and understand the landscape around you : the river Rhône, the St-Joseph vineyards… Use the easy footpath to discover them."
    ],
    "it": [
      "Imparate a guardare e a capire il paesaggio che vi viene offerto: il Rodano, i terrazzamenti di St Joseph... Un sentiero accessibile a tutti vi conduce lì."
    ],
    "fr": [
      "Apprenez à regarder et comprendre le paysage qui s'offre à vous: le Rhône, les terrasses de St Joseph... Un sentier pédestre accessible à tous vous y conduit."
    ],
    "nl": [
      "Leer het landschap dat u wordt aangeboden te bekijken en te begrijpen: de Rhône, de terrassen van St Joseph... Een voor iedereen toegankelijk voetpad leidt u erheen."
    ],
    "es": [
      "Aprenda a mirar y comprender el paisaje que se le ofrece: el Ródano, las terrazas de San José... Un sendero accesible para todos te lleva hasta allí."
    ]
  },
  "rdfs:label": {
    "de": [
      "Table d'orientation de la Tour d'Arras"
    ],
    "en": [
      "Table d'orientation de la Tour d'Arras"
    ],
    "it": [
      "Table d'orientation de la Tour d'Arras"
    ],
    "fr": [
      "Table d'orientation de la Tour d'Arras"
    ],
    "nl": [
      "Table d'orientation de la Tour d'Arras"
    ],
    "es": [
      "Table d'orientation de la Tour d'Arras"
    ]
  },
  "hasBeenCreatedBy": {
    "@id": "https://data.datatourisme.fr/13/73278a4a-8696-3eeb-976a-8fd4c9ec6997",
    "dc:identifier": "113",
    "schema:email": [
      "d.sanial@dromardeche.fr",
      "j.bruyere@dromardeche.fr"
    ],
    "schema:legalName": "Office de Tourisme Porte de DrômArdèche",
    "@type": [
      "schema:Organization",
      "foaf:Agent",
      "Agent"
    ],
    "foaf:homepage": [
      "http://www.autour-du-palais-ideal.fr/"
    ]
  },
  "hasBeenPublishedBy": [
    {
      "@id": "https://data.datatourisme.fr/d48f2ccd-2357-3a8e-b949-cb8bf19a361f",
      "schema:legalName": "Agence d'Attractivité de la Drôme - source : Apidae Tourisme",
      "@type": [
        "schema:Organization",
        "foaf:Agent",
        "Agent"
      ],
      "foaf:homepage": [
        "https://www.apidae-tourisme.com/"
      ]
    }
  ],
  "hasContact": [
    {
      "@id": "https://data.datatourisme.fr/0a54dcf2-6506-3f4a-bc3a-a53fc0cd89fc",
      "schema:telephone": [
        "+33 4 75 23 45 65"
      ],
      "@type": [
        "foaf:Agent",
        "Agent"
      ]
    }
  ],
  "hasDescription": [
    {
      "@id": "https://data.datatourisme.fr/fc004732-f56f-33eb-9d94-f4cf07eb221c",
      "@type": [
        "Description"
      ],
      "hasTranslatedProperty": [
        {
          "@id": "https://data.datatourisme.fr/0707f049-cad9-386d-9325-e87a16d2b064",
          "dc:contributor": [
            "https://api.deepl.com/v2/translate"
          ],
          "rdf:language": [
            "it"
          ],
          "rdf:predicate": [
            "shortDescription"
          ]
        },
        {
          "@id": "https://data.datatourisme.fr/10769ae0-fc26-341d-9774-cd8c166d0781",
          "dc:contributor": [
            "https://api.deepl.com/v2/translate"
          ],
          "rdf:language": [
            "de"
          ],
          "rdf:predicate": [
            "shortDescription"
          ]
        },
        {
          "@id": "https://data.datatourisme.fr/3006d634-1a14-3bb5-88d7-9417ab557dee",
          "dc:contributor": [
            "https://api.deepl.com/v2/translate"
          ],
          "rdf:language": [
            "es"
          ],
          "rdf:predicate": [
            "shortDescription"
          ]
        },
        {
          "@id": "https://data.datatourisme.fr/f4dfd0f5-b4c4-3990-bf33-77fdbab4e8c4",
          "dc:contributor": [
            "https://api.deepl.com/v2/translate"
          ],
          "rdf:language": [
            "nl"
          ],
          "rdf:predicate": [
            "shortDescription"
          ]
        }
      ],
      "shortDescription": {
        "de": [
          "Lernen Sie, die Landschaft, die sich Ihnen bietet, zu betrachten und zu verstehen: die Rhône, die Terrassen von St. Joseph... Ein für alle zugänglicher Wanderweg führt Sie dorthin."
        ],
        "en": [
          "Learn how to observe and understand the landscape around you : the river Rhône, the St-Joseph vineyards… Use the easy footpath to discover them."
        ],
        "it": [
          "Imparate a guardare e a capire il paesaggio che vi viene offerto: il Rodano, i terrazzamenti di St Joseph... Un sentiero accessibile a tutti vi conduce lì."
        ],
        "fr": [
          "Apprenez à regarder et comprendre le paysage qui s'offre à vous: le Rhône, les terrasses de St Joseph... Un sentier pédestre accessible à tous vous y conduit."
        ],
        "nl": [
          "Leer het landschap dat u wordt aangeboden te bekijken en te begrijpen: de Rhône, de terrassen van St Joseph... Een voor iedereen toegankelijk voetpad leidt u erheen."
        ],
        "es": [
          "Aprenda a mirar y comprender el paisaje que se le ofrece: el Ródano, las terrazas de San José... Un sendero accesible para todos te lleva hasta allí."
        ]
      }
    }
  ],
  "hasTranslatedProperty": [
    {
      "@id": "https://data.datatourisme.fr/3626e581-d43f-3217-a9d2-6d73eddb4c66",
      "dc:contributor": [
        "https://api.deepl.com/v2/translate"
      ],
      "rdf:language": [
        "es"
      ],
      "rdf:predicate": [
        {
          "@id": "rdfs:comment"
        }
      ]
    },
    {
      "@id": "https://data.datatourisme.fr/4f8cdb2e-69f6-356f-8501-b63839dbb3ac",
      "dc:contributor": [
        "https://api.deepl.com/v2/translate"
      ],
      "rdf:language": [
        "nl"
      ],
      "rdf:predicate": [
        {
          "@id": "rdfs:comment"
        }
      ]
    },
    {
      "@id": "https://data.datatourisme.fr/cd7f72df-80c9-30b1-9936-6ea9401283a8",
      "dc:contributor": [
        "https://api.deepl.com/v2/translate"
      ],
      "rdf:language": [
        "it"
      ],
      "rdf:predicate": [
        {
          "@id": "rdfs:comment"
        }
      ]
    },
    {
      "@id": "https://data.datatourisme.fr/f4ee4cb8-b6e3-3fe4-83c8-2fff9750bc66",
      "dc:contributor": [
        "https://api.deepl.com/v2/translate"
      ],
      "rdf:language": [
        "de"
      ],
      "rdf:predicate": [
        {
          "@id": "rdfs:comment"
        }
      ]
    }
  ],
  "isLocatedAt": [
    {
      "@id": "https://data.datatourisme.fr/756d6388-2cf3-3173-a53b-1b8f76d52b43",
      "schema:address": [
        {
          "@id": "https://data.datatourisme.fr/0e20eb72-42b9-37d0-bd35-4a03ac13fb68",
          "schema:addressLocality": "Arras-sur-Rhône",
          "schema:postalCode": "07370",
          "@type": [
            "schema:PostalAddress",
            "PostalAddress"
          ],
          "hasAddressCity": {
            "@id": "kb:07015",
            "@type": [
              "City"
            ],
            "rdfs:label": {
              "de": [
                "Arras-sur-Rhône"
              ],
              "pt": [
                "Arras-sur-Rhône"
              ],
              "en": [
                "Arras-sur-Rhône"
              ],
              "it": [
                "Arras-sur-Rhône"
              ],
              "fr": [
                "Arras-sur-Rhône"
              ],
              "nl": [
                "Arras-sur-Rhône"
              ],
              "es": [
                "Arras-sur-Rhône"
              ]
            },
            "insee": "07015",
            "isPartOfDepartment": {
              "@id": "kb:France8407",
              "@type": [
                "Department"
              ],
              "rdfs:label": {
                "de": [
                  "Ardèche"
                ],
                "pt": [
                  "Ardèche"
                ],
                "en": [
                  "Ardèche"
                ],
                "it": [
                  "Ardèche"
                ],
                "fr": [
                  "Ardèche"
                ],
                "nl": [
                  "Ardèche"
                ],
                "es": [
                  "Ardèche"
                ]
              },
              "insee": "07",
              "isPartOfRegion": {
                "@id": "kb:France84",
                "@type": [
                  "Region"
                ],
                "rdfs:label": {
                  "de": [
                    "Auvergne-Rhône-Alpes"
                  ],
                  "pt": [
                    "Auvergne-Rhône-Alpes"
                  ],
                  "en": [
                    "Auvergne-Rhône-Alpes"
                  ],
                  "it": [
                    "Auvergne-Rhône-Alpes"
                  ],
                  "fr": [
                    "Auvergne-Rhône-Alpes"
                  ],
                  "nl": [
                    "Auvergne-Rhône-Alpes"
                  ],
                  "es": [
                    "Auvergne-Rhône-Alpes"
                  ]
                },
                "insee": "84",
                "isPartOfCountry": {
                  "@id": "kb:France",
                  "@type": [
                    "schema:Country"
                  ],
                  "rdfs:label": {
                    "de": [
                      "France",
                      "Frankreich"
                    ],
                    "pt": [
                      "França",
                      "France"
                    ],
                    "en": [
                      "France"
                    ],
                    "it": [
                      "France",
                      "Francia"
                    ],
                    "fr": [
                      "France"
                    ],
                    "nl": [
                      "France",
                      "Frankrijk"
                    ],
                    "es": [
                      "France",
                      "Francia"
                    ]
                  }
                }
              }
            }
          }
        }
      ],
      "schema:geo": {
        "@id": "https://data.datatourisme.fr/c0878042-4f35-3490-b3b5-4191ea6ec6db",
        "schema:latitude": "45.145484",
        "schema:longitude": "4.8036",
        "@type": [
          "schema:GeoCoordinates"
        ]
      },
      "schema:openingHoursSpecification": [
        {
          "@id": "https://data.datatourisme.fr/f87e535a-636d-3343-ad63-8a03392e7511",
          "schema:validFrom": "2023-01-01T00:00:00",
          "schema:validThrough": "2023-12-31T23:59:59",
          "@type": [
            "schema:OpeningHoursSpecification"
          ]
        }
      ],
      "@type": [
        "schema:Place",
        "Place"
      ]
    }
  ],
  "isOwnedBy": [
    {
      "@id": "https://data.datatourisme.fr/c34130c6-4437-3624-9afb-3511a8692fba",
      "schema:email": [
        "d.sanial@dromardeche.fr",
        "j.bruyere@dromardeche.fr"
      ],
      "schema:legalName": "Office de Tourisme Porte de DrômArdèche",
      "@type": [
        "schema:Organization",
        "foaf:Agent",
        "Agent"
      ],
      "foaf:homepage": [
        "http://www.autour-du-palais-ideal.fr/"
      ]
    }
  ],
  "lastUpdate": "2018-02-16",
  "lastUpdateDatatourisme": "2023-02-01T18:07:35.94Z"
}