{
  "@id": "https://data.datatourisme.fr/13/72583d0e-4bca-341c-8df8-c5265e34af5b",
  "dc:identifier": "6003150",
  "@type": [
    "olo:OrderedList",
    "PlaceOfInterest",
    "PointOfInterest",
    "RoadTour",
    "SportsAndLeisurePlace",
    "Tour"
  ],
  "rdfs:comment": {
    "de": [
      "Auf geht's zu 40 Kilometern Entdeckungsreise!\r\nDiese Wanderung führt Sie über Seitenwege. Die Landschaften sind durchzogen von Obstgärten mit Kirsch-, Aprikosen- und Pfirsichbäumen. Schöne Aussichtspunkte stehen ebenfalls auf dem Programm dieser Tour."
    ],
    "en": [
      "Let's go for a 40 kilometre discovery tour!\r\nThis walk takes you through the byways. The landscape is dotted with cherry, apricot and peach orchards. Beautiful views are also on the programme for this tour."
    ],
    "it": [
      "Andiamo alla scoperta di 40 chilometri!\r\nQuesta passeggiata vi porta attraverso le strade secondarie. Il paesaggio è costellato di ciliegi, albicocchi e peschi. Il programma di questo tour prevede anche splendidi panorami."
    ],
    "fr": [
      "En route pour 40 kilomètres de découverte !\r\nCette balade vous conduit à travers les chemins de traverse. Les paysages sont parsemés de vergers de cerisiers, abricotiers, pêchers. De beaux points de vue sont aussi au programme de ce circuit."
    ],
    "nl": [
      "Laten we een 40 kilometer lange ontdekkingstocht maken!\r\nDeze wandeling neemt u mee door de binnenwegen. Het landschap is bezaaid met kersen-, abrikozen- en perzikboomgaarden. Prachtige uitzichten staan ook op het programma van deze tocht."
    ],
    "es": [
      "Hagamos un recorrido de descubrimiento de 40 kilómetros\r\nEste paseo le lleva a través de los caminos de ronda. El paisaje está salpicado de huertos de cerezas, albaricoques y melocotones. En el programa de esta excursión también figuran hermosas vistas."
    ]
  },
  "rdfs:label": {
    "fr": [
      "Circuit Terroir"
    ]
  },
  "hasBeenCreatedBy": {
    "@id": "https://data.datatourisme.fr/13/274ad478-6c3a-3ca6-9fa0-97b85867d9a4",
    "dc:identifier": "204",
    "schema:email": [
      "accueil@paysdelamastre.fr",
      "contact@dolce-via.com",
      "direction@paysdelamastre.fr",
      "sebotlamastre@gmail.com",
      "thibaultmandonh@gmail.com"
    ],
    "schema:legalName": "Office de Tourisme du Pays de Lamastre",
    "@type": [
      "schema:Organization",
      "foaf:Agent",
      "Agent"
    ],
    "foaf:homepage": [
      "https://www.pays-lamastre-tourisme.com/fr"
    ]
  },
  "hasBeenPublishedBy": [
    {
      "@id": "https://data.datatourisme.fr/dbca899d-3f22-364b-b99d-40af1e917c58",
      "schema:legalName": "Agence de Développement Touristique de l'Ardèche - source : Apidae Tourisme",
      "@type": [
        "schema:Organization",
        "foaf:Agent",
        "Agent"
      ],
      "foaf:homepage": [
        "https://www.apidae-tourisme.com/"
      ]
    }
  ],
  "hasContact": [
    {
      "@id": "https://data.datatourisme.fr/1802e64f-6dec-3f8a-9acb-76d4cac9c064",
      "schema:email": [
        "accueil@paysdelamastre.fr"
      ],
      "schema:telephone": [
        "+33 4 75 06 48 99"
      ],
      "@type": [
        "foaf:Agent",
        "Agent"
      ],
      "foaf:homepage": [
        "https://www.pays-lamastre-tourisme.com/fr"
      ]
    }
  ],
  "hasDescription": [
    {
      "@id": "https://data.datatourisme.fr/98b0b5fd-3a6c-3c03-9f06-13e369ee2ddc",
      "@type": [
        "Description"
      ],
      "hasTranslatedProperty": [
        {
          "@id": "https://data.datatourisme.fr/30eacc2d-27e9-3dca-91b2-7ef0e46c4a5d",
          "dc:contributor": [
            "https://api.deepl.com/v2/translate"
          ],
          "rdf:language": [
            "de"
          ],
          "rdf:predicate": [
            "shortDescription"
          ]
        },
        {
          "@id": "https://data.datatourisme.fr/4941a623-1772-36ea-925f-dd433a9baafb",
          "dc:contributor": [
            "https://api.deepl.com/v2/translate"
          ],
          "rdf:language": [
            "it"
          ],
          "rdf:predicate": [
            "shortDescription"
          ]
        },
        {
          "@id": "https://data.datatourisme.fr/b87d695e-00ff-337c-9a02-36f0f2bc9971",
          "dc:contributor": [
            "https://api.deepl.com/v2/translate"
          ],
          "rdf:language": [
            "es"
          ],
          "rdf:predicate": [
            "shortDescription"
          ]
        }
      ],
      "shortDescription": {
        "de": [
          "Auf geht's zu 40 Kilometern Entdeckungsreise!\r\nDiese Wanderung führt Sie über Seitenwege. Die Landschaften sind durchzogen von Obstgärten mit Kirsch-, Aprikosen- und Pfirsichbäumen. Schöne Aussichtspunkte stehen ebenfalls auf dem Programm dieser Tour."
        ],
        "en": [
          "Let's go for a 40 kilometre discovery tour!\r\nThis walk takes you through the byways. The landscape is dotted with cherry, apricot and peach orchards. Beautiful views are also on the programme for this tour."
        ],
        "it": [
          "Andiamo alla scoperta di 40 chilometri!\r\nQuesta passeggiata vi porta attraverso le strade secondarie. Il paesaggio è costellato di ciliegi, albicocchi e peschi. Il programma di questo tour prevede anche splendidi panorami."
        ],
        "fr": [
          "En route pour 40 kilomètres de découverte !\r\nCette balade vous conduit à travers les chemins de traverse. Les paysages sont parsemés de vergers de cerisiers, abricotiers, pêchers. De beaux points de vue sont aussi au programme de ce circuit."
        ],
        "nl": [
          "Laten we een 40 kilometer lange ontdekkingstocht maken!\r\nDeze wandeling neemt u mee door de binnenwegen. Het landschap is bezaaid met kersen-, abrikozen- en perzikboomgaarden. Prachtige uitzichten staan ook op het programma van deze tocht."
        ],
        "es": [
          "Hagamos un recorrido de descubrimiento de 40 kilómetros\r\nEste paseo le lleva a través de los caminos de ronda. El paisaje está salpicado de huertos de cerezas, albaricoques y melocotones. En el programa de esta excursión también figuran hermosas vistas."
        ]
      }
    }
  ],
  "hasTranslatedProperty": [
    {
      "@id": "https://data.datatourisme.fr/3313f11f-cdd1-361c-93e1-fc8c5f3246d8",
      "dc:contributor": [
        "https://api.deepl.com/v2/translate"
      ],
      "rdf:language": [
        "es"
      ],
      "rdf:predicate": [
        {
          "@id": "rdfs:comment"
        }
      ]
    },
    {
      "@id": "https://data.datatourisme.fr/4357952c-5fee-3b19-abf7-24561714422b",
      "dc:contributor": [
        "https://api.deepl.com/v2/translate"
      ],
      "rdf:language": [
        "de"
      ],
      "rdf:predicate": [
        {
          "@id": "rdfs:comment"
        }
      ]
    },
    {
      "@id": "https://data.datatourisme.fr/867bbb87-6114-3b44-a13d-bff3dff5d16e",
      "dc:contributor": [
        "https://api.deepl.com/v2/translate"
      ],
      "rdf:language": [
        "nl"
      ],
      "rdf:predicate": [
        {
          "@id": "rdfs:comment"
        }
      ]
    },
    {
      "@id": "https://data.datatourisme.fr/aa2811d9-3bc1-3e82-9b13-062734f1cfc9",
      "dc:contributor": [
        "https://api.deepl.com/v2/translate"
      ],
      "rdf:language": [
        "it"
      ],
      "rdf:predicate": [
        {
          "@id": "rdfs:comment"
        }
      ]
    }
  ],
  "isLocatedAt": [
    {
      "@id": "https://data.datatourisme.fr/1372a740-14a4-35b8-9fcd-0c5ecd275897",
      "schema:address": [
        {
          "@id": "https://data.datatourisme.fr/542cf8da-5c60-3374-b0bd-e88295e4d8a6",
          "schema:addressLocality": "Lamastre",
          "schema:postalCode": "07270",
          "@type": [
            "schema:PostalAddress",
            "PostalAddress"
          ],
          "hasAddressCity": {
            "@id": "kb:07129",
            "@type": [
              "City"
            ],
            "rdfs:label": {
              "de": [
                "Lamastre"
              ],
              "pt": [
                "Lamastre"
              ],
              "en": [
                "Lamastre"
              ],
              "it": [
                "Lamastre"
              ],
              "fr": [
                "Lamastre"
              ],
              "nl": [
                "Lamastre"
              ],
              "es": [
                "Lamastre"
              ]
            },
            "insee": "07129",
            "isPartOfDepartment": {
              "@id": "kb:France8407",
              "@type": [
                "Department"
              ],
              "rdfs:label": {
                "de": [
                  "Ardèche"
                ],
                "pt": [
                  "Ardèche"
                ],
                "en": [
                  "Ardèche"
                ],
                "it": [
                  "Ardèche"
                ],
                "fr": [
                  "Ardèche"
                ],
                "nl": [
                  "Ardèche"
                ],
                "es": [
                  "Ardèche"
                ]
              },
              "insee": "07",
              "isPartOfRegion": {
                "@id": "kb:France84",
                "@type": [
                  "Region"
                ],
                "rdfs:label": {
                  "de": [
                    "Auvergne-Rhône-Alpes"
                  ],
                  "pt": [
                    "Auvergne-Rhône-Alpes"
                  ],
                  "en": [
                    "Auvergne-Rhône-Alpes"
                  ],
                  "it": [
                    "Auvergne-Rhône-Alpes"
                  ],
                  "fr": [
                    "Auvergne-Rhône-Alpes"
                  ],
                  "nl": [
                    "Auvergne-Rhône-Alpes"
                  ],
                  "es": [
                    "Auvergne-Rhône-Alpes"
                  ]
                },
                "insee": "84",
                "isPartOfCountry": {
                  "@id": "kb:France",
                  "@type": [
                    "schema:Country"
                  ],
                  "rdfs:label": {
                    "de": [
                      "France",
                      "Frankreich"
                    ],
                    "pt": [
                      "França",
                      "France"
                    ],
                    "en": [
                      "France"
                    ],
                    "it": [
                      "France",
                      "Francia"
                    ],
                    "fr": [
                      "France"
                    ],
                    "nl": [
                      "France",
                      "Frankrijk"
                    ],
                    "es": [
                      "France",
                      "Francia"
                    ]
                  }
                }
              }
            }
          }
        }
      ],
      "schema:geo": {
        "@id": "https://data.datatourisme.fr/18605474-c7ed-389f-bee1-42ac06571d80",
        "schema:latitude": "44.986892",
        "schema:longitude": "4.581502",
        "@type": [
          "schema:GeoCoordinates"
        ]
      },
      "schema:openingHoursSpecification": [
        {
          "@id": "https://data.datatourisme.fr/f87e535a-636d-3343-ad63-8a03392e7511",
          "schema:validFrom": "2023-01-01T00:00:00",
          "schema:validThrough": "2023-12-31T23:59:59",
          "@type": [
            "schema:OpeningHoursSpecification"
          ]
        }
      ],
      "@type": [
        "schema:Place",
        "Place"
      ]
    }
  ],
  "isOwnedBy": [
    {
      "@id": "https://data.datatourisme.fr/b143f2cb-bdc8-3fb3-9370-9190e8161da3",
      "schema:email": [
        "accueil@paysdelamastre.fr",
        "contact@dolce-via.com",
        "direction@paysdelamastre.fr",
        "sebotlamastre@gmail.com",
        "thibaultmandonh@gmail.com"
      ],
      "schema:legalName": "Office de Tourisme du Pays de Lamastre",
      "@type": [
        "schema:Organization",
        "foaf:Agent",
        "Agent"
      ],
      "foaf:homepage": [
        "https://www.pays-lamastre-tourisme.com/fr"
      ]
    }
  ],
  "lastUpdate": "2023-02-10",
  "lastUpdateDatatourisme": "2023-02-11T06:38:49.061Z"
}