{
  "@id": "https://data.datatourisme.fr/13/d2f1dd7a-825e-3b8e-b785-363e6bd91dbc",
  "dc:identifier": "785770",
  "@type": [
    "olo:OrderedList",
    "PlaceOfInterest",
    "PointOfInterest",
    "RoadTour",
    "SportsAndLeisurePlace",
    "Tour"
  ],
  "rdfs:comment": {
    "de": [
      "Mein Gott, sind die Berge schön! Jean Ferrat hat sie besungen, nehmen Sie sich die Zeit, sie zu bewundern."
    ],
    "en": [
      "\"My God, the mountains are so beautiful!\" - as Jean Ferrat, the famous French singer, once sang. Here's a chance to see why."
    ],
    "it": [
      "Mio Dio, la montagna è bellissima! Jean Ferrat ne ha cantato la storia, prendetevi il tempo per ammirarla."
    ],
    "fr": [
      "Mon dieu que la montagne est belle ! Jean Ferrat l’a chantée, prenez le temps de l’admirer."
    ],
    "es": [
      "¡Dios mío, la montaña es hermosa! Jean Ferrat cantó sobre ella, tómese el tiempo para admirarla."
    ],
    "nl": [
      "Mijn God, de berg is prachtig! Jean Ferrat zong het, neem de tijd om het te bewonderen."
    ]
  },
  "rdfs:label": {
    "en": [
      "Car trip through the mountains of Green Ardèche"
    ],
    "fr": [
      "Circuit voiture montagneux en Ardèche Verte"
    ]
  },
  "hasBeenCreatedBy": {
    "@id": "https://data.datatourisme.fr/13/0f28b5d4-9b30-30af-aecd-95b4009adf4c",
    "dc:identifier": "141",
    "schema:email": [
      "communication@ardechegrandair.com",
      "contact@valday-ardeche.com",
      "direction@ardechegrandair.com",
      "directionvalday@ardechegrandair.com",
      "myriam.guigal@ardechegrandair.com"
    ],
    "schema:legalName": "Office de Tourisme Ardèche Grand Air",
    "@type": [
      "schema:Organization",
      "foaf:Agent",
      "Agent"
    ],
    "foaf:homepage": [
      "http://www.ardechegrandair.com/"
    ]
  },
  "hasBeenPublishedBy": [
    {
      "@id": "https://data.datatourisme.fr/dbca899d-3f22-364b-b99d-40af1e917c58",
      "schema:legalName": "Agence de Développement Touristique de l'Ardèche - source : Apidae Tourisme",
      "@type": [
        "schema:Organization",
        "foaf:Agent",
        "Agent"
      ],
      "foaf:homepage": [
        "https://www.apidae-tourisme.com/"
      ]
    }
  ],
  "hasContact": [
    {
      "@id": "https://data.datatourisme.fr/5949d4f0-5c50-38b2-8d99-28ceb728629f",
      "schema:email": [
        "contact@ardechegrandair.com"
      ],
      "schema:telephone": [
        "+33 4 75 33 24 51"
      ],
      "@type": [
        "foaf:Agent",
        "Agent"
      ],
      "foaf:homepage": [
        "http://www.ardechegrandair.com/",
        "https://www.cirkwi.com/fr/circuit/50523-circuit-montagneux-en-ardeche-verte"
      ]
    }
  ],
  "hasDescription": [
    {
      "@id": "https://data.datatourisme.fr/0aaf724e-7c18-3bd2-961c-ac56d483e6c0",
      "@type": [
        "Description"
      ],
      "hasTranslatedProperty": [
        {
          "@id": "https://data.datatourisme.fr/29d5d96f-dc44-3fee-a772-523401dd3137",
          "dc:contributor": [
            "https://api.deepl.com/v2/translate"
          ],
          "rdf:language": [
            "it"
          ],
          "rdf:predicate": [
            "shortDescription"
          ]
        },
        {
          "@id": "https://data.datatourisme.fr/77813966-954d-38fe-a3c4-f76f8e10577f",
          "dc:contributor": [
            "https://api.deepl.com/v2/translate"
          ],
          "rdf:language": [
            "es"
          ],
          "rdf:predicate": [
            "shortDescription"
          ]
        },
        {
          "@id": "https://data.datatourisme.fr/7e928446-3b43-3f1b-a2a0-8df19a5b1b6c",
          "dc:contributor": [
            "https://api.deepl.com/v2/translate"
          ],
          "rdf:language": [
            "de"
          ],
          "rdf:predicate": [
            "shortDescription"
          ]
        },
        {
          "@id": "https://data.datatourisme.fr/cd86ebdb-f3c6-3d81-82dc-135bd8d65c96",
          "dc:contributor": [
            "https://api.deepl.com/v2/translate"
          ],
          "rdf:language": [
            "nl"
          ],
          "rdf:predicate": [
            "shortDescription"
          ]
        }
      ],
      "shortDescription": {
        "de": [
          "Mein Gott, sind die Berge schön! Jean Ferrat hat sie besungen, nehmen Sie sich die Zeit, sie zu bewundern."
        ],
        "en": [
          "\"My God, the mountains are so beautiful!\" - as Jean Ferrat, the famous French singer, once sang. Here's a chance to see why."
        ],
        "it": [
          "Mio Dio, la montagna è bellissima! Jean Ferrat ne ha cantato la storia, prendetevi il tempo per ammirarla."
        ],
        "fr": [
          "Mon dieu que la montagne est belle ! Jean Ferrat l’a chantée, prenez le temps de l’admirer."
        ],
        "es": [
          "¡Dios mío, la montaña es hermosa! Jean Ferrat cantó sobre ella, tómese el tiempo para admirarla."
        ],
        "nl": [
          "Mijn God, de berg is prachtig! Jean Ferrat zong het, neem de tijd om het te bewonderen."
        ]
      }
    }
  ],
  "hasTranslatedProperty": [
    {
      "@id": "https://data.datatourisme.fr/24030b92-6829-3c57-a0a2-db457b0fc8c7",
      "dc:contributor": [
        "https://api.deepl.com/v2/translate"
      ],
      "rdf:language": [
        "it"
      ],
      "rdf:predicate": [
        {
          "@id": "rdfs:comment"
        }
      ]
    },
    {
      "@id": "https://data.datatourisme.fr/5bdff867-0618-3634-825e-bcdf817de6cb",
      "dc:contributor": [
        "https://api.deepl.com/v2/translate"
      ],
      "rdf:language": [
        "de"
      ],
      "rdf:predicate": [
        {
          "@id": "rdfs:comment"
        }
      ]
    },
    {
      "@id": "https://data.datatourisme.fr/7de76678-b09b-3945-8b63-e22d9e72c6d6",
      "dc:contributor": [
        "https://api.deepl.com/v2/translate"
      ],
      "rdf:language": [
        "es"
      ],
      "rdf:predicate": [
        {
          "@id": "rdfs:comment"
        }
      ]
    },
    {
      "@id": "https://data.datatourisme.fr/dafb1894-7207-30b7-94ec-d48ea6cf45c1",
      "dc:contributor": [
        "https://api.deepl.com/v2/translate"
      ],
      "rdf:language": [
        "nl"
      ],
      "rdf:predicate": [
        {
          "@id": "rdfs:comment"
        }
      ]
    }
  ],
  "isLocatedAt": [
    {
      "@id": "https://data.datatourisme.fr/354cc07c-560c-32ea-8e57-fef0aebebb59",
      "schema:address": [
        {
          "@id": "https://data.datatourisme.fr/0220ea37-d8f3-3a0d-93da-ca2c2bbb5c00",
          "schema:addressLocality": "Annonay",
          "schema:postalCode": "07100",
          "schema:streetAddress": [
            "Départ devant l'Office de Tourisme, place des Cordeliers"
          ],
          "@type": [
            "schema:PostalAddress",
            "PostalAddress"
          ],
          "hasAddressCity": {
            "@id": "kb:07010",
            "@type": [
              "City"
            ],
            "rdfs:label": {
              "de": [
                "Annonay"
              ],
              "pt": [
                "Annonay"
              ],
              "en": [
                "Annonay"
              ],
              "it": [
                "Annonay"
              ],
              "fr": [
                "Annonay"
              ],
              "nl": [
                "Annonay"
              ],
              "es": [
                "Annonay"
              ]
            },
            "insee": "07010",
            "isPartOfDepartment": {
              "@id": "kb:France8407",
              "@type": [
                "Department"
              ],
              "rdfs:label": {
                "de": [
                  "Ardèche"
                ],
                "pt": [
                  "Ardèche"
                ],
                "en": [
                  "Ardèche"
                ],
                "it": [
                  "Ardèche"
                ],
                "fr": [
                  "Ardèche"
                ],
                "nl": [
                  "Ardèche"
                ],
                "es": [
                  "Ardèche"
                ]
              },
              "insee": "07",
              "isPartOfRegion": {
                "@id": "kb:France84",
                "@type": [
                  "Region"
                ],
                "rdfs:label": {
                  "de": [
                    "Auvergne-Rhône-Alpes"
                  ],
                  "pt": [
                    "Auvergne-Rhône-Alpes"
                  ],
                  "en": [
                    "Auvergne-Rhône-Alpes"
                  ],
                  "it": [
                    "Auvergne-Rhône-Alpes"
                  ],
                  "fr": [
                    "Auvergne-Rhône-Alpes"
                  ],
                  "nl": [
                    "Auvergne-Rhône-Alpes"
                  ],
                  "es": [
                    "Auvergne-Rhône-Alpes"
                  ]
                },
                "insee": "84",
                "isPartOfCountry": {
                  "@id": "kb:France",
                  "@type": [
                    "schema:Country"
                  ],
                  "rdfs:label": {
                    "de": [
                      "France",
                      "Frankreich"
                    ],
                    "pt": [
                      "França",
                      "France"
                    ],
                    "en": [
                      "France"
                    ],
                    "it": [
                      "France",
                      "Francia"
                    ],
                    "fr": [
                      "France"
                    ],
                    "nl": [
                      "France",
                      "Frankrijk"
                    ],
                    "es": [
                      "France",
                      "Francia"
                    ]
                  }
                }
              }
            }
          }
        }
      ],
      "schema:geo": {
        "@id": "https://data.datatourisme.fr/615542b9-5781-3af5-aaed-e0c2412c0a69",
        "schema:latitude": "45.240451",
        "schema:longitude": "4.672744",
        "@type": [
          "schema:GeoCoordinates"
        ]
      },
      "schema:openingHoursSpecification": [
        {
          "@id": "https://data.datatourisme.fr/f87e535a-636d-3343-ad63-8a03392e7511",
          "schema:validFrom": "2023-01-01T00:00:00",
          "schema:validThrough": "2023-12-31T23:59:59",
          "@type": [
            "schema:OpeningHoursSpecification"
          ]
        }
      ],
      "@type": [
        "schema:Place",
        "Place"
      ]
    }
  ],
  "isOwnedBy": [
    {
      "@id": "https://data.datatourisme.fr/3e141ebd-d3da-33b3-94c3-096fd7e178a7",
      "schema:email": [
        "communication@ardechegrandair.com",
        "direction@ardechegrandair.com",
        "directionvalday@ardechegrandair.com",
        "myriam.guigal@ardechegrandair.com"
      ],
      "schema:legalName": "Office de Tourisme Ardèche Grand Air",
      "@type": [
        "schema:Organization",
        "foaf:Agent",
        "Agent"
      ],
      "foaf:homepage": [
        "http://www.ardechegrandair.com/"
      ]
    }
  ],
  "lastUpdate": "2017-06-27",
  "lastUpdateDatatourisme": "2023-02-01T18:07:36.132Z"
}