{
  "@id": "https://data.datatourisme.fr/13/cbce774d-ce1f-366f-a899-3b3f5350dcb5",
  "dc:identifier": "701872",
  "@type": [
    "schema:LocalBusiness",
    "schema:Museum",
    "CulturalSite",
    "Museum",
    "PlaceOfInterest",
    "PointOfInterest"
  ],
  "rdfs:comment": {
    "de": [
      "An diesem Ort wird das Erbe, das von der Entwicklung der Technik zeugt, durch große, ständig erweiterte Sammlungen bewahrt und aufgewertet."
    ],
    "en": [
      "This place preserves and enhances the heritage that bears witness to the evolution of techniques through large collections that are continually enriched."
    ],
    "it": [
      "Questo luogo conserva e valorizza il patrimonio dell'evoluzione delle tecniche attraverso ampie collezioni che si arricchiscono continuamente."
    ],
    "fr": [
      "Ce lieu conserve et valorise le patrimoine témoin de l'évolution des techniques à travers de grandes collections continuellement enrichies."
    ],
    "es": [
      "Este lugar conserva y valoriza el patrimonio de la evolución de las técnicas a través de grandes colecciones que se enriquecen continuamente."
    ],
    "nl": [
      "Deze plaats bewaart en verrijkt het erfgoed van de evolutie van de technieken door middel van grote collecties die voortdurend worden verrijkt."
    ]
  },
  "rdfs:label": {
    "en": [
      "Musée des arts et métiers"
    ],
    "fr": [
      "Musée des arts et métiers"
    ]
  },
  "owl:sameAs": [
    "http://www.wikidata.org/entity/Q1538826"
  ],
  "hasBeenCreatedBy": {
    "@id": "https://data.datatourisme.fr/13/03e0704b-5690-32de-a186-1dc3ad3316c9",
    "dc:identifier": "1019",
    "schema:email": [
      "bgeigle@visitparisregion.com",
      "hcaldo@visitparisregion.com",
      "mtanaskovic@visitparisregion.com"
    ],
    "schema:legalName": "Choose Paris Region",
    "@type": [
      "schema:Organization",
      "foaf:Agent",
      "Agent"
    ],
    "foaf:homepage": [
      "http://www.visitparisregion.com/"
    ]
  },
  "hasBeenPublishedBy": [
    {
      "@id": "https://data.datatourisme.fr/8a9feb4b-2cbd-3d2c-b507-bd6c6776b23b",
      "schema:legalName": "Apidae Tourisme Scic SA - source : Apidae Tourisme",
      "@type": [
        "schema:Organization",
        "foaf:Agent",
        "Agent"
      ],
      "foaf:homepage": [
        "https://www.apidae-tourisme.com/"
      ]
    }
  ],
  "hasContact": [
    {
      "@id": "https://data.datatourisme.fr/da3fc885-1aa0-3aa4-aa95-b581ad2d31f3",
      "schema:telephone": [
        "+33 1 53 01 82 63",
        "+33 1 53 01 82 75"
      ],
      "@type": [
        "foaf:Agent",
        "Agent"
      ],
      "foaf:homepage": [
        "http://www.arts-et-metiers.net/"
      ]
    }
  ],
  "hasDescription": [
    {
      "@id": "https://data.datatourisme.fr/29721114-16f2-3b3f-b8bc-daf0bc5bf457",
      "@type": [
        "Description"
      ],
      "hasTranslatedProperty": [
        {
          "@id": "https://data.datatourisme.fr/50f75f9c-3275-3c6c-a9ac-6dfc9e80e7eb",
          "dc:contributor": [
            "https://api.deepl.com/v2/translate"
          ],
          "rdf:language": [
            "de"
          ],
          "rdf:predicate": [
            "shortDescription"
          ]
        },
        {
          "@id": "https://data.datatourisme.fr/a6aaf932-f05a-3fec-8339-28afdae2a000",
          "dc:contributor": [
            "https://api.deepl.com/v2/translate"
          ],
          "rdf:language": [
            "it"
          ],
          "rdf:predicate": [
            "shortDescription"
          ]
        },
        {
          "@id": "https://data.datatourisme.fr/be9e71e0-e041-3fc2-8da4-b477dc274795",
          "dc:contributor": [
            "https://api.deepl.com/v2/translate"
          ],
          "rdf:language": [
            "nl"
          ],
          "rdf:predicate": [
            "shortDescription"
          ]
        },
        {
          "@id": "https://data.datatourisme.fr/e20b6969-daad-378f-89fe-07e28cf15dd2",
          "dc:contributor": [
            "https://api.deepl.com/v2/translate"
          ],
          "rdf:language": [
            "en"
          ],
          "rdf:predicate": [
            "shortDescription"
          ]
        },
        {
          "@id": "https://data.datatourisme.fr/e53e0458-bf8e-3642-a552-72a85332642d",
          "dc:contributor": [
            "https://api.deepl.com/v2/translate"
          ],
          "rdf:language": [
            "es"
          ],
          "rdf:predicate": [
            "shortDescription"
          ]
        }
      ],
      "shortDescription": {
        "de": [
          "An diesem Ort wird das Erbe, das von der Entwicklung der Technik zeugt, durch große, ständig erweiterte Sammlungen bewahrt und aufgewertet."
        ],
        "en": [
          "This place preserves and enhances the heritage that bears witness to the evolution of techniques through large collections that are continually enriched."
        ],
        "it": [
          "Questo luogo conserva e valorizza il patrimonio dell'evoluzione delle tecniche attraverso ampie collezioni che si arricchiscono continuamente."
        ],
        "fr": [
          "Ce lieu conserve et valorise le patrimoine témoin de l'évolution des techniques à travers de grandes collections continuellement enrichies."
        ],
        "es": [
          "Este lugar conserva y valoriza el patrimonio de la evolución de las técnicas a través de grandes colecciones que se enriquecen continuamente."
        ],
        "nl": [
          "Deze plaats bewaart en verrijkt het erfgoed van de evolutie van de technieken door middel van grote collecties die voortdurend worden verrijkt."
        ]
      }
    }
  ],
  "hasRepresentation": [
    {
      "@id": "https://data.datatourisme.fr/4be31d06-05c5-3c4c-88dc-dd41414d5791",
      "ebucore:hasAnnotation": [
        {
          "@id": "https://data.datatourisme.fr/2ac2d10c-ae87-34f4-b930-a6066843e1a4",
          "ebucore:isCoveredBy": "CC BY-SA 3.0",
          "ebucore:title": {
            "fr": [
              "Paris - Arts et Métiers 1"
            ]
          },
          "@type": [
            "ebucore:Annotation"
          ],
          "credits": [
            "Marianne Casamance (https://commons.wikimedia.org/wiki/User:Marianne_Casamance)"
          ]
        }
      ],
      "ebucore:hasRelatedResource": [
        {
          "@id": "https://data.datatourisme.fr/4ec86807-ef6e-3657-82ea-a906d626d69a",
          "ebucore:fileSize": [
            6208199
          ],
          "ebucore:hasMimeType": [
            {
              "@id": "kb:JPEG",
              "@type": [
                "ebucore:MimeType"
              ],
              "rdfs:comment": {
                "de": [
                  "JPEG-Bild"
                ],
                "pt": [
                  "Imagem JPEG"
                ],
                "en": [
                  "JPEG image file"
                ],
                "it": [
                  "Immagine JPEG"
                ],
                "fr": [
                  "Image JPEG"
                ],
                "nl": [
                  "JPEG-afbeelding"
                ],
                "es": [
                  "Imagen JPEG"
                ]
              },
              "rdfs:label": {
                "de": [
                  "image/jpeg"
                ],
                "pt": [
                  "image/jpeg"
                ],
                "en": [
                  "image/jpeg"
                ],
                "it": [
                  "image/jpeg"
                ],
                "fr": [
                  "image/jpeg"
                ],
                "nl": [
                  "image/jpeg"
                ],
                "es": [
                  "image/jpeg"
                ]
              }
            }
          ],
          "ebucore:height": 3000,
          "ebucore:locator": [
            "https://upload.wikimedia.org/wikipedia/commons/6/66/Paris_-_Arts_et_M%C3%A9tiers_1.JPG"
          ],
          "ebucore:width": 4000,
          "@type": [
            "ebucore:Resource"
          ]
        }
      ],
      "@type": [
        "ebucore:EditorialObject"
      ]
    }
  ],
  "hasTheme": [
    {
      "@id": "kb:Culture",
      "@type": [
        "CulturalTheme"
      ],
      "rdfs:label": {
        "de": [
          "Kultur"
        ],
        "pt": [
          "Cultura"
        ],
        "en": [
          "Culture"
        ],
        "it": [
          "Cultura"
        ],
        "fr": [
          "Culture"
        ],
        "nl": [
          "Cultuur"
        ],
        "es": [
          "Cultura"
        ]
      }
    }
  ],
  "hasTranslatedProperty": [
    {
      "@id": "https://data.datatourisme.fr/123dfb96-22ae-36e0-b54e-3be6cc49af7e",
      "dc:contributor": [
        "https://api.deepl.com/v2/translate"
      ],
      "rdf:language": [
        "es"
      ],
      "rdf:predicate": [
        {
          "@id": "rdfs:comment"
        }
      ]
    },
    {
      "@id": "https://data.datatourisme.fr/4d6e052a-0c91-360f-95b8-357d2913040c",
      "dc:contributor": [
        "https://api.deepl.com/v2/translate"
      ],
      "rdf:language": [
        "nl"
      ],
      "rdf:predicate": [
        {
          "@id": "rdfs:comment"
        }
      ]
    },
    {
      "@id": "https://data.datatourisme.fr/53d9b8da-106a-3e0b-8b82-090b67deb260",
      "dc:contributor": [
        "https://api.deepl.com/v2/translate"
      ],
      "rdf:language": [
        "en"
      ],
      "rdf:predicate": [
        {
          "@id": "rdfs:comment"
        }
      ]
    },
    {
      "@id": "https://data.datatourisme.fr/5e413aa6-1af2-399a-bd83-ee8865bb4f76",
      "dc:contributor": [
        "https://api.deepl.com/v2/translate"
      ],
      "rdf:language": [
        "de"
      ],
      "rdf:predicate": [
        {
          "@id": "rdfs:comment"
        }
      ]
    },
    {
      "@id": "https://data.datatourisme.fr/bffe4201-4e79-317c-a5c9-4fe0d5a1e1dd",
      "dc:contributor": [
        "https://api.deepl.com/v2/translate"
      ],
      "rdf:language": [
        "it"
      ],
      "rdf:predicate": [
        {
          "@id": "rdfs:comment"
        }
      ]
    }
  ],
  "isLocatedAt": [
    {
      "@id": "https://data.datatourisme.fr/fa77ff81-58c5-3d2c-a6fc-f10d004cc3dd",
      "schema:address": [
        {
          "@id": "https://data.datatourisme.fr/16c8804a-b4d7-3efe-bc06-38f858a497b6",
          "schema:addressLocality": "Paris 3e Arrondissement",
          "schema:postalCode": "75003",
          "schema:streetAddress": [
            "60 rue Réaumur"
          ],
          "@type": [
            "schema:PostalAddress",
            "PostalAddress"
          ],
          "hasAddressCity": {
            "@id": "kb:75103",
            "@type": [
              "City"
            ],
            "rdfs:label": {
              "de": [
                "Paris 3e Arrondissement"
              ],
              "pt": [
                "Paris 3e Arrondissement"
              ],
              "en": [
                "Paris 3e Arrondissement"
              ],
              "it": [
                "Paris 3e Arrondissement"
              ],
              "fr": [
                "Paris 3e Arrondissement"
              ],
              "nl": [
                "Paris 3e Arrondissement"
              ],
              "es": [
                "Paris 3e Arrondissement"
              ]
            },
            "insee": "75103",
            "isPartOfDepartment": {
              "@id": "kb:France1175",
              "@type": [
                "Department"
              ],
              "rdfs:label": {
                "de": [
                  "Paris"
                ],
                "pt": [
                  "Paris"
                ],
                "en": [
                  "Paris"
                ],
                "it": [
                  "Paris"
                ],
                "fr": [
                  "Paris"
                ],
                "nl": [
                  "Paris"
                ],
                "es": [
                  "Paris"
                ]
              },
              "insee": "75",
              "isPartOfRegion": {
                "@id": "kb:France11",
                "@type": [
                  "Region"
                ],
                "rdfs:label": {
                  "de": [
                    "Île-de-France"
                  ],
                  "pt": [
                    "Île-de-France"
                  ],
                  "en": [
                    "Île-de-France"
                  ],
                  "it": [
                    "Île-de-France"
                  ],
                  "fr": [
                    "Île-de-France"
                  ],
                  "nl": [
                    "Île-de-France"
                  ],
                  "es": [
                    "Île-de-France"
                  ]
                },
                "insee": "11",
                "isPartOfCountry": {
                  "@id": "kb:France",
                  "@type": [
                    "schema:Country"
                  ],
                  "rdfs:label": {
                    "de": [
                      "France",
                      "Frankreich"
                    ],
                    "pt": [
                      "França",
                      "France"
                    ],
                    "en": [
                      "France"
                    ],
                    "it": [
                      "France",
                      "Francia"
                    ],
                    "fr": [
                      "France"
                    ],
                    "nl": [
                      "France",
                      "Frankrijk"
                    ],
                    "es": [
                      "France",
                      "Francia"
                    ]
                  }
                }
              }
            }
          }
        }
      ],
      "schema:geo": {
        "@id": "https://data.datatourisme.fr/35fc83e7-5db3-30ce-a2dc-bc4f8f31a467",
        "schema:latitude": "48.866726",
        "schema:longitude": "2.355411",
        "@type": [
          "schema:GeoCoordinates"
        ]
      },
      "schema:openingHoursSpecification": [
        {
          "@id": "https://data.datatourisme.fr/8c15d1a4-6b6d-3471-a27a-6d96a652a61c",
          "schema:closes": "18:00:00",
          "schema:opens": "10:00:00",
          "schema:validFrom": "2023-01-01T00:00:00",
          "schema:validThrough": "2023-12-31T23:59:59",
          "@type": [
            "schema:OpeningHoursSpecification"
          ],
          "additionalInformation": {
            "de": [
              "Öffnungszeiten am Freitag bis 21 Uhr"
            ],
            "en": [
              "Nocture on Friday until 21h"
            ],
            "it": [
              "Notturno il venerdì fino alle 21.00"
            ],
            "fr": [
              "Nocture le vendredi jusqu'à 21h"
            ],
            "es": [
              "Nocturno los viernes hasta las 21 horas"
            ],
            "nl": [
              "Nocture op vrijdag tot 21 uur"
            ]
          },
          "hasTranslatedProperty": [
            {
              "@id": "https://data.datatourisme.fr/3422f499-dd3b-3ce2-bf01-56e9c0063060",
              "dc:contributor": [
                "https://api.deepl.com/v2/translate"
              ],
              "rdf:language": [
                "en"
              ],
              "rdf:predicate": [
                "additionalInformation"
              ]
            },
            {
              "@id": "https://data.datatourisme.fr/702e2267-2a78-3262-a4f4-1ab26af5094b",
              "dc:contributor": [
                "https://api.deepl.com/v2/translate"
              ],
              "rdf:language": [
                "nl"
              ],
              "rdf:predicate": [
                "additionalInformation"
              ]
            },
            {
              "@id": "https://data.datatourisme.fr/783bb964-1a59-3633-9133-e06df852af55",
              "dc:contributor": [
                "https://api.deepl.com/v2/translate"
              ],
              "rdf:language": [
                "es"
              ],
              "rdf:predicate": [
                "additionalInformation"
              ]
            },
            {
              "@id": "https://data.datatourisme.fr/b8a5f18b-ea6b-355e-becf-76f7ed903192",
              "dc:contributor": [
                "https://api.deepl.com/v2/translate"
              ],
              "rdf:language": [
                "de"
              ],
              "rdf:predicate": [
                "additionalInformation"
              ]
            },
            {
              "@id": "https://data.datatourisme.fr/d773347b-14f9-36a7-b9e3-a15897e5dbc1",
              "dc:contributor": [
                "https://api.deepl.com/v2/translate"
              ],
              "rdf:language": [
                "it"
              ],
              "rdf:predicate": [
                "additionalInformation"
              ]
            }
          ]
        }
      ],
      "@type": [
        "schema:Place",
        "Place"
      ]
    }
  ],
  "isOwnedBy": [
    {
      "@id": "https://data.datatourisme.fr/26ecd6f0-563c-356a-b0f9-ad3ec17effc4",
      "schema:email": [
        "bgeigle@visitparisregion.com",
        "hcaldo@visitparisregion.com",
        "mtanaskovic@visitparisregion.com"
      ],
      "schema:legalName": "Comité Régional du Tourisme Paris Ile de France",
      "@type": [
        "schema:Organization",
        "foaf:Agent",
        "Agent"
      ],
      "foaf:homepage": [
        "http://www.visitparisregion.com/"
      ]
    }
  ],
  "lastUpdate": "2023-08-03",
  "lastUpdateDatatourisme": "2023-10-17T05:52:15.65Z",
  "offers": [
    {
      "@id": "https://data.datatourisme.fr/33c41dc8-0093-3cb5-a7c5-1a737a7914da",
      "schema:priceSpecification": [
        {
          "@id": "https://data.datatourisme.fr/96af8080-e971-3482-b854-42504434ac19",
          "schema:maxPrice": [
            "6",
            "9"
          ],
          "schema:minPrice": [
            "6",
            "9"
          ],
          "schema:priceCurrency": "EUR",
          "@type": [
            "schema:PriceSpecification",
            "PriceSpecification"
          ],
          "appliesOnPeriod": [
            {
              "@id": "https://data.datatourisme.fr/9fddc6da-e4e5-38ec-b83f-59e82fc6b2a4",
              "@type": [
                "Period"
              ],
              "endDate": "2023-12-31",
              "startDate": "2022-12-31"
            }
          ]
        }
      ],
      "@type": [
        "schema:Offer",
        "Offer"
      ]
    }
  ]
}