{
  "@id": "https://data.datatourisme.fr/13/f0f5528f-ce1e-309f-a0e1-d88c6c575d31",
  "dc:identifier": "547128",
  "@type": [
    "olo:OrderedList",
    "PlaceOfInterest",
    "PointOfInterest",
    "RoadTour",
    "SportsAndLeisurePlace",
    "Tour"
  ],
  "rdfs:comment": {
    "de": [
      "Ein Tag im Herzen der Ardèche-Cevennen...\r\nAuf dem Programm stehen die Verkostung von Olivenöl und Weinen aus der Ardèche sowie der Besuch von Dörfern mit Charakter, die viele Schätze bergen..."
    ],
    "en": [
      "A day out at the heart of the Ardèche Cevennes... \r\nOn the programme: olive oil and Ardèche wine tasting and a visit to charming local villages with their many hidden treasures..."
    ],
    "it": [
      "Una giornata nel cuore delle Cévennes Ardéchoises...\r\nIn programma: degustazione di olio d'oliva e di vini dell'Ardèche e visita ai Villages de Caractère, ricchi di tesori..."
    ],
    "fr": [
      "Une journée au cœur des Cévennes Ardéchoises.... \r\nAu programme: dégustation d'huile d'olive et de vins d'Ardèche et la visite de Villages de Caractère, qui recèlent bien des trésors..."
    ],
    "es": [
      "Un día en el corazón de las Cevenas Ardéchoises...\r\nEn el programa: cata de aceite de oliva y de vinos de Ardèche y visita a los Villages de Caractère, llenos de tesoros..."
    ],
    "nl": [
      "Een dag in het hart van de Cévennes Ardéchoises...\r\nOp het programma: proeverij van olijfolie en wijnen uit de Ardèche en een bezoekje aan een aantal typische dorpjes."
    ]
  },
  "rdfs:label": {
    "en": [
      "Olives and wine in the Ardèche Cévennes"
    ],
    "fr": [
      "Olives et vins en Cévenne Ardéchoise"
    ],
    "nl": [
      "Olijven en wijnen in de Cévennes Ardéchoises"
    ]
  },
  "hasBeenCreatedBy": {
    "@id": "https://data.datatourisme.fr/13/26657d5f-f902-3d2a-befe-558796b99584",
    "dc:identifier": "96",
    "schema:email": [
      "ncharra@ardeche-guide.com"
    ],
    "schema:legalName": "Agence de Développement Touristique de l'Ardèche",
    "@type": [
      "schema:Organization",
      "foaf:Agent",
      "Agent"
    ],
    "foaf:homepage": [
      "https://www.ardeche-guide.com/"
    ]
  },
  "hasBeenPublishedBy": [
    {
      "@id": "https://data.datatourisme.fr/dbca899d-3f22-364b-b99d-40af1e917c58",
      "schema:legalName": "Agence de Développement Touristique de l'Ardèche - source : Apidae Tourisme",
      "@type": [
        "schema:Organization",
        "foaf:Agent",
        "Agent"
      ],
      "foaf:homepage": [
        "https://www.apidae-tourisme.com/"
      ]
    }
  ],
  "hasContact": [
    {
      "@id": "https://data.datatourisme.fr/394dd748-93dd-30b8-840b-b0f0e071c265",
      "schema:email": [
        "adt07@ardeche-guide.com"
      ],
      "schema:telephone": [
        "+33 4 75 64 04 66"
      ],
      "@type": [
        "foaf:Agent",
        "Agent"
      ],
      "foaf:homepage": [
        "https://www.ardeche-guide.com/"
      ]
    }
  ],
  "hasDescription": [
    {
      "@id": "https://data.datatourisme.fr/47087735-b2b0-3982-b5b3-d312c99f6a97",
      "@type": [
        "Description"
      ],
      "hasTranslatedProperty": [
        {
          "@id": "https://data.datatourisme.fr/5eb715f9-653d-3d8e-9180-8c64fd18ef77",
          "dc:contributor": [
            "https://api.deepl.com/v2/translate"
          ],
          "rdf:language": [
            "de"
          ],
          "rdf:predicate": [
            "shortDescription"
          ]
        },
        {
          "@id": "https://data.datatourisme.fr/6eb1e204-3c71-3f83-86b1-b21e8565e5e9",
          "dc:contributor": [
            "https://api.deepl.com/v2/translate"
          ],
          "rdf:language": [
            "it"
          ],
          "rdf:predicate": [
            "shortDescription"
          ]
        },
        {
          "@id": "https://data.datatourisme.fr/8e13292c-1a12-3237-9f20-cd581f6e7036",
          "dc:contributor": [
            "https://api.deepl.com/v2/translate"
          ],
          "rdf:language": [
            "es"
          ],
          "rdf:predicate": [
            "shortDescription"
          ]
        }
      ],
      "shortDescription": {
        "de": [
          "Ein Tag im Herzen der Ardèche-Cevennen...\r\nAuf dem Programm stehen die Verkostung von Olivenöl und Weinen aus der Ardèche sowie der Besuch von Dörfern mit Charakter, die viele Schätze bergen..."
        ],
        "en": [
          "A day out at the heart of the Ardèche Cevennes... \r\nOn the programme: olive oil and Ardèche wine tasting and a visit to charming local villages with their many hidden treasures..."
        ],
        "it": [
          "Una giornata nel cuore delle Cévennes Ardéchoises...\r\nIn programma: degustazione di olio d'oliva e di vini dell'Ardèche e visita ai Villages de Caractère, ricchi di tesori..."
        ],
        "fr": [
          "Une journée au cœur des Cévennes Ardéchoises.... \r\nAu programme: dégustation d'huile d'olive et de vins d'Ardèche et la visite de Villages de Caractère, qui recèlent bien des trésors..."
        ],
        "es": [
          "Un día en el corazón de las Cevenas Ardéchoises...\r\nEn el programa: cata de aceite de oliva y de vinos de Ardèche y visita a los Villages de Caractère, llenos de tesoros..."
        ],
        "nl": [
          "Een dag in het hart van de Cévennes Ardéchoises...\r\nOp het programma: proeverij van olijfolie en wijnen uit de Ardèche en een bezoekje aan een aantal typische dorpjes."
        ]
      }
    }
  ],
  "hasTranslatedProperty": [
    {
      "@id": "https://data.datatourisme.fr/1603a722-7845-338e-9e0b-a12cd696d335",
      "dc:contributor": [
        "https://api.deepl.com/v2/translate"
      ],
      "rdf:language": [
        "es"
      ],
      "rdf:predicate": [
        {
          "@id": "rdfs:comment"
        }
      ]
    },
    {
      "@id": "https://data.datatourisme.fr/4d93e06d-62c4-3c5e-9c3b-96140da21cc0",
      "dc:contributor": [
        "https://api.deepl.com/v2/translate"
      ],
      "rdf:language": [
        "it"
      ],
      "rdf:predicate": [
        {
          "@id": "rdfs:comment"
        }
      ]
    },
    {
      "@id": "https://data.datatourisme.fr/ff8a6ed4-475a-3edd-9f0e-974f8f2d0352",
      "dc:contributor": [
        "https://api.deepl.com/v2/translate"
      ],
      "rdf:language": [
        "de"
      ],
      "rdf:predicate": [
        {
          "@id": "rdfs:comment"
        }
      ]
    }
  ],
  "isLocatedAt": [
    {
      "@id": "https://data.datatourisme.fr/b227eccb-27ce-3f54-b040-40d93436e4dd",
      "schema:address": [
        {
          "@id": "https://data.datatourisme.fr/b50710ee-425d-3642-9f90-4584db09afbe",
          "schema:addressLocality": "Payzac",
          "schema:postalCode": "07230",
          "@type": [
            "schema:PostalAddress",
            "PostalAddress"
          ],
          "hasAddressCity": {
            "@id": "kb:07171",
            "@type": [
              "City"
            ],
            "rdfs:label": {
              "de": [
                "Payzac"
              ],
              "pt": [
                "Payzac"
              ],
              "en": [
                "Payzac"
              ],
              "it": [
                "Payzac"
              ],
              "fr": [
                "Payzac"
              ],
              "nl": [
                "Payzac"
              ],
              "es": [
                "Payzac"
              ]
            },
            "insee": "07171",
            "isPartOfDepartment": {
              "@id": "kb:France8407",
              "@type": [
                "Department"
              ],
              "rdfs:label": {
                "de": [
                  "Ardèche"
                ],
                "pt": [
                  "Ardèche"
                ],
                "en": [
                  "Ardèche"
                ],
                "it": [
                  "Ardèche"
                ],
                "fr": [
                  "Ardèche"
                ],
                "nl": [
                  "Ardèche"
                ],
                "es": [
                  "Ardèche"
                ]
              },
              "insee": "07",
              "isPartOfRegion": {
                "@id": "kb:France84",
                "@type": [
                  "Region"
                ],
                "rdfs:label": {
                  "de": [
                    "Auvergne-Rhône-Alpes"
                  ],
                  "pt": [
                    "Auvergne-Rhône-Alpes"
                  ],
                  "en": [
                    "Auvergne-Rhône-Alpes"
                  ],
                  "it": [
                    "Auvergne-Rhône-Alpes"
                  ],
                  "fr": [
                    "Auvergne-Rhône-Alpes"
                  ],
                  "nl": [
                    "Auvergne-Rhône-Alpes"
                  ],
                  "es": [
                    "Auvergne-Rhône-Alpes"
                  ]
                },
                "insee": "84",
                "isPartOfCountry": {
                  "@id": "kb:France",
                  "@type": [
                    "schema:Country"
                  ],
                  "rdfs:label": {
                    "de": [
                      "France",
                      "Frankreich"
                    ],
                    "pt": [
                      "França",
                      "France"
                    ],
                    "en": [
                      "France"
                    ],
                    "it": [
                      "France",
                      "Francia"
                    ],
                    "fr": [
                      "France"
                    ],
                    "nl": [
                      "France",
                      "Frankrijk"
                    ],
                    "es": [
                      "France",
                      "Francia"
                    ]
                  }
                }
              }
            }
          }
        }
      ],
      "schema:geo": {
        "@id": "https://data.datatourisme.fr/d121bc46-c8bf-3dc6-8f8d-cf366152f3d0",
        "schema:latitude": "44.453734",
        "schema:longitude": "4.152483",
        "@type": [
          "schema:GeoCoordinates"
        ]
      },
      "schema:openingHoursSpecification": [
        {
          "@id": "https://data.datatourisme.fr/f87e535a-636d-3343-ad63-8a03392e7511",
          "schema:validFrom": "2023-01-01T00:00:00",
          "schema:validThrough": "2023-12-31T23:59:59",
          "@type": [
            "schema:OpeningHoursSpecification"
          ]
        }
      ],
      "@type": [
        "schema:Place",
        "Place"
      ]
    }
  ],
  "isOwnedBy": [
    {
      "@id": "https://data.datatourisme.fr/6ef576cd-2c5c-33d6-b250-09b105230dfc",
      "schema:email": [
        "ncharra@ardeche-guide.com"
      ],
      "schema:legalName": "Agence de Développement Touristique de l'Ardèche",
      "@type": [
        "schema:Organization",
        "foaf:Agent",
        "Agent"
      ],
      "foaf:homepage": [
        "https://www.ardeche-guide.com/"
      ]
    }
  ],
  "lastUpdate": "2023-03-02",
  "lastUpdateDatatourisme": "2023-03-03T06:39:45.573Z"
}