{
  "@id": "https://data.datatourisme.fr/13/f01e2b80-fd84-3b2b-805d-e98852649a02",
  "dc:identifier": "829045",
  "@type": [
    "olo:OrderedList",
    "PlaceOfInterest",
    "PointOfInterest",
    "RoadTour",
    "SportsAndLeisurePlace",
    "Tour"
  ],
  "rdfs:comment": {
    "de": [
      "Entdecken Sie ein Panorama auf dem Rhonetal. Abfahrt zentrum von Tournon (Kino)"
    ],
    "en": [
      "Don't miss this panoramic route which offers views of the spectacular landscape of the Rhône Valley."
    ],
    "it": [
      "Scoprite un luogo da cui si apre davanti ai vostri occhi un paesaggio spettacolare della Valle del Rodano, partendo dal centro di Tournon (di fronte al cinema)."
    ],
    "fr": [
      "Découvrez un lieu depuis lequel, s'ouvre sous vos yeux un paysage spectaculaire sur la Vallée du Rhône au départ du centre ville de Tournon (en face du cinéma)."
    ],
    "nl": [
      "Vanuit het centrum van Tournon (tegenover de bioscoop) ontdekt u een plek waar een spectaculair landschap van de Rhône-vallei zich voor uw ogen opent."
    ],
    "es": [
      "Descubra un lugar desde el que se abre ante sus ojos un paisaje espectacular del Valle del Ródano, partiendo del centro de Tournon (frente al cine)."
    ]
  },
  "rdfs:label": {
    "de": [
      "Panoramische Staße"
    ],
    "en": [
      "Panoramic road"
    ],
    "fr": [
      "Route panoramique"
    ]
  },
  "hasBeenCreatedBy": {
    "@id": "https://data.datatourisme.fr/13/185c29dc-2432-3934-ae37-7cfda20e414c",
    "dc:identifier": "627",
    "schema:email": [
      "a.ferrel@ah-tourisme.com",
      "d.mathieu@ah-tourisme.com",
      "s.monneron@ah-tourisme.com"
    ],
    "schema:legalName": "Ardèche Hermitage Tourisme",
    "@type": [
      "schema:Organization",
      "foaf:Agent",
      "Agent"
    ],
    "foaf:homepage": [
      "http://ardeche-hermitage.com/"
    ]
  },
  "hasBeenPublishedBy": [
    {
      "@id": "https://data.datatourisme.fr/dbca899d-3f22-364b-b99d-40af1e917c58",
      "schema:legalName": "Agence de Développement Touristique de l'Ardèche - source : Apidae Tourisme",
      "@type": [
        "schema:Organization",
        "foaf:Agent",
        "Agent"
      ],
      "foaf:homepage": [
        "https://www.apidae-tourisme.com/"
      ]
    }
  ],
  "hasContact": [
    {
      "@id": "https://data.datatourisme.fr/5904625e-0543-3454-836a-0934f97d5160",
      "schema:email": [
        "info@ah-tourisme.com"
      ],
      "schema:telephone": [
        "+33 4 75 07 02 02",
        "+33 4 75 08 10 23"
      ],
      "@type": [
        "foaf:Agent",
        "Agent"
      ],
      "foaf:homepage": [
        "http://ardeche-hermitage.com/"
      ]
    }
  ],
  "hasDescription": [
    {
      "@id": "https://data.datatourisme.fr/ef8fadf0-a2bc-3625-995e-903b9c9cb24a",
      "@type": [
        "Description"
      ],
      "hasTranslatedProperty": [
        {
          "@id": "https://data.datatourisme.fr/21e7d5bc-4652-39dc-994c-f7306df1d333",
          "dc:contributor": [
            "https://api.deepl.com/v2/translate"
          ],
          "rdf:language": [
            "es"
          ],
          "rdf:predicate": [
            "shortDescription"
          ]
        },
        {
          "@id": "https://data.datatourisme.fr/3e635192-d367-3ec7-837c-3b0b21f82460",
          "dc:contributor": [
            "https://api.deepl.com/v2/translate"
          ],
          "rdf:language": [
            "it"
          ],
          "rdf:predicate": [
            "shortDescription"
          ]
        },
        {
          "@id": "https://data.datatourisme.fr/87812d8f-2e32-3e6a-8de5-9864c69be1bc",
          "dc:contributor": [
            "https://api.deepl.com/v2/translate"
          ],
          "rdf:language": [
            "nl"
          ],
          "rdf:predicate": [
            "shortDescription"
          ]
        }
      ],
      "shortDescription": {
        "de": [
          "Entdecken Sie ein Panorama auf dem Rhonetal. Abfahrt zentrum von Tournon (Kino)"
        ],
        "en": [
          "Don't miss this panoramic route which offers views of the spectacular landscape of the Rhône Valley."
        ],
        "it": [
          "Scoprite un luogo da cui si apre davanti ai vostri occhi un paesaggio spettacolare della Valle del Rodano, partendo dal centro di Tournon (di fronte al cinema)."
        ],
        "fr": [
          "Découvrez un lieu depuis lequel, s'ouvre sous vos yeux un paysage spectaculaire sur la Vallée du Rhône au départ du centre ville de Tournon (en face du cinéma)."
        ],
        "nl": [
          "Vanuit het centrum van Tournon (tegenover de bioscoop) ontdekt u een plek waar een spectaculair landschap van de Rhône-vallei zich voor uw ogen opent."
        ],
        "es": [
          "Descubra un lugar desde el que se abre ante sus ojos un paisaje espectacular del Valle del Ródano, partiendo del centro de Tournon (frente al cine)."
        ]
      }
    }
  ],
  "hasTranslatedProperty": [
    {
      "@id": "https://data.datatourisme.fr/9d7ee432-7529-34af-8745-9572b3305d49",
      "dc:contributor": [
        "https://api.deepl.com/v2/translate"
      ],
      "rdf:language": [
        "es"
      ],
      "rdf:predicate": [
        {
          "@id": "rdfs:comment"
        }
      ]
    },
    {
      "@id": "https://data.datatourisme.fr/b60616ab-8b60-3469-b805-c96188b5b114",
      "dc:contributor": [
        "https://api.deepl.com/v2/translate"
      ],
      "rdf:language": [
        "nl"
      ],
      "rdf:predicate": [
        {
          "@id": "rdfs:comment"
        }
      ]
    },
    {
      "@id": "https://data.datatourisme.fr/fdf4e93c-b373-3b82-9a62-6828d2a81548",
      "dc:contributor": [
        "https://api.deepl.com/v2/translate"
      ],
      "rdf:language": [
        "it"
      ],
      "rdf:predicate": [
        {
          "@id": "rdfs:comment"
        }
      ]
    }
  ],
  "isLocatedAt": [
    {
      "@id": "https://data.datatourisme.fr/61984270-8c20-3ffa-aae3-e73b13fe384e",
      "schema:address": [
        {
          "@id": "https://data.datatourisme.fr/17dc705e-0828-333b-8540-259a5b9c2be0",
          "schema:addressLocality": "Tournon-sur-Rhône",
          "schema:postalCode": "07301",
          "schema:streetAddress": [
            "B.P.47",
            "Hôtel de la Tourette"
          ],
          "@type": [
            "schema:PostalAddress",
            "PostalAddress"
          ],
          "hasAddressCity": {
            "@id": "kb:07324",
            "@type": [
              "City"
            ],
            "rdfs:label": {
              "de": [
                "Tournon-sur-Rhône"
              ],
              "pt": [
                "Tournon-sur-Rhône"
              ],
              "en": [
                "Tournon-sur-Rhône"
              ],
              "it": [
                "Tournon-sur-Rhône"
              ],
              "fr": [
                "Tournon-sur-Rhône"
              ],
              "nl": [
                "Tournon-sur-Rhône"
              ],
              "es": [
                "Tournon-sur-Rhône"
              ]
            },
            "insee": "07324",
            "isPartOfDepartment": {
              "@id": "kb:France8407",
              "@type": [
                "Department"
              ],
              "rdfs:label": {
                "de": [
                  "Ardèche"
                ],
                "pt": [
                  "Ardèche"
                ],
                "en": [
                  "Ardèche"
                ],
                "it": [
                  "Ardèche"
                ],
                "fr": [
                  "Ardèche"
                ],
                "nl": [
                  "Ardèche"
                ],
                "es": [
                  "Ardèche"
                ]
              },
              "insee": "07",
              "isPartOfRegion": {
                "@id": "kb:France84",
                "@type": [
                  "Region"
                ],
                "rdfs:label": {
                  "de": [
                    "Auvergne-Rhône-Alpes"
                  ],
                  "pt": [
                    "Auvergne-Rhône-Alpes"
                  ],
                  "en": [
                    "Auvergne-Rhône-Alpes"
                  ],
                  "it": [
                    "Auvergne-Rhône-Alpes"
                  ],
                  "fr": [
                    "Auvergne-Rhône-Alpes"
                  ],
                  "nl": [
                    "Auvergne-Rhône-Alpes"
                  ],
                  "es": [
                    "Auvergne-Rhône-Alpes"
                  ]
                },
                "insee": "84",
                "isPartOfCountry": {
                  "@id": "kb:France",
                  "@type": [
                    "schema:Country"
                  ],
                  "rdfs:label": {
                    "de": [
                      "France",
                      "Frankreich"
                    ],
                    "pt": [
                      "França",
                      "France"
                    ],
                    "en": [
                      "France"
                    ],
                    "it": [
                      "France",
                      "Francia"
                    ],
                    "fr": [
                      "France"
                    ],
                    "nl": [
                      "France",
                      "Frankrijk"
                    ],
                    "es": [
                      "France",
                      "Francia"
                    ]
                  }
                }
              }
            }
          }
        }
      ],
      "schema:geo": {
        "@id": "https://data.datatourisme.fr/4928680f-265f-3c7e-8803-251c4bae09af",
        "schema:latitude": "45.065852",
        "schema:longitude": "4.831195",
        "@type": [
          "schema:GeoCoordinates"
        ]
      },
      "schema:openingHoursSpecification": [
        {
          "@id": "https://data.datatourisme.fr/f87e535a-636d-3343-ad63-8a03392e7511",
          "schema:validFrom": "2023-01-01T00:00:00",
          "schema:validThrough": "2023-12-31T23:59:59",
          "@type": [
            "schema:OpeningHoursSpecification"
          ]
        }
      ],
      "@type": [
        "schema:Place",
        "Place"
      ]
    }
  ],
  "isOwnedBy": [
    {
      "@id": "https://data.datatourisme.fr/e485229f-e26b-3c2e-8f16-ebf98c03d1e5",
      "schema:email": [
        "a.ferrel@ah-tourisme.com",
        "d.mathieu@ah-tourisme.com",
        "s.monneron@ah-tourisme.com"
      ],
      "schema:legalName": "Ardèche Hermitage Tourisme",
      "@type": [
        "schema:Organization",
        "foaf:Agent",
        "Agent"
      ],
      "foaf:homepage": [
        "http://ardeche-hermitage.com/"
      ]
    }
  ],
  "lastUpdate": "2020-12-11",
  "lastUpdateDatatourisme": "2023-02-01T18:07:35.564Z"
}