{
  "@id": "https://data.datatourisme.fr/13/b5e918ab-5ab2-3cbe-993e-66fa38c0fd31",
  "dc:identifier": "4946706",
  "@type": [
    "olo:OrderedList",
    "PlaceOfInterest",
    "PointOfInterest",
    "RoadTour",
    "SportsAndLeisurePlace",
    "Tour"
  ],
  "rdfs:comment": {
    "de": [
      "Dieses Plateau mit einer Höhe von 800 m breitet seine Basaltströme auf einer Länge von 18 km in Richtung der Rhône aus. Das Plateau du Coiron lädt zu einer Reise ein und bietet zahlreiche Aussichtspunkte."
    ],
    "en": [
      "The Coiron plateau peaks at an altitude of 800m, its basaltic flows stretching  for 18km towards  the River Rhône. The plateau offers an interesting tourist route with lots of places where you can stop and admire the views."
    ],
    "it": [
      "Questo altopiano, che si eleva fino a 800 metri di altitudine, distribuisce le sue colate basaltiche su una lunghezza di 18 km verso il Rodano. L'altopiano del Coiron è un invito al viaggio e offre numerosi punti di osservazione."
    ],
    "fr": [
      "Ce plateau qui culmine à 800m d'altitude étale ses coulées basaltiques sur une longueur de 18 km en direction du Rhône. Le plateau du Coiron invite au voyage et offre de nombreux point de vues."
    ],
    "es": [
      "Esta meseta, que se eleva a 800 m de altitud, extiende sus coladas basálticas a lo largo de 18 km hacia el Ródano. La meseta de Coirón invita a viajar y ofrece numerosos miradores."
    ],
    "nl": [
      "Dit plateau, dat 800 m hoog is, spreidt zijn basaltstromen uit over een lengte van 18 km in de richting van de Rhône. Het Coiron plateau nodigt uit tot reizen en biedt talrijke uitzichtpunten."
    ]
  },
  "rdfs:label": {
    "en": [
      "Coiron tourist route"
    ],
    "fr": [
      "Route touristique du Coiron"
    ]
  },
  "hasBeenCreatedBy": {
    "@id": "https://data.datatourisme.fr/13/7f6ffaa6-bb0b-3080-97b6-2254211691b5",
    "dc:identifier": "112",
    "schema:email": [
      "glo@ardeche-buissonniere.fr",
      "ngarousse@ardeche-buissonniere.fr",
      "slextrait@ardeche-buissonniere.fr"
    ],
    "schema:legalName": "Privas Centre Ardèche Tourisme",
    "@type": [
      "schema:Organization",
      "foaf:Agent",
      "Agent"
    ],
    "foaf:homepage": [
      "https://www.ardeche-buissonniere.fr/"
    ]
  },
  "hasBeenPublishedBy": [
    {
      "@id": "https://data.datatourisme.fr/dbca899d-3f22-364b-b99d-40af1e917c58",
      "schema:legalName": "Agence de Développement Touristique de l'Ardèche - source : Apidae Tourisme",
      "@type": [
        "schema:Organization",
        "foaf:Agent",
        "Agent"
      ],
      "foaf:homepage": [
        "https://www.apidae-tourisme.com/"
      ]
    }
  ],
  "hasContact": [
    {
      "@id": "https://data.datatourisme.fr/43352453-598a-3201-b665-d08e462a9dee",
      "schema:telephone": [
        "+33 4 75 64 21 41"
      ],
      "@type": [
        "foaf:Agent",
        "Agent"
      ]
    }
  ],
  "hasDescription": [
    {
      "@id": "https://data.datatourisme.fr/3c0bf541-e3ba-3a98-ba65-1c5a1f785019",
      "@type": [
        "Description"
      ],
      "hasTranslatedProperty": [
        {
          "@id": "https://data.datatourisme.fr/1baaab3f-092b-3b71-af6c-077877942d4a",
          "dc:contributor": [
            "https://api.deepl.com/v2/translate"
          ],
          "rdf:language": [
            "es"
          ],
          "rdf:predicate": [
            "shortDescription"
          ]
        },
        {
          "@id": "https://data.datatourisme.fr/33827577-d2cd-331e-a614-5fb55e4520f5",
          "dc:contributor": [
            "https://api.deepl.com/v2/translate"
          ],
          "rdf:language": [
            "de"
          ],
          "rdf:predicate": [
            "shortDescription"
          ]
        },
        {
          "@id": "https://data.datatourisme.fr/45e5285d-8447-3753-8499-73f60686c5d1",
          "dc:contributor": [
            "https://api.deepl.com/v2/translate"
          ],
          "rdf:language": [
            "it"
          ],
          "rdf:predicate": [
            "shortDescription"
          ]
        },
        {
          "@id": "https://data.datatourisme.fr/c8cb6ef6-7da8-3cfd-b8a8-ab407e2bdeca",
          "dc:contributor": [
            "https://api.deepl.com/v2/translate"
          ],
          "rdf:language": [
            "nl"
          ],
          "rdf:predicate": [
            "shortDescription"
          ]
        }
      ],
      "shortDescription": {
        "de": [
          "Dieses Plateau mit einer Höhe von 800 m breitet seine Basaltströme auf einer Länge von 18 km in Richtung der Rhône aus. Das Plateau du Coiron lädt zu einer Reise ein und bietet zahlreiche Aussichtspunkte."
        ],
        "en": [
          "The Coiron plateau peaks at an altitude of 800m, its basaltic flows stretching  for 18km towards  the River Rhône. The plateau offers an interesting tourist route with lots of places where you can stop and admire the views."
        ],
        "it": [
          "Questo altopiano, che si eleva fino a 800 metri di altitudine, distribuisce le sue colate basaltiche su una lunghezza di 18 km verso il Rodano. L'altopiano del Coiron è un invito al viaggio e offre numerosi punti di osservazione."
        ],
        "fr": [
          "Ce plateau qui culmine à 800m d'altitude étale ses coulées basaltiques sur une longueur de 18 km en direction du Rhône. Le plateau du Coiron invite au voyage et offre de nombreux point de vues."
        ],
        "es": [
          "Esta meseta, que se eleva a 800 m de altitud, extiende sus coladas basálticas a lo largo de 18 km hacia el Ródano. La meseta de Coirón invita a viajar y ofrece numerosos miradores."
        ],
        "nl": [
          "Dit plateau, dat 800 m hoog is, spreidt zijn basaltstromen uit over een lengte van 18 km in de richting van de Rhône. Het Coiron plateau nodigt uit tot reizen en biedt talrijke uitzichtpunten."
        ]
      }
    }
  ],
  "hasTranslatedProperty": [
    {
      "@id": "https://data.datatourisme.fr/3a4579ef-65f2-3921-9958-f81c626fe6d6",
      "dc:contributor": [
        "https://api.deepl.com/v2/translate"
      ],
      "rdf:language": [
        "nl"
      ],
      "rdf:predicate": [
        {
          "@id": "rdfs:comment"
        }
      ]
    },
    {
      "@id": "https://data.datatourisme.fr/8a9031e6-2278-3f53-a0ad-188a0ea0d027",
      "dc:contributor": [
        "https://api.deepl.com/v2/translate"
      ],
      "rdf:language": [
        "it"
      ],
      "rdf:predicate": [
        {
          "@id": "rdfs:comment"
        }
      ]
    },
    {
      "@id": "https://data.datatourisme.fr/8e9d3785-5df0-35e8-a1d3-1200584f928f",
      "dc:contributor": [
        "https://api.deepl.com/v2/translate"
      ],
      "rdf:language": [
        "es"
      ],
      "rdf:predicate": [
        {
          "@id": "rdfs:comment"
        }
      ]
    },
    {
      "@id": "https://data.datatourisme.fr/de3331cf-86ec-390d-81f4-8f1d6a21705f",
      "dc:contributor": [
        "https://api.deepl.com/v2/translate"
      ],
      "rdf:language": [
        "de"
      ],
      "rdf:predicate": [
        {
          "@id": "rdfs:comment"
        }
      ]
    }
  ],
  "isLocatedAt": [
    {
      "@id": "https://data.datatourisme.fr/82206fbe-a8c5-335e-a9a3-f554f51b29ea",
      "schema:address": [
        {
          "@id": "https://data.datatourisme.fr/0d811255-d254-351b-8165-ef0677d40440",
          "schema:addressLocality": "Privas",
          "schema:postalCode": "07000",
          "schema:streetAddress": [
            "Côte du baron"
          ],
          "@type": [
            "schema:PostalAddress",
            "PostalAddress"
          ],
          "hasAddressCity": {
            "@id": "kb:07186",
            "@type": [
              "City"
            ],
            "rdfs:label": {
              "de": [
                "Privas"
              ],
              "pt": [
                "Privas"
              ],
              "en": [
                "Privas"
              ],
              "it": [
                "Privas"
              ],
              "fr": [
                "Privas"
              ],
              "nl": [
                "Privas"
              ],
              "es": [
                "Privas"
              ]
            },
            "insee": "07186",
            "isPartOfDepartment": {
              "@id": "kb:France8407",
              "@type": [
                "Department"
              ],
              "rdfs:label": {
                "de": [
                  "Ardèche"
                ],
                "pt": [
                  "Ardèche"
                ],
                "en": [
                  "Ardèche"
                ],
                "it": [
                  "Ardèche"
                ],
                "fr": [
                  "Ardèche"
                ],
                "nl": [
                  "Ardèche"
                ],
                "es": [
                  "Ardèche"
                ]
              },
              "insee": "07",
              "isPartOfRegion": {
                "@id": "kb:France84",
                "@type": [
                  "Region"
                ],
                "rdfs:label": {
                  "de": [
                    "Auvergne-Rhône-Alpes"
                  ],
                  "pt": [
                    "Auvergne-Rhône-Alpes"
                  ],
                  "en": [
                    "Auvergne-Rhône-Alpes"
                  ],
                  "it": [
                    "Auvergne-Rhône-Alpes"
                  ],
                  "fr": [
                    "Auvergne-Rhône-Alpes"
                  ],
                  "nl": [
                    "Auvergne-Rhône-Alpes"
                  ],
                  "es": [
                    "Auvergne-Rhône-Alpes"
                  ]
                },
                "insee": "84",
                "isPartOfCountry": {
                  "@id": "kb:France",
                  "@type": [
                    "schema:Country"
                  ],
                  "rdfs:label": {
                    "de": [
                      "France",
                      "Frankreich"
                    ],
                    "pt": [
                      "França",
                      "France"
                    ],
                    "en": [
                      "France"
                    ],
                    "it": [
                      "France",
                      "Francia"
                    ],
                    "fr": [
                      "France"
                    ],
                    "nl": [
                      "France",
                      "Frankrijk"
                    ],
                    "es": [
                      "France",
                      "Francia"
                    ]
                  }
                }
              }
            }
          }
        }
      ],
      "schema:geo": {
        "@id": "https://data.datatourisme.fr/0bd9e649-c275-348e-bf14-ef293bbdff96",
        "schema:latitude": "44.708087",
        "schema:longitude": "4.591427",
        "@type": [
          "schema:GeoCoordinates"
        ]
      },
      "schema:openingHoursSpecification": [
        {
          "@id": "https://data.datatourisme.fr/f87e535a-636d-3343-ad63-8a03392e7511",
          "schema:validFrom": "2023-01-01T00:00:00",
          "schema:validThrough": "2023-12-31T23:59:59",
          "@type": [
            "schema:OpeningHoursSpecification"
          ]
        }
      ],
      "@type": [
        "schema:Place",
        "Place"
      ]
    }
  ],
  "isOwnedBy": [
    {
      "@id": "https://data.datatourisme.fr/364cc6a7-1a36-382e-aa57-981399d0667d",
      "schema:email": [
        "glo@ardeche-buissonniere.fr",
        "ngarousse@ardeche-buissonniere.fr",
        "slextrait@ardeche-buissonniere.fr"
      ],
      "schema:legalName": "Privas Centre Ardèche Tourisme",
      "@type": [
        "schema:Organization",
        "foaf:Agent",
        "Agent"
      ],
      "foaf:homepage": [
        "https://www.ardeche-buissonniere.fr/"
      ]
    }
  ],
  "lastUpdate": "2018-03-09",
  "lastUpdateDatatourisme": "2023-02-01T18:07:36.077Z"
}