{
  "@id": "https://data.datatourisme.fr/13/43d1f485-3466-3946-908a-21f560e926ef",
  "dc:identifier": "5388544",
  "@type": [
    "schema:LocalBusiness",
    "EquestrianCenter",
    "PlaceOfInterest",
    "PointOfInterest",
    "SportsAndLeisurePlace"
  ],
  "rdfs:comment": {
    "de": [
      "Im Centre équestre de la Cartoucherie können Kinder und erwachsene Reiter, Anfänger und Fortgeschrittene an Kursen oder Lehrgängen teilnehmen."
    ],
    "en": [
      "At the Centre Equestre de la Cartoucherie, children or adult riders, beginners or experienced, can take part in courses or training sessions."
    ],
    "it": [
      "Al Centre Equestre de la Cartoucherie, bambini e adulti, principianti e avanzati, possono partecipare a corsi e workshop."
    ],
    "fr": [
      "Au Centre équestre de la Cartoucherie, cavaliers enfants ou adultes, débutants ou confirmés, peuvent participer à des cours ou à des stages."
    ],
    "nl": [
      "In het Centre Equestre de la Cartoucherie kunnen kinderen en volwassenen, beginners en gevorderden, deelnemen aan cursussen en workshops."
    ],
    "es": [
      "En el Centre Equestre de la Cartoucherie, niños y adultos, jinetes principiantes y avanzados, pueden participar en cursos y talleres."
    ]
  },
  "rdfs:label": {
    "fr": [
      "Centre équestre de la Cartoucherie"
    ]
  },
  "hasBeenCreatedBy": {
    "@id": "https://data.datatourisme.fr/13/a3545bd7-9d31-39a7-ad3a-78690adf73fc",
    "dc:identifier": "1857",
    "schema:email": [
      "alexandra.picot@pemb.fr",
      "apicot@vincennes.fr",
      "aurore.joris@pemb.fr",
      "cabarnou@vincennes.fr",
      "christine.abarnou@pemb.fr",
      "geoffroy.regnauld@pemb.fr",
      "luana.ladouceur@pemb.fr"
    ],
    "schema:legalName": "Etablissement Public territorial Paris Est Marne et Bois",
    "@type": [
      "schema:Organization",
      "foaf:Agent",
      "Agent"
    ],
    "foaf:homepage": [
      "http://www.vincennes-tourisme.fr/"
    ]
  },
  "hasBeenPublishedBy": [
    {
      "@id": "https://data.datatourisme.fr/8a9feb4b-2cbd-3d2c-b507-bd6c6776b23b",
      "schema:legalName": "Apidae Tourisme Scic SA - source : Apidae Tourisme",
      "@type": [
        "schema:Organization",
        "foaf:Agent",
        "Agent"
      ],
      "foaf:homepage": [
        "https://www.apidae-tourisme.com/"
      ]
    }
  ],
  "hasContact": [
    {
      "@id": "https://data.datatourisme.fr/5b0f2f73-f5c3-376c-8eb5-0c7d2f14d9c1",
      "schema:telephone": [
        "+33 1 43 74 61 25"
      ],
      "@type": [
        "foaf:Agent",
        "Agent"
      ],
      "foaf:homepage": [
        "https://www.cartoucherie-equitation.fr/"
      ]
    }
  ],
  "hasDescription": [
    {
      "@id": "https://data.datatourisme.fr/0edab1c5-e6ef-3c96-8272-e605576de3cd",
      "@type": [
        "Description"
      ],
      "hasTranslatedProperty": [
        {
          "@id": "https://data.datatourisme.fr/25e9f31f-83e2-3595-9815-3055a9e0ef8d",
          "dc:contributor": [
            "https://api.deepl.com/v2/translate"
          ],
          "rdf:language": [
            "it"
          ],
          "rdf:predicate": [
            "shortDescription"
          ]
        },
        {
          "@id": "https://data.datatourisme.fr/3c579b4d-6694-3270-beb7-16c25d0e5dc1",
          "dc:contributor": [
            "https://api.deepl.com/v2/translate"
          ],
          "rdf:language": [
            "en"
          ],
          "rdf:predicate": [
            "shortDescription"
          ]
        },
        {
          "@id": "https://data.datatourisme.fr/57686ec5-7ec9-3362-af9b-fe300d83e7c8",
          "dc:contributor": [
            "https://api.deepl.com/v2/translate"
          ],
          "rdf:language": [
            "nl"
          ],
          "rdf:predicate": [
            "shortDescription"
          ]
        },
        {
          "@id": "https://data.datatourisme.fr/5ed80a92-bc5c-3a77-ae9b-0dd67cd242da",
          "dc:contributor": [
            "https://api.deepl.com/v2/translate"
          ],
          "rdf:language": [
            "es"
          ],
          "rdf:predicate": [
            "shortDescription"
          ]
        },
        {
          "@id": "https://data.datatourisme.fr/b2ecbd7e-32ec-34d6-9cde-24a60e3a8c55",
          "dc:contributor": [
            "https://api.deepl.com/v2/translate"
          ],
          "rdf:language": [
            "de"
          ],
          "rdf:predicate": [
            "shortDescription"
          ]
        }
      ],
      "shortDescription": {
        "de": [
          "Im Centre équestre de la Cartoucherie können Kinder und erwachsene Reiter, Anfänger und Fortgeschrittene an Kursen oder Lehrgängen teilnehmen."
        ],
        "en": [
          "At the Centre Equestre de la Cartoucherie, children or adult riders, beginners or experienced, can take part in courses or training sessions."
        ],
        "it": [
          "Al Centre Equestre de la Cartoucherie, bambini e adulti, principianti e avanzati, possono partecipare a corsi e workshop."
        ],
        "fr": [
          "Au Centre équestre de la Cartoucherie, cavaliers enfants ou adultes, débutants ou confirmés, peuvent participer à des cours ou à des stages."
        ],
        "nl": [
          "In het Centre Equestre de la Cartoucherie kunnen kinderen en volwassenen, beginners en gevorderden, deelnemen aan cursussen en workshops."
        ],
        "es": [
          "En el Centre Equestre de la Cartoucherie, niños y adultos, jinetes principiantes y avanzados, pueden participar en cursos y talleres."
        ]
      }
    }
  ],
  "hasTheme": [
    {
      "@id": "kb:Riding",
      "@type": [
        "SportsTheme"
      ],
      "rdfs:label": {
        "de": [
          "Reiten"
        ],
        "pt": [
          "Equitação"
        ],
        "en": [
          "Riding"
        ],
        "it": [
          "Equitazione"
        ],
        "fr": [
          "Equitation"
        ],
        "nl": [
          "Paardrijden"
        ],
        "es": [
          "Equitación"
        ]
      }
    }
  ],
  "hasTranslatedProperty": [
    {
      "@id": "https://data.datatourisme.fr/379ab323-d006-3a70-9733-7064e536f75c",
      "dc:contributor": [
        "https://api.deepl.com/v2/translate"
      ],
      "rdf:language": [
        "es"
      ],
      "rdf:predicate": [
        {
          "@id": "rdfs:comment"
        }
      ]
    },
    {
      "@id": "https://data.datatourisme.fr/9b91cac7-c3aa-32a4-87a5-6a036bcc9196",
      "dc:contributor": [
        "https://api.deepl.com/v2/translate"
      ],
      "rdf:language": [
        "nl"
      ],
      "rdf:predicate": [
        {
          "@id": "rdfs:comment"
        }
      ]
    },
    {
      "@id": "https://data.datatourisme.fr/d6d62230-9319-3126-8a42-b4e12beb9c1d",
      "dc:contributor": [
        "https://api.deepl.com/v2/translate"
      ],
      "rdf:language": [
        "it"
      ],
      "rdf:predicate": [
        {
          "@id": "rdfs:comment"
        }
      ]
    },
    {
      "@id": "https://data.datatourisme.fr/e21bba8d-c9ab-3d2e-966d-1644b35c2ad8",
      "dc:contributor": [
        "https://api.deepl.com/v2/translate"
      ],
      "rdf:language": [
        "en"
      ],
      "rdf:predicate": [
        {
          "@id": "rdfs:comment"
        }
      ]
    },
    {
      "@id": "https://data.datatourisme.fr/f07a3899-fb44-378c-a8e5-0ebee31d8993",
      "dc:contributor": [
        "https://api.deepl.com/v2/translate"
      ],
      "rdf:language": [
        "de"
      ],
      "rdf:predicate": [
        {
          "@id": "rdfs:comment"
        }
      ]
    }
  ],
  "isLocatedAt": [
    {
      "@id": "https://data.datatourisme.fr/ec5921c0-4564-3a2f-a76f-fb127de34f05",
      "schema:address": [
        {
          "@id": "https://data.datatourisme.fr/df9732be-93cc-39a0-8628-43c5d7b5d04e",
          "schema:addressLocality": "Paris",
          "schema:postalCode": "75012",
          "schema:streetAddress": [
            "4 Route du Champ-de-Manoeuvre"
          ],
          "@type": [
            "schema:PostalAddress",
            "PostalAddress"
          ],
          "hasAddressCity": {
            "@id": "kb:75056",
            "@type": [
              "City"
            ],
            "rdfs:label": {
              "de": [
                "Paris"
              ],
              "pt": [
                "Paris"
              ],
              "en": [
                "Paris"
              ],
              "it": [
                "Paris"
              ],
              "fr": [
                "Paris"
              ],
              "nl": [
                "Paris"
              ],
              "es": [
                "Paris"
              ]
            },
            "insee": "75056",
            "isPartOfDepartment": {
              "@id": "kb:France1175",
              "@type": [
                "Department"
              ],
              "rdfs:label": {
                "de": [
                  "Paris"
                ],
                "pt": [
                  "Paris"
                ],
                "en": [
                  "Paris"
                ],
                "it": [
                  "Paris"
                ],
                "fr": [
                  "Paris"
                ],
                "nl": [
                  "Paris"
                ],
                "es": [
                  "Paris"
                ]
              },
              "insee": "75",
              "isPartOfRegion": {
                "@id": "kb:France11",
                "@type": [
                  "Region"
                ],
                "rdfs:label": {
                  "de": [
                    "Île-de-France"
                  ],
                  "pt": [
                    "Île-de-France"
                  ],
                  "en": [
                    "Île-de-France"
                  ],
                  "it": [
                    "Île-de-France"
                  ],
                  "fr": [
                    "Île-de-France"
                  ],
                  "nl": [
                    "Île-de-France"
                  ],
                  "es": [
                    "Île-de-France"
                  ]
                },
                "insee": "11",
                "isPartOfCountry": {
                  "@id": "kb:France",
                  "@type": [
                    "schema:Country"
                  ],
                  "rdfs:label": {
                    "de": [
                      "France",
                      "Frankreich"
                    ],
                    "pt": [
                      "França",
                      "France"
                    ],
                    "en": [
                      "France"
                    ],
                    "it": [
                      "France",
                      "Francia"
                    ],
                    "fr": [
                      "France"
                    ],
                    "nl": [
                      "France",
                      "Frankrijk"
                    ],
                    "es": [
                      "France",
                      "Francia"
                    ]
                  }
                }
              }
            }
          }
        }
      ],
      "schema:geo": {
        "@id": "https://data.datatourisme.fr/605c002f-2250-3889-a0b2-3f07260a13d2",
        "schema:latitude": "48.834929",
        "schema:longitude": "2.448769",
        "@type": [
          "schema:GeoCoordinates"
        ]
      },
      "schema:openingHoursSpecification": [
        {
          "@id": "https://data.datatourisme.fr/f87e535a-636d-3343-ad63-8a03392e7511",
          "schema:validFrom": "2023-01-01T00:00:00",
          "schema:validThrough": "2023-12-31T23:59:59",
          "@type": [
            "schema:OpeningHoursSpecification"
          ]
        }
      ],
      "@type": [
        "schema:Place",
        "Place"
      ]
    }
  ],
  "isOwnedBy": [
    {
      "@id": "https://data.datatourisme.fr/f5349535-0e7e-362a-94f9-a480a64315f0",
      "schema:email": [
        "alexandra.picot@pemb.fr",
        "apicot@vincennes.fr",
        "cabarnou@vincennes.fr",
        "christine.abarnou@pemb.fr",
        "luana.ladouceur@pemb.fr"
      ],
      "schema:legalName": "Etablissement Public territorial Paris Est Marne et Bois",
      "@type": [
        "schema:Organization",
        "foaf:Agent",
        "Agent"
      ],
      "foaf:homepage": [
        "http://www.vincennes-tourisme.fr/"
      ]
    }
  ],
  "lastUpdate": "2020-09-17",
  "lastUpdateDatatourisme": "2023-10-02T05:53:31.672Z"
}