{
  "@id": "https://data.datatourisme.fr/19/43560ebb-daa9-3e85-a231-785038312065",
  "dc:identifier": "d458ca64-72d5-77d6-fdbf-501ba346a45b",
  "@type": [
    "schema:Park",
    "CulturalSite",
    "ParkAndGarden",
    "PlaceOfInterest",
    "PointOfInterest"
  ],
  "rdfs:label": {
    "fr": [
      "Jardin du Ranelagh"
    ]
  },
  "owl:sameAs": [
    "http://www.wikidata.org/entity/Q3162588"
  ],
  "hasBeenCreatedBy": {
    "@id": "https://data.datatourisme.fr/73f9361b-7fdb-3a8c-8c11-182ef0152392",
    "schema:email": [
      "opendata@parisinfo.com"
    ],
    "schema:legalName": "Office de Tourisme de Paris",
    "@type": [
      "schema:Organization",
      "foaf:Agent",
      "Agent"
    ],
    "foaf:homepage": [
      "https://www.parisinfo.com/"
    ]
  },
  "hasBeenPublishedBy": [
    {
      "@id": "https://data.datatourisme.fr/73f9361b-7fdb-3a8c-8c11-182ef0152392",
      "schema:email": [
        "opendata@parisinfo.com"
      ],
      "schema:legalName": "Office de Tourisme de Paris",
      "@type": [
        "schema:Organization",
        "foaf:Agent",
        "Agent"
      ],
      "foaf:homepage": [
        "https://www.parisinfo.com/"
      ]
    }
  ],
  "hasContact": [
    {
      "@id": "https://data.datatourisme.fr/7a5a7269-bcd8-3963-83ff-0813cc05190f",
      "@type": [
        "foaf:Agent",
        "Agent"
      ],
      "foaf:homepage": [
        "https://www.paris.fr/"
      ]
    }
  ],
  "hasRepresentation": [
    {
      "@id": "https://data.datatourisme.fr/c5947560-7424-3a3f-b8ee-bf417c6038a4",
      "ebucore:hasAnnotation": [
        {
          "@id": "https://data.datatourisme.fr/420cc914-392a-34c6-b203-47d2ca05161b",
          "ebucore:isCoveredBy": "CC BY-SA 4.0",
          "ebucore:title": {
            "fr": [
              "Jardin du Ranelagh, Paris 16e 49"
            ]
          },
          "@type": [
            "ebucore:Annotation"
          ],
          "credits": [
            "<table style=\"margin: 1.5em auto; width:60%; background-color:#ede3e3; border:2px solid #000000; border-radius: 10px; padding:1px;\" cellspacing=\"10\"><tbody><tr><td align=\"center\">\n<p>Merci d'indiquer cette ligne de crédit près de l'image en cas de réutilisation :\n</p>\n<div class=\"center\"><b>Crédit : Polymagou - CC-BY-SA</b>\n</div>\n<p><small><i>Merci beaucoup de me prévenir sur <a href=\"//commons.wikimedia.org/wiki/User_talk:Polymagou\" title=\"User talk:Polymagou\">ma page de discussion</a> si vous reprenez cette image en dehors d'un projet Wikimédia <span typeof=\"mw:File\"><span><img src=\"https://upload.wikimedia.org/wikipedia/commons/thumb/7/79/Face-smile.svg/20px-Face-smile.svg.png\" decoding=\"async\" width=\"20\" height=\"20\" class=\"mw-file-element\" srcset=\"https://upload.wikimedia.org/wikipedia/commons/thumb/7/79/Face-smile.svg/30px-Face-smile.svg.png 1.5x, https://upload.wikimedia.org/wikipedia/commons/thumb/7/79/Face-smile.svg/40px-Face-smile.svg.png 2x\" data-file-width=\"48\" data-file-height=\"48\"></span></span>.</i></small>\n</p>\n</td></tr></tbody></table><p><br></p>"
          ]
        }
      ],
      "ebucore:hasRelatedResource": [
        {
          "@id": "https://data.datatourisme.fr/59b98ff1-61a8-306f-8c0a-2ebe3492d615",
          "ebucore:fileSize": [
            13263985
          ],
          "ebucore:hasMimeType": [
            {
              "@id": "kb:JPEG",
              "@type": [
                "ebucore:MimeType"
              ],
              "rdfs:comment": {
                "de": [
                  "JPEG-Bild"
                ],
                "pt": [
                  "Imagem JPEG"
                ],
                "en": [
                  "JPEG image file"
                ],
                "it": [
                  "Immagine JPEG"
                ],
                "fr": [
                  "Image JPEG"
                ],
                "nl": [
                  "JPEG-afbeelding"
                ],
                "es": [
                  "Imagen JPEG"
                ]
              },
              "rdfs:label": {
                "de": [
                  "image/jpeg"
                ],
                "pt": [
                  "image/jpeg"
                ],
                "en": [
                  "image/jpeg"
                ],
                "it": [
                  "image/jpeg"
                ],
                "fr": [
                  "image/jpeg"
                ],
                "nl": [
                  "image/jpeg"
                ],
                "es": [
                  "image/jpeg"
                ]
              }
            }
          ],
          "ebucore:height": 3648,
          "ebucore:locator": [
            "https://upload.wikimedia.org/wikipedia/commons/b/b0/Jardin_du_Ranelagh%2C_Paris_16e_49.jpg"
          ],
          "ebucore:width": 5472,
          "@type": [
            "ebucore:Resource"
          ]
        }
      ],
      "@type": [
        "ebucore:EditorialObject"
      ]
    }
  ],
  "isLocatedAt": [
    {
      "@id": "https://data.datatourisme.fr/b3974837-82c4-361b-a4fa-91ed9c2a192f",
      "schema:address": [
        {
          "@id": "https://data.datatourisme.fr/d30d0411-41d3-32c2-9b54-88a71abf8bce",
          "schema:addressLocality": "Paris",
          "schema:postalCode": "75016",
          "schema:streetAddress": [
            "Avenue du Ranelagh - Avenue Ingres - avenue Prudhon  - Avenue Raphaël"
          ],
          "@type": [
            "schema:PostalAddress",
            "PostalAddress"
          ],
          "hasAddressCity": {
            "@id": "kb:75056",
            "@type": [
              "City"
            ],
            "rdfs:label": {
              "de": [
                "Paris"
              ],
              "pt": [
                "Paris"
              ],
              "en": [
                "Paris"
              ],
              "it": [
                "Paris"
              ],
              "fr": [
                "Paris"
              ],
              "nl": [
                "Paris"
              ],
              "es": [
                "Paris"
              ]
            },
            "insee": "75056",
            "isPartOfDepartment": {
              "@id": "kb:France1175",
              "@type": [
                "Department"
              ],
              "rdfs:label": {
                "de": [
                  "Paris"
                ],
                "pt": [
                  "Paris"
                ],
                "en": [
                  "Paris"
                ],
                "it": [
                  "Paris"
                ],
                "fr": [
                  "Paris"
                ],
                "nl": [
                  "Paris"
                ],
                "es": [
                  "Paris"
                ]
              },
              "insee": "75",
              "isPartOfRegion": {
                "@id": "kb:France11",
                "@type": [
                  "Region"
                ],
                "rdfs:label": {
                  "de": [
                    "Île-de-France"
                  ],
                  "pt": [
                    "Île-de-France"
                  ],
                  "en": [
                    "Île-de-France"
                  ],
                  "it": [
                    "Île-de-France"
                  ],
                  "fr": [
                    "Île-de-France"
                  ],
                  "nl": [
                    "Île-de-France"
                  ],
                  "es": [
                    "Île-de-France"
                  ]
                },
                "insee": "11",
                "isPartOfCountry": {
                  "@id": "kb:France",
                  "@type": [
                    "schema:Country"
                  ],
                  "rdfs:label": {
                    "de": [
                      "France",
                      "Frankreich"
                    ],
                    "pt": [
                      "França",
                      "France"
                    ],
                    "en": [
                      "France"
                    ],
                    "it": [
                      "France",
                      "Francia"
                    ],
                    "fr": [
                      "France"
                    ],
                    "nl": [
                      "France",
                      "Frankrijk"
                    ],
                    "es": [
                      "France",
                      "Francia"
                    ]
                  }
                }
              }
            }
          }
        }
      ],
      "schema:geo": {
        "@id": "https://data.datatourisme.fr/992cf0c8-92e2-3073-9e81-b0e1b8874730",
        "schema:latitude": "48.8583511",
        "schema:longitude": "2.2695174000000407",
        "@type": [
          "schema:GeoCoordinates"
        ]
      },
      "schema:openingHoursSpecification": [
        {
          "@id": "https://data.datatourisme.fr/71634ce6-d969-3cdd-a155-621227dec99e",
          "@type": [
            "schema:OpeningHoursSpecification"
          ],
          "additionalInformation": {
            "de": [
              "24 Stunden am Tag, 7 Tage die Woche geöffnet."
            ],
            "en": [
              "Open 24 hours a day, 7 days a week."
            ],
            "it": [
              "Aperto 24 ore al giorno, 7 giorni alla settimana."
            ],
            "fr": [
              "Ouvert 24 heures/24, 7 jours/7."
            ],
            "es": [
              "Abierto 24 horas al día, 7 días a la semana."
            ],
            "nl": [
              "24 uur per dag, 7 dagen per week geopend."
            ]
          },
          "hasTranslatedProperty": [
            {
              "@id": "https://data.datatourisme.fr/744b56e8-11ff-37a2-8b70-770df3a187e6",
              "dc:contributor": [
                "https://api.deepl.com/v2/translate"
              ],
              "rdf:language": [
                "de"
              ],
              "rdf:predicate": [
                "additionalInformation"
              ]
            },
            {
              "@id": "https://data.datatourisme.fr/74ee90dc-906b-37da-b50d-beb58d13d3e0",
              "dc:contributor": [
                "https://api.deepl.com/v2/translate"
              ],
              "rdf:language": [
                "es"
              ],
              "rdf:predicate": [
                "additionalInformation"
              ]
            },
            {
              "@id": "https://data.datatourisme.fr/8a9a2eff-649e-36c9-b2f0-6648f8da8706",
              "dc:contributor": [
                "https://api.deepl.com/v2/translate"
              ],
              "rdf:language": [
                "nl"
              ],
              "rdf:predicate": [
                "additionalInformation"
              ]
            },
            {
              "@id": "https://data.datatourisme.fr/9986dc46-3030-3eb8-8173-45e7b4b6cd91",
              "dc:contributor": [
                "https://api.deepl.com/v2/translate"
              ],
              "rdf:language": [
                "en"
              ],
              "rdf:predicate": [
                "additionalInformation"
              ]
            },
            {
              "@id": "https://data.datatourisme.fr/c239ca5c-ad0b-3aef-a7f2-1cfb1a5be1af",
              "dc:contributor": [
                "https://api.deepl.com/v2/translate"
              ],
              "rdf:language": [
                "it"
              ],
              "rdf:predicate": [
                "additionalInformation"
              ]
            }
          ]
        }
      ],
      "@type": [
        "schema:Place",
        "Place"
      ]
    }
  ],
  "lastUpdate": "2023-06-30",
  "lastUpdateDatatourisme": "2023-10-12T16:59:40.004Z"
}