{
  "@id": "https://data.datatourisme.fr/13/3f80536b-0796-3ea3-b7b0-fc73ecc79732",
  "dc:identifier": "682671",
  "@type": [
    "CulturalSite",
    "PlaceOfInterest",
    "PointOfInterest"
  ],
  "rdfs:comment": {
    "de": [
      "Auf der Île Saint-Louis, im Herzen des Palais de la Cité, entdecken Sie die Sainte-Chapelle, ein Juwel der Flamboyant-Gotik."
    ],
    "en": [
      "The Holy Chapel is home to high stained-glass windows that offer a spectacular light show when the sun shines through."
    ],
    "it": [
      "Sull'Île Saint-Louis, nel cuore del Palais de la Cité, scoprite la Sainte-Chapelle, un gioiello di architettura gotica fiammeggiante."
    ],
    "fr": [
      "Sur l'Île Saint-Louis, au cœur du Palais de la Cité, découvrez la Sainte-Chapelle, joyau du gothique flamboyant."
    ],
    "nl": [
      "Ontdek op het Île Saint-Louis, in het hart van het Palais de la Cité, de Sainte-Chapelle, een juweel van flamboyante gotische architectuur."
    ],
    "es": [
      "En la isla de Saint-Louis, en el corazón del Palacio de la Cité, descubra la Sainte-Chapelle, una joya de la arquitectura gótica flamígera."
    ]
  },
  "rdfs:label": {
    "en": [
      "Sainte-Chapelle"
    ],
    "fr": [
      "Sainte-Chapelle"
    ]
  },
  "owl:sameAs": [
    "http://www.wikidata.org/entity/Q193193"
  ],
  "hasBeenCreatedBy": {
    "@id": "https://data.datatourisme.fr/13/03e0704b-5690-32de-a186-1dc3ad3316c9",
    "dc:identifier": "1019",
    "schema:email": [
      "bgeigle@visitparisregion.com",
      "hcaldo@visitparisregion.com",
      "mtanaskovic@visitparisregion.com"
    ],
    "schema:legalName": "Choose Paris Region",
    "@type": [
      "schema:Organization",
      "foaf:Agent",
      "Agent"
    ],
    "foaf:homepage": [
      "http://www.visitparisregion.com/"
    ]
  },
  "hasBeenPublishedBy": [
    {
      "@id": "https://data.datatourisme.fr/8a9feb4b-2cbd-3d2c-b507-bd6c6776b23b",
      "schema:legalName": "Apidae Tourisme Scic SA - source : Apidae Tourisme",
      "@type": [
        "schema:Organization",
        "foaf:Agent",
        "Agent"
      ],
      "foaf:homepage": [
        "https://www.apidae-tourisme.com/"
      ]
    }
  ],
  "hasContact": [
    {
      "@id": "https://data.datatourisme.fr/05e27f1a-c621-3e16-8248-55d3574fe521",
      "schema:telephone": [
        "+33 1 53 40 60 80"
      ],
      "@type": [
        "foaf:Agent",
        "Agent"
      ],
      "foaf:homepage": [
        "http://www.sainte-chapelle.fr/"
      ]
    }
  ],
  "hasDescription": [
    {
      "@id": "https://data.datatourisme.fr/db0c96ee-aa72-34e7-8011-3f5130dc5b91",
      "@type": [
        "Description"
      ],
      "hasTranslatedProperty": [
        {
          "@id": "https://data.datatourisme.fr/12f7d162-9c0b-3a6f-be55-49480ffa9827",
          "dc:contributor": [
            "https://api.deepl.com/v2/translate"
          ],
          "rdf:language": [
            "nl"
          ],
          "rdf:predicate": [
            "shortDescription"
          ]
        },
        {
          "@id": "https://data.datatourisme.fr/20fce7e1-955b-3e46-b9d6-80f321af636f",
          "dc:contributor": [
            "https://api.deepl.com/v2/translate"
          ],
          "rdf:language": [
            "it"
          ],
          "rdf:predicate": [
            "shortDescription"
          ]
        },
        {
          "@id": "https://data.datatourisme.fr/526efa41-5c18-3b3a-adb2-87a2dfbc6ef1",
          "dc:contributor": [
            "https://api.deepl.com/v2/translate"
          ],
          "rdf:language": [
            "es"
          ],
          "rdf:predicate": [
            "shortDescription"
          ]
        },
        {
          "@id": "https://data.datatourisme.fr/863b93da-af66-36e2-a610-35c82663ff4d",
          "dc:contributor": [
            "https://api.deepl.com/v2/translate"
          ],
          "rdf:language": [
            "de"
          ],
          "rdf:predicate": [
            "shortDescription"
          ]
        }
      ],
      "shortDescription": {
        "de": [
          "Auf der Île Saint-Louis, im Herzen des Palais de la Cité, entdecken Sie die Sainte-Chapelle, ein Juwel der Flamboyant-Gotik."
        ],
        "en": [
          "The Holy Chapel is home to high stained-glass windows that offer a spectacular light show when the sun shines through."
        ],
        "it": [
          "Sull'Île Saint-Louis, nel cuore del Palais de la Cité, scoprite la Sainte-Chapelle, un gioiello di architettura gotica fiammeggiante."
        ],
        "fr": [
          "Sur l'Île Saint-Louis, au cœur du Palais de la Cité, découvrez la Sainte-Chapelle, joyau du gothique flamboyant."
        ],
        "nl": [
          "Ontdek op het Île Saint-Louis, in het hart van het Palais de la Cité, de Sainte-Chapelle, een juweel van flamboyante gotische architectuur."
        ],
        "es": [
          "En la isla de Saint-Louis, en el corazón del Palacio de la Cité, descubra la Sainte-Chapelle, una joya de la arquitectura gótica flamígera."
        ]
      }
    }
  ],
  "hasRepresentation": [
    {
      "@id": "https://data.datatourisme.fr/9b9bfbbb-078d-35ee-9849-2ba4e14dd577",
      "ebucore:hasAnnotation": [
        {
          "@id": "https://data.datatourisme.fr/b3e27aea-693a-3412-9322-151c0c96cccd",
          "ebucore:isCoveredBy": "CC BY-SA 4.0",
          "ebucore:title": {
            "fr": [
              "Paris Sainte Chapelle East View 02"
            ]
          },
          "@type": [
            "ebucore:Annotation"
          ],
          "credits": [
            "Uoaei1 (https://commons.wikimedia.org/wiki/User:Uoaei1)"
          ]
        }
      ],
      "ebucore:hasRelatedResource": [
        {
          "@id": "https://data.datatourisme.fr/4c6fd81b-f33f-3664-b16a-a8b00877c3dc",
          "ebucore:fileSize": [
            8355786
          ],
          "ebucore:hasMimeType": [
            {
              "@id": "kb:JPEG",
              "@type": [
                "ebucore:MimeType"
              ],
              "rdfs:comment": {
                "de": [
                  "JPEG-Bild"
                ],
                "pt": [
                  "Imagem JPEG"
                ],
                "en": [
                  "JPEG image file"
                ],
                "it": [
                  "Immagine JPEG"
                ],
                "fr": [
                  "Image JPEG"
                ],
                "nl": [
                  "JPEG-afbeelding"
                ],
                "es": [
                  "Imagen JPEG"
                ]
              },
              "rdfs:label": {
                "de": [
                  "image/jpeg"
                ],
                "pt": [
                  "image/jpeg"
                ],
                "en": [
                  "image/jpeg"
                ],
                "it": [
                  "image/jpeg"
                ],
                "fr": [
                  "image/jpeg"
                ],
                "nl": [
                  "image/jpeg"
                ],
                "es": [
                  "image/jpeg"
                ]
              }
            }
          ],
          "ebucore:height": 5223,
          "ebucore:locator": [
            "https://upload.wikimedia.org/wikipedia/commons/4/40/Paris_Sainte_Chapelle_East_View_02.JPG"
          ],
          "ebucore:width": 3482,
          "@type": [
            "ebucore:Resource"
          ]
        }
      ],
      "@type": [
        "ebucore:EditorialObject"
      ]
    },
    {
      "@id": "https://data.datatourisme.fr/bdd54af0-9c81-37ac-a0e9-60cb64694f5d",
      "ebucore:hasAnnotation": [
        {
          "@id": "https://data.datatourisme.fr/02bbc347-f397-35e5-837a-733137393576",
          "ebucore:isCoveredBy": "CC BY 2.5",
          "ebucore:title": {
            "fr": [
              "Szensapel"
            ]
          },
          "@type": [
            "ebucore:Annotation"
          ],
          "credits": [
            "Mathae (https://commons.wikimedia.org/wiki/User:Mathae)"
          ]
        }
      ],
      "ebucore:hasRelatedResource": [
        {
          "@id": "https://data.datatourisme.fr/e7ef13fe-486d-3cac-9d60-73b8a227e1d6",
          "ebucore:fileSize": [
            293603
          ],
          "ebucore:hasMimeType": [
            {
              "@id": "kb:JPEG",
              "@type": [
                "ebucore:MimeType"
              ],
              "rdfs:comment": {
                "de": [
                  "JPEG-Bild"
                ],
                "pt": [
                  "Imagem JPEG"
                ],
                "en": [
                  "JPEG image file"
                ],
                "it": [
                  "Immagine JPEG"
                ],
                "fr": [
                  "Image JPEG"
                ],
                "nl": [
                  "JPEG-afbeelding"
                ],
                "es": [
                  "Imagen JPEG"
                ]
              },
              "rdfs:label": {
                "de": [
                  "image/jpeg"
                ],
                "pt": [
                  "image/jpeg"
                ],
                "en": [
                  "image/jpeg"
                ],
                "it": [
                  "image/jpeg"
                ],
                "fr": [
                  "image/jpeg"
                ],
                "nl": [
                  "image/jpeg"
                ],
                "es": [
                  "image/jpeg"
                ]
              }
            }
          ],
          "ebucore:height": 1280,
          "ebucore:locator": [
            "https://upload.wikimedia.org/wikipedia/commons/3/33/Szensapel.jpg"
          ],
          "ebucore:width": 960,
          "@type": [
            "ebucore:Resource"
          ]
        }
      ],
      "@type": [
        "ebucore:EditorialObject"
      ]
    }
  ],
  "hasTheme": [
    {
      "@id": "kb:Culture",
      "@type": [
        "CulturalTheme"
      ],
      "rdfs:label": {
        "de": [
          "Kultur"
        ],
        "pt": [
          "Cultura"
        ],
        "en": [
          "Culture"
        ],
        "it": [
          "Cultura"
        ],
        "fr": [
          "Culture"
        ],
        "nl": [
          "Cultuur"
        ],
        "es": [
          "Cultura"
        ]
      }
    }
  ],
  "hasTranslatedProperty": [
    {
      "@id": "https://data.datatourisme.fr/0a7f615e-4279-3b58-8e4f-06bb5680bb55",
      "dc:contributor": [
        "https://api.deepl.com/v2/translate"
      ],
      "rdf:language": [
        "es"
      ],
      "rdf:predicate": [
        {
          "@id": "rdfs:comment"
        }
      ]
    },
    {
      "@id": "https://data.datatourisme.fr/1f4aa5fb-b0e8-38d5-8428-2590ca075d77",
      "dc:contributor": [
        "https://api.deepl.com/v2/translate"
      ],
      "rdf:language": [
        "de"
      ],
      "rdf:predicate": [
        {
          "@id": "rdfs:comment"
        }
      ]
    },
    {
      "@id": "https://data.datatourisme.fr/a1526f39-70ff-354a-a7ec-948ccee9bfaa",
      "dc:contributor": [
        "https://api.deepl.com/v2/translate"
      ],
      "rdf:language": [
        "it"
      ],
      "rdf:predicate": [
        {
          "@id": "rdfs:comment"
        }
      ]
    },
    {
      "@id": "https://data.datatourisme.fr/ec1dba9b-31cd-35b5-b919-5c1357e9bfa8",
      "dc:contributor": [
        "https://api.deepl.com/v2/translate"
      ],
      "rdf:language": [
        "nl"
      ],
      "rdf:predicate": [
        {
          "@id": "rdfs:comment"
        }
      ]
    }
  ],
  "isLocatedAt": [
    {
      "@id": "https://data.datatourisme.fr/e9c42b6d-ca68-3b87-a59a-c8e1c1b98e3e",
      "schema:address": [
        {
          "@id": "https://data.datatourisme.fr/1cd501ba-39de-3bff-b761-de213f999252",
          "schema:addressLocality": "Paris",
          "schema:postalCode": "75001",
          "schema:streetAddress": [
            "8 boulevard du Palais"
          ],
          "@type": [
            "schema:PostalAddress",
            "PostalAddress"
          ],
          "hasAddressCity": {
            "@id": "kb:75056",
            "@type": [
              "City"
            ],
            "rdfs:label": {
              "de": [
                "Paris"
              ],
              "pt": [
                "Paris"
              ],
              "en": [
                "Paris"
              ],
              "it": [
                "Paris"
              ],
              "fr": [
                "Paris"
              ],
              "nl": [
                "Paris"
              ],
              "es": [
                "Paris"
              ]
            },
            "insee": "75056",
            "isPartOfDepartment": {
              "@id": "kb:France1175",
              "@type": [
                "Department"
              ],
              "rdfs:label": {
                "de": [
                  "Paris"
                ],
                "pt": [
                  "Paris"
                ],
                "en": [
                  "Paris"
                ],
                "it": [
                  "Paris"
                ],
                "fr": [
                  "Paris"
                ],
                "nl": [
                  "Paris"
                ],
                "es": [
                  "Paris"
                ]
              },
              "insee": "75",
              "isPartOfRegion": {
                "@id": "kb:France11",
                "@type": [
                  "Region"
                ],
                "rdfs:label": {
                  "de": [
                    "Île-de-France"
                  ],
                  "pt": [
                    "Île-de-France"
                  ],
                  "en": [
                    "Île-de-France"
                  ],
                  "it": [
                    "Île-de-France"
                  ],
                  "fr": [
                    "Île-de-France"
                  ],
                  "nl": [
                    "Île-de-France"
                  ],
                  "es": [
                    "Île-de-France"
                  ]
                },
                "insee": "11",
                "isPartOfCountry": {
                  "@id": "kb:France",
                  "@type": [
                    "schema:Country"
                  ],
                  "rdfs:label": {
                    "de": [
                      "France",
                      "Frankreich"
                    ],
                    "pt": [
                      "França",
                      "France"
                    ],
                    "en": [
                      "France"
                    ],
                    "it": [
                      "France",
                      "Francia"
                    ],
                    "fr": [
                      "France"
                    ],
                    "nl": [
                      "France",
                      "Frankrijk"
                    ],
                    "es": [
                      "France",
                      "Francia"
                    ]
                  }
                }
              }
            }
          }
        }
      ],
      "schema:geo": {
        "@id": "https://data.datatourisme.fr/6039eaf3-bbfb-3176-b9a5-d1f968fdd03e",
        "schema:latitude": "48.855041",
        "schema:longitude": "2.345338",
        "@type": [
          "schema:GeoCoordinates"
        ]
      },
      "schema:openingHoursSpecification": [
        {
          "@id": "https://data.datatourisme.fr/553890f4-bc28-3d31-b3ed-6d326d8b21d3",
          "schema:closes": "19:00:00",
          "schema:opens": "09:00:00",
          "schema:validFrom": "2023-04-01T00:00:00",
          "schema:validThrough": "2023-09-30T23:59:59",
          "@type": [
            "schema:OpeningHoursSpecification"
          ],
          "additionalInformation": {
            "de": [
              "Letzter Zugang zum Kartenverkauf 40 min vor Schließung."
            ],
            "en": [
              "Last access to the ticket office 40 min before closing time."
            ],
            "it": [
              "Ultimo accesso alla biglietteria 40 minuti prima della chiusura."
            ],
            "fr": [
              "Dernier accès à la billetterie 40 min avant la fermeture."
            ],
            "es": [
              "Último acceso a la taquilla 40 minutos antes del cierre."
            ],
            "nl": [
              "Laatste toegang tot de kassa 40 minuten voor sluitingstijd."
            ]
          },
          "hasTranslatedProperty": [
            {
              "@id": "https://data.datatourisme.fr/4699feb5-e892-3c20-8e74-cfc53d11303c",
              "dc:contributor": [
                "https://api.deepl.com/v2/translate"
              ],
              "rdf:language": [
                "es"
              ],
              "rdf:predicate": [
                "additionalInformation"
              ]
            },
            {
              "@id": "https://data.datatourisme.fr/792a0c31-b086-3c07-87e2-1e50c04824f0",
              "dc:contributor": [
                "https://api.deepl.com/v2/translate"
              ],
              "rdf:language": [
                "it"
              ],
              "rdf:predicate": [
                "additionalInformation"
              ]
            },
            {
              "@id": "https://data.datatourisme.fr/7f86ec86-9d11-3bc7-af42-0c2dcf8eccb3",
              "dc:contributor": [
                "https://api.deepl.com/v2/translate"
              ],
              "rdf:language": [
                "en"
              ],
              "rdf:predicate": [
                "additionalInformation"
              ]
            },
            {
              "@id": "https://data.datatourisme.fr/bfa17ff4-12e9-3cb6-9b91-76b6500ca416",
              "dc:contributor": [
                "https://api.deepl.com/v2/translate"
              ],
              "rdf:language": [
                "de"
              ],
              "rdf:predicate": [
                "additionalInformation"
              ]
            },
            {
              "@id": "https://data.datatourisme.fr/e8b66888-b9eb-3af5-9409-cf17b59e0f55",
              "dc:contributor": [
                "https://api.deepl.com/v2/translate"
              ],
              "rdf:language": [
                "nl"
              ],
              "rdf:predicate": [
                "additionalInformation"
              ]
            }
          ]
        },
        {
          "@id": "https://data.datatourisme.fr/93f4abac-f2bb-3697-bc11-f05da13f2e7b",
          "schema:closes": "17:00:00",
          "schema:opens": "09:00:00",
          "schema:validFrom": "2023-10-01T00:00:00",
          "schema:validThrough": "2023-03-31T23:59:59",
          "@type": [
            "schema:OpeningHoursSpecification"
          ],
          "additionalInformation": {
            "de": [
              "Letzter Zugang zum Kartenverkauf 30 min vor Schließung.\r\n\r\n."
            ],
            "en": [
              "Last access to the ticket office 30 minutes before closing time.\r\n\r\n."
            ],
            "it": [
              "Ultimo accesso alla biglietteria 30 minuti prima della chiusura.\r\n\r\n."
            ],
            "fr": [
              "Dernier accès à la billetterie 30 min avant la fermeture.\r\n\r\n."
            ],
            "es": [
              "Último acceso a la taquilla 30 minutos antes del cierre.\r\n\r\n."
            ],
            "nl": [
              "Laatste toegang tot de kassa 30 minuten voor sluitingstijd.\r\n\r\n."
            ]
          },
          "hasTranslatedProperty": [
            {
              "@id": "https://data.datatourisme.fr/00fd2c37-62b7-3a60-942c-685ac41861da",
              "dc:contributor": [
                "https://api.deepl.com/v2/translate"
              ],
              "rdf:language": [
                "de"
              ],
              "rdf:predicate": [
                "additionalInformation"
              ]
            },
            {
              "@id": "https://data.datatourisme.fr/1f4064d0-e79a-395c-acc7-2a3a635f854a",
              "dc:contributor": [
                "https://api.deepl.com/v2/translate"
              ],
              "rdf:language": [
                "it"
              ],
              "rdf:predicate": [
                "additionalInformation"
              ]
            },
            {
              "@id": "https://data.datatourisme.fr/487502f1-eb86-3574-b067-f8037277fa69",
              "dc:contributor": [
                "https://api.deepl.com/v2/translate"
              ],
              "rdf:language": [
                "en"
              ],
              "rdf:predicate": [
                "additionalInformation"
              ]
            },
            {
              "@id": "https://data.datatourisme.fr/6e1186e1-f16d-30b9-9dcb-57e539b4eb4e",
              "dc:contributor": [
                "https://api.deepl.com/v2/translate"
              ],
              "rdf:language": [
                "nl"
              ],
              "rdf:predicate": [
                "additionalInformation"
              ]
            },
            {
              "@id": "https://data.datatourisme.fr/f23aa63d-79f3-3b8e-96de-5ba2a7376871",
              "dc:contributor": [
                "https://api.deepl.com/v2/translate"
              ],
              "rdf:language": [
                "es"
              ],
              "rdf:predicate": [
                "additionalInformation"
              ]
            }
          ]
        }
      ],
      "@type": [
        "schema:Place",
        "Place"
      ]
    }
  ],
  "isOwnedBy": [
    {
      "@id": "https://data.datatourisme.fr/3b8a790a-ebad-39c6-9a18-c5663001f469",
      "schema:email": [
        "bgeigle@visitparisregion.com",
        "hcaldo@visitparisregion.com",
        "mtanaskovic@visitparisregion.com"
      ],
      "schema:legalName": "Choose Paris Region",
      "@type": [
        "schema:Organization",
        "foaf:Agent",
        "Agent"
      ],
      "foaf:homepage": [
        "http://www.visitparisregion.com/"
      ]
    }
  ],
  "lastUpdate": "2023-09-20",
  "lastUpdateDatatourisme": "2023-10-02T05:53:31.781Z",
  "offers": [
    {
      "@id": "https://data.datatourisme.fr/095614ff-b13b-3624-9d8b-c8e7e972f2b5",
      "schema:priceSpecification": [
        {
          "@id": "https://data.datatourisme.fr/95d24f4f-a609-377a-bb64-486dbf516b64",
          "schema:maxPrice": [
            "11.5",
            "400",
            "9"
          ],
          "schema:minPrice": [
            "11.5",
            "400",
            "9"
          ],
          "schema:priceCurrency": "EUR",
          "@type": [
            "schema:PriceSpecification",
            "PriceSpecification"
          ],
          "appliesOnPeriod": [
            {
              "@id": "https://data.datatourisme.fr/291ba96c-d01e-34cf-9674-0451f896f0e4",
              "@type": [
                "Period"
              ],
              "endDate": "2023-09-30",
              "startDate": "2023-04-01"
            }
          ]
        },
        {
          "@id": "https://data.datatourisme.fr/dea590fa-cbee-3759-854a-1e0fe9824154",
          "schema:maxPrice": [
            "11.5",
            "400",
            "9"
          ],
          "schema:minPrice": [
            "11.5",
            "400",
            "9"
          ],
          "schema:priceCurrency": "EUR",
          "@type": [
            "schema:PriceSpecification",
            "PriceSpecification"
          ],
          "appliesOnPeriod": [
            {
              "@id": "https://data.datatourisme.fr/1ff3ec26-d73f-374f-b161-70bf463b1eb6",
              "@type": [
                "Period"
              ],
              "endDate": "2024-03-31",
              "startDate": "2023-10-01"
            }
          ]
        }
      ],
      "@type": [
        "schema:Offer",
        "Offer"
      ]
    }
  ]
}