{
  "@id": "https://data.datatourisme.fr/13/c2d0694e-05d7-3a5e-99b8-1c82d312c54e",
  "dc:identifier": "6532102",
  "schema:endDate": [
    "2023-11-05"
  ],
  "schema:startDate": [
    "2023-06-08"
  ],
  "@type": [
    "schema:Event",
    "schema:ExhibitionEvent",
    "CulturalEvent",
    "EntertainmentAndEvent",
    "Exhibition",
    "PointOfInterest"
  ],
  "rdfs:comment": {
    "de": [
      "Der australische Künstler Ron Mueck wird vom 8. Juni bis zum 5. November 2023 in der Fondation Cartier pour l'art contemporain ausgestellt. Die einzigartige Gelegenheit, eine Reihe von unveröffentlichten und emblematischen Werken mit verwirrendem Realismus zu entdecken."
    ],
    "en": [
      "Australian artist Ron Mueck exhibits at the Fondation Cartier pour l?art contemporain from June 8 to November 5, 2023. This is a unique opportunity to discover a collection of never-before-seen and emblematic works of disconcerting realism."
    ],
    "it": [
      "L'artista australiano Ron Mueck sarà in mostra alla Fondation Cartier pour l'art contemporain dall'8 giugno al 5 novembre 2023. Si tratta di un'occasione unica per scoprire una collezione di opere nuove ed emblematiche di sconcertante realismo."
    ],
    "fr": [
      "L’artiste australien Ron Mueck s’expose à la Fondation Cartier pour l’art contemporain du 8 juin au 5 novembre 2023. L’occasion unique de découvrir un ensemble d’œuvres inédites et emblématiques au réalisme déroutant."
    ],
    "es": [
      "El artista australiano Ron Mueck estará expuesto en la Fondation Cartier pour l'art contemporain del 8 de junio al 5 de noviembre de 2023. Se trata de una oportunidad única para descubrir una colección de obras nuevas y emblemáticas de un realismo desconcertante."
    ],
    "nl": [
      "De Australische kunstenaar Ron Mueck zal van 8 juni tot 5 november 2023 te zien zijn in de Fondation Cartier pour l'art contemporain. Dit is een unieke kans om een collectie nieuwe en emblematische werken van onthutsend realisme te ontdekken."
    ]
  },
  "rdfs:label": {
    "fr": [
      "Ron Mueck"
    ]
  },
  "hasBeenCreatedBy": {
    "@id": "https://data.datatourisme.fr/13/03e0704b-5690-32de-a186-1dc3ad3316c9",
    "dc:identifier": "1019",
    "schema:email": [
      "bgeigle@visitparisregion.com",
      "hcaldo@visitparisregion.com",
      "mtanaskovic@visitparisregion.com"
    ],
    "schema:legalName": "Choose Paris Region",
    "@type": [
      "schema:Organization",
      "foaf:Agent",
      "Agent"
    ],
    "foaf:homepage": [
      "http://www.visitparisregion.com/"
    ]
  },
  "hasBeenPublishedBy": [
    {
      "@id": "https://data.datatourisme.fr/8a9feb4b-2cbd-3d2c-b507-bd6c6776b23b",
      "schema:legalName": "Apidae Tourisme Scic SA - source : Apidae Tourisme",
      "@type": [
        "schema:Organization",
        "foaf:Agent",
        "Agent"
      ],
      "foaf:homepage": [
        "https://www.apidae-tourisme.com/"
      ]
    }
  ],
  "hasContact": [
    {
      "@id": "https://data.datatourisme.fr/a4a6a2b2-8599-3335-a24d-6cd7b7b81e2d",
      "schema:telephone": [
        "+33 1 42 18 56 50"
      ],
      "@type": [
        "foaf:Agent",
        "Agent"
      ],
      "foaf:homepage": [
        "https://www.fondationcartier.com/expositions/ron-mueck-2023"
      ]
    }
  ],
  "hasDescription": [
    {
      "@id": "https://data.datatourisme.fr/9beffba1-8de8-3413-8cff-bfde735446b7",
      "@type": [
        "Description"
      ],
      "hasTranslatedProperty": [
        {
          "@id": "https://data.datatourisme.fr/19853a82-a931-3f0c-af5a-460cf545b070",
          "dc:contributor": [
            "https://api.deepl.com/v2/translate"
          ],
          "rdf:language": [
            "de"
          ],
          "rdf:predicate": [
            "shortDescription"
          ]
        },
        {
          "@id": "https://data.datatourisme.fr/22957a23-771f-300e-b9d3-9acae502986f",
          "dc:contributor": [
            "https://api.deepl.com/v2/translate"
          ],
          "rdf:language": [
            "it"
          ],
          "rdf:predicate": [
            "shortDescription"
          ]
        },
        {
          "@id": "https://data.datatourisme.fr/3b3429ef-5291-37d0-9478-3c56014d1f69",
          "dc:contributor": [
            "https://api.deepl.com/v2/translate"
          ],
          "rdf:language": [
            "en"
          ],
          "rdf:predicate": [
            "shortDescription"
          ]
        },
        {
          "@id": "https://data.datatourisme.fr/cf56b727-fb12-3ac2-bde9-50f6abd8279f",
          "dc:contributor": [
            "https://api.deepl.com/v2/translate"
          ],
          "rdf:language": [
            "es"
          ],
          "rdf:predicate": [
            "shortDescription"
          ]
        },
        {
          "@id": "https://data.datatourisme.fr/f5799944-c5a7-3a38-9408-e0f6b99945da",
          "dc:contributor": [
            "https://api.deepl.com/v2/translate"
          ],
          "rdf:language": [
            "nl"
          ],
          "rdf:predicate": [
            "shortDescription"
          ]
        }
      ],
      "shortDescription": {
        "de": [
          "Der australische Künstler Ron Mueck wird vom 8. Juni bis zum 5. November 2023 in der Fondation Cartier pour l'art contemporain ausgestellt. Die einzigartige Gelegenheit, eine Reihe von unveröffentlichten und emblematischen Werken mit verwirrendem Realismus zu entdecken."
        ],
        "en": [
          "Australian artist Ron Mueck exhibits at the Fondation Cartier pour l?art contemporain from June 8 to November 5, 2023. This is a unique opportunity to discover a collection of never-before-seen and emblematic works of disconcerting realism."
        ],
        "it": [
          "L'artista australiano Ron Mueck sarà in mostra alla Fondation Cartier pour l'art contemporain dall'8 giugno al 5 novembre 2023. Si tratta di un'occasione unica per scoprire una collezione di opere nuove ed emblematiche di sconcertante realismo."
        ],
        "fr": [
          "L’artiste australien Ron Mueck s’expose à la Fondation Cartier pour l’art contemporain du 8 juin au 5 novembre 2023. L’occasion unique de découvrir un ensemble d’œuvres inédites et emblématiques au réalisme déroutant."
        ],
        "es": [
          "El artista australiano Ron Mueck estará expuesto en la Fondation Cartier pour l'art contemporain del 8 de junio al 5 de noviembre de 2023. Se trata de una oportunidad única para descubrir una colección de obras nuevas y emblemáticas de un realismo desconcertante."
        ],
        "nl": [
          "De Australische kunstenaar Ron Mueck zal van 8 juni tot 5 november 2023 te zien zijn in de Fondation Cartier pour l'art contemporain. Dit is een unieke kans om een collectie nieuwe en emblematische werken van onthutsend realisme te ontdekken."
        ]
      }
    }
  ],
  "hasTranslatedProperty": [
    {
      "@id": "https://data.datatourisme.fr/5bb9a87c-5e92-37cc-9b9d-ad484d0e2453",
      "dc:contributor": [
        "https://api.deepl.com/v2/translate"
      ],
      "rdf:language": [
        "it"
      ],
      "rdf:predicate": [
        {
          "@id": "rdfs:comment"
        }
      ]
    },
    {
      "@id": "https://data.datatourisme.fr/8514a801-9e45-3015-b2bc-514891f4a5ce",
      "dc:contributor": [
        "https://api.deepl.com/v2/translate"
      ],
      "rdf:language": [
        "en"
      ],
      "rdf:predicate": [
        {
          "@id": "rdfs:comment"
        }
      ]
    },
    {
      "@id": "https://data.datatourisme.fr/9535f89b-4e0c-3476-8c98-3d64c61be269",
      "dc:contributor": [
        "https://api.deepl.com/v2/translate"
      ],
      "rdf:language": [
        "nl"
      ],
      "rdf:predicate": [
        {
          "@id": "rdfs:comment"
        }
      ]
    },
    {
      "@id": "https://data.datatourisme.fr/ea598c4a-a9c7-3fce-bf3e-c366d41843b2",
      "dc:contributor": [
        "https://api.deepl.com/v2/translate"
      ],
      "rdf:language": [
        "de"
      ],
      "rdf:predicate": [
        {
          "@id": "rdfs:comment"
        }
      ]
    },
    {
      "@id": "https://data.datatourisme.fr/ef759f9e-0e7d-30a9-9ea7-995c401ca4bf",
      "dc:contributor": [
        "https://api.deepl.com/v2/translate"
      ],
      "rdf:language": [
        "es"
      ],
      "rdf:predicate": [
        {
          "@id": "rdfs:comment"
        }
      ]
    }
  ],
  "isLocatedAt": [
    {
      "@id": "https://data.datatourisme.fr/aa8e1249-c92b-3c8c-8162-f17dbc5f1b32",
      "schema:address": [
        {
          "@id": "https://data.datatourisme.fr/984e852f-dc0c-395b-9e33-daa05585da76",
          "schema:addressLocality": "Paris 14e Arrondissement",
          "schema:postalCode": "75014",
          "schema:streetAddress": [
            "261 boulevard Raspail",
            "Fondation Cartier pour l'art contemporain"
          ],
          "@type": [
            "schema:PostalAddress",
            "PostalAddress"
          ],
          "hasAddressCity": {
            "@id": "kb:75114",
            "@type": [
              "City"
            ],
            "rdfs:label": {
              "de": [
                "Paris 14e Arrondissement"
              ],
              "pt": [
                "Paris 14e Arrondissement"
              ],
              "en": [
                "Paris 14e Arrondissement"
              ],
              "it": [
                "Paris 14e Arrondissement"
              ],
              "fr": [
                "Paris 14e Arrondissement"
              ],
              "nl": [
                "Paris 14e Arrondissement"
              ],
              "es": [
                "Paris 14e Arrondissement"
              ]
            },
            "insee": "75114",
            "isPartOfDepartment": {
              "@id": "kb:France1175",
              "@type": [
                "Department"
              ],
              "rdfs:label": {
                "de": [
                  "Paris"
                ],
                "pt": [
                  "Paris"
                ],
                "en": [
                  "Paris"
                ],
                "it": [
                  "Paris"
                ],
                "fr": [
                  "Paris"
                ],
                "nl": [
                  "Paris"
                ],
                "es": [
                  "Paris"
                ]
              },
              "insee": "75",
              "isPartOfRegion": {
                "@id": "kb:France11",
                "@type": [
                  "Region"
                ],
                "rdfs:label": {
                  "de": [
                    "Île-de-France"
                  ],
                  "pt": [
                    "Île-de-France"
                  ],
                  "en": [
                    "Île-de-France"
                  ],
                  "it": [
                    "Île-de-France"
                  ],
                  "fr": [
                    "Île-de-France"
                  ],
                  "nl": [
                    "Île-de-France"
                  ],
                  "es": [
                    "Île-de-France"
                  ]
                },
                "insee": "11",
                "isPartOfCountry": {
                  "@id": "kb:France",
                  "@type": [
                    "schema:Country"
                  ],
                  "rdfs:label": {
                    "de": [
                      "France",
                      "Frankreich"
                    ],
                    "pt": [
                      "França",
                      "France"
                    ],
                    "en": [
                      "France"
                    ],
                    "it": [
                      "France",
                      "Francia"
                    ],
                    "fr": [
                      "France"
                    ],
                    "nl": [
                      "France",
                      "Frankrijk"
                    ],
                    "es": [
                      "France",
                      "Francia"
                    ]
                  }
                }
              }
            }
          }
        }
      ],
      "schema:geo": {
        "@id": "https://data.datatourisme.fr/667113fe-5b27-309d-bc0a-c542235f9d9a",
        "schema:latitude": "48.837343",
        "schema:longitude": "2.331953",
        "@type": [
          "schema:GeoCoordinates"
        ]
      },
      "schema:openingHoursSpecification": [
        {
          "@id": "https://data.datatourisme.fr/374daf7b-a860-3a9c-9805-723e4512e335",
          "schema:validFrom": "2023-06-08T00:00:00",
          "schema:validThrough": "2023-11-05T23:59:59",
          "@type": [
            "schema:OpeningHoursSpecification"
          ],
          "additionalInformation": {
            "de": [
              "Eröffnung der Ausstellung ab dem 8. Juni 2023"
            ],
            "en": [
              "Exhibition opens June 8, 2023"
            ],
            "it": [
              "La mostra apre l'8 giugno 2023"
            ],
            "fr": [
              "Ouverture de l'exposition à partir du 8 juin 2023"
            ],
            "nl": [
              "Tentoonstelling opent op 8 juni 2023"
            ],
            "es": [
              "La exposición se inaugura el 8 de junio de 2023"
            ]
          },
          "hasTranslatedProperty": [
            {
              "@id": "https://data.datatourisme.fr/70aad5e5-0868-30af-aaa4-c4aa524a6184",
              "dc:contributor": [
                "https://api.deepl.com/v2/translate"
              ],
              "rdf:language": [
                "it"
              ],
              "rdf:predicate": [
                "additionalInformation"
              ]
            },
            {
              "@id": "https://data.datatourisme.fr/88233487-cc60-3684-9e47-126863b313f2",
              "dc:contributor": [
                "https://api.deepl.com/v2/translate"
              ],
              "rdf:language": [
                "es"
              ],
              "rdf:predicate": [
                "additionalInformation"
              ]
            },
            {
              "@id": "https://data.datatourisme.fr/c2ff32d1-93da-3c68-a118-9e11edbd36eb",
              "dc:contributor": [
                "https://api.deepl.com/v2/translate"
              ],
              "rdf:language": [
                "en"
              ],
              "rdf:predicate": [
                "additionalInformation"
              ]
            },
            {
              "@id": "https://data.datatourisme.fr/c4c5bd8f-8618-3c1f-a98e-69e2c184427a",
              "dc:contributor": [
                "https://api.deepl.com/v2/translate"
              ],
              "rdf:language": [
                "de"
              ],
              "rdf:predicate": [
                "additionalInformation"
              ]
            },
            {
              "@id": "https://data.datatourisme.fr/ce22e7ea-58a7-35c8-96e7-d1c9a9dc8e2f",
              "dc:contributor": [
                "https://api.deepl.com/v2/translate"
              ],
              "rdf:language": [
                "nl"
              ],
              "rdf:predicate": [
                "additionalInformation"
              ]
            }
          ]
        }
      ],
      "@type": [
        "schema:Place",
        "Place"
      ]
    }
  ],
  "isOwnedBy": [
    {
      "@id": "https://data.datatourisme.fr/3b8a790a-ebad-39c6-9a18-c5663001f469",
      "schema:email": [
        "bgeigle@visitparisregion.com",
        "hcaldo@visitparisregion.com",
        "mtanaskovic@visitparisregion.com"
      ],
      "schema:legalName": "Choose Paris Region",
      "@type": [
        "schema:Organization",
        "foaf:Agent",
        "Agent"
      ],
      "foaf:homepage": [
        "http://www.visitparisregion.com/"
      ]
    }
  ],
  "lastUpdate": "2023-05-17",
  "lastUpdateDatatourisme": "2023-10-02T05:53:31.766Z",
  "offers": [
    {
      "@id": "https://data.datatourisme.fr/383ec8f6-e48a-3e3d-9d55-26ef58b8d6a4",
      "schema:priceSpecification": [
        {
          "@id": "https://data.datatourisme.fr/e8605605-f542-3288-9c46-cd1bfc5dd401",
          "schema:maxPrice": [
            "11",
            "7"
          ],
          "schema:minPrice": [
            "11",
            "7"
          ],
          "schema:priceCurrency": "EUR",
          "@type": [
            "schema:PriceSpecification",
            "PriceSpecification"
          ],
          "appliesOnPeriod": [
            {
              "@id": "https://data.datatourisme.fr/cac20cb8-cb48-37c7-b433-f4b4affb8c79",
              "@type": [
                "Period"
              ],
              "endDate": "2023-11-05",
              "startDate": "2023-06-08"
            }
          ]
        }
      ],
      "@type": [
        "schema:Offer",
        "Offer"
      ]
    }
  ],
  "takesPlaceAt": [
    {
      "@id": "https://data.datatourisme.fr/cac20cb8-cb48-37c7-b433-f4b4affb8c79",
      "@type": [
        "Period"
      ],
      "endDate": "2023-11-05",
      "startDate": "2023-06-08"
    }
  ]
}