{
  "@id": "https://data.datatourisme.fr/13/c532753c-3eaa-3421-b2ed-d2b0e58761bd",
  "dc:identifier": "696850",
  "@type": [
    "CulturalSite",
    "Mosque",
    "PlaceOfInterest",
    "PointOfInterest",
    "ReligiousSite"
  ],
  "rdfs:comment": {
    "de": [
      "Besuchen Sie die Pariser Moschee und tauchen Sie im Herzen von Paris in eine orientalische Atmosphäre ein."
    ],
    "en": [
      "Visit the Paris Mosque and immerse yourself in an oriental atmosphere in the heart of Paris."
    ],
    "it": [
      "Visitate la Moschea di Parigi e immergetevi in un'atmosfera orientale nel cuore di Parigi."
    ],
    "fr": [
      "Visitez la Mosquée de Paris et plongez-vous dans une atmosphère orientale en plein cœur de Paris."
    ],
    "es": [
      "Visite la Mezquita de París y sumérjase en un ambiente oriental en el corazón de París."
    ],
    "nl": [
      "Bezoek de Moskee van Parijs en dompel u onder in een oosterse sfeer in het hart van Parijs."
    ]
  },
  "rdfs:label": {
    "en": [
      "Great Mosque of Paris"
    ],
    "fr": [
      "Mosquée de Paris"
    ]
  },
  "owl:sameAs": [
    "http://www.wikidata.org/entity/Q392564"
  ],
  "hasBeenCreatedBy": {
    "@id": "https://data.datatourisme.fr/13/03e0704b-5690-32de-a186-1dc3ad3316c9",
    "dc:identifier": "1019",
    "schema:email": [
      "bgeigle@visitparisregion.com",
      "hcaldo@visitparisregion.com",
      "mtanaskovic@visitparisregion.com"
    ],
    "schema:legalName": "Choose Paris Region",
    "@type": [
      "schema:Organization",
      "foaf:Agent",
      "Agent"
    ],
    "foaf:homepage": [
      "http://www.visitparisregion.com/"
    ]
  },
  "hasBeenPublishedBy": [
    {
      "@id": "https://data.datatourisme.fr/8a9feb4b-2cbd-3d2c-b507-bd6c6776b23b",
      "schema:legalName": "Apidae Tourisme Scic SA - source : Apidae Tourisme",
      "@type": [
        "schema:Organization",
        "foaf:Agent",
        "Agent"
      ],
      "foaf:homepage": [
        "https://www.apidae-tourisme.com/"
      ]
    }
  ],
  "hasContact": [
    {
      "@id": "https://data.datatourisme.fr/d4a21f72-031d-30d0-8c4f-d8e3962c60cd",
      "schema:telephone": [
        "+33 1 45 35 97 33"
      ],
      "@type": [
        "foaf:Agent",
        "Agent"
      ],
      "foaf:homepage": [
        "https://www.grandemosqueedeparis.fr/"
      ]
    }
  ],
  "hasDescription": [
    {
      "@id": "https://data.datatourisme.fr/8f5879f8-baa7-390d-8fb6-3e3e73bf6e00",
      "@type": [
        "Description"
      ],
      "hasTranslatedProperty": [
        {
          "@id": "https://data.datatourisme.fr/319d6787-5910-3ee2-b7c9-5ee23feef6e9",
          "dc:contributor": [
            "https://api.deepl.com/v2/translate"
          ],
          "rdf:language": [
            "it"
          ],
          "rdf:predicate": [
            "shortDescription"
          ]
        },
        {
          "@id": "https://data.datatourisme.fr/49f73288-dc38-3123-98d5-d40ea95431e0",
          "dc:contributor": [
            "https://api.deepl.com/v2/translate"
          ],
          "rdf:language": [
            "en"
          ],
          "rdf:predicate": [
            "shortDescription"
          ]
        },
        {
          "@id": "https://data.datatourisme.fr/4fc20a5e-999e-33c1-abb3-af63350b902a",
          "dc:contributor": [
            "https://api.deepl.com/v2/translate"
          ],
          "rdf:language": [
            "nl"
          ],
          "rdf:predicate": [
            "shortDescription"
          ]
        },
        {
          "@id": "https://data.datatourisme.fr/aee9f709-b537-35bb-825b-b0787540fc7f",
          "dc:contributor": [
            "https://api.deepl.com/v2/translate"
          ],
          "rdf:language": [
            "de"
          ],
          "rdf:predicate": [
            "shortDescription"
          ]
        },
        {
          "@id": "https://data.datatourisme.fr/bd173098-7502-3c47-8b83-32e6f8f7423d",
          "dc:contributor": [
            "https://api.deepl.com/v2/translate"
          ],
          "rdf:language": [
            "es"
          ],
          "rdf:predicate": [
            "shortDescription"
          ]
        }
      ],
      "shortDescription": {
        "de": [
          "Besuchen Sie die Pariser Moschee und tauchen Sie im Herzen von Paris in eine orientalische Atmosphäre ein."
        ],
        "en": [
          "Visit the Paris Mosque and immerse yourself in an oriental atmosphere in the heart of Paris."
        ],
        "it": [
          "Visitate la Moschea di Parigi e immergetevi in un'atmosfera orientale nel cuore di Parigi."
        ],
        "fr": [
          "Visitez la Mosquée de Paris et plongez-vous dans une atmosphère orientale en plein cœur de Paris."
        ],
        "es": [
          "Visite la Mezquita de París y sumérjase en un ambiente oriental en el corazón de París."
        ],
        "nl": [
          "Bezoek de Moskee van Parijs en dompel u onder in een oosterse sfeer in het hart van Parijs."
        ]
      }
    }
  ],
  "hasRepresentation": [
    {
      "@id": "https://data.datatourisme.fr/152d818c-4355-3c42-83f6-9ba56d2a5f1d",
      "ebucore:hasAnnotation": [
        {
          "@id": "https://data.datatourisme.fr/6b8c0825-bfee-385b-bb41-ba2ae35d31b6",
          "ebucore:isCoveredBy": "CC BY-SA 4.0",
          "ebucore:title": {
            "fr": [
              "Grande Mosquée de Paris"
            ]
          },
          "@type": [
            "ebucore:Annotation"
          ],
          "credits": [
            "LPLT (https://commons.wikimedia.org/wiki/User:LPLT)"
          ]
        }
      ],
      "ebucore:hasRelatedResource": [
        {
          "@id": "https://data.datatourisme.fr/e3bd809a-97c8-33cf-b87a-1436976b90b2",
          "ebucore:fileSize": [
            2929412
          ],
          "ebucore:hasMimeType": [
            {
              "@id": "kb:JPEG",
              "@type": [
                "ebucore:MimeType"
              ],
              "rdfs:comment": {
                "de": [
                  "JPEG-Bild"
                ],
                "pt": [
                  "Imagem JPEG"
                ],
                "en": [
                  "JPEG image file"
                ],
                "it": [
                  "Immagine JPEG"
                ],
                "fr": [
                  "Image JPEG"
                ],
                "nl": [
                  "JPEG-afbeelding"
                ],
                "es": [
                  "Imagen JPEG"
                ]
              },
              "rdfs:label": {
                "de": [
                  "image/jpeg"
                ],
                "pt": [
                  "image/jpeg"
                ],
                "en": [
                  "image/jpeg"
                ],
                "it": [
                  "image/jpeg"
                ],
                "fr": [
                  "image/jpeg"
                ],
                "nl": [
                  "image/jpeg"
                ],
                "es": [
                  "image/jpeg"
                ]
              }
            }
          ],
          "ebucore:height": 2304,
          "ebucore:locator": [
            "https://upload.wikimedia.org/wikipedia/commons/c/ce/Grande_Mosqu%C3%A9e_de_Paris.JPG"
          ],
          "ebucore:width": 3072,
          "@type": [
            "ebucore:Resource"
          ]
        }
      ],
      "@type": [
        "ebucore:EditorialObject"
      ]
    }
  ],
  "hasTheme": [
    {
      "@id": "kb:Culture",
      "@type": [
        "CulturalTheme"
      ],
      "rdfs:label": {
        "de": [
          "Kultur"
        ],
        "pt": [
          "Cultura"
        ],
        "en": [
          "Culture"
        ],
        "it": [
          "Cultura"
        ],
        "fr": [
          "Culture"
        ],
        "nl": [
          "Cultuur"
        ],
        "es": [
          "Cultura"
        ]
      }
    }
  ],
  "hasTranslatedProperty": [
    {
      "@id": "https://data.datatourisme.fr/56c1c8d9-b09c-36c5-b0b1-97104fe76104",
      "dc:contributor": [
        "https://api.deepl.com/v2/translate"
      ],
      "rdf:language": [
        "es"
      ],
      "rdf:predicate": [
        {
          "@id": "rdfs:comment"
        }
      ]
    },
    {
      "@id": "https://data.datatourisme.fr/c5e599e9-fa94-3c1e-8314-39e438461d45",
      "dc:contributor": [
        "https://api.deepl.com/v2/translate"
      ],
      "rdf:language": [
        "de"
      ],
      "rdf:predicate": [
        {
          "@id": "rdfs:comment"
        }
      ]
    },
    {
      "@id": "https://data.datatourisme.fr/ca6f1472-bf7e-3776-9af9-c68bf78ffa73",
      "dc:contributor": [
        "https://api.deepl.com/v2/translate"
      ],
      "rdf:language": [
        "it"
      ],
      "rdf:predicate": [
        {
          "@id": "rdfs:comment"
        }
      ]
    },
    {
      "@id": "https://data.datatourisme.fr/e179d3c0-fb6d-373b-954b-91d4b675f80e",
      "dc:contributor": [
        "https://api.deepl.com/v2/translate"
      ],
      "rdf:language": [
        "en"
      ],
      "rdf:predicate": [
        {
          "@id": "rdfs:comment"
        }
      ]
    },
    {
      "@id": "https://data.datatourisme.fr/e9bef5b7-47cd-3fbc-b7bd-ecb946a3e67b",
      "dc:contributor": [
        "https://api.deepl.com/v2/translate"
      ],
      "rdf:language": [
        "nl"
      ],
      "rdf:predicate": [
        {
          "@id": "rdfs:comment"
        }
      ]
    }
  ],
  "isLocatedAt": [
    {
      "@id": "https://data.datatourisme.fr/38def101-42d3-3240-a976-55ff5498db45",
      "schema:address": [
        {
          "@id": "https://data.datatourisme.fr/62f1069c-a468-3121-a7b8-94d5596b88bd",
          "schema:addressLocality": "Paris 5e Arrondissement",
          "schema:postalCode": "75005",
          "schema:streetAddress": [
            "2 bis Place du Puits de l'Ermite"
          ],
          "@type": [
            "schema:PostalAddress",
            "PostalAddress"
          ],
          "hasAddressCity": {
            "@id": "kb:75105",
            "@type": [
              "City"
            ],
            "rdfs:label": {
              "de": [
                "Paris 5e Arrondissement"
              ],
              "pt": [
                "Paris 5e Arrondissement"
              ],
              "en": [
                "Paris 5e Arrondissement"
              ],
              "it": [
                "Paris 5e Arrondissement"
              ],
              "fr": [
                "Paris 5e Arrondissement"
              ],
              "nl": [
                "Paris 5e Arrondissement"
              ],
              "es": [
                "Paris 5e Arrondissement"
              ]
            },
            "insee": "75105",
            "isPartOfDepartment": {
              "@id": "kb:France1175",
              "@type": [
                "Department"
              ],
              "rdfs:label": {
                "de": [
                  "Paris"
                ],
                "pt": [
                  "Paris"
                ],
                "en": [
                  "Paris"
                ],
                "it": [
                  "Paris"
                ],
                "fr": [
                  "Paris"
                ],
                "nl": [
                  "Paris"
                ],
                "es": [
                  "Paris"
                ]
              },
              "insee": "75",
              "isPartOfRegion": {
                "@id": "kb:France11",
                "@type": [
                  "Region"
                ],
                "rdfs:label": {
                  "de": [
                    "Île-de-France"
                  ],
                  "pt": [
                    "Île-de-France"
                  ],
                  "en": [
                    "Île-de-France"
                  ],
                  "it": [
                    "Île-de-France"
                  ],
                  "fr": [
                    "Île-de-France"
                  ],
                  "nl": [
                    "Île-de-France"
                  ],
                  "es": [
                    "Île-de-France"
                  ]
                },
                "insee": "11",
                "isPartOfCountry": {
                  "@id": "kb:France",
                  "@type": [
                    "schema:Country"
                  ],
                  "rdfs:label": {
                    "de": [
                      "France",
                      "Frankreich"
                    ],
                    "pt": [
                      "França",
                      "France"
                    ],
                    "en": [
                      "France"
                    ],
                    "it": [
                      "France",
                      "Francia"
                    ],
                    "fr": [
                      "France"
                    ],
                    "nl": [
                      "France",
                      "Frankrijk"
                    ],
                    "es": [
                      "France",
                      "Francia"
                    ]
                  }
                }
              }
            }
          }
        }
      ],
      "schema:geo": {
        "@id": "https://data.datatourisme.fr/e36d2725-57f8-336c-aa21-c9acbfdf0a99",
        "schema:latitude": "48.842109",
        "schema:longitude": "2.35566",
        "@type": [
          "schema:GeoCoordinates"
        ]
      },
      "schema:openingHoursSpecification": [
        {
          "@id": "https://data.datatourisme.fr/76c92748-6153-3451-8355-01b9a954b236",
          "schema:closes": "18:00:00",
          "schema:opens": "09:00:00",
          "schema:validFrom": "2023-01-01T00:00:00",
          "schema:validThrough": "2023-12-31T23:59:59",
          "@type": [
            "schema:OpeningHoursSpecification"
          ],
          "additionalInformation": {
            "de": [
              "Freie Besuche oder Führungen finden täglich außer freitags und an muslimischen Feiertagen statt."
            ],
            "en": [
              "Guided and self-guided tours are available every day except Fridays and Muslim holidays."
            ],
            "it": [
              "Le visite guidate e autoguidate sono disponibili tutti i giorni tranne il venerdì e le festività musulmane."
            ],
            "fr": [
              "Les visites libres ou guidées ont lieu tous les jours sauf le vendredi et jours de fêtes musulmanes."
            ],
            "nl": [
              "Rondleidingen met of zonder gids zijn elke dag mogelijk, behalve op vrijdag en op islamitische feestdagen."
            ],
            "es": [
              "Hay visitas guiadas y autoguiadas todos los días excepto los viernes y las fiestas musulmanas."
            ]
          },
          "hasTranslatedProperty": [
            {
              "@id": "https://data.datatourisme.fr/07d9955b-b568-38de-bd37-4192179deedf",
              "dc:contributor": [
                "https://api.deepl.com/v2/translate"
              ],
              "rdf:language": [
                "nl"
              ],
              "rdf:predicate": [
                "additionalInformation"
              ]
            },
            {
              "@id": "https://data.datatourisme.fr/62caea34-b62e-3767-84a2-4369d1108bf4",
              "dc:contributor": [
                "https://api.deepl.com/v2/translate"
              ],
              "rdf:language": [
                "it"
              ],
              "rdf:predicate": [
                "additionalInformation"
              ]
            },
            {
              "@id": "https://data.datatourisme.fr/9ffab90f-f474-3722-ab8b-607b3019d1c5",
              "dc:contributor": [
                "https://api.deepl.com/v2/translate"
              ],
              "rdf:language": [
                "es"
              ],
              "rdf:predicate": [
                "additionalInformation"
              ]
            },
            {
              "@id": "https://data.datatourisme.fr/bd718c8c-01e2-38ef-bae9-664a9d2b7d4e",
              "dc:contributor": [
                "https://api.deepl.com/v2/translate"
              ],
              "rdf:language": [
                "de"
              ],
              "rdf:predicate": [
                "additionalInformation"
              ]
            },
            {
              "@id": "https://data.datatourisme.fr/e6d5deba-9d18-3ebd-94cb-2c7c8988e05b",
              "dc:contributor": [
                "https://api.deepl.com/v2/translate"
              ],
              "rdf:language": [
                "en"
              ],
              "rdf:predicate": [
                "additionalInformation"
              ]
            }
          ]
        }
      ],
      "@type": [
        "schema:Place",
        "Place"
      ]
    }
  ],
  "isOwnedBy": [
    {
      "@id": "https://data.datatourisme.fr/3b8a790a-ebad-39c6-9a18-c5663001f469",
      "schema:email": [
        "bgeigle@visitparisregion.com",
        "hcaldo@visitparisregion.com",
        "mtanaskovic@visitparisregion.com"
      ],
      "schema:legalName": "Choose Paris Region",
      "@type": [
        "schema:Organization",
        "foaf:Agent",
        "Agent"
      ],
      "foaf:homepage": [
        "http://www.visitparisregion.com/"
      ]
    }
  ],
  "lastUpdate": "2023-09-19",
  "lastUpdateDatatourisme": "2023-10-17T05:52:15.716Z",
  "offers": [
    {
      "@id": "https://data.datatourisme.fr/c41bc0cc-9a3d-33e5-acd7-262f7a4c4e96",
      "schema:priceSpecification": [
        {
          "@id": "https://data.datatourisme.fr/67c1b5be-94e0-3967-b6a1-ee9255515dd0",
          "schema:maxPrice": [
            "3"
          ],
          "schema:priceCurrency": "EUR",
          "@type": [
            "schema:PriceSpecification",
            "PriceSpecification"
          ],
          "appliesOnPeriod": [
            {
              "@id": "https://data.datatourisme.fr/a425afdf-3594-300b-b55e-1858bafa3fd4",
              "@type": [
                "Period"
              ],
              "endDate": "2023-12-31",
              "startDate": "2023-01-01"
            }
          ]
        }
      ],
      "@type": [
        "schema:Offer",
        "Offer"
      ]
    }
  ]
}