{
  "@id": "https://data.datatourisme.fr/13/2a773745-5873-3247-8c97-de21b6549f75",
  "dc:identifier": "4857984",
  "@type": [
    "olo:OrderedList",
    "PlaceOfInterest",
    "PointOfInterest",
    "RoadTour",
    "SportsAndLeisurePlace",
    "Tour"
  ],
  "rdfs:comment": {
    "de": [
      "Entdecken Sie alle Facetten der Kastanie auf dieser 80 km langen Autotour (- 2 Std.) im Herzen des Regionalen Naturparks Monts d'Ardèche."
    ],
    "en": [
      "Find out all about chestnuts during this 80 km driving tour (under 2 hrs) right at the heart of the Monts d’Ardèche Regional Nature Park."
    ],
    "it": [
      "Scoprite tutte le sfaccettature della castagna grazie a questo tour in auto di 80 km (- 2h) nel cuore del Parco Naturale Regionale dei Monts d'Ardèche."
    ],
    "fr": [
      "Découvrez toutes les facettes de la châtaigne grâce à ce circuit voiture de 80 km (- de 2h) en plein cœur du Parc Naturel Régional des Monts d’Ardèche."
    ],
    "nl": [
      "Ontdek alles over kastanjes dankzij dit autoparcours van 80 km (minder dan 2 uur) door het Regionaal Natuurpark Monts d'Ardèche."
    ],
    "es": [
      "Descubra todas las facetas del castaño gracias a este recorrido en coche de 80 km (- 2h) en el corazón del Parque Natural Regional de los Montes de Ardèche."
    ]
  },
  "rdfs:label": {
    "en": [
      "Chestnut World"
    ],
    "fr": [
      "Découverte de la Châtaigne"
    ],
    "nl": [
      "Kennismaken met kastanjes"
    ]
  },
  "hasBeenCreatedBy": {
    "@id": "https://data.datatourisme.fr/13/f2217062-e9a3-37a1-9ca4-29e7d70bc6ca",
    "dc:identifier": "149",
    "schema:email": [
      "accueil@cevennes-ardeche.com",
      "administration@cevennes-ardeche.com",
      "reseau@cevennes-ardeche.com",
      "web@cevennes-ardeche.com"
    ],
    "schema:legalName": "Office de Tourisme Cévennes d'Ardèche",
    "@type": [
      "schema:Organization",
      "foaf:Agent",
      "Agent"
    ],
    "foaf:homepage": [
      "https://www.cevennes-ardeche.com/"
    ]
  },
  "hasBeenPublishedBy": [
    {
      "@id": "https://data.datatourisme.fr/dbca899d-3f22-364b-b99d-40af1e917c58",
      "schema:legalName": "Agence de Développement Touristique de l'Ardèche - source : Apidae Tourisme",
      "@type": [
        "schema:Organization",
        "foaf:Agent",
        "Agent"
      ],
      "foaf:homepage": [
        "https://www.apidae-tourisme.com/"
      ]
    }
  ],
  "hasContact": [
    {
      "@id": "https://data.datatourisme.fr/abad5cf2-3291-3703-b86f-c0cc0e86743f",
      "schema:email": [
        "contact@cevennes-ardeche.com"
      ],
      "schema:telephone": [
        "+33 4 75 37 24 48"
      ],
      "@type": [
        "foaf:Agent",
        "Agent"
      ]
    }
  ],
  "hasDescription": [
    {
      "@id": "https://data.datatourisme.fr/39ccf99d-c204-3188-abf7-ed28f4891286",
      "@type": [
        "Description"
      ],
      "hasTranslatedProperty": [
        {
          "@id": "https://data.datatourisme.fr/1218a6f4-5999-3fd8-a9f2-f9f46c38f5fc",
          "dc:contributor": [
            "https://api.deepl.com/v2/translate"
          ],
          "rdf:language": [
            "de"
          ],
          "rdf:predicate": [
            "shortDescription"
          ]
        },
        {
          "@id": "https://data.datatourisme.fr/52cd4dd6-2689-35c0-a437-042c79e57db7",
          "dc:contributor": [
            "https://api.deepl.com/v2/translate"
          ],
          "rdf:language": [
            "es"
          ],
          "rdf:predicate": [
            "shortDescription"
          ]
        },
        {
          "@id": "https://data.datatourisme.fr/7e0deb3e-6fdf-3bb2-843c-c53296627473",
          "dc:contributor": [
            "https://api.deepl.com/v2/translate"
          ],
          "rdf:language": [
            "it"
          ],
          "rdf:predicate": [
            "shortDescription"
          ]
        }
      ],
      "shortDescription": {
        "de": [
          "Entdecken Sie alle Facetten der Kastanie auf dieser 80 km langen Autotour (- 2 Std.) im Herzen des Regionalen Naturparks Monts d'Ardèche."
        ],
        "en": [
          "Find out all about chestnuts during this 80 km driving tour (under 2 hrs) right at the heart of the Monts d’Ardèche Regional Nature Park."
        ],
        "it": [
          "Scoprite tutte le sfaccettature della castagna grazie a questo tour in auto di 80 km (- 2h) nel cuore del Parco Naturale Regionale dei Monts d'Ardèche."
        ],
        "fr": [
          "Découvrez toutes les facettes de la châtaigne grâce à ce circuit voiture de 80 km (- de 2h) en plein cœur du Parc Naturel Régional des Monts d’Ardèche."
        ],
        "nl": [
          "Ontdek alles over kastanjes dankzij dit autoparcours van 80 km (minder dan 2 uur) door het Regionaal Natuurpark Monts d'Ardèche."
        ],
        "es": [
          "Descubra todas las facetas del castaño gracias a este recorrido en coche de 80 km (- 2h) en el corazón del Parque Natural Regional de los Montes de Ardèche."
        ]
      }
    }
  ],
  "hasTranslatedProperty": [
    {
      "@id": "https://data.datatourisme.fr/1e445ab7-6281-3fbd-9864-6caa12dc386e",
      "dc:contributor": [
        "https://api.deepl.com/v2/translate"
      ],
      "rdf:language": [
        "es"
      ],
      "rdf:predicate": [
        {
          "@id": "rdfs:comment"
        }
      ]
    },
    {
      "@id": "https://data.datatourisme.fr/35853e44-8e75-3b11-a218-6641dea869fa",
      "dc:contributor": [
        "https://api.deepl.com/v2/translate"
      ],
      "rdf:language": [
        "it"
      ],
      "rdf:predicate": [
        {
          "@id": "rdfs:comment"
        }
      ]
    },
    {
      "@id": "https://data.datatourisme.fr/f0618d48-b0f0-32f6-aaf4-b4c5fdf81d50",
      "dc:contributor": [
        "https://api.deepl.com/v2/translate"
      ],
      "rdf:language": [
        "de"
      ],
      "rdf:predicate": [
        {
          "@id": "rdfs:comment"
        }
      ]
    }
  ],
  "isLocatedAt": [
    {
      "@id": "https://data.datatourisme.fr/67d724ff-50b4-366b-b5d5-56e709bbdf50",
      "schema:address": [
        {
          "@id": "https://data.datatourisme.fr/261cf8c2-c0f4-380e-a047-a41bad0c5f6b",
          "schema:addressLocality": "Joyeuse",
          "schema:postalCode": "07260",
          "@type": [
            "schema:PostalAddress",
            "PostalAddress"
          ],
          "hasAddressCity": {
            "@id": "kb:07110",
            "@type": [
              "City"
            ],
            "rdfs:label": {
              "de": [
                "Joyeuse"
              ],
              "pt": [
                "Joyeuse"
              ],
              "en": [
                "Joyeuse"
              ],
              "it": [
                "Joyeuse"
              ],
              "fr": [
                "Joyeuse"
              ],
              "nl": [
                "Joyeuse"
              ],
              "es": [
                "Joyeuse"
              ]
            },
            "insee": "07110",
            "isPartOfDepartment": {
              "@id": "kb:France8407",
              "@type": [
                "Department"
              ],
              "rdfs:label": {
                "de": [
                  "Ardèche"
                ],
                "pt": [
                  "Ardèche"
                ],
                "en": [
                  "Ardèche"
                ],
                "it": [
                  "Ardèche"
                ],
                "fr": [
                  "Ardèche"
                ],
                "nl": [
                  "Ardèche"
                ],
                "es": [
                  "Ardèche"
                ]
              },
              "insee": "07",
              "isPartOfRegion": {
                "@id": "kb:France84",
                "@type": [
                  "Region"
                ],
                "rdfs:label": {
                  "de": [
                    "Auvergne-Rhône-Alpes"
                  ],
                  "pt": [
                    "Auvergne-Rhône-Alpes"
                  ],
                  "en": [
                    "Auvergne-Rhône-Alpes"
                  ],
                  "it": [
                    "Auvergne-Rhône-Alpes"
                  ],
                  "fr": [
                    "Auvergne-Rhône-Alpes"
                  ],
                  "nl": [
                    "Auvergne-Rhône-Alpes"
                  ],
                  "es": [
                    "Auvergne-Rhône-Alpes"
                  ]
                },
                "insee": "84",
                "isPartOfCountry": {
                  "@id": "kb:France",
                  "@type": [
                    "schema:Country"
                  ],
                  "rdfs:label": {
                    "de": [
                      "France",
                      "Frankreich"
                    ],
                    "pt": [
                      "França",
                      "France"
                    ],
                    "en": [
                      "France"
                    ],
                    "it": [
                      "France",
                      "Francia"
                    ],
                    "fr": [
                      "France"
                    ],
                    "nl": [
                      "France",
                      "Frankrijk"
                    ],
                    "es": [
                      "France",
                      "Francia"
                    ]
                  }
                }
              }
            }
          }
        }
      ],
      "schema:geo": {
        "@id": "https://data.datatourisme.fr/d3fdd1b9-68c3-36ca-b4ee-359aa4899a49",
        "schema:latitude": "44.479359",
        "schema:longitude": "4.240216",
        "@type": [
          "schema:GeoCoordinates"
        ]
      },
      "schema:openingHoursSpecification": [
        {
          "@id": "https://data.datatourisme.fr/f87e535a-636d-3343-ad63-8a03392e7511",
          "schema:validFrom": "2023-01-01T00:00:00",
          "schema:validThrough": "2023-12-31T23:59:59",
          "@type": [
            "schema:OpeningHoursSpecification"
          ]
        }
      ],
      "@type": [
        "schema:Place",
        "Place"
      ]
    }
  ],
  "isOwnedBy": [
    {
      "@id": "https://data.datatourisme.fr/0d88a977-b149-30b7-afce-860643446f47",
      "schema:email": [
        "accueil@cevennes-ardeche.com",
        "administration@cevennes-ardeche.com",
        "reseau@cevennes-ardeche.com",
        "web@cevennes-ardeche.com"
      ],
      "schema:legalName": "Office de Tourisme Cévennes d'Ardèche",
      "@type": [
        "schema:Organization",
        "foaf:Agent",
        "Agent"
      ],
      "foaf:homepage": [
        "https://www.cevennes-ardeche.com/"
      ]
    }
  ],
  "lastUpdate": "2022-05-13",
  "lastUpdateDatatourisme": "2023-02-01T18:07:35.852Z"
}