{
  "@id": "https://data.datatourisme.fr/13/2a1b7eb0-1a18-3cbc-8f2f-01c6bff63f2d",
  "dc:identifier": "4696337",
  "@type": [
    "olo:OrderedList",
    "PlaceOfInterest",
    "PointOfInterest",
    "SportsAndLeisurePlace",
    "Tour",
    "WalkingTour"
  ],
  "rdfs:comment": {
    "de": [
      "Zwischen der Rhône-Ebene und dem Obstplantagenplateau, das die Rhône überragt, vereint diese Wanderung von Weiler zu Weiler schöne Steine und angenehme Aussichtspunkte. Zu entdecken im Reiseführer, der im Tourismusbüro erhältlich ist, und in der App \"les échappées inspirées\""
    ],
    "en": [
      "Between the Rhone plain and the plateau of orchards overlooking the Rhone, this walk from hamlet to hamlet combines beautiful stonework and pleasant viewpoints. To be discovered in the guidebook on sale at the tourist office and the \"échappées inspirées\" application."
    ],
    "it": [
      "Tra la pianura del Rodano e l'altopiano di frutteti che si affaccia sul Rodano, questa passeggiata di borgo in borgo unisce belle opere in pietra e piacevoli panorami. Da scoprire nella guida in vendita all'ufficio del turismo e nell'applicazione \"échappées inspirées\""
    ],
    "fr": [
      "Entre plaine rhodanienne et plateau de vergers dominant le Rhône, cette balade de hameau en hameau concilie belles pierres et points de vue agréables. A découvrir dans le guide en vente à l'office de tourisme et l'application les \"échappées inspirées\""
    ],
    "nl": [
      "Tussen de Rhônevlakte en het plateau van boomgaarden met uitzicht op de Rhône, combineert deze wandeling van gehucht tot gehucht mooi steenwerk en aangename uitzichten. Te ontdekken in de gids die te koop is bij het toeristenbureau en de applicatie \"échappées inspirées\""
    ],
    "es": [
      "Entre la llanura del Ródano y la meseta de huertos que domina el Ródano, este paseo de caserío en caserío combina un hermoso trabajo en piedra y agradables vistas. A descubrir en la guía a la venta en la oficina de turismo y en la aplicación \"échappées inspirées\""
    ]
  },
  "rdfs:label": {
    "fr": [
      "La côte de Champagne"
    ]
  },
  "hasBeenCreatedBy": {
    "@id": "https://data.datatourisme.fr/13/73278a4a-8696-3eeb-976a-8fd4c9ec6997",
    "dc:identifier": "113",
    "schema:email": [
      "d.sanial@dromardeche.fr",
      "j.bruyere@dromardeche.fr"
    ],
    "schema:legalName": "Office de Tourisme Porte de DrômArdèche",
    "@type": [
      "schema:Organization",
      "foaf:Agent",
      "Agent"
    ],
    "foaf:homepage": [
      "http://www.autour-du-palais-ideal.fr/"
    ]
  },
  "hasBeenPublishedBy": [
    {
      "@id": "https://data.datatourisme.fr/d48f2ccd-2357-3a8e-b949-cb8bf19a361f",
      "schema:legalName": "Agence d'Attractivité de la Drôme - source : Apidae Tourisme",
      "@type": [
        "schema:Organization",
        "foaf:Agent",
        "Agent"
      ],
      "foaf:homepage": [
        "https://www.apidae-tourisme.com/"
      ]
    }
  ],
  "hasContact": [
    {
      "@id": "https://data.datatourisme.fr/e4a61420-5736-3383-8b66-c11b58e648c9",
      "schema:email": [
        "porte@dromardeche.fr"
      ],
      "schema:telephone": [
        "+33 4 75 23 45 33"
      ],
      "@type": [
        "foaf:Agent",
        "Agent"
      ],
      "foaf:homepage": [
        "http://www.autour-du-palais-ideal.fr/"
      ]
    }
  ],
  "hasDescription": [
    {
      "@id": "https://data.datatourisme.fr/a8ea5fac-6763-39eb-952f-ba5aebe39bb4",
      "@type": [
        "Description"
      ],
      "hasTranslatedProperty": [
        {
          "@id": "https://data.datatourisme.fr/38d7a60d-476b-3e5e-804b-a91725fe898d",
          "dc:contributor": [
            "https://api.deepl.com/v2/translate"
          ],
          "rdf:language": [
            "es"
          ],
          "rdf:predicate": [
            "shortDescription"
          ]
        },
        {
          "@id": "https://data.datatourisme.fr/8954526d-09b2-3c43-8018-e5210e977a38",
          "dc:contributor": [
            "https://api.deepl.com/v2/translate"
          ],
          "rdf:language": [
            "it"
          ],
          "rdf:predicate": [
            "shortDescription"
          ]
        },
        {
          "@id": "https://data.datatourisme.fr/bc595765-8b22-34eb-9b31-a49063722fcc",
          "dc:contributor": [
            "https://api.deepl.com/v2/translate"
          ],
          "rdf:language": [
            "nl"
          ],
          "rdf:predicate": [
            "shortDescription"
          ]
        },
        {
          "@id": "https://data.datatourisme.fr/ec75be1e-3bd7-31dc-81f6-1b35bdb88c97",
          "dc:contributor": [
            "https://api.deepl.com/v2/translate"
          ],
          "rdf:language": [
            "de"
          ],
          "rdf:predicate": [
            "shortDescription"
          ]
        }
      ],
      "shortDescription": {
        "de": [
          "Zwischen der Rhône-Ebene und dem Obstplantagenplateau, das die Rhône überragt, vereint diese Wanderung von Weiler zu Weiler schöne Steine und angenehme Aussichtspunkte. Zu entdecken im Reiseführer, der im Tourismusbüro erhältlich ist, und in der App \"les échappées inspirées\""
        ],
        "en": [
          "Between the Rhone plain and the plateau of orchards overlooking the Rhone, this walk from hamlet to hamlet combines beautiful stonework and pleasant viewpoints. To be discovered in the guidebook on sale at the tourist office and the \"échappées inspirées\" application."
        ],
        "it": [
          "Tra la pianura del Rodano e l'altopiano di frutteti che si affaccia sul Rodano, questa passeggiata di borgo in borgo unisce belle opere in pietra e piacevoli panorami. Da scoprire nella guida in vendita all'ufficio del turismo e nell'applicazione \"échappées inspirées\""
        ],
        "fr": [
          "Entre plaine rhodanienne et plateau de vergers dominant le Rhône, cette balade de hameau en hameau concilie belles pierres et points de vue agréables. A découvrir dans le guide en vente à l'office de tourisme et l'application les \"échappées inspirées\""
        ],
        "nl": [
          "Tussen de Rhônevlakte en het plateau van boomgaarden met uitzicht op de Rhône, combineert deze wandeling van gehucht tot gehucht mooi steenwerk en aangename uitzichten. Te ontdekken in de gids die te koop is bij het toeristenbureau en de applicatie \"échappées inspirées\""
        ],
        "es": [
          "Entre la llanura del Ródano y la meseta de huertos que domina el Ródano, este paseo de caserío en caserío combina un hermoso trabajo en piedra y agradables vistas. A descubrir en la guía a la venta en la oficina de turismo y en la aplicación \"échappées inspirées\""
        ]
      }
    }
  ],
  "hasTheme": [
    {
      "@id": "kb:Hiking",
      "@type": [
        "SportsTheme"
      ],
      "rdfs:label": {
        "de": [
          "Wanderung"
        ],
        "pt": [
          "Caminhada"
        ],
        "en": [
          "Hiking"
        ],
        "it": [
          "Escursione"
        ],
        "fr": [
          "Randonnée"
        ],
        "nl": [
          "Wandelen"
        ],
        "es": [
          "Senderismo"
        ]
      }
    },
    {
      "@id": "kb:Pedestrian",
      "@type": [
        "SportsTheme"
      ],
      "rdfs:label": {
        "de": [
          "Zu Fuß"
        ],
        "pt": [
          "Pedestre"
        ],
        "en": [
          "Pedestrian"
        ],
        "it": [
          "A piedi"
        ],
        "fr": [
          "Pédestre"
        ],
        "nl": [
          "Voetgangers"
        ],
        "es": [
          "Peatón"
        ]
      }
    },
    {
      "@id": "kb:Running",
      "@type": [
        "SportsTheme"
      ],
      "rdfs:label": {
        "de": [
          "Laufen"
        ],
        "pt": [
          "Corrida a pé"
        ],
        "en": [
          "Running"
        ],
        "it": [
          "Corsa a piedi"
        ],
        "fr": [
          "Course à pied"
        ],
        "nl": [
          "Hardlopen"
        ],
        "es": [
          "Carrera a pie"
        ]
      }
    }
  ],
  "hasTranslatedProperty": [
    {
      "@id": "https://data.datatourisme.fr/e5296010-6add-3f9e-8080-2fdda04688d2",
      "dc:contributor": [
        "https://api.deepl.com/v2/translate"
      ],
      "rdf:language": [
        "it"
      ],
      "rdf:predicate": [
        {
          "@id": "rdfs:comment"
        }
      ]
    },
    {
      "@id": "https://data.datatourisme.fr/ea72a741-f315-343a-9b61-9b3d1b9b6ab6",
      "dc:contributor": [
        "https://api.deepl.com/v2/translate"
      ],
      "rdf:language": [
        "es"
      ],
      "rdf:predicate": [
        {
          "@id": "rdfs:comment"
        }
      ]
    },
    {
      "@id": "https://data.datatourisme.fr/f7f97666-57d6-3024-816a-99562a03f2b7",
      "dc:contributor": [
        "https://api.deepl.com/v2/translate"
      ],
      "rdf:language": [
        "nl"
      ],
      "rdf:predicate": [
        {
          "@id": "rdfs:comment"
        }
      ]
    },
    {
      "@id": "https://data.datatourisme.fr/f904b4e8-ce79-322f-850b-7dcb31e107bb",
      "dc:contributor": [
        "https://api.deepl.com/v2/translate"
      ],
      "rdf:language": [
        "de"
      ],
      "rdf:predicate": [
        {
          "@id": "rdfs:comment"
        }
      ]
    }
  ],
  "isLocatedAt": [
    {
      "@id": "https://data.datatourisme.fr/8491b148-cf9c-3fe4-8fba-16cc85089d1e",
      "schema:address": [
        {
          "@id": "https://data.datatourisme.fr/c68fda76-e51d-35f9-9aa3-b4c6f7d9b333",
          "schema:addressLocality": "Champagne",
          "schema:postalCode": "07340",
          "schema:streetAddress": [
            "Au coeur du village face à l’église"
          ],
          "@type": [
            "schema:PostalAddress",
            "PostalAddress"
          ],
          "hasAddressCity": {
            "@id": "kb:07051",
            "@type": [
              "City"
            ],
            "rdfs:label": {
              "de": [
                "Champagne"
              ],
              "pt": [
                "Champagne"
              ],
              "en": [
                "Champagne"
              ],
              "it": [
                "Champagne"
              ],
              "fr": [
                "Champagne"
              ],
              "nl": [
                "Champagne"
              ],
              "es": [
                "Champagne"
              ]
            },
            "insee": "07051",
            "isPartOfDepartment": {
              "@id": "kb:France8407",
              "@type": [
                "Department"
              ],
              "rdfs:label": {
                "de": [
                  "Ardèche"
                ],
                "pt": [
                  "Ardèche"
                ],
                "en": [
                  "Ardèche"
                ],
                "it": [
                  "Ardèche"
                ],
                "fr": [
                  "Ardèche"
                ],
                "nl": [
                  "Ardèche"
                ],
                "es": [
                  "Ardèche"
                ]
              },
              "insee": "07",
              "isPartOfRegion": {
                "@id": "kb:France84",
                "@type": [
                  "Region"
                ],
                "rdfs:label": {
                  "de": [
                    "Auvergne-Rhône-Alpes"
                  ],
                  "pt": [
                    "Auvergne-Rhône-Alpes"
                  ],
                  "en": [
                    "Auvergne-Rhône-Alpes"
                  ],
                  "it": [
                    "Auvergne-Rhône-Alpes"
                  ],
                  "fr": [
                    "Auvergne-Rhône-Alpes"
                  ],
                  "nl": [
                    "Auvergne-Rhône-Alpes"
                  ],
                  "es": [
                    "Auvergne-Rhône-Alpes"
                  ]
                },
                "insee": "84",
                "isPartOfCountry": {
                  "@id": "kb:France",
                  "@type": [
                    "schema:Country"
                  ],
                  "rdfs:label": {
                    "de": [
                      "France",
                      "Frankreich"
                    ],
                    "pt": [
                      "França",
                      "France"
                    ],
                    "en": [
                      "France"
                    ],
                    "it": [
                      "France",
                      "Francia"
                    ],
                    "fr": [
                      "France"
                    ],
                    "nl": [
                      "France",
                      "Frankrijk"
                    ],
                    "es": [
                      "France",
                      "Francia"
                    ]
                  }
                }
              }
            }
          }
        }
      ],
      "schema:geo": {
        "@id": "https://data.datatourisme.fr/96a8e4f0-a029-3e63-862b-291f34c60754",
        "schema:latitude": "45.215966",
        "schema:longitude": "4.800425",
        "@type": [
          "schema:GeoCoordinates"
        ]
      },
      "schema:openingHoursSpecification": [
        {
          "@id": "https://data.datatourisme.fr/f87e535a-636d-3343-ad63-8a03392e7511",
          "schema:validFrom": "2023-01-01T00:00:00",
          "schema:validThrough": "2023-12-31T23:59:59",
          "@type": [
            "schema:OpeningHoursSpecification"
          ]
        }
      ],
      "@type": [
        "schema:Place",
        "Place"
      ]
    }
  ],
  "isOwnedBy": [
    {
      "@id": "https://data.datatourisme.fr/c34130c6-4437-3624-9afb-3511a8692fba",
      "schema:email": [
        "d.sanial@dromardeche.fr",
        "j.bruyere@dromardeche.fr"
      ],
      "schema:legalName": "Office de Tourisme Porte de DrômArdèche",
      "@type": [
        "schema:Organization",
        "foaf:Agent",
        "Agent"
      ],
      "foaf:homepage": [
        "http://www.autour-du-palais-ideal.fr/"
      ]
    }
  ],
  "lastUpdate": "2023-02-13",
  "lastUpdateDatatourisme": "2023-02-14T06:40:22.737Z"
}