{
  "@id": "https://data.datatourisme.fr/13/2a6e83fb-3f45-376b-a602-d4bcd078e36d",
  "dc:identifier": "547461",
  "@type": [
    "olo:OrderedList",
    "PlaceOfInterest",
    "PointOfInterest",
    "RoadTour",
    "SportsAndLeisurePlace",
    "Tour"
  ],
  "rdfs:comment": {
    "de": [
      "Vom Mont Gerbier de Jonc, der Quelle der Loire, aus bietet sich Ihnen ein atemberaubendes Panorama... Wanderung in den Bergen der Ardèche und an den Ufern der Bergseen, wo man gerne die Produkte aus der Region probiert."
    ],
    "en": [
      "On Mont Gerbier de Jonc, where the River Loire takes its source, get ready for a breathtaking view... A hike in the Ardeche mountains and beside the mountain lakes, where you can get a taste of local specialities."
    ],
    "it": [
      "Dal Mont Gerbier de Jonc, sorgente della Loira, scoprirete un panorama mozzafiato... Passeggiate tra le montagne dell'Ardèche e lungo le rive dei laghi di montagna, dove potrete gustare i prodotti locali."
    ],
    "fr": [
      "Depuis le Mont Gerbier de Jonc, source de la Loire, vous découvrirez un panorama à couper le souffle... Balade en montagne ardéchoise et aux bords des lacs de montagne, où l'on apprécie déguster les produits du terroir."
    ],
    "nl": [
      "Vanaf de Mont Gerbier de Jonc, bron van de Loire, ontdekt u een adembenemend panorama... Wandelen in de bergen van de Ardèche en aan de oevers van bergmeren, waar u kunt genieten van het proeven van lokale producten."
    ],
    "es": [
      "Desde el Mont Gerbier de Jonc, fuente del Loira, descubrirá un panorama impresionante... Pasee por las montañas de Ardèche y por las orillas de los lagos de montaña, donde podrá disfrutar de la degustación de productos locales."
    ]
  },
  "rdfs:label": {
    "en": [
      "Lakes and volcanoes in the Ardèche mountains"
    ],
    "fr": [
      "Lacs et volcans en montagne ardéchoise"
    ]
  },
  "hasBeenCreatedBy": {
    "@id": "https://data.datatourisme.fr/13/26657d5f-f902-3d2a-befe-558796b99584",
    "dc:identifier": "96",
    "schema:email": [
      "ncharra@ardeche-guide.com"
    ],
    "schema:legalName": "Agence de Développement Touristique de l'Ardèche",
    "@type": [
      "schema:Organization",
      "foaf:Agent",
      "Agent"
    ],
    "foaf:homepage": [
      "https://www.ardeche-guide.com/"
    ]
  },
  "hasBeenPublishedBy": [
    {
      "@id": "https://data.datatourisme.fr/dbca899d-3f22-364b-b99d-40af1e917c58",
      "schema:legalName": "Agence de Développement Touristique de l'Ardèche - source : Apidae Tourisme",
      "@type": [
        "schema:Organization",
        "foaf:Agent",
        "Agent"
      ],
      "foaf:homepage": [
        "https://www.apidae-tourisme.com/"
      ]
    }
  ],
  "hasContact": [
    {
      "@id": "https://data.datatourisme.fr/394dd748-93dd-30b8-840b-b0f0e071c265",
      "schema:email": [
        "adt07@ardeche-guide.com"
      ],
      "schema:telephone": [
        "+33 4 75 64 04 66"
      ],
      "@type": [
        "foaf:Agent",
        "Agent"
      ],
      "foaf:homepage": [
        "https://www.ardeche-guide.com/"
      ]
    }
  ],
  "hasDescription": [
    {
      "@id": "https://data.datatourisme.fr/e9edfc23-a739-3a0e-9dca-d7cb64560ab9",
      "@type": [
        "Description"
      ],
      "hasTranslatedProperty": [
        {
          "@id": "https://data.datatourisme.fr/3362152f-1163-36d5-812a-30eac3885100",
          "dc:contributor": [
            "https://api.deepl.com/v2/translate"
          ],
          "rdf:language": [
            "nl"
          ],
          "rdf:predicate": [
            "shortDescription"
          ]
        },
        {
          "@id": "https://data.datatourisme.fr/5ac638ff-5f6b-36a2-8b5e-f77e2efbac11",
          "dc:contributor": [
            "https://api.deepl.com/v2/translate"
          ],
          "rdf:language": [
            "it"
          ],
          "rdf:predicate": [
            "shortDescription"
          ]
        },
        {
          "@id": "https://data.datatourisme.fr/5af09c55-d68c-33b3-89c7-cac30bba7538",
          "dc:contributor": [
            "https://api.deepl.com/v2/translate"
          ],
          "rdf:language": [
            "es"
          ],
          "rdf:predicate": [
            "shortDescription"
          ]
        },
        {
          "@id": "https://data.datatourisme.fr/6a12aa1c-de1a-3f75-bd15-f52c604746ad",
          "dc:contributor": [
            "https://api.deepl.com/v2/translate"
          ],
          "rdf:language": [
            "de"
          ],
          "rdf:predicate": [
            "shortDescription"
          ]
        }
      ],
      "shortDescription": {
        "de": [
          "Vom Mont Gerbier de Jonc, der Quelle der Loire, aus bietet sich Ihnen ein atemberaubendes Panorama... Wanderung in den Bergen der Ardèche und an den Ufern der Bergseen, wo man gerne die Produkte aus der Region probiert."
        ],
        "en": [
          "On Mont Gerbier de Jonc, where the River Loire takes its source, get ready for a breathtaking view... A hike in the Ardeche mountains and beside the mountain lakes, where you can get a taste of local specialities."
        ],
        "it": [
          "Dal Mont Gerbier de Jonc, sorgente della Loira, scoprirete un panorama mozzafiato... Passeggiate tra le montagne dell'Ardèche e lungo le rive dei laghi di montagna, dove potrete gustare i prodotti locali."
        ],
        "fr": [
          "Depuis le Mont Gerbier de Jonc, source de la Loire, vous découvrirez un panorama à couper le souffle... Balade en montagne ardéchoise et aux bords des lacs de montagne, où l'on apprécie déguster les produits du terroir."
        ],
        "nl": [
          "Vanaf de Mont Gerbier de Jonc, bron van de Loire, ontdekt u een adembenemend panorama... Wandelen in de bergen van de Ardèche en aan de oevers van bergmeren, waar u kunt genieten van het proeven van lokale producten."
        ],
        "es": [
          "Desde el Mont Gerbier de Jonc, fuente del Loira, descubrirá un panorama impresionante... Pasee por las montañas de Ardèche y por las orillas de los lagos de montaña, donde podrá disfrutar de la degustación de productos locales."
        ]
      }
    }
  ],
  "hasTranslatedProperty": [
    {
      "@id": "https://data.datatourisme.fr/1a39a4c9-a360-38ee-83f8-8cf4f2f3026f",
      "dc:contributor": [
        "https://api.deepl.com/v2/translate"
      ],
      "rdf:language": [
        "nl"
      ],
      "rdf:predicate": [
        {
          "@id": "rdfs:comment"
        }
      ]
    },
    {
      "@id": "https://data.datatourisme.fr/6bce42c4-168a-3e3d-8bda-613887f42511",
      "dc:contributor": [
        "https://api.deepl.com/v2/translate"
      ],
      "rdf:language": [
        "es"
      ],
      "rdf:predicate": [
        {
          "@id": "rdfs:comment"
        }
      ]
    },
    {
      "@id": "https://data.datatourisme.fr/784c5c27-856c-31ab-b089-47c301b126a6",
      "dc:contributor": [
        "https://api.deepl.com/v2/translate"
      ],
      "rdf:language": [
        "it"
      ],
      "rdf:predicate": [
        {
          "@id": "rdfs:comment"
        }
      ]
    },
    {
      "@id": "https://data.datatourisme.fr/8487a9d4-9b22-3549-9c27-db535c06cde9",
      "dc:contributor": [
        "https://api.deepl.com/v2/translate"
      ],
      "rdf:language": [
        "de"
      ],
      "rdf:predicate": [
        {
          "@id": "rdfs:comment"
        }
      ]
    }
  ],
  "isLocatedAt": [
    {
      "@id": "https://data.datatourisme.fr/c0a86022-7f07-390c-9448-391c2beade55",
      "schema:address": [
        {
          "@id": "https://data.datatourisme.fr/7178bc1d-8dff-377f-a32c-471b5d9e5dd4",
          "schema:addressLocality": "Saint-Andéol-de-Fourchades",
          "schema:postalCode": "07160",
          "schema:streetAddress": [
            "Bourlatier"
          ],
          "@type": [
            "schema:PostalAddress",
            "PostalAddress"
          ],
          "hasAddressCity": {
            "@id": "kb:07209",
            "@type": [
              "City"
            ],
            "rdfs:label": {
              "de": [
                "Saint-Andéol-de-Fourchades"
              ],
              "pt": [
                "Saint-Andéol-de-Fourchades"
              ],
              "en": [
                "Saint-Andéol-de-Fourchades"
              ],
              "it": [
                "Saint-Andéol-de-Fourchades"
              ],
              "fr": [
                "Saint-Andéol-de-Fourchades"
              ],
              "nl": [
                "Saint-Andéol-de-Fourchades"
              ],
              "es": [
                "Saint-Andéol-de-Fourchades"
              ]
            },
            "insee": "07209",
            "isPartOfDepartment": {
              "@id": "kb:France8407",
              "@type": [
                "Department"
              ],
              "rdfs:label": {
                "de": [
                  "Ardèche"
                ],
                "pt": [
                  "Ardèche"
                ],
                "en": [
                  "Ardèche"
                ],
                "it": [
                  "Ardèche"
                ],
                "fr": [
                  "Ardèche"
                ],
                "nl": [
                  "Ardèche"
                ],
                "es": [
                  "Ardèche"
                ]
              },
              "insee": "07",
              "isPartOfRegion": {
                "@id": "kb:France84",
                "@type": [
                  "Region"
                ],
                "rdfs:label": {
                  "de": [
                    "Auvergne-Rhône-Alpes"
                  ],
                  "pt": [
                    "Auvergne-Rhône-Alpes"
                  ],
                  "en": [
                    "Auvergne-Rhône-Alpes"
                  ],
                  "it": [
                    "Auvergne-Rhône-Alpes"
                  ],
                  "fr": [
                    "Auvergne-Rhône-Alpes"
                  ],
                  "nl": [
                    "Auvergne-Rhône-Alpes"
                  ],
                  "es": [
                    "Auvergne-Rhône-Alpes"
                  ]
                },
                "insee": "84",
                "isPartOfCountry": {
                  "@id": "kb:France",
                  "@type": [
                    "schema:Country"
                  ],
                  "rdfs:label": {
                    "de": [
                      "France",
                      "Frankreich"
                    ],
                    "pt": [
                      "França",
                      "France"
                    ],
                    "en": [
                      "France"
                    ],
                    "it": [
                      "France",
                      "Francia"
                    ],
                    "fr": [
                      "France"
                    ],
                    "nl": [
                      "France",
                      "Frankrijk"
                    ],
                    "es": [
                      "France",
                      "Francia"
                    ]
                  }
                }
              }
            }
          }
        }
      ],
      "schema:geo": {
        "@id": "https://data.datatourisme.fr/71a4034e-69da-3b97-a88d-c53395e259be",
        "schema:latitude": "44.817911",
        "schema:longitude": "4.243827",
        "@type": [
          "schema:GeoCoordinates"
        ]
      },
      "schema:openingHoursSpecification": [
        {
          "@id": "https://data.datatourisme.fr/f87e535a-636d-3343-ad63-8a03392e7511",
          "schema:validFrom": "2023-01-01T00:00:00",
          "schema:validThrough": "2023-12-31T23:59:59",
          "@type": [
            "schema:OpeningHoursSpecification"
          ]
        }
      ],
      "@type": [
        "schema:Place",
        "Place"
      ]
    }
  ],
  "isOwnedBy": [
    {
      "@id": "https://data.datatourisme.fr/6ef576cd-2c5c-33d6-b250-09b105230dfc",
      "schema:email": [
        "ncharra@ardeche-guide.com"
      ],
      "schema:legalName": "Agence de Développement Touristique de l'Ardèche",
      "@type": [
        "schema:Organization",
        "foaf:Agent",
        "Agent"
      ],
      "foaf:homepage": [
        "https://www.ardeche-guide.com/"
      ]
    }
  ],
  "lastUpdate": "2022-06-14",
  "lastUpdateDatatourisme": "2023-02-01T18:07:35.697Z"
}