{
  "@id": "https://data.datatourisme.fr/47/2a39cc20-bb09-3605-87e9-d5040046a5e6",
  "dc:identifier": "PNALAR0300000032",
  "@type": [
    "schema:Landform",
    "NaturalHeritage",
    "PlaceOfInterest",
    "PointOfInterest"
  ],
  "rdfs:comment": {
    "en": [
      "The Grand Site of the Aven d'Orgnac, the Cave and the City of Prehistory, is located in Ardèche, 50 km from Uzès (Gard). Grandiose, the Aven d'Orgnac offers you a fabulous journey into the depths of the Earth and Time. The cave, the only one to be awarded the \"Grand Site de France\" label, is a reference point for the world's underground heritage. In the heart of the true underground cathedrals, you will discover a fascinating world decorated with crystallizations as magical as they are grandiose.The Tower of Pisa, giant palm trees, piles of plates, majestic organ cases, translucent draperies, red rooms... illustrate this marvellous journey commented on by passionate guides.a fabulous descent to a depth of 121 metres, punctuated by a moving sound and light show and an effortless return thanks to lifts.For the more sporty, part of the undeveloped network is accessible (reservation required) in the form of caving trips: - the Rando (3 hours, from 12 years old) - the Odyssée (8 hours, from 14 years old) - the Vertige (3 hours, from 14 years old) - the historical descent (1 hour, from 12 years old) The Cité de la Préhistoire, completely renovated: more interactive, more fun, more visual, Prehistory is invited as the essential subject of visit of your holidays or excursions in southern Ardèche.Discover, on 2000 m² dedicated to the theme, 350 000 years of History lived by these men and women, their places of life, their jewels and weapons, their environment and the animals which surrounded them, without forgetting the archaeological work.to do this, as soon as you enter, the wall illustrations will go back in time to 350 000 years before JC, the terminals and other interactive tables will allow you to touch with your fingertips this universe which seems so far away. Whether you are a beginner or an experienced visitor, you will discover a completely modernised tour of the museum, rich in information and emotion. Throughout the year, an interpreter will help you relive the actions of our distant ancestors by teaching you how to light a fire without a match or lighter, how to carve a flint or hunt bison.The exterior of the Grand Site, an ocean of greenery in the south of the Ardèche, landscaped terraces (partially accessible to people with reduced mobility) or the Maubois path (30 minute to 1 hour walks, free brochure on request). At your disposal, you will find playgrounds and picnic areas, a shop selling local products and souvenirs, a refreshment bar and a restaurant.open from February 1st to November 15th and during the Christmas holidays.open every day.For opening hours, please consult our website."
    ],
    "fr": [
      "Le Grand Site de l’Aven d’Orgnac , la Grotte et la Cité de la Préhistoire, se situe en Ardèche , à 50 km d’Uzès (Gard) . Grandiose, l’Aven d’Orgnac vous propose un fabuleux voyage dans les profondeurs de la Terre et du Temps. La grotte, seule cavité distinguée par le Label Grand Site de France , est un lieu de référence du patrimoine souterrain mondial.Au coeur de véritables cathédrales souterraines, vous découvrirez un monde fascinant orné de cristallisations aussi féériques que grandioses.Tour de Pise , palmiers géants, piles d'assiettes, buffet d'orgues majestueux, draperies translucides, salles rouges... illustrent ce voyage merveilleux commenté par des guides passionnés.Une descente fabuleuse jusqu'à 121 mètres de profondeur, ponctuée par un son et lumière émouvant et un retour sans effort grâce à des ascenseurs.Pour les plus sportifs, une partie du réseau non-aménagé est accessible (sur réservation obligatoire) sous forme de sorties spéléologiques : - la Rando (3h, à partir de 12 ans) - l'Odyssée (8h, à partir de 14 ans) - le Vertige (3h, à partir de 14 ans)- la descente historique (1h, à partir de 12 ans)La Cité de la Préhistoire , entièrement rénovée : plus interactive, plus ludique, plus visuelle, la Préhistoire s'invite comme l'incontournable sujet de visite de vos vacances ou excursions en Ardèche méridionale.Découvrez, sur 2000 m² consacrés à la thématique, 350 000 ans d'Histoire vécus par ces hommes et femmes, leurs lieux de vie, leurs bijoux et armes, leur environnement et les animaux qui les entouraient, sans oublier le travail archéologique.Pour ce faire, dès votre entrée, les illustrations murales vont remonter le temps jusqu'à 350 000 ans avant JC, les bornes et autres tables interactives vous permettront de toucher du bout des doigts cet univers qui nous semble si lointain. Néophyte ou initié, chacun découvre au fil d'un parcours de visite totalement modernisé une muséographie adaptée, riche en informations et en émotions.Tout au long de l'année, un animateur vous fera revivre les gestes de nos lointains ancêtres en vous enseignant comment allumer un feu sans allumette ni briquet, tailler un silex ou chasser le bison.Les extérieurs du Grand Site, océan de verdure dans le sud de l'Ardèche .Terrasses paysagées (partiellement accessibles aux personnes à mobilité réduite) ou Sentier du Maubois (balades de 30 minutes à 1h, dépliant gratuit sur simple demande). A votre disposition, vous trouverez des aires de jeux et de pique-nique, une boutique de produits du Terroir et de souvenirs, une buvette et un restaurant.Ouvert du 1er février au 15 novembre et pendant les vacances de Noël.Ouvert tous les jours.Pour les horaires consulter notre site."
    ]
  },
  "rdfs:label": {
    "fr": [
      "Grand site de l'aven d'orgnac grotte et musée de la préhistoire"
    ]
  },
  "availableLanguage": [
    "de",
    "en",
    "fr",
    "it",
    "nl"
  ],
  "creationDate": "2022-05-20",
  "hasBeenCreatedBy": {
    "@id": "https://data.datatourisme.fr/88300d9f-ab0f-37d3-9426-9924b3661fa4",
    "schema:legalName": "OFFICE DE TOURISME D'UZÈS ET DE L'UZÈGE",
    "@type": [
      "schema:Organization",
      "foaf:Agent",
      "Agent"
    ]
  },
  "hasBeenPublishedBy": [
    {
      "@id": "https://data.datatourisme.fr/e900ea22-f191-39f5-84c7-0f5355f1b3bf",
      "schema:address": [
        {
          "@id": "https://data.datatourisme.fr/1d2de731-15a4-3a06-9ac5-25caed1ceecc",
          "schema:addressLocality": "Nîmes",
          "schema:postOfficeBoxNumber": "122",
          "schema:postalCode": "30010",
          "schema:streetAddress": [
            "11 place du 8 mai"
          ],
          "@type": [
            "schema:PostalAddress",
            "PostalAddress"
          ],
          "cedex": "4",
          "hasAddressCity": {
            "@id": "kb:30189",
            "@type": [
              "City"
            ],
            "rdfs:label": {
              "de": [
                "Nîmes"
              ],
              "pt": [
                "Nîmes"
              ],
              "en": [
                "Nîmes"
              ],
              "it": [
                "Nîmes"
              ],
              "fr": [
                "Nîmes"
              ],
              "nl": [
                "Nîmes"
              ],
              "es": [
                "Nîmes"
              ]
            },
            "insee": "30189",
            "isPartOfDepartment": {
              "@id": "kb:France7630",
              "@type": [
                "Department"
              ],
              "rdfs:label": {
                "de": [
                  "Gard"
                ],
                "pt": [
                  "Gard"
                ],
                "en": [
                  "Gard"
                ],
                "it": [
                  "Gard"
                ],
                "fr": [
                  "Gard"
                ],
                "nl": [
                  "Gard"
                ],
                "es": [
                  "Gard"
                ]
              },
              "insee": "30",
              "isPartOfRegion": {
                "@id": "kb:France76",
                "@type": [
                  "Region"
                ],
                "rdfs:label": {
                  "de": [
                    "Occitanie"
                  ],
                  "pt": [
                    "Occitanie"
                  ],
                  "en": [
                    "Occitanie"
                  ],
                  "it": [
                    "Occitanie"
                  ],
                  "fr": [
                    "Occitanie"
                  ],
                  "nl": [
                    "Occitanie"
                  ],
                  "es": [
                    "Occitanie"
                  ]
                },
                "insee": "76",
                "isPartOfCountry": {
                  "@id": "kb:France",
                  "@type": [
                    "schema:Country"
                  ],
                  "rdfs:label": {
                    "de": [
                      "France",
                      "Frankreich"
                    ],
                    "pt": [
                      "França",
                      "France"
                    ],
                    "en": [
                      "France"
                    ],
                    "it": [
                      "France",
                      "Francia"
                    ],
                    "fr": [
                      "France"
                    ],
                    "nl": [
                      "France",
                      "Frankrijk"
                    ],
                    "es": [
                      "France",
                      "Francia"
                    ]
                  }
                }
              }
            }
          }
        }
      ],
      "schema:email": [
        "contact@tourismegard.com"
      ],
      "schema:legalName": "Gard Tourisme",
      "schema:logo": "https://www.tourismegard.com/Portals/2/Market-place/Le portail des pros du tourisme du Gard_fichiers/logo-Gard-Tourisme.jpg",
      "schema:telephone": [
        "+33 4 66 36 96 30"
      ],
      "@type": [
        "schema:Organization",
        "foaf:Agent",
        "foaf:Organization",
        "Agent",
        "Organisation"
      ],
      "rdfs:comment": {
        "de": [
          "Gard Tourismus"
        ],
        "en": [
          "Gard Tourism"
        ],
        "it": [
          "Gard Turismo"
        ],
        "fr": [
          "Gard Tourisme"
        ],
        "es": [
          "Turismo de Gard"
        ],
        "nl": [
          "Gard Toerisme"
        ]
      },
      "foaf:homepage": [
        "https://www.tourismegard.com/"
      ],
      "apeNaf": "7990Z",
      "hasTranslatedProperty": [
        {
          "@id": "https://data.datatourisme.fr/6e2e57cb-dba1-37c3-8000-0795f52d1c28",
          "dc:contributor": [
            "https://api.deepl.com/v2/translate"
          ],
          "rdf:language": [
            "it"
          ],
          "rdf:predicate": [
            {
              "@id": "rdfs:comment"
            }
          ]
        },
        {
          "@id": "https://data.datatourisme.fr/756d0049-954d-384c-8d4a-6357b6d226b7",
          "dc:contributor": [
            "https://api.deepl.com/v2/translate"
          ],
          "rdf:language": [
            "es"
          ],
          "rdf:predicate": [
            {
              "@id": "rdfs:comment"
            }
          ]
        },
        {
          "@id": "https://data.datatourisme.fr/9b2fcd16-220a-3ecf-b96a-e6efc8d223a1",
          "dc:contributor": [
            "https://api.deepl.com/v2/translate"
          ],
          "rdf:language": [
            "nl"
          ],
          "rdf:predicate": [
            {
              "@id": "rdfs:comment"
            }
          ]
        },
        {
          "@id": "https://data.datatourisme.fr/c0fecbf7-3206-3319-8afe-379170f142db",
          "dc:contributor": [
            "https://api.deepl.com/v2/translate"
          ],
          "rdf:language": [
            "en"
          ],
          "rdf:predicate": [
            {
              "@id": "rdfs:comment"
            }
          ]
        },
        {
          "@id": "https://data.datatourisme.fr/c96fa991-8ce9-3d45-a221-150b48979e66",
          "dc:contributor": [
            "https://api.deepl.com/v2/translate"
          ],
          "rdf:language": [
            "de"
          ],
          "rdf:predicate": [
            {
              "@id": "rdfs:comment"
            }
          ]
        }
      ],
      "siret": "30427598500030"
    }
  ],
  "hasContact": [
    {
      "@id": "https://data.datatourisme.fr/c023f051-1314-3c0d-8460-7f6de0225ef4",
      "schema:address": [
        {
          "@id": "https://data.datatourisme.fr/d7ebe550-8ab3-3483-aa64-865218d1bae5",
          "schema:postalCode": "07150",
          "@type": [
            "schema:PostalAddress"
          ]
        }
      ],
      "schema:email": [
        "infos@orgnac.com"
      ],
      "schema:telephone": [
        "+33 4 75 38 65 10"
      ],
      "@type": [
        "foaf:Agent",
        "Agent"
      ],
      "foaf:homepage": [
        "http://www.orgnac.com/"
      ]
    }
  ],
  "hasDescription": [
    {
      "@id": "https://data.datatourisme.fr/22146713-ba39-322a-9da1-16678d1ec970",
      "dc:description": {
        "en": [
          "The Grand Site of Aven d'Orgnac, the Cave and the City of Prehistory, is located in Ardèche, 50 km from Uzès (Gard)\n\nGrandiose, the Aven d'Orgnac offers you a fabulous journey into the depths of the Earth and Time\nThe cave, the only one to be awarded the Grand Site de France label, is a reference point in the world's underground heritage.\nIn the heart of real underground cathedrals, you will discover a fascinating world decorated with crystallizations as magical as they are grandiose.\nTower of Pisa, giant palm trees, piles of plates, majestic organ cases, translucent draperies, red rooms... illustrate this marvellous journey commented by passionate guides.\n\nA fabulous descent to a depth of 121 metres, punctuated by a moving sound and light show and an effortless return thanks to lifts.\n\nFor the more sporty, part of the undeveloped network is accessible (reservation required) in the form of caving trips\n- the Rando (3h, from 12 years old)\n- the Odyssey (8 hours, from 14 years old)\n- the Vertigo (3h, from 14 years old)\n- the historical descent (1h, from 12 years old)\n\nThe Cité de la Préhistoire, entirely renovated: more interactive, more fun, more visual, Prehistory is the essential subject of your holidays or excursions in Southern Ardèche.\nDiscover, on 2000 m² devoted to the theme, 350 000 years of History lived by these men and women, their places of life, their jewels and weapons, their environment and the animals which surrounded them, without forgetting the archaeological work.\nTo do this, as soon as you enter, the wall illustrations will take you back in time to 350,000 years BC, and the terminals and other interactive tables will allow you to touch with your fingertips this universe that seems so far away.  \nWhether you're a beginner or an expert, you'll discover a completely modernised tour of the museum, rich in information and emotion.\n\nThroughout the year, an interpreter will help you relive the actions of our distant ancestors by teaching you how to light a fire without a match or lighter, how to carve a flint or hunt bison.\n\nThe exteriors of the Grand Site, an ocean of greenery in the southern Ardèche.\nLandscaped terraces (partially accessible to people with reduced mobility) or the Maubois Trail (30 minute to 1 hour walks, free brochure on request)\nAt your disposal, you will find playgrounds and picnic areas, a shop selling local products and souvenirs, a refreshment bar and a restaurant.\n\nOpen from February 1st to November 15th and during the Christmas holidays.\nOpen every day.\n\nFor opening hours, please consult our website."
        ],
        "fr": [
          "Le Grand Site de l’Aven d’Orgnac, la Grotte et la Cité de la Préhistoire, se situe en Ardèche, à 50 km d’Uzès (Gard). \n\nGrandiose, l’Aven d’Orgnac vous propose un fabuleux voyage dans les profondeurs de la Terre et du Temps. \nLa grotte, seule cavité distinguée par le Label Grand Site de France, est un lieu de référence du patrimoine souterrain mondial.\nAu coeur de véritables cathédrales souterraines, vous découvrirez un monde fascinant orné de cristallisations aussi féériques que grandioses.\nTour de Pise, palmiers géants, piles d'assiettes, buffet d'orgues majestueux, draperies translucides, salles rouges... illustrent ce voyage merveilleux commenté par des guides passionnés.\n\nUne descente fabuleuse jusqu'à 121 mètres de profondeur, ponctuée par un son et lumière émouvant et un retour sans effort grâce à des ascenseurs.\n\nPour les plus sportifs, une partie du réseau non-aménagé est accessible (sur réservation obligatoire) sous forme de sorties spéléologiques : \n- la Rando (3h, à partir de 12 ans) \n- l'Odyssée (8h, à partir de 14 ans) \n- le Vertige (3h, à partir de 14 ans)\n- la descente historique (1h, à partir de 12 ans)\n\nLa Cité de la Préhistoire, entièrement rénovée : plus interactive, plus ludique, plus visuelle, la Préhistoire s'invite comme l'incontournable sujet de visite de vos vacances ou excursions en Ardèche méridionale.\nDécouvrez, sur 2000 m² consacrés à la thématique, 350 000 ans d'Histoire vécus par ces hommes et femmes, leurs lieux de vie, leurs bijoux et armes, leur environnement et les animaux qui les entouraient, sans oublier le travail archéologique.\nPour ce faire, dès votre entrée, les illustrations murales vont remonter le temps jusqu'à 350 000 ans avant JC, les bornes et autres tables interactives vous permettront de toucher du bout des doigts cet univers qui nous semble si lointain.  \nNéophyte ou initié, chacun découvre au fil d'un parcours de visite totalement modernisé une muséographie adaptée, riche en informations et en émotions.\n\nTout au long de l'année, un animateur vous fera revivre les gestes de nos lointains ancêtres en vous enseignant comment allumer un feu sans allumette ni briquet, tailler un silex ou chasser le bison.\n\nLes extérieurs du Grand Site, océan de verdure dans le sud de l'Ardèche.\nTerrasses paysagées (partiellement accessibles aux personnes à mobilité réduite) ou Sentier du Maubois (balades de 30 minutes à 1h, dépliant gratuit sur simple demande). \nA votre disposition, vous trouverez des aires de jeux et de pique-nique, une boutique de produits du Terroir et de souvenirs, une buvette et un restaurant.\n\nOuvert du 1er février au 15 novembre et pendant les vacances de Noël.\nOuvert tous les jours.\n\nPour les horaires consulter notre site."
        ]
      },
      "@type": [
        "Description"
      ],
      "hasTranslatedProperty": [
        {
          "@id": "https://data.datatourisme.fr/0db02807-1300-3bf4-82e6-4fe202d887d5",
          "dc:contributor": [
            "https://api.deepl.com/v2/translate"
          ],
          "rdf:language": [
            "en"
          ],
          "rdf:predicate": [
            "shortDescription"
          ]
        },
        {
          "@id": "https://data.datatourisme.fr/9b76526f-a3ce-301e-9cb3-6bac305486e7",
          "dc:contributor": [
            "https://api.deepl.com/v2/translate"
          ],
          "rdf:language": [
            "en"
          ],
          "rdf:predicate": [
            {
              "@id": "dc:description"
            }
          ]
        }
      ],
      "shortDescription": {
        "en": [
          "The Grand Site of the Aven d'Orgnac, the Cave and the City of Prehistory, is located in Ardèche, 50 km from Uzès (Gard). Grandiose, the Aven d'Orgnac offers you a fabulous journey into the depths of the Earth and Time. The cave, the only one to be awarded the \"Grand Site de France\" label, is a reference point for the world's underground heritage. In the heart of the true underground cathedrals, you will discover a fascinating world decorated with crystallizations as magical as they are grandiose.The Tower of Pisa, giant palm trees, piles of plates, majestic organ cases, translucent draperies, red rooms... illustrate this marvellous journey commented on by passionate guides.a fabulous descent to a depth of 121 metres, punctuated by a moving sound and light show and an effortless return thanks to lifts.For the more sporty, part of the undeveloped network is accessible (reservation required) in the form of caving trips: - the Rando (3 hours, from 12 years old) - the Odyssée (8 hours, from 14 years old) - the Vertige (3 hours, from 14 years old) - the historical descent (1 hour, from 12 years old) The Cité de la Préhistoire, completely renovated: more interactive, more fun, more visual, Prehistory is invited as the essential subject of visit of your holidays or excursions in southern Ardèche.Discover, on 2000 m² dedicated to the theme, 350 000 years of History lived by these men and women, their places of life, their jewels and weapons, their environment and the animals which surrounded them, without forgetting the archaeological work.to do this, as soon as you enter, the wall illustrations will go back in time to 350 000 years before JC, the terminals and other interactive tables will allow you to touch with your fingertips this universe which seems so far away. Whether you are a beginner or an experienced visitor, you will discover a completely modernised tour of the museum, rich in information and emotion. Throughout the year, an interpreter will help you relive the actions of our distant ancestors by teaching you how to light a fire without a match or lighter, how to carve a flint or hunt bison.The exterior of the Grand Site, an ocean of greenery in the south of the Ardèche, landscaped terraces (partially accessible to people with reduced mobility) or the Maubois path (30 minute to 1 hour walks, free brochure on request). At your disposal, you will find playgrounds and picnic areas, a shop selling local products and souvenirs, a refreshment bar and a restaurant.open from February 1st to November 15th and during the Christmas holidays.open every day.For opening hours, please consult our website."
        ],
        "fr": [
          "Le Grand Site de l’Aven d’Orgnac , la Grotte et la Cité de la Préhistoire, se situe en Ardèche , à 50 km d’Uzès (Gard) . Grandiose, l’Aven d’Orgnac vous propose un fabuleux voyage dans les profondeurs de la Terre et du Temps. La grotte, seule cavité distinguée par le Label Grand Site de France , est un lieu de référence du patrimoine souterrain mondial.Au coeur de véritables cathédrales souterraines, vous découvrirez un monde fascinant orné de cristallisations aussi féériques que grandioses.Tour de Pise , palmiers géants, piles d'assiettes, buffet d'orgues majestueux, draperies translucides, salles rouges... illustrent ce voyage merveilleux commenté par des guides passionnés.Une descente fabuleuse jusqu'à 121 mètres de profondeur, ponctuée par un son et lumière émouvant et un retour sans effort grâce à des ascenseurs.Pour les plus sportifs, une partie du réseau non-aménagé est accessible (sur réservation obligatoire) sous forme de sorties spéléologiques : - la Rando (3h, à partir de 12 ans) - l'Odyssée (8h, à partir de 14 ans) - le Vertige (3h, à partir de 14 ans)- la descente historique (1h, à partir de 12 ans)La Cité de la Préhistoire , entièrement rénovée : plus interactive, plus ludique, plus visuelle, la Préhistoire s'invite comme l'incontournable sujet de visite de vos vacances ou excursions en Ardèche méridionale.Découvrez, sur 2000 m² consacrés à la thématique, 350 000 ans d'Histoire vécus par ces hommes et femmes, leurs lieux de vie, leurs bijoux et armes, leur environnement et les animaux qui les entouraient, sans oublier le travail archéologique.Pour ce faire, dès votre entrée, les illustrations murales vont remonter le temps jusqu'à 350 000 ans avant JC, les bornes et autres tables interactives vous permettront de toucher du bout des doigts cet univers qui nous semble si lointain. Néophyte ou initié, chacun découvre au fil d'un parcours de visite totalement modernisé une muséographie adaptée, riche en informations et en émotions.Tout au long de l'année, un animateur vous fera revivre les gestes de nos lointains ancêtres en vous enseignant comment allumer un feu sans allumette ni briquet, tailler un silex ou chasser le bison.Les extérieurs du Grand Site, océan de verdure dans le sud de l'Ardèche .Terrasses paysagées (partiellement accessibles aux personnes à mobilité réduite) ou Sentier du Maubois (balades de 30 minutes à 1h, dépliant gratuit sur simple demande). A votre disposition, vous trouverez des aires de jeux et de pique-nique, une boutique de produits du Terroir et de souvenirs, une buvette et un restaurant.Ouvert du 1er février au 15 novembre et pendant les vacances de Noël.Ouvert tous les jours.Pour les horaires consulter notre site."
        ]
      }
    }
  ],
  "hasFeature": [
    {
      "@id": "https://data.datatourisme.fr/27437e3b-5e0b-395d-a123-19229c88a996",
      "@type": [
        "schema:PropertyValue",
        "FeatureSpecification"
      ],
      "charged": true,
      "internetAccess": false
    }
  ],
  "hasMainRepresentation": [
    {
      "@id": "https://data.datatourisme.fr/6c1fb9dd-e182-31b9-97d3-0ebccd7bfe6e",
      "ebucore:hasAnnotation": [
        {
          "@id": "https://data.datatourisme.fr/36500f55-e87a-32f3-989a-8a02021a44ee",
          "ebucore:isCoveredBy": "Droits gérés",
          "ebucore:title": {
            "fr": [
              "Grand site de l'aven d'orgnac"
            ]
          },
          "@type": [
            "ebucore:Annotation"
          ],
          "credits": [
            "Droits gérés"
          ]
        }
      ],
      "ebucore:hasRelatedResource": [
        {
          "@id": "https://data.datatourisme.fr/b58b2c00-5375-38d5-89c4-bba3bd34daa6",
          "ebucore:locator": [
            "http://cnstlltn.com/1024x768/79305dda-5403-44c1-bd7b-99746384b96d/wdraperies-en-portrait--p.jpg"
          ],
          "@type": [
            "ebucore:Resource"
          ]
        }
      ],
      "@type": [
        "ebucore:EditorialObject"
      ]
    }
  ],
  "hasRepresentation": [
    {
      "@id": "https://data.datatourisme.fr/3a0ecca9-6c78-3a64-ae9d-474e4db3fffb",
      "ebucore:hasAnnotation": [
        {
          "@id": "https://data.datatourisme.fr/6ed20ab4-98f3-3121-96ca-4efa5ecb444a",
          "ebucore:isCoveredBy": "Droits libres",
          "ebucore:title": {
            "fr": [
              "Grand site de l'aven d'orgnac - audio guide"
            ]
          },
          "@type": [
            "ebucore:Annotation"
          ]
        }
      ],
      "ebucore:hasRelatedResource": [
        {
          "@id": "https://data.datatourisme.fr/7b1a4bd7-b474-3f52-84d7-47bbcb0f5885",
          "ebucore:locator": [
            "http://cnstlltn.com/1024x768/9cf6bb6f-aa2d-439e-abd4-602592415f5b/audioguides_aven_orgnac_cite_prehistoire.jpg"
          ],
          "@type": [
            "ebucore:Resource"
          ]
        }
      ],
      "@type": [
        "ebucore:EditorialObject"
      ]
    },
    {
      "@id": "https://data.datatourisme.fr/6c1fb9dd-e182-31b9-97d3-0ebccd7bfe6e",
      "ebucore:hasAnnotation": [
        {
          "@id": "https://data.datatourisme.fr/36500f55-e87a-32f3-989a-8a02021a44ee",
          "ebucore:isCoveredBy": "Droits gérés",
          "ebucore:title": {
            "fr": [
              "Grand site de l'aven d'orgnac"
            ]
          },
          "@type": [
            "ebucore:Annotation"
          ],
          "credits": [
            "Droits gérés"
          ]
        }
      ],
      "ebucore:hasRelatedResource": [
        {
          "@id": "https://data.datatourisme.fr/b58b2c00-5375-38d5-89c4-bba3bd34daa6",
          "ebucore:locator": [
            "http://cnstlltn.com/1024x768/79305dda-5403-44c1-bd7b-99746384b96d/wdraperies-en-portrait--p.jpg"
          ],
          "@type": [
            "ebucore:Resource"
          ]
        }
      ],
      "@type": [
        "ebucore:EditorialObject"
      ]
    }
  ],
  "hasReview": [
    {
      "@id": "https://data.datatourisme.fr/ea24266c-3284-370c-aeea-dfc7f885ee91",
      "@type": [
        "Review"
      ],
      "hasReviewValue": {
        "@id": "kb:LabelRating_GrandSiteDeFrance",
        "@type": [
          "LabelRating"
        ],
        "rdfs:label": {
          "de": [
            "Grand Site de France"
          ],
          "pt": [
            "Grand Site de France"
          ],
          "en": [
            "Grand Site de France"
          ],
          "it": [
            "Grand Site de France"
          ],
          "fr": [
            "Grand Site de France"
          ],
          "nl": [
            "Grand Site de France"
          ],
          "es": [
            "Grand Site de France"
          ]
        },
        "isCompliantWith": [
          "PlaceOfInterest"
        ]
      }
    }
  ],
  "hasTranslatedProperty": [
    {
      "@id": "https://data.datatourisme.fr/b74ba108-990a-36ca-8d12-66e354995364",
      "dc:contributor": [
        "https://api.deepl.com/v2/translate"
      ],
      "rdf:language": [
        "en"
      ],
      "rdf:predicate": [
        {
          "@id": "rdfs:comment"
        }
      ]
    }
  ],
  "isLocatedAt": [
    {
      "@id": "https://data.datatourisme.fr/2e38f8ee-eb3a-376c-bfcc-2c88e613bdad",
      "schema:address": [
        {
          "@id": "https://data.datatourisme.fr/f1ed8140-43f5-3ba6-822b-c52faffe41b2",
          "schema:addressLocality": "Orgnac-l'Aven",
          "schema:postalCode": "07150",
          "schema:streetAddress": [
            "AVEN D'ORGNAC GROTTE*** & MUSEE DE PREHISTOIRE"
          ],
          "@type": [
            "schema:PostalAddress",
            "PostalAddress"
          ],
          "hasAddressCity": {
            "@id": "kb:07168",
            "@type": [
              "City"
            ],
            "rdfs:label": {
              "de": [
                "Orgnac-l'Aven"
              ],
              "pt": [
                "Orgnac-l'Aven"
              ],
              "en": [
                "Orgnac-l'Aven"
              ],
              "it": [
                "Orgnac-l'Aven"
              ],
              "fr": [
                "Orgnac-l'Aven"
              ],
              "nl": [
                "Orgnac-l'Aven"
              ],
              "es": [
                "Orgnac-l'Aven"
              ]
            },
            "insee": "07168",
            "isPartOfDepartment": {
              "@id": "kb:France8407",
              "@type": [
                "Department"
              ],
              "rdfs:label": {
                "de": [
                  "Ardèche"
                ],
                "pt": [
                  "Ardèche"
                ],
                "en": [
                  "Ardèche"
                ],
                "it": [
                  "Ardèche"
                ],
                "fr": [
                  "Ardèche"
                ],
                "nl": [
                  "Ardèche"
                ],
                "es": [
                  "Ardèche"
                ]
              },
              "insee": "07",
              "isPartOfRegion": {
                "@id": "kb:France84",
                "@type": [
                  "Region"
                ],
                "rdfs:label": {
                  "de": [
                    "Auvergne-Rhône-Alpes"
                  ],
                  "pt": [
                    "Auvergne-Rhône-Alpes"
                  ],
                  "en": [
                    "Auvergne-Rhône-Alpes"
                  ],
                  "it": [
                    "Auvergne-Rhône-Alpes"
                  ],
                  "fr": [
                    "Auvergne-Rhône-Alpes"
                  ],
                  "nl": [
                    "Auvergne-Rhône-Alpes"
                  ],
                  "es": [
                    "Auvergne-Rhône-Alpes"
                  ]
                },
                "insee": "84",
                "isPartOfCountry": {
                  "@id": "kb:France",
                  "@type": [
                    "schema:Country"
                  ],
                  "rdfs:label": {
                    "de": [
                      "France",
                      "Frankreich"
                    ],
                    "pt": [
                      "França",
                      "France"
                    ],
                    "en": [
                      "France"
                    ],
                    "it": [
                      "France",
                      "Francia"
                    ],
                    "fr": [
                      "France"
                    ],
                    "nl": [
                      "France",
                      "Frankrijk"
                    ],
                    "es": [
                      "France",
                      "Francia"
                    ]
                  }
                }
              }
            }
          }
        }
      ],
      "schema:geo": {
        "@id": "https://data.datatourisme.fr/4b453b14-70ac-38cf-9d20-652bfd8a01bd",
        "schema:elevation": "0",
        "schema:latitude": "44.31893",
        "schema:longitude": "4.413086",
        "@type": [
          "schema:GeoCoordinates"
        ]
      },
      "@type": [
        "schema:Place",
        "Place"
      ],
      "airConditioning": false,
      "altInsee": [
        "07168"
      ],
      "internetAccess": false,
      "noSmoking": false,
      "petsAllowed": false
    }
  ],
  "isOwnedBy": [
    {
      "@id": "https://data.datatourisme.fr/698dd9ea-089d-3ea0-8a1b-b63faf2c39d6",
      "schema:legalName": "Gard Tourisme",
      "@type": [
        "schema:Organization",
        "foaf:Agent",
        "Agent"
      ]
    }
  ],
  "lastUpdate": "2022-05-20",
  "lastUpdateDatatourisme": "2022-06-13T20:14:38.22Z",
  "offers": [
    {
      "@id": "https://data.datatourisme.fr/bb8fbf88-6c2a-3bdf-8beb-2d36ec65edf2",
      "schema:acceptedPaymentMethod": [
        {
          "@id": "kb:AmericanExpress",
          "@type": [
            "schema:PaymentMethod"
          ],
          "rdfs:label": {
            "de": [
              "American Express"
            ],
            "pt": [
              "American Express"
            ],
            "en": [
              "American express"
            ],
            "it": [
              "American Express"
            ],
            "fr": [
              "American express"
            ],
            "nl": [
              "American Express"
            ],
            "es": [
              "American Express"
            ]
          }
        },
        {
          "@id": "kb:EurocardMastercard",
          "@type": [
            "schema:PaymentMethod"
          ],
          "rdfs:label": {
            "de": [
              "Eurocard – Mastercard"
            ],
            "pt": [
              "Eurocard — Mastercard"
            ],
            "en": [
              "Eurocard - mastercard"
            ],
            "it": [
              "Eurocard - mastercard"
            ],
            "fr": [
              "Eurocard - mastercard"
            ],
            "nl": [
              "Eurocard - Mastercard"
            ],
            "es": [
              "Eurocard - Mastercard"
            ]
          }
        },
        {
          "@id": "kb:HolidayVouchers",
          "@type": [
            "schema:PaymentMethod"
          ],
          "rdfs:label": {
            "de": [
              "Urlaubsschecks"
            ],
            "pt": [
              "Vales de férias"
            ],
            "en": [
              "Holiday vouchers"
            ],
            "it": [
              "Buoni vacanza"
            ],
            "fr": [
              "Chèques vacances"
            ],
            "nl": [
              "Vakantiecheques"
            ],
            "es": [
              "Cheques de vacaciones"
            ]
          }
        },
        {
          "@id": "kb:Visa",
          "@type": [
            "schema:PaymentMethod"
          ],
          "rdfs:label": {
            "de": [
              "Visa"
            ],
            "pt": [
              "Visto"
            ],
            "en": [
              "Visa"
            ],
            "it": [
              "Visto"
            ],
            "fr": [
              "Visa"
            ],
            "nl": [
              "Visum"
            ],
            "es": [
              "Visa"
            ]
          }
        }
      ],
      "schema:priceSpecification": [
        {
          "@id": "https://data.datatourisme.fr/5af66294-1ac5-3bd2-b9a8-f9f719e7c3e9",
          "schema:price": "9.5",
          "@type": [
            "schema:PriceSpecification"
          ]
        }
      ],
      "@type": [
        "schema:Offer",
        "Offer"
      ]
    }
  ],
  "reducedMobilityAccess": true
}