{
  "@id": "https://data.datatourisme.fr/13/0b4d0784-3a34-3c05-b5d4-78e9785165ab",
  "dc:identifier": "6628979",
  "@type": [
    "olo:OrderedList",
    "schema:LocalBusiness",
    "CyclingTour",
    "PlaceOfInterest",
    "PointOfInterest",
    "SportsAndLeisurePlace",
    "Tour",
    "TrackRollerOrSkateBoard"
  ],
  "rdfs:comment": {
    "de": [
      "Die Via Ardèche - Teilstück von Lalevade, beginnt im Viertel La Clape, einem frei zugänglichen und kostenlosen Ort, der für Sport im Freien eingerichtet wurde: Fahrräder, E-Bikes, Mountainbikes, Wanderer und andere Sportler sind willkommen! Weniger als 5 % Steigung, 6,4 km hin und zurück."
    ],
    "en": [
      "The Via Ardèche - portion of Lalevade, starts in the district of La Clape, place in free access arranged for outdoor sports: bicycles, e-bikes, VTC, walkers and other athletes welcome! Less than 5% slope, 6.4km round trip."
    ],
    "it": [
      "Il tratto Via Ardèche - Lalevade inizia nel quartiere di La Clape, uno spazio libero e gratuito destinato agli sport all'aria aperta: biciclette, mountain bike, escursionisti e altri sportivi sono i benvenuti! Pendenza inferiore al 5%, 6,4 km andata e ritorno."
    ],
    "fr": [
      "La Via Ardèche - portion de Lalevade, démarre dans le quartier de La Clape, lieu en accès libre et gratuit aménagé pour les sports de plein air : vélos, VAE, VTC, marcheurs et autres sportifs bienvenus ! Moins de 5% de pente, 6,4km en aller-retour."
    ],
    "nl": [
      "Het traject Via Ardèche - Lalevade begint in de wijk La Clape, een vrij toegankelijk gebied voor buitensporten: fietsen, mountainbikes, wandelaars en andere sportievelingen zijn welkom! Minder dan 5% helling, 6,4 km heen en terug."
    ],
    "es": [
      "El tramo Via Ardèche - Lalevade comienza en el barrio de La Clape, una zona de acceso libre y gratuito destinada a la práctica de deportes al aire libre: ¡bicicletas, bicicletas de montaña, senderistas y otros deportistas son bienvenidos! Menos del 5% de desnivel, 6,4 km ida y vuelta."
    ]
  },
  "rdfs:label": {
    "en": [
      "Via Ardèche - Lalevade-Labégude cycle route"
    ],
    "fr": [
      "Via Ardèche - tronçon cyclable Lalevade-Labégude"
    ]
  },
  "hasBeenCreatedBy": {
    "@id": "https://data.datatourisme.fr/13/41ae36ec-b9b3-3ee6-89d0-5b90c14222fb",
    "dc:identifier": "417",
    "schema:email": [
      "aurore.auzas@asv-cdc.fr",
      "emiliemazon@sourcesvolcans.com",
      "maevalopez@sourcesvolcans.com",
      "severinevignal@sourcesvolcans.com",
      "tourisme@sourcesvolcans.com",
      "web@sourcesvolcans.com"
    ],
    "schema:legalName": "Office de Tourisme Ardèche des Sources et Volcans",
    "@type": [
      "schema:Organization",
      "foaf:Agent",
      "Agent"
    ],
    "foaf:homepage": [
      "http://sourcesvolcans.com/"
    ]
  },
  "hasBeenPublishedBy": [
    {
      "@id": "https://data.datatourisme.fr/dbca899d-3f22-364b-b99d-40af1e917c58",
      "schema:legalName": "Agence de Développement Touristique de l'Ardèche - source : Apidae Tourisme",
      "@type": [
        "schema:Organization",
        "foaf:Agent",
        "Agent"
      ],
      "foaf:homepage": [
        "https://www.apidae-tourisme.com/"
      ]
    }
  ],
  "hasContact": [
    {
      "@id": "https://data.datatourisme.fr/a33932da-4996-3863-b639-12438717ae54",
      "schema:telephone": [
        "+33 4 75 38 00 51"
      ],
      "@type": [
        "foaf:Agent",
        "Agent"
      ],
      "foaf:homepage": [
        "https://sourcesvolcans.com/via-ardeche"
      ]
    }
  ],
  "hasDescription": [
    {
      "@id": "https://data.datatourisme.fr/ca24fd47-b1fb-3d8e-a854-efeba1704c9f",
      "@type": [
        "Description"
      ],
      "hasTranslatedProperty": [
        {
          "@id": "https://data.datatourisme.fr/229b6980-a5e9-3372-80a8-c11086cbf703",
          "dc:contributor": [
            "https://api.deepl.com/v2/translate"
          ],
          "rdf:language": [
            "de"
          ],
          "rdf:predicate": [
            "shortDescription"
          ]
        },
        {
          "@id": "https://data.datatourisme.fr/4c9f41d0-b3c2-3237-a873-6ad7451d4755",
          "dc:contributor": [
            "https://api.deepl.com/v2/translate"
          ],
          "rdf:language": [
            "es"
          ],
          "rdf:predicate": [
            "shortDescription"
          ]
        },
        {
          "@id": "https://data.datatourisme.fr/5b30ca13-bcd9-3835-8a25-ac2071eed426",
          "dc:contributor": [
            "https://api.deepl.com/v2/translate"
          ],
          "rdf:language": [
            "nl"
          ],
          "rdf:predicate": [
            "shortDescription"
          ]
        },
        {
          "@id": "https://data.datatourisme.fr/5f792e5c-0711-35d3-b615-03ee9a645d8a",
          "dc:contributor": [
            "https://api.deepl.com/v2/translate"
          ],
          "rdf:language": [
            "it"
          ],
          "rdf:predicate": [
            "shortDescription"
          ]
        }
      ],
      "shortDescription": {
        "de": [
          "Die Via Ardèche - Teilstück von Lalevade, beginnt im Viertel La Clape, einem frei zugänglichen und kostenlosen Ort, der für Sport im Freien eingerichtet wurde: Fahrräder, E-Bikes, Mountainbikes, Wanderer und andere Sportler sind willkommen! Weniger als 5 % Steigung, 6,4 km hin und zurück."
        ],
        "en": [
          "The Via Ardèche - portion of Lalevade, starts in the district of La Clape, place in free access arranged for outdoor sports: bicycles, e-bikes, VTC, walkers and other athletes welcome! Less than 5% slope, 6.4km round trip."
        ],
        "it": [
          "Il tratto Via Ardèche - Lalevade inizia nel quartiere di La Clape, uno spazio libero e gratuito destinato agli sport all'aria aperta: biciclette, mountain bike, escursionisti e altri sportivi sono i benvenuti! Pendenza inferiore al 5%, 6,4 km andata e ritorno."
        ],
        "fr": [
          "La Via Ardèche - portion de Lalevade, démarre dans le quartier de La Clape, lieu en accès libre et gratuit aménagé pour les sports de plein air : vélos, VAE, VTC, marcheurs et autres sportifs bienvenus ! Moins de 5% de pente, 6,4km en aller-retour."
        ],
        "nl": [
          "Het traject Via Ardèche - Lalevade begint in de wijk La Clape, een vrij toegankelijk gebied voor buitensporten: fietsen, mountainbikes, wandelaars en andere sportievelingen zijn welkom! Minder dan 5% helling, 6,4 km heen en terug."
        ],
        "es": [
          "El tramo Via Ardèche - Lalevade comienza en el barrio de La Clape, una zona de acceso libre y gratuito destinada a la práctica de deportes al aire libre: ¡bicicletas, bicicletas de montaña, senderistas y otros deportistas son bienvenidos! Menos del 5% de desnivel, 6,4 km ida y vuelta."
        ]
      }
    }
  ],
  "hasTheme": [
    {
      "@id": "kb:BicycleTouring",
      "@type": [
        "SportsTheme"
      ],
      "rdfs:label": {
        "de": [
          "Radtourismus"
        ],
        "pt": [
          "Cicloturismo"
        ],
        "en": [
          "Bicycle touring"
        ],
        "it": [
          "Cicloturismo"
        ],
        "fr": [
          "Cyclotourisme"
        ],
        "nl": [
          "Fietstoerisme"
        ],
        "es": [
          "Cicloturismo"
        ]
      }
    },
    {
      "@id": "kb:Bike",
      "@type": [
        "SportsTheme"
      ],
      "rdfs:label": {
        "de": [
          "Fahrrad"
        ],
        "pt": [
          "Bicicleta"
        ],
        "en": [
          "Bike"
        ],
        "it": [
          "Bicicletta"
        ],
        "fr": [
          "Vélo"
        ],
        "nl": [
          "Fiets"
        ],
        "es": [
          "Bicicleta"
        ]
      }
    },
    {
      "@id": "kb:ElectricallyAssistedBicycle",
      "@type": [
        "SportsTheme"
      ],
      "rdfs:label": {
        "de": [
          "Ladestation für Elektrofahrräder"
        ],
        "pt": [
          "Bicicleta elétrica"
        ],
        "en": [
          "Electrically assisted bicycle"
        ],
        "it": [
          "Bicicletta a pedalata assistita"
        ],
        "fr": [
          "Vélo à assistance électrique, VAE"
        ],
        "nl": [
          "Elektrische fiets"
        ],
        "es": [
          "Bicicleta eléctrica, VAE"
        ]
      }
    },
    {
      "@id": "kb:Rollerblades",
      "@type": [
        "SportsTheme"
      ],
      "rdfs:label": {
        "de": [
          "Rollerblades"
        ],
        "pt": [
          "Patins"
        ],
        "en": [
          "Rollerblades"
        ],
        "it": [
          "Rollerblade"
        ],
        "fr": [
          "Roller"
        ],
        "nl": [
          "Rollerblade"
        ],
        "es": [
          "Patines"
        ]
      }
    }
  ],
  "hasTranslatedProperty": [
    {
      "@id": "https://data.datatourisme.fr/01c3d0dc-5356-316b-a12a-e2a40223fb02",
      "dc:contributor": [
        "https://api.deepl.com/v2/translate"
      ],
      "rdf:language": [
        "es"
      ],
      "rdf:predicate": [
        {
          "@id": "rdfs:comment"
        }
      ]
    },
    {
      "@id": "https://data.datatourisme.fr/2f4118d9-b1fd-353f-be23-34db20fa3547",
      "dc:contributor": [
        "https://api.deepl.com/v2/translate"
      ],
      "rdf:language": [
        "de"
      ],
      "rdf:predicate": [
        {
          "@id": "rdfs:comment"
        }
      ]
    },
    {
      "@id": "https://data.datatourisme.fr/6805f26a-4ccf-37d9-a9f1-365050db2853",
      "dc:contributor": [
        "https://api.deepl.com/v2/translate"
      ],
      "rdf:language": [
        "it"
      ],
      "rdf:predicate": [
        {
          "@id": "rdfs:comment"
        }
      ]
    },
    {
      "@id": "https://data.datatourisme.fr/ae78c7ca-b378-3b37-bce7-54904351bc31",
      "dc:contributor": [
        "https://api.deepl.com/v2/translate"
      ],
      "rdf:language": [
        "nl"
      ],
      "rdf:predicate": [
        {
          "@id": "rdfs:comment"
        }
      ]
    }
  ],
  "isLocatedAt": [
    {
      "@id": "https://data.datatourisme.fr/9143eda1-7cf9-31a5-812e-5c05b9ccf27a",
      "schema:address": [
        {
          "@id": "https://data.datatourisme.fr/3e6757e3-631a-329d-8569-fd0c6aa63a79",
          "schema:addressLocality": "Lalevade-d'Ardèche",
          "schema:postalCode": "07380",
          "schema:streetAddress": [
            "Quartier La Clape"
          ],
          "@type": [
            "schema:PostalAddress",
            "PostalAddress"
          ],
          "hasAddressCity": {
            "@id": "kb:07127",
            "@type": [
              "City"
            ],
            "rdfs:label": {
              "de": [
                "Lalevade-d'Ardèche"
              ],
              "pt": [
                "Lalevade-d'Ardèche"
              ],
              "en": [
                "Lalevade-d'Ardèche"
              ],
              "it": [
                "Lalevade-d'Ardèche"
              ],
              "fr": [
                "Lalevade-d'Ardèche"
              ],
              "nl": [
                "Lalevade-d'Ardèche"
              ],
              "es": [
                "Lalevade-d'Ardèche"
              ]
            },
            "insee": "07127",
            "isPartOfDepartment": {
              "@id": "kb:France8407",
              "@type": [
                "Department"
              ],
              "rdfs:label": {
                "de": [
                  "Ardèche"
                ],
                "pt": [
                  "Ardèche"
                ],
                "en": [
                  "Ardèche"
                ],
                "it": [
                  "Ardèche"
                ],
                "fr": [
                  "Ardèche"
                ],
                "nl": [
                  "Ardèche"
                ],
                "es": [
                  "Ardèche"
                ]
              },
              "insee": "07",
              "isPartOfRegion": {
                "@id": "kb:France84",
                "@type": [
                  "Region"
                ],
                "rdfs:label": {
                  "de": [
                    "Auvergne-Rhône-Alpes"
                  ],
                  "pt": [
                    "Auvergne-Rhône-Alpes"
                  ],
                  "en": [
                    "Auvergne-Rhône-Alpes"
                  ],
                  "it": [
                    "Auvergne-Rhône-Alpes"
                  ],
                  "fr": [
                    "Auvergne-Rhône-Alpes"
                  ],
                  "nl": [
                    "Auvergne-Rhône-Alpes"
                  ],
                  "es": [
                    "Auvergne-Rhône-Alpes"
                  ]
                },
                "insee": "84",
                "isPartOfCountry": {
                  "@id": "kb:France",
                  "@type": [
                    "schema:Country"
                  ],
                  "rdfs:label": {
                    "de": [
                      "France",
                      "Frankreich"
                    ],
                    "pt": [
                      "França",
                      "France"
                    ],
                    "en": [
                      "France"
                    ],
                    "it": [
                      "France",
                      "Francia"
                    ],
                    "fr": [
                      "France"
                    ],
                    "nl": [
                      "France",
                      "Frankrijk"
                    ],
                    "es": [
                      "France",
                      "Francia"
                    ]
                  }
                }
              }
            }
          }
        }
      ],
      "schema:geo": {
        "@id": "https://data.datatourisme.fr/211516c9-e8d4-374a-bc75-d1cead7aabd8",
        "schema:latitude": "44.648447",
        "schema:longitude": "4.324264",
        "@type": [
          "schema:GeoCoordinates"
        ]
      },
      "schema:openingHoursSpecification": [
        {
          "@id": "https://data.datatourisme.fr/f87e535a-636d-3343-ad63-8a03392e7511",
          "schema:validFrom": "2023-01-01T00:00:00",
          "schema:validThrough": "2023-12-31T23:59:59",
          "@type": [
            "schema:OpeningHoursSpecification"
          ]
        }
      ],
      "@type": [
        "schema:Place",
        "Place"
      ]
    }
  ],
  "isOwnedBy": [
    {
      "@id": "https://data.datatourisme.fr/66724468-eb04-313b-8038-2872ecb27340",
      "schema:email": [
        "aurore.auzas@asv-cdc.fr",
        "emiliemazon@sourcesvolcans.com",
        "maevalopez@sourcesvolcans.com",
        "severinevignal@sourcesvolcans.com",
        "tourisme@sourcesvolcans.com",
        "web@sourcesvolcans.com"
      ],
      "schema:legalName": "Office de Tourisme Ardèche des Sources et Volcans",
      "@type": [
        "schema:Organization",
        "foaf:Agent",
        "Agent"
      ],
      "foaf:homepage": [
        "http://sourcesvolcans.com/"
      ]
    }
  ],
  "lastUpdate": "2023-08-09",
  "lastUpdateDatatourisme": "2023-08-10T05:41:58.657Z"
}