{
  "@id": "https://data.datatourisme.fr/13/34704d08-4502-391f-bc80-a806e7958b02",
  "dc:identifier": "6537028",
  "@type": [
    "olo:OrderedList",
    "CyclingTour",
    "PlaceOfInterest",
    "PointOfInterest",
    "SportsAndLeisurePlace",
    "Tour"
  ],
  "rdfs:comment": {
    "de": [
      "Entdecken Sie die Natur und das historische Erbe mit unserer Mountainbike-Runde durch die Weinberge und Obstgärten von der Rhône bis zum Plateau der Ardèche.\r\nZu entdecken in der App die \"inspirierten Fluchten\"."
    ],
    "en": [
      "Discover nature and historical heritage with our mountain bike loop through the vineyards and orchards of the Rhône to the Ardèche plateau.\r\nTo discover in the application \"inspired escapes\"."
    ],
    "it": [
      "Scoprite la natura e il patrimonio storico con il nostro itinerario in mountain bike attraverso i vigneti e i frutteti dell'altopiano del Rodano e dell'Ardèche.\r\nDa scoprire nell'applicazione \"Fughe ispirate\"."
    ],
    "fr": [
      "Partez à la découverte de la nature et du patrimoine historique avec notre boucle VTT à travers les vignobles et vergers du Rhône au plateau ardéchois. \r\nA découvrir dans l'application les \"échappées inspirées\"."
    ],
    "nl": [
      "Ontdek de natuur en het historisch erfgoed met onze mountainbikeroute door de wijn- en boomgaarden van het plateau van de Rhône en de Ardèche.\r\nTe ontdekken in de applicatie \"geïnspireerde ontsnappingen\"."
    ],
    "es": [
      "Descubra la naturaleza y el patrimonio histórico con nuestro bucle en bicicleta de montaña por los viñedos y huertos de la meseta del Ródano y Ardèche.\r\nA descubrir en la aplicación \"escapadas inspiradas\"."
    ]
  },
  "rdfs:label": {
    "fr": [
      "Du Rhône aux coteaux du saint joseph"
    ]
  },
  "hasBeenCreatedBy": {
    "@id": "https://data.datatourisme.fr/13/73278a4a-8696-3eeb-976a-8fd4c9ec6997",
    "dc:identifier": "113",
    "schema:email": [
      "d.sanial@dromardeche.fr",
      "j.bruyere@dromardeche.fr"
    ],
    "schema:legalName": "Office de Tourisme Porte de DrômArdèche",
    "@type": [
      "schema:Organization",
      "foaf:Agent",
      "Agent"
    ],
    "foaf:homepage": [
      "http://www.autour-du-palais-ideal.fr/"
    ]
  },
  "hasBeenPublishedBy": [
    {
      "@id": "https://data.datatourisme.fr/d48f2ccd-2357-3a8e-b949-cb8bf19a361f",
      "schema:legalName": "Agence d'Attractivité de la Drôme - source : Apidae Tourisme",
      "@type": [
        "schema:Organization",
        "foaf:Agent",
        "Agent"
      ],
      "foaf:homepage": [
        "https://www.apidae-tourisme.com/"
      ]
    }
  ],
  "hasContact": [
    {
      "@id": "https://data.datatourisme.fr/055e0a47-f4a9-371f-bec5-c4f56507c129",
      "schema:telephone": [
        "+33 4 75 23 45 33"
      ],
      "@type": [
        "foaf:Agent",
        "Agent"
      ],
      "foaf:homepage": [
        "http://www.autour-du-palais-ideal.fr/"
      ]
    }
  ],
  "hasDescription": [
    {
      "@id": "https://data.datatourisme.fr/a82f67a9-c44e-3fd4-aad6-50b6a6d8b284",
      "@type": [
        "Description"
      ],
      "hasTranslatedProperty": [
        {
          "@id": "https://data.datatourisme.fr/2a0b2b8f-b078-30ad-a76b-a9c6037b7b28",
          "dc:contributor": [
            "https://api.deepl.com/v2/translate"
          ],
          "rdf:language": [
            "it"
          ],
          "rdf:predicate": [
            "shortDescription"
          ]
        },
        {
          "@id": "https://data.datatourisme.fr/691dd4db-bd7c-39de-9fc2-0c4e6015dc2c",
          "dc:contributor": [
            "https://api.deepl.com/v2/translate"
          ],
          "rdf:language": [
            "en"
          ],
          "rdf:predicate": [
            "shortDescription"
          ]
        },
        {
          "@id": "https://data.datatourisme.fr/7d732d9c-7790-38be-b2a6-f4d4608d9b20",
          "dc:contributor": [
            "https://api.deepl.com/v2/translate"
          ],
          "rdf:language": [
            "de"
          ],
          "rdf:predicate": [
            "shortDescription"
          ]
        },
        {
          "@id": "https://data.datatourisme.fr/a933a3bb-04d5-3bd4-8c26-16799767fb81",
          "dc:contributor": [
            "https://api.deepl.com/v2/translate"
          ],
          "rdf:language": [
            "es"
          ],
          "rdf:predicate": [
            "shortDescription"
          ]
        },
        {
          "@id": "https://data.datatourisme.fr/ac18656a-94f6-37b4-a647-2bfc2d2c40a6",
          "dc:contributor": [
            "https://api.deepl.com/v2/translate"
          ],
          "rdf:language": [
            "nl"
          ],
          "rdf:predicate": [
            "shortDescription"
          ]
        }
      ],
      "shortDescription": {
        "de": [
          "Entdecken Sie die Natur und das historische Erbe mit unserer Mountainbike-Runde durch die Weinberge und Obstgärten von der Rhône bis zum Plateau der Ardèche.\r\nZu entdecken in der App die \"inspirierten Fluchten\"."
        ],
        "en": [
          "Discover nature and historical heritage with our mountain bike loop through the vineyards and orchards of the Rhône to the Ardèche plateau.\r\nTo discover in the application \"inspired escapes\"."
        ],
        "it": [
          "Scoprite la natura e il patrimonio storico con il nostro itinerario in mountain bike attraverso i vigneti e i frutteti dell'altopiano del Rodano e dell'Ardèche.\r\nDa scoprire nell'applicazione \"Fughe ispirate\"."
        ],
        "fr": [
          "Partez à la découverte de la nature et du patrimoine historique avec notre boucle VTT à travers les vignobles et vergers du Rhône au plateau ardéchois. \r\nA découvrir dans l'application les \"échappées inspirées\"."
        ],
        "nl": [
          "Ontdek de natuur en het historisch erfgoed met onze mountainbikeroute door de wijn- en boomgaarden van het plateau van de Rhône en de Ardèche.\r\nTe ontdekken in de applicatie \"geïnspireerde ontsnappingen\"."
        ],
        "es": [
          "Descubra la naturaleza y el patrimonio histórico con nuestro bucle en bicicleta de montaña por los viñedos y huertos de la meseta del Ródano y Ardèche.\r\nA descubrir en la aplicación \"escapadas inspiradas\"."
        ]
      }
    }
  ],
  "hasTheme": [
    {
      "@id": "kb:ATV",
      "@type": [
        "SportsTheme"
      ],
      "rdfs:label": {
        "de": [
          "MTB"
        ],
        "pt": [
          "Bicicleta-todo-o-terreno (BTT)"
        ],
        "en": [
          "Atv"
        ],
        "it": [
          "Mountain bike"
        ],
        "fr": [
          "Vtt"
        ],
        "nl": [
          "Mountainbike"
        ],
        "es": [
          "BTT"
        ]
      }
    },
    {
      "@id": "kb:Bike",
      "@type": [
        "SportsTheme"
      ],
      "rdfs:label": {
        "de": [
          "Fahrrad"
        ],
        "pt": [
          "Bicicleta"
        ],
        "en": [
          "Bike"
        ],
        "it": [
          "Bicicletta"
        ],
        "fr": [
          "Vélo"
        ],
        "nl": [
          "Fiets"
        ],
        "es": [
          "Bicicleta"
        ]
      }
    },
    {
      "@id": "kb:ElectricATV",
      "@type": [
        "SportsTheme"
      ],
      "rdfs:label": {
        "de": [
          "Elektro-Mountainbike"
        ],
        "pt": [
          "Bicicleta-todo-o-terreno (BTT) elétrica"
        ],
        "en": [
          "Electri atv"
        ],
        "it": [
          "Mountain bike elettrica"
        ],
        "fr": [
          "Vtt électrique"
        ],
        "nl": [
          "Elektrische mountainbike"
        ],
        "es": [
          "Bicicleta eléctrica de montaña"
        ]
      }
    }
  ],
  "hasTranslatedProperty": [
    {
      "@id": "https://data.datatourisme.fr/42ab67e7-b560-308a-ad2b-8185e9c6d7f4",
      "dc:contributor": [
        "https://api.deepl.com/v2/translate"
      ],
      "rdf:language": [
        "es"
      ],
      "rdf:predicate": [
        {
          "@id": "rdfs:comment"
        }
      ]
    },
    {
      "@id": "https://data.datatourisme.fr/5780b522-b44d-3bad-baa8-3444923ec6f2",
      "dc:contributor": [
        "https://api.deepl.com/v2/translate"
      ],
      "rdf:language": [
        "it"
      ],
      "rdf:predicate": [
        {
          "@id": "rdfs:comment"
        }
      ]
    },
    {
      "@id": "https://data.datatourisme.fr/6b0b4315-9fdc-3ae2-b0f8-d35614745c9c",
      "dc:contributor": [
        "https://api.deepl.com/v2/translate"
      ],
      "rdf:language": [
        "de"
      ],
      "rdf:predicate": [
        {
          "@id": "rdfs:comment"
        }
      ]
    },
    {
      "@id": "https://data.datatourisme.fr/c53e018c-066e-3e0e-8bb7-20cbd077a942",
      "dc:contributor": [
        "https://api.deepl.com/v2/translate"
      ],
      "rdf:language": [
        "en"
      ],
      "rdf:predicate": [
        {
          "@id": "rdfs:comment"
        }
      ]
    },
    {
      "@id": "https://data.datatourisme.fr/ccb6cf3b-60ae-3562-a4aa-bea62c9c81cc",
      "dc:contributor": [
        "https://api.deepl.com/v2/translate"
      ],
      "rdf:language": [
        "nl"
      ],
      "rdf:predicate": [
        {
          "@id": "rdfs:comment"
        }
      ]
    }
  ],
  "isLocatedAt": [
    {
      "@id": "https://data.datatourisme.fr/a53ca462-f543-3fac-ae9f-308799f4970b",
      "schema:address": [
        {
          "@id": "https://data.datatourisme.fr/ef5f420d-e928-3141-8005-8770af193067",
          "schema:addressLocality": "Champagne",
          "schema:postalCode": "07340",
          "schema:streetAddress": [
            "Pile du bac à traille - Rue du Port"
          ],
          "@type": [
            "schema:PostalAddress",
            "PostalAddress"
          ],
          "hasAddressCity": {
            "@id": "kb:07051",
            "@type": [
              "City"
            ],
            "rdfs:label": {
              "de": [
                "Champagne"
              ],
              "pt": [
                "Champagne"
              ],
              "en": [
                "Champagne"
              ],
              "it": [
                "Champagne"
              ],
              "fr": [
                "Champagne"
              ],
              "nl": [
                "Champagne"
              ],
              "es": [
                "Champagne"
              ]
            },
            "insee": "07051",
            "isPartOfDepartment": {
              "@id": "kb:France8407",
              "@type": [
                "Department"
              ],
              "rdfs:label": {
                "de": [
                  "Ardèche"
                ],
                "pt": [
                  "Ardèche"
                ],
                "en": [
                  "Ardèche"
                ],
                "it": [
                  "Ardèche"
                ],
                "fr": [
                  "Ardèche"
                ],
                "nl": [
                  "Ardèche"
                ],
                "es": [
                  "Ardèche"
                ]
              },
              "insee": "07",
              "isPartOfRegion": {
                "@id": "kb:France84",
                "@type": [
                  "Region"
                ],
                "rdfs:label": {
                  "de": [
                    "Auvergne-Rhône-Alpes"
                  ],
                  "pt": [
                    "Auvergne-Rhône-Alpes"
                  ],
                  "en": [
                    "Auvergne-Rhône-Alpes"
                  ],
                  "it": [
                    "Auvergne-Rhône-Alpes"
                  ],
                  "fr": [
                    "Auvergne-Rhône-Alpes"
                  ],
                  "nl": [
                    "Auvergne-Rhône-Alpes"
                  ],
                  "es": [
                    "Auvergne-Rhône-Alpes"
                  ]
                },
                "insee": "84",
                "isPartOfCountry": {
                  "@id": "kb:France",
                  "@type": [
                    "schema:Country"
                  ],
                  "rdfs:label": {
                    "de": [
                      "France",
                      "Frankreich"
                    ],
                    "pt": [
                      "França",
                      "France"
                    ],
                    "en": [
                      "France"
                    ],
                    "it": [
                      "France",
                      "Francia"
                    ],
                    "fr": [
                      "France"
                    ],
                    "nl": [
                      "France",
                      "Frankrijk"
                    ],
                    "es": [
                      "France",
                      "Francia"
                    ]
                  }
                }
              }
            }
          }
        }
      ],
      "schema:geo": {
        "@id": "https://data.datatourisme.fr/1dfc1f55-8523-3b2e-89e1-bd4792016089",
        "schema:latitude": "45.270986",
        "schema:longitude": "4.803705",
        "@type": [
          "schema:GeoCoordinates"
        ]
      },
      "schema:openingHoursSpecification": [
        {
          "@id": "https://data.datatourisme.fr/f87e535a-636d-3343-ad63-8a03392e7511",
          "schema:validFrom": "2023-01-01T00:00:00",
          "schema:validThrough": "2023-12-31T23:59:59",
          "@type": [
            "schema:OpeningHoursSpecification"
          ]
        }
      ],
      "@type": [
        "schema:Place",
        "Place"
      ]
    }
  ],
  "isOwnedBy": [
    {
      "@id": "https://data.datatourisme.fr/c34130c6-4437-3624-9afb-3511a8692fba",
      "schema:email": [
        "d.sanial@dromardeche.fr",
        "j.bruyere@dromardeche.fr"
      ],
      "schema:legalName": "Office de Tourisme Porte de DrômArdèche",
      "@type": [
        "schema:Organization",
        "foaf:Agent",
        "Agent"
      ],
      "foaf:homepage": [
        "http://www.autour-du-palais-ideal.fr/"
      ]
    }
  ],
  "lastUpdate": "2023-05-23",
  "lastUpdateDatatourisme": "2023-05-24T05:51:09.206Z"
}