{
  "@id": "https://data.datatourisme.fr/19/0bb62722-bb4d-3a52-b170-943f9cacd283",
  "dc:identifier": "53fe0d9b-fd24-1099-0ab0-557699a00cbe",
  "@type": [
    "CulturalSite",
    "PlaceOfInterest",
    "PointOfInterest",
    "RemarkableBuilding"
  ],
  "rdfs:comment": {
    "de": [
      "Die Ordensgemeinschaft der Madeleine wurde im 12. Jahrhundert in Traisnel in der Champagne gegründet. Nachdem sie gezwungen war, die Region zu verlassen, um den Religionskriegen zu entgehen, ließ sie sich zunächst in Melun nieder, bevor sie nach Paris zog und 1664 den Grundstein für ihr Kloster legte. Die Gebäude des Klosters der Madeleine de Traisnel dienten zunächst als Pension für den Adel, dann als Weberei und schließlich als Künstleratelier. Im 18. Jahrhundert wurden sie von Jean-Sylvain Cartaud, einem berühmten französischen Architekten, umgebaut. Zu ihren Schätzen gehören die drei Hofgebäude, die unter Denkmalschutz stehen, der Glockenturm und die Balustertreppe aus dem 18."
    ],
    "en": [
      "The religious community of the Madeleine was founded in the 12th century, in Traisnel in Champagne. Forced to leave the region to escape the wars of religion, it first settled in Melun before moving to Paris and laying the first stones of its convent in 1664. At first a boarding house for the nobility, then a weaving workshop, the buildings of the Madeleine de Traisnel convent housed an artists' studio for a time and were remodeled in the 18th century by Jean-Sylvain Cartaud, a famous French architect. Its three buildings on the courtyard, listed as Historic Monuments, its bell tower and its 18th century balustrade staircase are among its treasures."
    ],
    "it": [
      "La comunità religiosa della Madeleine fu fondata nel XII secolo a Traisnel, nella Champagne. Costretta a lasciare la regione per sfuggire alle guerre di religione, si stabilì inizialmente a Melun prima di trasferirsi a Parigi e posare le prime pietre del suo convento nel 1664. Inizialmente pensione per la nobiltà, poi laboratorio di tessitura, gli edifici del convento della Madeleine de Traisnel sono stati per un certo periodo atelier di artisti e sono stati riprogettati nel XVIII secolo da Jean-Sylvain Cartaud, famoso architetto francese. I tre edifici del cortile, classificati come monumenti storici, il campanile e la scala a balaustro del XVIII secolo sono tra i suoi tesori."
    ],
    "fr": [
      "La communauté religieuse de la Madeleine est fondée au XIIe siècle, à Traisnel en Champagne. Contrainte de quitter la région pour échapper aux guerres de religion, elle s’établit dans un premier temps à Melun avant de s’installer à Paris et de poser les premières pierres de son couvent en 1664. D’abord lieu de pension pour la noblesse, puis atelier de tissage, les bâtiments du couvent de la Madeleine de Traisnel abritent un temps un atelier d’artistes et sont remaniés au XVIIIe siècle par Jean-Sylvain Cartaud, célèbre architecte français. Ses trois bâtiments sur cour inscrits aux Monuments historiques, son clocher ainsi que son escalier à balustres du XVIIIe siècle sont parmi ses trésors."
    ],
    "es": [
      "La comunidad religiosa de la Magdalena se fundó en el siglo XII en Traisnel (Champaña). Obligada a abandonar la región para huir de las guerras de religión, se instaló primero en Melun antes de trasladarse a París y colocar las primeras piedras de su convento en 1664. Inicialmente pensión para la nobleza, luego taller de tejidos, los edificios del convento de la Madeleine de Traisnel fueron durante un tiempo taller de artistas y fueron rediseñados en el siglo XVIII por Jean-Sylvain Cartaud, famoso arquitecto francés. Sus tres edificios con patio, declarados Monumentos Históricos, su campanario y su escalera de balaustres del siglo XVIII son algunos de sus tesoros."
    ],
    "nl": [
      "De religieuze gemeenschap van de Madeleine werd in de 12e eeuw gesticht in Traisnel in de Champagne. Gedwongen om de streek te verlaten om de godsdienstoorlogen te ontvluchten, vestigde zij zich eerst in Melun voordat zij naar Parijs verhuisde en in 1664 de eerste stenen van haar klooster legde. De gebouwen van het klooster Madeleine de Traisnel, aanvankelijk een pension voor de adel en vervolgens een weverij, waren een tijdlang een kunstenaarsatelier en werden in de 18e eeuw heringericht door Jean-Sylvain Cartaud, een beroemde Franse architect. De drie op de monumentenlijst geplaatste binnenplaatsen, de klokkentoren en de balustertrap uit de 18e eeuw behoren tot de schatten."
    ]
  },
  "rdfs:label": {
    "fr": [
      "Couvent de la Madeleine de Traisnel"
    ]
  },
  "owl:sameAs": [
    "http://www.wikidata.org/entity/Q3001643"
  ],
  "hasBeenCreatedBy": {
    "@id": "https://data.datatourisme.fr/73f9361b-7fdb-3a8c-8c11-182ef0152392",
    "schema:email": [
      "opendata@parisinfo.com"
    ],
    "schema:legalName": "Office de Tourisme de Paris",
    "@type": [
      "schema:Organization",
      "foaf:Agent",
      "Agent"
    ],
    "foaf:homepage": [
      "https://www.parisinfo.com/"
    ]
  },
  "hasBeenPublishedBy": [
    {
      "@id": "https://data.datatourisme.fr/73f9361b-7fdb-3a8c-8c11-182ef0152392",
      "schema:email": [
        "opendata@parisinfo.com"
      ],
      "schema:legalName": "Office de Tourisme de Paris",
      "@type": [
        "schema:Organization",
        "foaf:Agent",
        "Agent"
      ],
      "foaf:homepage": [
        "https://www.parisinfo.com/"
      ]
    }
  ],
  "hasContact": [
    {
      "@id": "https://data.datatourisme.fr/871ff7e9-62d3-376f-8345-544ce8b50c0f",
      "schema:email": [
        "5bouddha@free.fr"
      ],
      "schema:telephone": [
        "+33 1 43 48 28 25"
      ],
      "@type": [
        "foaf:Agent",
        "Agent"
      ]
    }
  ],
  "hasDescription": [
    {
      "@id": "https://data.datatourisme.fr/b8eb2e0e-8e99-3513-80c4-e0e49dadabbe",
      "dc:description": {
        "de": [
          "Die Ordensgemeinschaft der Madeleine wurde im 12. Jahrhundert in Traisnel in der Champagne gegründet. Nachdem sie gezwungen war, die Region zu verlassen, um den Religionskriegen zu entgehen, ließ sie sich zunächst in Melun nieder, bevor sie nach Paris zog und 1664 den Grundstein für ihr Kloster legte. Die Gebäude des Klosters der Madeleine de Traisnel dienten zunächst als Pension für den Adel, dann als Weberei und schließlich als Künstleratelier. Im 18. Jahrhundert wurden sie von Jean-Sylvain Cartaud, einem berühmten französischen Architekten, umgebaut. Zu ihren Schätzen gehören die drei Hofgebäude, die unter Denkmalschutz stehen, der Glockenturm und die Balustertreppe aus dem 18."
        ],
        "en": [
          "The religious community of the Madeleine was founded in the 12th century, in Traisnel in Champagne. Forced to leave the region to escape the wars of religion, it first settled in Melun before moving to Paris and laying the first stones of its convent in 1664. At first a boarding house for the nobility, then a weaving workshop, the buildings of the Madeleine de Traisnel convent housed an artists' studio for a time and were remodeled in the 18th century by Jean-Sylvain Cartaud, a famous French architect. Its three buildings on the courtyard, listed as Historic Monuments, its bell tower and its 18th century balustrade staircase are among its treasures."
        ],
        "it": [
          "La comunità religiosa della Madeleine fu fondata nel XII secolo a Traisnel, nella Champagne. Costretta a lasciare la regione per sfuggire alle guerre di religione, si stabilì inizialmente a Melun prima di trasferirsi a Parigi e posare le prime pietre del suo convento nel 1664. Inizialmente pensione per la nobiltà, poi laboratorio di tessitura, gli edifici del convento della Madeleine de Traisnel sono stati per un certo periodo atelier di artisti e sono stati riprogettati nel XVIII secolo da Jean-Sylvain Cartaud, famoso architetto francese. I tre edifici del cortile, classificati come monumenti storici, il campanile e la scala a balaustro del XVIII secolo sono tra i suoi tesori."
        ],
        "fr": [
          "La communauté religieuse de la Madeleine est fondée au XIIe siècle, à Traisnel en Champagne. Contrainte de quitter la région pour échapper aux guerres de religion, elle s’établit dans un premier temps à Melun avant de s’installer à Paris et de poser les premières pierres de son couvent en 1664. D’abord lieu de pension pour la noblesse, puis atelier de tissage, les bâtiments du couvent de la Madeleine de Traisnel abritent un temps un atelier d’artistes et sont remaniés au XVIIIe siècle par Jean-Sylvain Cartaud, célèbre architecte français. Ses trois bâtiments sur cour inscrits aux Monuments historiques, son clocher ainsi que son escalier à balustres du XVIIIe siècle sont parmi ses trésors."
        ],
        "es": [
          "La comunidad religiosa de la Magdalena se fundó en el siglo XII en Traisnel (Champaña). Obligada a abandonar la región para huir de las guerras de religión, se instaló primero en Melun antes de trasladarse a París y colocar las primeras piedras de su convento en 1664. Inicialmente pensión para la nobleza, luego taller de tejidos, los edificios del convento de la Madeleine de Traisnel fueron durante un tiempo taller de artistas y fueron rediseñados en el siglo XVIII por Jean-Sylvain Cartaud, famoso arquitecto francés. Sus tres edificios con patio, declarados Monumentos Históricos, su campanario y su escalera de balaustres del siglo XVIII son algunos de sus tesoros."
        ],
        "nl": [
          "De religieuze gemeenschap van de Madeleine werd in de 12e eeuw gesticht in Traisnel in de Champagne. Gedwongen om de streek te verlaten om de godsdienstoorlogen te ontvluchten, vestigde zij zich eerst in Melun voordat zij naar Parijs verhuisde en in 1664 de eerste stenen van haar klooster legde. De gebouwen van het klooster Madeleine de Traisnel, aanvankelijk een pension voor de adel en vervolgens een weverij, waren een tijdlang een kunstenaarsatelier en werden in de 18e eeuw heringericht door Jean-Sylvain Cartaud, een beroemde Franse architect. De drie op de monumentenlijst geplaatste binnenplaatsen, de klokkentoren en de balustertrap uit de 18e eeuw behoren tot de schatten."
        ]
      },
      "@type": [
        "Description"
      ],
      "hasTranslatedProperty": [
        {
          "@id": "https://data.datatourisme.fr/0d7965bf-bd54-3c3d-807e-f6104ec642b7",
          "dc:contributor": [
            "https://api.deepl.com/v2/translate"
          ],
          "rdf:language": [
            "en"
          ],
          "rdf:predicate": [
            "shortDescription"
          ]
        },
        {
          "@id": "https://data.datatourisme.fr/2e34613b-0552-3555-bb16-875a6cf56a55",
          "dc:contributor": [
            "https://api.deepl.com/v2/translate"
          ],
          "rdf:language": [
            "de"
          ],
          "rdf:predicate": [
            "shortDescription"
          ]
        },
        {
          "@id": "https://data.datatourisme.fr/48c684d9-b4cf-3f7e-b6ee-44cdd5bf3e18",
          "dc:contributor": [
            "https://api.deepl.com/v2/translate"
          ],
          "rdf:language": [
            "it"
          ],
          "rdf:predicate": [
            "shortDescription"
          ]
        },
        {
          "@id": "https://data.datatourisme.fr/4c462ece-6fbd-33be-8a20-8643fd444445",
          "dc:contributor": [
            "https://api.deepl.com/v2/translate"
          ],
          "rdf:language": [
            "nl"
          ],
          "rdf:predicate": [
            "shortDescription"
          ]
        },
        {
          "@id": "https://data.datatourisme.fr/5bebf6c5-1aa6-35a5-a4ff-3a6dca596a6d",
          "dc:contributor": [
            "https://api.deepl.com/v2/translate"
          ],
          "rdf:language": [
            "es"
          ],
          "rdf:predicate": [
            {
              "@id": "dc:description"
            }
          ]
        },
        {
          "@id": "https://data.datatourisme.fr/73f9fa10-f85c-322c-ba89-8500d53f48af",
          "dc:contributor": [
            "https://api.deepl.com/v2/translate"
          ],
          "rdf:language": [
            "it"
          ],
          "rdf:predicate": [
            {
              "@id": "dc:description"
            }
          ]
        },
        {
          "@id": "https://data.datatourisme.fr/94f26d2e-d904-3c3a-9bcb-3c716d64b523",
          "dc:contributor": [
            "https://api.deepl.com/v2/translate"
          ],
          "rdf:language": [
            "de"
          ],
          "rdf:predicate": [
            {
              "@id": "dc:description"
            }
          ]
        },
        {
          "@id": "https://data.datatourisme.fr/95196701-327a-3f76-8495-a62892d38349",
          "dc:contributor": [
            "https://api.deepl.com/v2/translate"
          ],
          "rdf:language": [
            "en"
          ],
          "rdf:predicate": [
            {
              "@id": "dc:description"
            }
          ]
        },
        {
          "@id": "https://data.datatourisme.fr/a44b953c-f1b2-3f69-abac-9e3b389d08ac",
          "dc:contributor": [
            "https://api.deepl.com/v2/translate"
          ],
          "rdf:language": [
            "es"
          ],
          "rdf:predicate": [
            "shortDescription"
          ]
        },
        {
          "@id": "https://data.datatourisme.fr/c3ca9737-6240-3eb6-8a46-39d5dedd9a62",
          "dc:contributor": [
            "https://api.deepl.com/v2/translate"
          ],
          "rdf:language": [
            "nl"
          ],
          "rdf:predicate": [
            {
              "@id": "dc:description"
            }
          ]
        }
      ],
      "shortDescription": {
        "de": [
          "Die Ordensgemeinschaft der Madeleine wurde im 12. Jahrhundert in Traisnel in der Champagne gegründet. Nachdem sie gezwungen war, die Region zu verlassen, um den Religionskriegen zu entgehen, ließ sie sich zunächst in Melun nieder, bevor sie nach Paris zog und 1664 den Grundstein für ihr Kloster legte. Die Gebäude des Klosters der Madeleine de Traisnel dienten zunächst als Pension für den Adel, dann als Weberei und schließlich als Künstleratelier. Im 18. Jahrhundert wurden sie von Jean-Sylvain Cartaud, einem berühmten französischen Architekten, umgebaut. Zu ihren Schätzen gehören die drei Hofgebäude, die unter Denkmalschutz stehen, der Glockenturm und die Balustertreppe aus dem 18."
        ],
        "en": [
          "The religious community of the Madeleine was founded in the 12th century, in Traisnel in Champagne. Forced to leave the region to escape the wars of religion, it first settled in Melun before moving to Paris and laying the first stones of its convent in 1664. At first a boarding house for the nobility, then a weaving workshop, the buildings of the Madeleine de Traisnel convent housed an artists' studio for a time and were remodeled in the 18th century by Jean-Sylvain Cartaud, a famous French architect. Its three buildings on the courtyard, listed as Historic Monuments, its bell tower and its 18th century balustrade staircase are among its treasures."
        ],
        "it": [
          "La comunità religiosa della Madeleine fu fondata nel XII secolo a Traisnel, nella Champagne. Costretta a lasciare la regione per sfuggire alle guerre di religione, si stabilì inizialmente a Melun prima di trasferirsi a Parigi e posare le prime pietre del suo convento nel 1664. Inizialmente pensione per la nobiltà, poi laboratorio di tessitura, gli edifici del convento della Madeleine de Traisnel sono stati per un certo periodo atelier di artisti e sono stati riprogettati nel XVIII secolo da Jean-Sylvain Cartaud, famoso architetto francese. I tre edifici del cortile, classificati come monumenti storici, il campanile e la scala a balaustro del XVIII secolo sono tra i suoi tesori."
        ],
        "fr": [
          "La communauté religieuse de la Madeleine est fondée au XIIe siècle, à Traisnel en Champagne. Contrainte de quitter la région pour échapper aux guerres de religion, elle s’établit dans un premier temps à Melun avant de s’installer à Paris et de poser les premières pierres de son couvent en 1664. D’abord lieu de pension pour la noblesse, puis atelier de tissage, les bâtiments du couvent de la Madeleine de Traisnel abritent un temps un atelier d’artistes et sont remaniés au XVIIIe siècle par Jean-Sylvain Cartaud, célèbre architecte français. Ses trois bâtiments sur cour inscrits aux Monuments historiques, son clocher ainsi que son escalier à balustres du XVIIIe siècle sont parmi ses trésors."
        ],
        "es": [
          "La comunidad religiosa de la Magdalena se fundó en el siglo XII en Traisnel (Champaña). Obligada a abandonar la región para huir de las guerras de religión, se instaló primero en Melun antes de trasladarse a París y colocar las primeras piedras de su convento en 1664. Inicialmente pensión para la nobleza, luego taller de tejidos, los edificios del convento de la Madeleine de Traisnel fueron durante un tiempo taller de artistas y fueron rediseñados en el siglo XVIII por Jean-Sylvain Cartaud, famoso arquitecto francés. Sus tres edificios con patio, declarados Monumentos Históricos, su campanario y su escalera de balaustres del siglo XVIII son algunos de sus tesoros."
        ],
        "nl": [
          "De religieuze gemeenschap van de Madeleine werd in de 12e eeuw gesticht in Traisnel in de Champagne. Gedwongen om de streek te verlaten om de godsdienstoorlogen te ontvluchten, vestigde zij zich eerst in Melun voordat zij naar Parijs verhuisde en in 1664 de eerste stenen van haar klooster legde. De gebouwen van het klooster Madeleine de Traisnel, aanvankelijk een pension voor de adel en vervolgens een weverij, waren een tijdlang een kunstenaarsatelier en werden in de 18e eeuw heringericht door Jean-Sylvain Cartaud, een beroemde Franse architect. De drie op de monumentenlijst geplaatste binnenplaatsen, de klokkentoren en de balustertrap uit de 18e eeuw behoren tot de schatten."
        ]
      }
    }
  ],
  "hasRepresentation": [
    {
      "@id": "https://data.datatourisme.fr/3f517f26-ee88-3e10-95d5-4769390bedb0",
      "ebucore:hasAnnotation": [
        {
          "@id": "https://data.datatourisme.fr/b28cef21-9ce1-32af-bdec-778a7da12561",
          "ebucore:isCoveredBy": "CC BY-SA 4.0",
          "ebucore:title": {
            "fr": [
              "Rue Charonne-Couvent de La Madeleine de Traisnel"
            ]
          },
          "@type": [
            "ebucore:Annotation"
          ],
          "credits": [
            "FLLL"
          ]
        }
      ],
      "ebucore:hasRelatedResource": [
        {
          "@id": "https://data.datatourisme.fr/92794b11-9975-32e9-94af-da12bc8be913",
          "ebucore:fileSize": [
            1373239
          ],
          "ebucore:hasMimeType": [
            {
              "@id": "kb:JPEG",
              "@type": [
                "ebucore:MimeType"
              ],
              "rdfs:comment": {
                "de": [
                  "JPEG-Bild"
                ],
                "pt": [
                  "Imagem JPEG"
                ],
                "en": [
                  "JPEG image file"
                ],
                "it": [
                  "Immagine JPEG"
                ],
                "fr": [
                  "Image JPEG"
                ],
                "nl": [
                  "JPEG-afbeelding"
                ],
                "es": [
                  "Imagen JPEG"
                ]
              },
              "rdfs:label": {
                "de": [
                  "image/jpeg"
                ],
                "pt": [
                  "image/jpeg"
                ],
                "en": [
                  "image/jpeg"
                ],
                "it": [
                  "image/jpeg"
                ],
                "fr": [
                  "image/jpeg"
                ],
                "nl": [
                  "image/jpeg"
                ],
                "es": [
                  "image/jpeg"
                ]
              }
            }
          ],
          "ebucore:height": 1536,
          "ebucore:locator": [
            "https://upload.wikimedia.org/wikipedia/commons/4/4e/Rue_Charonne-Couvent_de_La_Madeleine_de_Traisnel.JPG"
          ],
          "ebucore:width": 2048,
          "@type": [
            "ebucore:Resource"
          ]
        }
      ],
      "@type": [
        "ebucore:EditorialObject"
      ]
    }
  ],
  "hasTranslatedProperty": [
    {
      "@id": "https://data.datatourisme.fr/1403f398-77bf-3cf9-9290-58f6fadce64e",
      "dc:contributor": [
        "https://api.deepl.com/v2/translate"
      ],
      "rdf:language": [
        "es"
      ],
      "rdf:predicate": [
        {
          "@id": "rdfs:comment"
        }
      ]
    },
    {
      "@id": "https://data.datatourisme.fr/790f4bbe-58aa-3d70-aee0-75b6ecb1fa97",
      "dc:contributor": [
        "https://api.deepl.com/v2/translate"
      ],
      "rdf:language": [
        "nl"
      ],
      "rdf:predicate": [
        {
          "@id": "rdfs:comment"
        }
      ]
    },
    {
      "@id": "https://data.datatourisme.fr/99d5c9d4-d632-3d9e-b039-b9e857cbb467",
      "dc:contributor": [
        "https://api.deepl.com/v2/translate"
      ],
      "rdf:language": [
        "de"
      ],
      "rdf:predicate": [
        {
          "@id": "rdfs:comment"
        }
      ]
    },
    {
      "@id": "https://data.datatourisme.fr/b01d0944-2a15-372e-b7a5-5323f5a912d7",
      "dc:contributor": [
        "https://api.deepl.com/v2/translate"
      ],
      "rdf:language": [
        "it"
      ],
      "rdf:predicate": [
        {
          "@id": "rdfs:comment"
        }
      ]
    },
    {
      "@id": "https://data.datatourisme.fr/f9d81759-1340-377d-b351-9af1d01735a0",
      "dc:contributor": [
        "https://api.deepl.com/v2/translate"
      ],
      "rdf:language": [
        "en"
      ],
      "rdf:predicate": [
        {
          "@id": "rdfs:comment"
        }
      ]
    }
  ],
  "isLocatedAt": [
    {
      "@id": "https://data.datatourisme.fr/bcfa7c63-a7d8-31c7-a002-a207692796c8",
      "schema:address": [
        {
          "@id": "https://data.datatourisme.fr/e0628cb0-7fa0-3e02-b2c1-52140ca5b0f1",
          "schema:addressLocality": "Paris",
          "schema:postalCode": "75011",
          "schema:streetAddress": [
            "100 rue de Charonne"
          ],
          "@type": [
            "schema:PostalAddress",
            "PostalAddress"
          ],
          "hasAddressCity": {
            "@id": "kb:75056",
            "@type": [
              "City"
            ],
            "rdfs:label": {
              "de": [
                "Paris"
              ],
              "pt": [
                "Paris"
              ],
              "en": [
                "Paris"
              ],
              "it": [
                "Paris"
              ],
              "fr": [
                "Paris"
              ],
              "nl": [
                "Paris"
              ],
              "es": [
                "Paris"
              ]
            },
            "insee": "75056",
            "isPartOfDepartment": {
              "@id": "kb:France1175",
              "@type": [
                "Department"
              ],
              "rdfs:label": {
                "de": [
                  "Paris"
                ],
                "pt": [
                  "Paris"
                ],
                "en": [
                  "Paris"
                ],
                "it": [
                  "Paris"
                ],
                "fr": [
                  "Paris"
                ],
                "nl": [
                  "Paris"
                ],
                "es": [
                  "Paris"
                ]
              },
              "insee": "75",
              "isPartOfRegion": {
                "@id": "kb:France11",
                "@type": [
                  "Region"
                ],
                "rdfs:label": {
                  "de": [
                    "Île-de-France"
                  ],
                  "pt": [
                    "Île-de-France"
                  ],
                  "en": [
                    "Île-de-France"
                  ],
                  "it": [
                    "Île-de-France"
                  ],
                  "fr": [
                    "Île-de-France"
                  ],
                  "nl": [
                    "Île-de-France"
                  ],
                  "es": [
                    "Île-de-France"
                  ]
                },
                "insee": "11",
                "isPartOfCountry": {
                  "@id": "kb:France",
                  "@type": [
                    "schema:Country"
                  ],
                  "rdfs:label": {
                    "de": [
                      "France",
                      "Frankreich"
                    ],
                    "pt": [
                      "França",
                      "France"
                    ],
                    "en": [
                      "France"
                    ],
                    "it": [
                      "France",
                      "Francia"
                    ],
                    "fr": [
                      "France"
                    ],
                    "nl": [
                      "France",
                      "Frankrijk"
                    ],
                    "es": [
                      "France",
                      "Francia"
                    ]
                  }
                }
              }
            }
          }
        }
      ],
      "schema:geo": {
        "@id": "https://data.datatourisme.fr/de21f9af-4936-37ae-859d-9741f61434ba",
        "schema:latitude": "48.8539769",
        "schema:longitude": "2.3841810000000123",
        "@type": [
          "schema:GeoCoordinates"
        ]
      },
      "schema:openingHoursSpecification": [
        {
          "@id": "https://data.datatourisme.fr/6a8b9e9d-5253-3019-a310-ac8840369af4",
          "@type": [
            "schema:OpeningHoursSpecification"
          ],
          "additionalInformation": {
            "de": [
              "Besuchszeiten: 15-19 Uhr."
            ],
            "en": [
              "Visiting hours: 3pm-7pm."
            ],
            "it": [
              "Orario di visita: 15.00-19.00."
            ],
            "fr": [
              "Horaires des visites : 15h-19h."
            ],
            "es": [
              "Horario de visitas: de 15.00 a 19.00 horas."
            ],
            "nl": [
              "Bezoekuren: 15.00-19.00 uur."
            ]
          },
          "hasTranslatedProperty": [
            {
              "@id": "https://data.datatourisme.fr/023a0ff0-845a-33aa-be2c-58a75298e67c",
              "dc:contributor": [
                "https://api.deepl.com/v2/translate"
              ],
              "rdf:language": [
                "en"
              ],
              "rdf:predicate": [
                "additionalInformation"
              ]
            },
            {
              "@id": "https://data.datatourisme.fr/736e3f50-34cb-3117-8d95-98dc6cd958b3",
              "dc:contributor": [
                "https://api.deepl.com/v2/translate"
              ],
              "rdf:language": [
                "nl"
              ],
              "rdf:predicate": [
                "additionalInformation"
              ]
            },
            {
              "@id": "https://data.datatourisme.fr/bcf54001-7ea3-303c-87c2-554cf74df7f3",
              "dc:contributor": [
                "https://api.deepl.com/v2/translate"
              ],
              "rdf:language": [
                "it"
              ],
              "rdf:predicate": [
                "additionalInformation"
              ]
            },
            {
              "@id": "https://data.datatourisme.fr/cca22717-76f3-3d7f-bf85-049e079294ee",
              "dc:contributor": [
                "https://api.deepl.com/v2/translate"
              ],
              "rdf:language": [
                "es"
              ],
              "rdf:predicate": [
                "additionalInformation"
              ]
            },
            {
              "@id": "https://data.datatourisme.fr/faceb34d-6b70-31fc-8639-0d78350ec3df",
              "dc:contributor": [
                "https://api.deepl.com/v2/translate"
              ],
              "rdf:language": [
                "de"
              ],
              "rdf:predicate": [
                "additionalInformation"
              ]
            }
          ]
        }
      ],
      "@type": [
        "schema:Place",
        "Place"
      ]
    }
  ],
  "lastUpdate": "2023-06-30",
  "lastUpdateDatatourisme": "2023-10-12T16:59:40.007Z"
}