{
  "@id": "https://data.datatourisme.fr/13/4d0db1df-2566-3329-80e6-59516488dad2",
  "dc:identifier": "6462760",
  "@type": [
    "olo:OrderedList",
    "CyclingTour",
    "PlaceOfInterest",
    "PointOfInterest",
    "SportsAndLeisurePlace",
    "Tour"
  ],
  "rdfs:comment": {
    "de": [
      "Fahren Sie mit der Familie mit dem Fahrrad zwischen Champagne und Peyraud, um\r\nentdecken Sie die wilde Schönheit der Rhône. Obstgärten und Weinberge\r\nsäumen den Radweg und bieten ein Camaïeu von Farben und Düften."
    ],
    "en": [
      "Go cycling with your family between Champagne and Peyraud to\r\ndiscover the wild beauty of the Rhône. The orchards and vineyards\r\nand vineyards line the bike path to offer a cameo of colors and scents."
    ],
    "it": [
      "Andate in bicicletta con la vostra famiglia tra la Champagne e Peyraud per\r\nscoprire la bellezza selvaggia del Rodano. I frutteti e i vigneti\r\ne vigneti costeggiano la pista ciclabile per offrire un cammeo di colori e profumi."
    ],
    "fr": [
      "Partez à vélo en famille entre Champagne et Peyraud pour\r\ndécouvrir la beauté sauvage du Rhône. Les vergers et les vignobles\r\nbordent la piste cyclable pour offrir un camaïeu de couleurs et de senteurs."
    ],
    "es": [
      "Vaya en bicicleta con su familia entre Champagne y Peyraud para\r\ndescubrir la belleza salvaje del Ródano. Los huertos y viñedos\r\ny viñedos bordean el carril bici para ofrecer un abanico de colores y aromas."
    ],
    "nl": [
      "Ga fietsen met uw gezin tussen Champagne en Peyraud om\r\nontdek de wilde schoonheid van de Rhône. De boomgaarden en wijngaarden\r\nen wijngaarden omzomen het fietspad en bieden een cameo van kleuren en geuren."
    ]
  },
  "rdfs:label": {
    "fr": [
      "Les berges du fleuve"
    ]
  },
  "hasBeenCreatedBy": {
    "@id": "https://data.datatourisme.fr/13/73278a4a-8696-3eeb-976a-8fd4c9ec6997",
    "dc:identifier": "113",
    "schema:email": [
      "d.sanial@dromardeche.fr",
      "j.bruyere@dromardeche.fr"
    ],
    "schema:legalName": "Office de Tourisme Porte de DrômArdèche",
    "@type": [
      "schema:Organization",
      "foaf:Agent",
      "Agent"
    ],
    "foaf:homepage": [
      "http://www.autour-du-palais-ideal.fr/"
    ]
  },
  "hasBeenPublishedBy": [
    {
      "@id": "https://data.datatourisme.fr/d48f2ccd-2357-3a8e-b949-cb8bf19a361f",
      "schema:legalName": "Agence d'Attractivité de la Drôme - source : Apidae Tourisme",
      "@type": [
        "schema:Organization",
        "foaf:Agent",
        "Agent"
      ],
      "foaf:homepage": [
        "https://www.apidae-tourisme.com/"
      ]
    }
  ],
  "hasContact": [
    {
      "@id": "https://data.datatourisme.fr/055e0a47-f4a9-371f-bec5-c4f56507c129",
      "schema:telephone": [
        "+33 4 75 23 45 33"
      ],
      "@type": [
        "foaf:Agent",
        "Agent"
      ],
      "foaf:homepage": [
        "http://www.autour-du-palais-ideal.fr/"
      ]
    }
  ],
  "hasDescription": [
    {
      "@id": "https://data.datatourisme.fr/c1184a88-057c-3bea-9688-f9c3e29d141d",
      "@type": [
        "Description"
      ],
      "hasTranslatedProperty": [
        {
          "@id": "https://data.datatourisme.fr/31ad57ce-053d-3d90-ae5a-7967ee46b24d",
          "dc:contributor": [
            "https://api.deepl.com/v2/translate"
          ],
          "rdf:language": [
            "it"
          ],
          "rdf:predicate": [
            "shortDescription"
          ]
        },
        {
          "@id": "https://data.datatourisme.fr/946d1501-0af9-3729-a69c-57f250f1602d",
          "dc:contributor": [
            "https://api.deepl.com/v2/translate"
          ],
          "rdf:language": [
            "es"
          ],
          "rdf:predicate": [
            "shortDescription"
          ]
        },
        {
          "@id": "https://data.datatourisme.fr/f84b20b1-01db-347b-bb67-666921d110a5",
          "dc:contributor": [
            "https://api.deepl.com/v2/translate"
          ],
          "rdf:language": [
            "de"
          ],
          "rdf:predicate": [
            "shortDescription"
          ]
        },
        {
          "@id": "https://data.datatourisme.fr/f872a7f2-f8cd-3d41-a806-2b3e5d6cf657",
          "dc:contributor": [
            "https://api.deepl.com/v2/translate"
          ],
          "rdf:language": [
            "nl"
          ],
          "rdf:predicate": [
            "shortDescription"
          ]
        }
      ],
      "shortDescription": {
        "de": [
          "Fahren Sie mit der Familie mit dem Fahrrad zwischen Champagne und Peyraud, um\r\nentdecken Sie die wilde Schönheit der Rhône. Obstgärten und Weinberge\r\nsäumen den Radweg und bieten ein Camaïeu von Farben und Düften."
        ],
        "en": [
          "Go cycling with your family between Champagne and Peyraud to\r\ndiscover the wild beauty of the Rhône. The orchards and vineyards\r\nand vineyards line the bike path to offer a cameo of colors and scents."
        ],
        "it": [
          "Andate in bicicletta con la vostra famiglia tra la Champagne e Peyraud per\r\nscoprire la bellezza selvaggia del Rodano. I frutteti e i vigneti\r\ne vigneti costeggiano la pista ciclabile per offrire un cammeo di colori e profumi."
        ],
        "fr": [
          "Partez à vélo en famille entre Champagne et Peyraud pour\r\ndécouvrir la beauté sauvage du Rhône. Les vergers et les vignobles\r\nbordent la piste cyclable pour offrir un camaïeu de couleurs et de senteurs."
        ],
        "es": [
          "Vaya en bicicleta con su familia entre Champagne y Peyraud para\r\ndescubrir la belleza salvaje del Ródano. Los huertos y viñedos\r\ny viñedos bordean el carril bici para ofrecer un abanico de colores y aromas."
        ],
        "nl": [
          "Ga fietsen met uw gezin tussen Champagne en Peyraud om\r\nontdek de wilde schoonheid van de Rhône. De boomgaarden en wijngaarden\r\nen wijngaarden omzomen het fietspad en bieden een cameo van kleuren en geuren."
        ]
      }
    }
  ],
  "hasTheme": [
    {
      "@id": "kb:ATV",
      "@type": [
        "SportsTheme"
      ],
      "rdfs:label": {
        "de": [
          "MTB"
        ],
        "pt": [
          "Bicicleta-todo-o-terreno (BTT)"
        ],
        "en": [
          "Atv"
        ],
        "it": [
          "Mountain bike"
        ],
        "fr": [
          "Vtt"
        ],
        "nl": [
          "Mountainbike"
        ],
        "es": [
          "BTT"
        ]
      }
    },
    {
      "@id": "kb:Bike",
      "@type": [
        "SportsTheme"
      ],
      "rdfs:label": {
        "de": [
          "Fahrrad"
        ],
        "pt": [
          "Bicicleta"
        ],
        "en": [
          "Bike"
        ],
        "it": [
          "Bicicletta"
        ],
        "fr": [
          "Vélo"
        ],
        "nl": [
          "Fiets"
        ],
        "es": [
          "Bicicleta"
        ]
      }
    },
    {
      "@id": "kb:ElectricATV",
      "@type": [
        "SportsTheme"
      ],
      "rdfs:label": {
        "de": [
          "Elektro-Mountainbike"
        ],
        "pt": [
          "Bicicleta-todo-o-terreno (BTT) elétrica"
        ],
        "en": [
          "Electri atv"
        ],
        "it": [
          "Mountain bike elettrica"
        ],
        "fr": [
          "Vtt électrique"
        ],
        "nl": [
          "Elektrische mountainbike"
        ],
        "es": [
          "Bicicleta eléctrica de montaña"
        ]
      }
    }
  ],
  "hasTranslatedProperty": [
    {
      "@id": "https://data.datatourisme.fr/57502c17-d65e-35ae-879a-101967001355",
      "dc:contributor": [
        "https://api.deepl.com/v2/translate"
      ],
      "rdf:language": [
        "nl"
      ],
      "rdf:predicate": [
        {
          "@id": "rdfs:comment"
        }
      ]
    },
    {
      "@id": "https://data.datatourisme.fr/a87c8aba-a095-3251-892c-3bd6e02f74f1",
      "dc:contributor": [
        "https://api.deepl.com/v2/translate"
      ],
      "rdf:language": [
        "it"
      ],
      "rdf:predicate": [
        {
          "@id": "rdfs:comment"
        }
      ]
    },
    {
      "@id": "https://data.datatourisme.fr/bbaef18c-eee9-35c8-861c-9002f6f1fdad",
      "dc:contributor": [
        "https://api.deepl.com/v2/translate"
      ],
      "rdf:language": [
        "es"
      ],
      "rdf:predicate": [
        {
          "@id": "rdfs:comment"
        }
      ]
    },
    {
      "@id": "https://data.datatourisme.fr/bdb27bb9-2171-3ecf-9ced-398bdc0dec5e",
      "dc:contributor": [
        "https://api.deepl.com/v2/translate"
      ],
      "rdf:language": [
        "de"
      ],
      "rdf:predicate": [
        {
          "@id": "rdfs:comment"
        }
      ]
    }
  ],
  "isLocatedAt": [
    {
      "@id": "https://data.datatourisme.fr/be962944-7782-3b4f-8c67-985473fe4a8b",
      "schema:address": [
        {
          "@id": "https://data.datatourisme.fr/9d62ea8b-26ee-3450-a314-9074de887d8f",
          "schema:addressLocality": "Peyraud",
          "schema:postalCode": "07340",
          "schema:streetAddress": [
            "Parking d'accès voie douce"
          ],
          "@type": [
            "schema:PostalAddress",
            "PostalAddress"
          ],
          "hasAddressCity": {
            "@id": "kb:07174",
            "@type": [
              "City"
            ],
            "rdfs:label": {
              "de": [
                "Peyraud"
              ],
              "pt": [
                "Peyraud"
              ],
              "en": [
                "Peyraud"
              ],
              "it": [
                "Peyraud"
              ],
              "fr": [
                "Peyraud"
              ],
              "nl": [
                "Peyraud"
              ],
              "es": [
                "Peyraud"
              ]
            },
            "insee": "07174",
            "isPartOfDepartment": {
              "@id": "kb:France8407",
              "@type": [
                "Department"
              ],
              "rdfs:label": {
                "de": [
                  "Ardèche"
                ],
                "pt": [
                  "Ardèche"
                ],
                "en": [
                  "Ardèche"
                ],
                "it": [
                  "Ardèche"
                ],
                "fr": [
                  "Ardèche"
                ],
                "nl": [
                  "Ardèche"
                ],
                "es": [
                  "Ardèche"
                ]
              },
              "insee": "07",
              "isPartOfRegion": {
                "@id": "kb:France84",
                "@type": [
                  "Region"
                ],
                "rdfs:label": {
                  "de": [
                    "Auvergne-Rhône-Alpes"
                  ],
                  "pt": [
                    "Auvergne-Rhône-Alpes"
                  ],
                  "en": [
                    "Auvergne-Rhône-Alpes"
                  ],
                  "it": [
                    "Auvergne-Rhône-Alpes"
                  ],
                  "fr": [
                    "Auvergne-Rhône-Alpes"
                  ],
                  "nl": [
                    "Auvergne-Rhône-Alpes"
                  ],
                  "es": [
                    "Auvergne-Rhône-Alpes"
                  ]
                },
                "insee": "84",
                "isPartOfCountry": {
                  "@id": "kb:France",
                  "@type": [
                    "schema:Country"
                  ],
                  "rdfs:label": {
                    "de": [
                      "France",
                      "Frankreich"
                    ],
                    "pt": [
                      "França",
                      "France"
                    ],
                    "en": [
                      "France"
                    ],
                    "it": [
                      "France",
                      "Francia"
                    ],
                    "fr": [
                      "France"
                    ],
                    "nl": [
                      "France",
                      "Frankrijk"
                    ],
                    "es": [
                      "France",
                      "Francia"
                    ]
                  }
                }
              }
            }
          }
        }
      ],
      "schema:geo": {
        "@id": "https://data.datatourisme.fr/42724e57-fca0-3800-adcd-65ab36c733f1",
        "schema:latitude": "45.298289",
        "schema:longitude": "4.798082",
        "@type": [
          "schema:GeoCoordinates"
        ]
      },
      "schema:openingHoursSpecification": [
        {
          "@id": "https://data.datatourisme.fr/f87e535a-636d-3343-ad63-8a03392e7511",
          "schema:validFrom": "2023-01-01T00:00:00",
          "schema:validThrough": "2023-12-31T23:59:59",
          "@type": [
            "schema:OpeningHoursSpecification"
          ]
        }
      ],
      "@type": [
        "schema:Place",
        "Place"
      ]
    }
  ],
  "isOwnedBy": [
    {
      "@id": "https://data.datatourisme.fr/c34130c6-4437-3624-9afb-3511a8692fba",
      "schema:email": [
        "d.sanial@dromardeche.fr",
        "j.bruyere@dromardeche.fr"
      ],
      "schema:legalName": "Office de Tourisme Porte de DrômArdèche",
      "@type": [
        "schema:Organization",
        "foaf:Agent",
        "Agent"
      ],
      "foaf:homepage": [
        "http://www.autour-du-palais-ideal.fr/"
      ]
    }
  ],
  "lastUpdate": "2023-04-26",
  "lastUpdateDatatourisme": "2023-04-27T06:07:37.924Z"
}