{
  "@id": "https://data.datatourisme.fr/13/8f4802ea-f528-3afd-9733-6325d3931091",
  "dc:identifier": "4850988",
  "@type": [
    "olo:OrderedList",
    "CyclingTour",
    "PlaceOfInterest",
    "PointOfInterest",
    "SportsAndLeisurePlace",
    "Tour",
    "WalkingTour"
  ],
  "rdfs:comment": {
    "de": [
      "Demnächst in Ardèche Grand Air und Porte de DrômArdèche: die Via Fluvia, eine Fahrradroute zwischen Loire und Rhône für ein 360°-Erlebnis!\r\nEine Strecke, über die derzeit nachgedacht wird und die sich auf der Höhe von Serrières mit der Via Rhôna verbinden soll."
    ],
    "en": [
      "Coming soon in Ardèche Grand Air and Porte de DrômArdèche: the Via Fluvia, a bicycle route between the Loire and the Rhône for a 360° experience!\r\nThis route is currently being studied and should join the Via Rhôna at Serrières."
    ],
    "it": [
      "In arrivo in Ardèche Grand Air e Porte de DrômArdèche: la Via Fluvia, un percorso ciclabile tra la Loira e il Rodano per un'esperienza a 360°!\r\nIl percorso è attualmente in fase di studio e dovrebbe unirsi alla Via Rhôna a Serrières."
    ],
    "fr": [
      "Prochainement en Ardèche Grand Air et en Porte de DrômArdèche : la Via Fluvia, une véloroute entre Loire et Rhône pour une expérience à 360° !\r\nTracé en cours de réflexion qui devrait rejoindre la Via Rhôna au niveau de Serrières."
    ],
    "es": [
      "Próximamente en Ardèche Grand Air y Porte de DrômArdèche: la Vía Fluvia, una ruta ciclista entre el Loira y el Ródano para vivir una experiencia de 360°\r\nEl itinerario se está estudiando actualmente y debería unirse a la Vía Rhôna en Serrières."
    ],
    "nl": [
      "Binnenkort in Ardèche Grand Air en Porte de DrômArdèche: de Via Fluvia, een fietsroute tussen de Loire en de Rhône voor een 360° ervaring!\r\nDe route wordt momenteel overwogen en zou bij Serrières moeten aansluiten op de Via Rhôna."
    ]
  },
  "rdfs:label": {
    "fr": [
      "Via Fluvia - Annonay - Via Rhôna"
    ]
  },
  "hasBeenCreatedBy": {
    "@id": "https://data.datatourisme.fr/13/73278a4a-8696-3eeb-976a-8fd4c9ec6997",
    "dc:identifier": "113",
    "schema:email": [
      "d.sanial@dromardeche.fr",
      "j.bruyere@dromardeche.fr"
    ],
    "schema:legalName": "Office de Tourisme Porte de DrômArdèche",
    "@type": [
      "schema:Organization",
      "foaf:Agent",
      "Agent"
    ],
    "foaf:homepage": [
      "http://www.autour-du-palais-ideal.fr/"
    ]
  },
  "hasBeenPublishedBy": [
    {
      "@id": "https://data.datatourisme.fr/d48f2ccd-2357-3a8e-b949-cb8bf19a361f",
      "schema:legalName": "Agence d'Attractivité de la Drôme - source : Apidae Tourisme",
      "@type": [
        "schema:Organization",
        "foaf:Agent",
        "Agent"
      ],
      "foaf:homepage": [
        "https://www.apidae-tourisme.com/"
      ]
    }
  ],
  "hasContact": [
    {
      "@id": "https://data.datatourisme.fr/4b6a3bf2-8f66-3d42-8db4-49367af9319d",
      "schema:email": [
        "contact@ardechegrandair.com"
      ],
      "schema:telephone": [
        "+33 4 75 33 24 51"
      ],
      "@type": [
        "foaf:Agent",
        "Agent"
      ],
      "foaf:homepage": [
        "https://www.ardechegrandair.com/"
      ]
    }
  ],
  "hasDescription": [
    {
      "@id": "https://data.datatourisme.fr/40b7bda4-f30f-38e7-8229-a37ebeaa35a4",
      "@type": [
        "Description"
      ],
      "hasTranslatedProperty": [
        {
          "@id": "https://data.datatourisme.fr/97230e00-67c5-3a25-b34b-fab2c4a95def",
          "dc:contributor": [
            "https://api.deepl.com/v2/translate"
          ],
          "rdf:language": [
            "de"
          ],
          "rdf:predicate": [
            "shortDescription"
          ]
        },
        {
          "@id": "https://data.datatourisme.fr/a6406645-8732-3583-8f82-0759bdb6c547",
          "dc:contributor": [
            "https://api.deepl.com/v2/translate"
          ],
          "rdf:language": [
            "en"
          ],
          "rdf:predicate": [
            "shortDescription"
          ]
        },
        {
          "@id": "https://data.datatourisme.fr/cec1f282-3185-3fff-b056-d9e01297a698",
          "dc:contributor": [
            "https://api.deepl.com/v2/translate"
          ],
          "rdf:language": [
            "nl"
          ],
          "rdf:predicate": [
            "shortDescription"
          ]
        },
        {
          "@id": "https://data.datatourisme.fr/dffe5644-25b1-33f9-9b85-045de92846af",
          "dc:contributor": [
            "https://api.deepl.com/v2/translate"
          ],
          "rdf:language": [
            "es"
          ],
          "rdf:predicate": [
            "shortDescription"
          ]
        },
        {
          "@id": "https://data.datatourisme.fr/f782fa7f-dbed-3899-b9ba-372d8091fbd2",
          "dc:contributor": [
            "https://api.deepl.com/v2/translate"
          ],
          "rdf:language": [
            "it"
          ],
          "rdf:predicate": [
            "shortDescription"
          ]
        }
      ],
      "shortDescription": {
        "de": [
          "Demnächst in Ardèche Grand Air und Porte de DrômArdèche: die Via Fluvia, eine Fahrradroute zwischen Loire und Rhône für ein 360°-Erlebnis!\r\nEine Strecke, über die derzeit nachgedacht wird und die sich auf der Höhe von Serrières mit der Via Rhôna verbinden soll."
        ],
        "en": [
          "Coming soon in Ardèche Grand Air and Porte de DrômArdèche: the Via Fluvia, a bicycle route between the Loire and the Rhône for a 360° experience!\r\nThis route is currently being studied and should join the Via Rhôna at Serrières."
        ],
        "it": [
          "In arrivo in Ardèche Grand Air e Porte de DrômArdèche: la Via Fluvia, un percorso ciclabile tra la Loira e il Rodano per un'esperienza a 360°!\r\nIl percorso è attualmente in fase di studio e dovrebbe unirsi alla Via Rhôna a Serrières."
        ],
        "fr": [
          "Prochainement en Ardèche Grand Air et en Porte de DrômArdèche : la Via Fluvia, une véloroute entre Loire et Rhône pour une expérience à 360° !\r\nTracé en cours de réflexion qui devrait rejoindre la Via Rhôna au niveau de Serrières."
        ],
        "es": [
          "Próximamente en Ardèche Grand Air y Porte de DrômArdèche: la Vía Fluvia, una ruta ciclista entre el Loira y el Ródano para vivir una experiencia de 360°\r\nEl itinerario se está estudiando actualmente y debería unirse a la Vía Rhôna en Serrières."
        ],
        "nl": [
          "Binnenkort in Ardèche Grand Air en Porte de DrômArdèche: de Via Fluvia, een fietsroute tussen de Loire en de Rhône voor een 360° ervaring!\r\nDe route wordt momenteel overwogen en zou bij Serrières moeten aansluiten op de Via Rhôna."
        ]
      }
    }
  ],
  "hasTheme": [
    {
      "@id": "kb:BicycleTouring",
      "@type": [
        "SportsTheme"
      ],
      "rdfs:label": {
        "de": [
          "Radtourismus"
        ],
        "pt": [
          "Cicloturismo"
        ],
        "en": [
          "Bicycle touring"
        ],
        "it": [
          "Cicloturismo"
        ],
        "fr": [
          "Cyclotourisme"
        ],
        "nl": [
          "Fietstoerisme"
        ],
        "es": [
          "Cicloturismo"
        ]
      }
    },
    {
      "@id": "kb:Bike",
      "@type": [
        "SportsTheme"
      ],
      "rdfs:label": {
        "de": [
          "Fahrrad"
        ],
        "pt": [
          "Bicicleta"
        ],
        "en": [
          "Bike"
        ],
        "it": [
          "Bicicletta"
        ],
        "fr": [
          "Vélo"
        ],
        "nl": [
          "Fiets"
        ],
        "es": [
          "Bicicleta"
        ]
      }
    },
    {
      "@id": "kb:Hiking",
      "@type": [
        "SportsTheme"
      ],
      "rdfs:label": {
        "de": [
          "Wanderung"
        ],
        "pt": [
          "Caminhada"
        ],
        "en": [
          "Hiking"
        ],
        "it": [
          "Escursione"
        ],
        "fr": [
          "Randonnée"
        ],
        "nl": [
          "Wandelen"
        ],
        "es": [
          "Senderismo"
        ]
      }
    },
    {
      "@id": "kb:Pedestrian",
      "@type": [
        "SportsTheme"
      ],
      "rdfs:label": {
        "de": [
          "Zu Fuß"
        ],
        "pt": [
          "Pedestre"
        ],
        "en": [
          "Pedestrian"
        ],
        "it": [
          "A piedi"
        ],
        "fr": [
          "Pédestre"
        ],
        "nl": [
          "Voetgangers"
        ],
        "es": [
          "Peatón"
        ]
      }
    },
    {
      "@id": "kb:Running",
      "@type": [
        "SportsTheme"
      ],
      "rdfs:label": {
        "de": [
          "Laufen"
        ],
        "pt": [
          "Corrida a pé"
        ],
        "en": [
          "Running"
        ],
        "it": [
          "Corsa a piedi"
        ],
        "fr": [
          "Course à pied"
        ],
        "nl": [
          "Hardlopen"
        ],
        "es": [
          "Carrera a pie"
        ]
      }
    }
  ],
  "hasTranslatedProperty": [
    {
      "@id": "https://data.datatourisme.fr/1751c592-4f16-358f-8d7c-4a79d48f0efe",
      "dc:contributor": [
        "https://api.deepl.com/v2/translate"
      ],
      "rdf:language": [
        "it"
      ],
      "rdf:predicate": [
        {
          "@id": "rdfs:comment"
        }
      ]
    },
    {
      "@id": "https://data.datatourisme.fr/3b4c718e-e304-3e80-9797-33a45238095c",
      "dc:contributor": [
        "https://api.deepl.com/v2/translate"
      ],
      "rdf:language": [
        "nl"
      ],
      "rdf:predicate": [
        {
          "@id": "rdfs:comment"
        }
      ]
    },
    {
      "@id": "https://data.datatourisme.fr/61dabe1d-901f-3127-aadd-dd69dd745e23",
      "dc:contributor": [
        "https://api.deepl.com/v2/translate"
      ],
      "rdf:language": [
        "en"
      ],
      "rdf:predicate": [
        {
          "@id": "rdfs:comment"
        }
      ]
    },
    {
      "@id": "https://data.datatourisme.fr/90e2f0c6-50bd-3ec8-85bb-942c09307a79",
      "dc:contributor": [
        "https://api.deepl.com/v2/translate"
      ],
      "rdf:language": [
        "es"
      ],
      "rdf:predicate": [
        {
          "@id": "rdfs:comment"
        }
      ]
    },
    {
      "@id": "https://data.datatourisme.fr/a16f3700-f8ed-3fd3-bf86-10f2cf212f7f",
      "dc:contributor": [
        "https://api.deepl.com/v2/translate"
      ],
      "rdf:language": [
        "de"
      ],
      "rdf:predicate": [
        {
          "@id": "rdfs:comment"
        }
      ]
    }
  ],
  "isLocatedAt": [
    {
      "@id": "https://data.datatourisme.fr/21d816f0-1c52-31d0-a48e-254c34e795b1",
      "schema:address": [
        {
          "@id": "https://data.datatourisme.fr/7993c5f8-8789-3fef-a135-2ce652d4941b",
          "schema:addressLocality": "Annonay",
          "schema:postalCode": "07100",
          "@type": [
            "schema:PostalAddress",
            "PostalAddress"
          ],
          "hasAddressCity": {
            "@id": "kb:07010",
            "@type": [
              "City"
            ],
            "rdfs:label": {
              "de": [
                "Annonay"
              ],
              "pt": [
                "Annonay"
              ],
              "en": [
                "Annonay"
              ],
              "it": [
                "Annonay"
              ],
              "fr": [
                "Annonay"
              ],
              "nl": [
                "Annonay"
              ],
              "es": [
                "Annonay"
              ]
            },
            "insee": "07010",
            "isPartOfDepartment": {
              "@id": "kb:France8407",
              "@type": [
                "Department"
              ],
              "rdfs:label": {
                "de": [
                  "Ardèche"
                ],
                "pt": [
                  "Ardèche"
                ],
                "en": [
                  "Ardèche"
                ],
                "it": [
                  "Ardèche"
                ],
                "fr": [
                  "Ardèche"
                ],
                "nl": [
                  "Ardèche"
                ],
                "es": [
                  "Ardèche"
                ]
              },
              "insee": "07",
              "isPartOfRegion": {
                "@id": "kb:France84",
                "@type": [
                  "Region"
                ],
                "rdfs:label": {
                  "de": [
                    "Auvergne-Rhône-Alpes"
                  ],
                  "pt": [
                    "Auvergne-Rhône-Alpes"
                  ],
                  "en": [
                    "Auvergne-Rhône-Alpes"
                  ],
                  "it": [
                    "Auvergne-Rhône-Alpes"
                  ],
                  "fr": [
                    "Auvergne-Rhône-Alpes"
                  ],
                  "nl": [
                    "Auvergne-Rhône-Alpes"
                  ],
                  "es": [
                    "Auvergne-Rhône-Alpes"
                  ]
                },
                "insee": "84",
                "isPartOfCountry": {
                  "@id": "kb:France",
                  "@type": [
                    "schema:Country"
                  ],
                  "rdfs:label": {
                    "de": [
                      "France",
                      "Frankreich"
                    ],
                    "pt": [
                      "França",
                      "France"
                    ],
                    "en": [
                      "France"
                    ],
                    "it": [
                      "France",
                      "Francia"
                    ],
                    "fr": [
                      "France"
                    ],
                    "nl": [
                      "France",
                      "Frankrijk"
                    ],
                    "es": [
                      "France",
                      "Francia"
                    ]
                  }
                }
              }
            }
          }
        }
      ],
      "schema:geo": {
        "@id": "https://data.datatourisme.fr/5e65c576-e28c-3eb5-9e9a-632bc0eed16a",
        "schema:latitude": "45.183859",
        "schema:longitude": "4.810903",
        "@type": [
          "schema:GeoCoordinates"
        ]
      },
      "schema:openingHoursSpecification": [
        {
          "@id": "https://data.datatourisme.fr/f87e535a-636d-3343-ad63-8a03392e7511",
          "schema:validFrom": "2023-01-01T00:00:00",
          "schema:validThrough": "2023-12-31T23:59:59",
          "@type": [
            "schema:OpeningHoursSpecification"
          ]
        }
      ],
      "@type": [
        "schema:Place",
        "Place"
      ]
    }
  ],
  "isOwnedBy": [
    {
      "@id": "https://data.datatourisme.fr/c34130c6-4437-3624-9afb-3511a8692fba",
      "schema:email": [
        "d.sanial@dromardeche.fr",
        "j.bruyere@dromardeche.fr"
      ],
      "schema:legalName": "Office de Tourisme Porte de DrômArdèche",
      "@type": [
        "schema:Organization",
        "foaf:Agent",
        "Agent"
      ],
      "foaf:homepage": [
        "http://www.autour-du-palais-ideal.fr/"
      ]
    }
  ],
  "lastUpdate": "2023-02-14",
  "lastUpdateDatatourisme": "2023-02-15T06:38:07.03Z"
}