{
  "@id": "https://data.datatourisme.fr/13/864c768c-c94d-32c6-a497-e2fe23ed20d9",
  "dc:identifier": "697202",
  "@type": [
    "schema:AmusementPark",
    "schema:LocalBusiness",
    "PlaceOfInterest",
    "PointOfInterest",
    "SportsAndLeisurePlace",
    "SwimmingPool",
    "ThemePark"
  ],
  "rdfs:comment": {
    "de": [
      "Schwimmbad in Paris Aquaboulevard, ein einzigartiger Bereich von 7000 m², der ganz der Abwechslung, der Entspannung, dem Spiel und allen Wasserfreuden gewidmet ist."
    ],
    "en": [
      "Aquaboulevard swimming pool in Paris, a unique 7,000 m² space, entirely dedicated to a change of scenery, relaxation, games and all watery pleasures."
    ],
    "it": [
      "Piscine à Paris Aquaboulevard, uno spazio unico di 7.000 m², interamente dedicato a un cambio di scenario, al relax, ai giochi e a tutti i piaceri dell'acqua."
    ],
    "fr": [
      "Piscine à Paris Aquaboulevard, un espace unique de 7 000 m², dédié entièrement au dépaysement, à la détente, au jeu, et à tous les plaisirs aquatiques."
    ],
    "es": [
      "Piscine à Paris Aquaboulevard, un espacio único de 7.000 m², enteramente dedicado al cambio de aires, a la relajación, a los juegos y a todos los placeres del agua."
    ],
    "nl": [
      "Piscine à Paris Aquaboulevard, een unieke ruimte van 7.000 m², geheel gewijd aan afwisseling, ontspanning, spelletjes en alle geneugten van het water."
    ]
  },
  "rdfs:label": {
    "fr": [
      "Aquaboulevard"
    ]
  },
  "hasBeenCreatedBy": {
    "@id": "https://data.datatourisme.fr/13/03e0704b-5690-32de-a186-1dc3ad3316c9",
    "dc:identifier": "1019",
    "schema:email": [
      "bgeigle@visitparisregion.com",
      "hcaldo@visitparisregion.com",
      "mtanaskovic@visitparisregion.com"
    ],
    "schema:legalName": "Choose Paris Region",
    "@type": [
      "schema:Organization",
      "foaf:Agent",
      "Agent"
    ],
    "foaf:homepage": [
      "http://www.visitparisregion.com/"
    ]
  },
  "hasBeenPublishedBy": [
    {
      "@id": "https://data.datatourisme.fr/8a9feb4b-2cbd-3d2c-b507-bd6c6776b23b",
      "schema:legalName": "Apidae Tourisme Scic SA - source : Apidae Tourisme",
      "@type": [
        "schema:Organization",
        "foaf:Agent",
        "Agent"
      ],
      "foaf:homepage": [
        "https://www.apidae-tourisme.com/"
      ]
    }
  ],
  "hasContact": [
    {
      "@id": "https://data.datatourisme.fr/b722e7f9-0385-39aa-87ec-f0f2a68d788f",
      "schema:telephone": [
        "+33 1 40 60 10 00"
      ],
      "@type": [
        "foaf:Agent",
        "Agent"
      ],
      "foaf:homepage": [
        "http://www.aquaboulevard.fr/"
      ]
    }
  ],
  "hasDescription": [
    {
      "@id": "https://data.datatourisme.fr/f1efd2b8-5175-38a9-9b42-97f6c6f201bf",
      "@type": [
        "Description"
      ],
      "hasTranslatedProperty": [
        {
          "@id": "https://data.datatourisme.fr/20ea47a2-1f52-367e-9dae-b0222575b79e",
          "dc:contributor": [
            "https://api.deepl.com/v2/translate"
          ],
          "rdf:language": [
            "es"
          ],
          "rdf:predicate": [
            "shortDescription"
          ]
        },
        {
          "@id": "https://data.datatourisme.fr/4b1d0eca-3192-373a-8a55-70ab74f4a964",
          "dc:contributor": [
            "https://api.deepl.com/v2/translate"
          ],
          "rdf:language": [
            "nl"
          ],
          "rdf:predicate": [
            "shortDescription"
          ]
        },
        {
          "@id": "https://data.datatourisme.fr/8118135c-24be-31da-98d3-61d435ab339c",
          "dc:contributor": [
            "https://api.deepl.com/v2/translate"
          ],
          "rdf:language": [
            "en"
          ],
          "rdf:predicate": [
            "shortDescription"
          ]
        },
        {
          "@id": "https://data.datatourisme.fr/c05e8896-c7e7-3390-8848-d0de3d815411",
          "dc:contributor": [
            "https://api.deepl.com/v2/translate"
          ],
          "rdf:language": [
            "de"
          ],
          "rdf:predicate": [
            "shortDescription"
          ]
        },
        {
          "@id": "https://data.datatourisme.fr/fb6c6746-3077-3ab3-919e-17f3a9efad14",
          "dc:contributor": [
            "https://api.deepl.com/v2/translate"
          ],
          "rdf:language": [
            "it"
          ],
          "rdf:predicate": [
            "shortDescription"
          ]
        }
      ],
      "shortDescription": {
        "de": [
          "Schwimmbad in Paris Aquaboulevard, ein einzigartiger Bereich von 7000 m², der ganz der Abwechslung, der Entspannung, dem Spiel und allen Wasserfreuden gewidmet ist."
        ],
        "en": [
          "Aquaboulevard swimming pool in Paris, a unique 7,000 m² space, entirely dedicated to a change of scenery, relaxation, games and all watery pleasures."
        ],
        "it": [
          "Piscine à Paris Aquaboulevard, uno spazio unico di 7.000 m², interamente dedicato a un cambio di scenario, al relax, ai giochi e a tutti i piaceri dell'acqua."
        ],
        "fr": [
          "Piscine à Paris Aquaboulevard, un espace unique de 7 000 m², dédié entièrement au dépaysement, à la détente, au jeu, et à tous les plaisirs aquatiques."
        ],
        "es": [
          "Piscine à Paris Aquaboulevard, un espacio único de 7.000 m², enteramente dedicado al cambio de aires, a la relajación, a los juegos y a todos los placeres del agua."
        ],
        "nl": [
          "Piscine à Paris Aquaboulevard, een unieke ruimte van 7.000 m², geheel gewijd aan afwisseling, ontspanning, spelletjes en alle geneugten van het water."
        ]
      }
    }
  ],
  "hasTheme": [
    {
      "@id": "kb:Bathing",
      "@type": [
        "AccommodationAmenity",
        "SportsTheme"
      ],
      "rdfs:label": {
        "de": [
          "Baden"
        ],
        "pt": [
          "Banho"
        ],
        "en": [
          "Bathing"
        ],
        "it": [
          "Bagno"
        ],
        "fr": [
          "Baignade"
        ],
        "nl": [
          "Zwemmen"
        ],
        "es": [
          "Baño"
        ]
      }
    }
  ],
  "hasTranslatedProperty": [
    {
      "@id": "https://data.datatourisme.fr/0bcafe34-a451-3fd8-9db9-700a6f84d73f",
      "dc:contributor": [
        "https://api.deepl.com/v2/translate"
      ],
      "rdf:language": [
        "it"
      ],
      "rdf:predicate": [
        {
          "@id": "rdfs:comment"
        }
      ]
    },
    {
      "@id": "https://data.datatourisme.fr/363db0d7-110c-3a0f-a9c8-cdb28d6589cb",
      "dc:contributor": [
        "https://api.deepl.com/v2/translate"
      ],
      "rdf:language": [
        "es"
      ],
      "rdf:predicate": [
        {
          "@id": "rdfs:comment"
        }
      ]
    },
    {
      "@id": "https://data.datatourisme.fr/63e0bb6c-dcd8-364b-9e48-c88684ac0d6c",
      "dc:contributor": [
        "https://api.deepl.com/v2/translate"
      ],
      "rdf:language": [
        "en"
      ],
      "rdf:predicate": [
        {
          "@id": "rdfs:comment"
        }
      ]
    },
    {
      "@id": "https://data.datatourisme.fr/9f2ba1ec-e9be-37d1-b590-d95424018991",
      "dc:contributor": [
        "https://api.deepl.com/v2/translate"
      ],
      "rdf:language": [
        "de"
      ],
      "rdf:predicate": [
        {
          "@id": "rdfs:comment"
        }
      ]
    },
    {
      "@id": "https://data.datatourisme.fr/c52ee336-1891-35c0-b1de-acb3efdc765c",
      "dc:contributor": [
        "https://api.deepl.com/v2/translate"
      ],
      "rdf:language": [
        "nl"
      ],
      "rdf:predicate": [
        {
          "@id": "rdfs:comment"
        }
      ]
    }
  ],
  "isLocatedAt": [
    {
      "@id": "https://data.datatourisme.fr/d6c9b0b7-9cb1-339e-82f2-5a6739c91c85",
      "schema:address": [
        {
          "@id": "https://data.datatourisme.fr/fac12432-8d4d-30a7-8ab9-a900fe04a2d0",
          "schema:addressLocality": "Paris 15e Arrondissement",
          "schema:postalCode": "75015",
          "schema:streetAddress": [
            "4 rue Louis Armand"
          ],
          "@type": [
            "schema:PostalAddress",
            "PostalAddress"
          ],
          "hasAddressCity": {
            "@id": "kb:75115",
            "@type": [
              "City"
            ],
            "rdfs:label": {
              "de": [
                "Paris 15e Arrondissement"
              ],
              "pt": [
                "Paris 15e Arrondissement"
              ],
              "en": [
                "Paris 15e Arrondissement"
              ],
              "it": [
                "Paris 15e Arrondissement"
              ],
              "fr": [
                "Paris 15e Arrondissement"
              ],
              "nl": [
                "Paris 15e Arrondissement"
              ],
              "es": [
                "Paris 15e Arrondissement"
              ]
            },
            "insee": "75115",
            "isPartOfDepartment": {
              "@id": "kb:France1175",
              "@type": [
                "Department"
              ],
              "rdfs:label": {
                "de": [
                  "Paris"
                ],
                "pt": [
                  "Paris"
                ],
                "en": [
                  "Paris"
                ],
                "it": [
                  "Paris"
                ],
                "fr": [
                  "Paris"
                ],
                "nl": [
                  "Paris"
                ],
                "es": [
                  "Paris"
                ]
              },
              "insee": "75",
              "isPartOfRegion": {
                "@id": "kb:France11",
                "@type": [
                  "Region"
                ],
                "rdfs:label": {
                  "de": [
                    "Île-de-France"
                  ],
                  "pt": [
                    "Île-de-France"
                  ],
                  "en": [
                    "Île-de-France"
                  ],
                  "it": [
                    "Île-de-France"
                  ],
                  "fr": [
                    "Île-de-France"
                  ],
                  "nl": [
                    "Île-de-France"
                  ],
                  "es": [
                    "Île-de-France"
                  ]
                },
                "insee": "11",
                "isPartOfCountry": {
                  "@id": "kb:France",
                  "@type": [
                    "schema:Country"
                  ],
                  "rdfs:label": {
                    "de": [
                      "France",
                      "Frankreich"
                    ],
                    "pt": [
                      "França",
                      "France"
                    ],
                    "en": [
                      "France"
                    ],
                    "it": [
                      "France",
                      "Francia"
                    ],
                    "fr": [
                      "France"
                    ],
                    "nl": [
                      "France",
                      "Frankrijk"
                    ],
                    "es": [
                      "France",
                      "Francia"
                    ]
                  }
                }
              }
            }
          }
        }
      ],
      "schema:geo": {
        "@id": "https://data.datatourisme.fr/b4318ed5-9d32-3e71-bcbf-84e2d4945028",
        "schema:latitude": "48.832789",
        "schema:longitude": "2.277063",
        "@type": [
          "schema:GeoCoordinates"
        ]
      },
      "schema:openingHoursSpecification": [
        {
          "@id": "https://data.datatourisme.fr/b3e7260d-5bfc-32cd-b7b2-ba65d9cf481c",
          "schema:closes": "23:00:00",
          "schema:opens": "09:00:00",
          "schema:validFrom": "2023-01-01T00:00:00",
          "schema:validThrough": "2023-12-31T23:59:59",
          "@type": [
            "schema:OpeningHoursSpecification"
          ],
          "additionalInformation": {
            "de": [
              "Am Freitag Schließung um Mitternacht\r\nAm Samstag von 08:00 bis 24:00 Uhr geöffnet.\r\nAn Sonn- und Feiertagen von 08:00 bis 23:00 Uhr geöffnet."
            ],
            "en": [
              "Friday closing at midnight\r\nSaturday, open from 08:00 to midnight.\r\nSundays and holidays, open from 08:00 to 23:00."
            ],
            "it": [
              "Venerdì chiusura a mezzanotte\r\nSabato, aperto dalle 08:00 a mezzanotte.\r\nDomenica e giorni festivi, aperto dalle 08:00 alle 23:00."
            ],
            "fr": [
              "Le vendredi fermeture à minuit\r\nLe samedi, ouvert de 08:00 à minuit.\r\nLes dimanche et jours fériés, ouvert de 08:00 à 23:00."
            ],
            "nl": [
              "Vrijdagsluiting om middernacht\r\nZaterdag, open van 08:00 tot middernacht.\r\nZon- en feestdagen, open van 08:00 tot 23:00 uur."
            ],
            "es": [
              "Cierre del viernes a medianoche\r\nSábado, abierto de 08:00 a medianoche.\r\nDomingos y festivos, abierto de 08:00 a 23:00."
            ]
          },
          "hasTranslatedProperty": [
            {
              "@id": "https://data.datatourisme.fr/30b5d139-bb1a-3198-b0f5-83e4a0684cd7",
              "dc:contributor": [
                "https://api.deepl.com/v2/translate"
              ],
              "rdf:language": [
                "en"
              ],
              "rdf:predicate": [
                "additionalInformation"
              ]
            },
            {
              "@id": "https://data.datatourisme.fr/9b525ccd-b5d9-32e4-ba4e-6cf68814a2e2",
              "dc:contributor": [
                "https://api.deepl.com/v2/translate"
              ],
              "rdf:language": [
                "de"
              ],
              "rdf:predicate": [
                "additionalInformation"
              ]
            },
            {
              "@id": "https://data.datatourisme.fr/a20725b1-3165-3814-9f31-40bffdbe3cb5",
              "dc:contributor": [
                "https://api.deepl.com/v2/translate"
              ],
              "rdf:language": [
                "it"
              ],
              "rdf:predicate": [
                "additionalInformation"
              ]
            },
            {
              "@id": "https://data.datatourisme.fr/b07363e3-6458-341b-8890-9484406157ba",
              "dc:contributor": [
                "https://api.deepl.com/v2/translate"
              ],
              "rdf:language": [
                "es"
              ],
              "rdf:predicate": [
                "additionalInformation"
              ]
            },
            {
              "@id": "https://data.datatourisme.fr/e45abf7e-6689-3e8b-b824-ced986dcc075",
              "dc:contributor": [
                "https://api.deepl.com/v2/translate"
              ],
              "rdf:language": [
                "nl"
              ],
              "rdf:predicate": [
                "additionalInformation"
              ]
            }
          ]
        }
      ],
      "@type": [
        "schema:Place",
        "Place"
      ]
    }
  ],
  "isOwnedBy": [
    {
      "@id": "https://data.datatourisme.fr/26ecd6f0-563c-356a-b0f9-ad3ec17effc4",
      "schema:email": [
        "bgeigle@visitparisregion.com",
        "hcaldo@visitparisregion.com",
        "mtanaskovic@visitparisregion.com"
      ],
      "schema:legalName": "Comité Régional du Tourisme Paris Ile de France",
      "@type": [
        "schema:Organization",
        "foaf:Agent",
        "Agent"
      ],
      "foaf:homepage": [
        "http://www.visitparisregion.com/"
      ]
    }
  ],
  "lastUpdate": "2020-09-28",
  "lastUpdateDatatourisme": "2023-10-02T05:53:31.677Z",
  "offers": [
    {
      "@id": "https://data.datatourisme.fr/f7c9cfdc-21f3-3a59-a113-5d26419939d2",
      "schema:priceSpecification": [
        {
          "@id": "https://data.datatourisme.fr/edf4772e-2c3f-38e3-b19e-e46d0b2dc841",
          "schema:maxPrice": [
            "29"
          ],
          "schema:minPrice": [
            "15",
            "23"
          ],
          "schema:priceCurrency": "EUR",
          "@type": [
            "schema:PriceSpecification",
            "PriceSpecification"
          ],
          "appliesOnPeriod": [
            {
              "@id": "https://data.datatourisme.fr/553c556a-fef2-3f8c-926e-e25212e9d99e",
              "@type": [
                "Period"
              ],
              "endDate": "2015-12-31",
              "startDate": "2015-01-01"
            }
          ]
        }
      ],
      "@type": [
        "schema:Offer",
        "Offer"
      ]
    }
  ]
}