{
  "@id": "https://data.datatourisme.fr/13/18d54621-51d0-32a4-9a59-3cd437aa56b9",
  "dc:identifier": "795740",
  "schema:endDate": [
    "2023-11-01"
  ],
  "schema:startDate": [
    "2023-10-28"
  ],
  "@type": [
    "schema:Event",
    "schema:SaleEvent",
    "EntertainmentAndEvent",
    "FairOrShow",
    "PointOfInterest",
    "SaleEvent"
  ],
  "rdfs:comment": {
    "de": [
      "Eine unumgängliche Messe für alle, Feinschmecker, Gourmets und aufgeklärte Schokoladenliebhaber!"
    ],
    "en": [
      "An unmissable event for everyone, gourmets as well as enlightened chocolate lovers!"
    ],
    "it": [
      "Uno spettacolo imperdibile per tutti, golosi e amanti del cioccolato!"
    ],
    "fr": [
      "Un salon incontournable pour tous, gourmands, gourmets comme amateurs éclairés de chocolat !"
    ],
    "es": [
      "Un espectáculo ineludible para todos, ¡gourmets y amantes del chocolate por igual!"
    ],
    "nl": [
      "Een niet te missen show voor iedereen, fijnproevers en chocoladeliefhebbers!"
    ]
  },
  "rdfs:label": {
    "fr": [
      "Salon du chocolat"
    ]
  },
  "hasBeenCreatedBy": {
    "@id": "https://data.datatourisme.fr/13/03e0704b-5690-32de-a186-1dc3ad3316c9",
    "dc:identifier": "1019",
    "schema:email": [
      "bgeigle@visitparisregion.com",
      "hcaldo@visitparisregion.com",
      "mtanaskovic@visitparisregion.com"
    ],
    "schema:legalName": "Choose Paris Region",
    "@type": [
      "schema:Organization",
      "foaf:Agent",
      "Agent"
    ],
    "foaf:homepage": [
      "http://www.visitparisregion.com/"
    ]
  },
  "hasBeenPublishedBy": [
    {
      "@id": "https://data.datatourisme.fr/8a9feb4b-2cbd-3d2c-b507-bd6c6776b23b",
      "schema:legalName": "Apidae Tourisme Scic SA - source : Apidae Tourisme",
      "@type": [
        "schema:Organization",
        "foaf:Agent",
        "Agent"
      ],
      "foaf:homepage": [
        "https://www.apidae-tourisme.com/"
      ]
    }
  ],
  "hasContact": [
    {
      "@id": "https://data.datatourisme.fr/811de55b-36f8-3870-9713-c4582f7b4cb5",
      "schema:email": [
        "contact@salonduchocolat.fr"
      ],
      "@type": [
        "foaf:Agent",
        "Agent"
      ],
      "foaf:homepage": [
        "http://www.salon-du-chocolat.com/"
      ]
    }
  ],
  "hasDescription": [
    {
      "@id": "https://data.datatourisme.fr/c5d8201e-0af2-3bc8-b1ae-a8e07f1fdf94",
      "@type": [
        "Description"
      ],
      "hasTranslatedProperty": [
        {
          "@id": "https://data.datatourisme.fr/10afd630-557e-3f98-a32b-779253d56b92",
          "dc:contributor": [
            "https://api.deepl.com/v2/translate"
          ],
          "rdf:language": [
            "de"
          ],
          "rdf:predicate": [
            "shortDescription"
          ]
        },
        {
          "@id": "https://data.datatourisme.fr/304b9ca6-4991-3578-9511-577c21a16f23",
          "dc:contributor": [
            "https://api.deepl.com/v2/translate"
          ],
          "rdf:language": [
            "es"
          ],
          "rdf:predicate": [
            "shortDescription"
          ]
        },
        {
          "@id": "https://data.datatourisme.fr/32a30f8f-539d-3c70-9cc9-4f0a33cb57bc",
          "dc:contributor": [
            "https://api.deepl.com/v2/translate"
          ],
          "rdf:language": [
            "it"
          ],
          "rdf:predicate": [
            "shortDescription"
          ]
        },
        {
          "@id": "https://data.datatourisme.fr/a7a8e471-92da-37fc-9522-610f4f6c0872",
          "dc:contributor": [
            "https://api.deepl.com/v2/translate"
          ],
          "rdf:language": [
            "en"
          ],
          "rdf:predicate": [
            "shortDescription"
          ]
        },
        {
          "@id": "https://data.datatourisme.fr/d01cb99e-38fe-3d4f-a054-0c69af393f40",
          "dc:contributor": [
            "https://api.deepl.com/v2/translate"
          ],
          "rdf:language": [
            "nl"
          ],
          "rdf:predicate": [
            "shortDescription"
          ]
        }
      ],
      "shortDescription": {
        "de": [
          "Eine unumgängliche Messe für alle, Feinschmecker, Gourmets und aufgeklärte Schokoladenliebhaber!"
        ],
        "en": [
          "An unmissable event for everyone, gourmets as well as enlightened chocolate lovers!"
        ],
        "it": [
          "Uno spettacolo imperdibile per tutti, golosi e amanti del cioccolato!"
        ],
        "fr": [
          "Un salon incontournable pour tous, gourmands, gourmets comme amateurs éclairés de chocolat !"
        ],
        "es": [
          "Un espectáculo ineludible para todos, ¡gourmets y amantes del chocolate por igual!"
        ],
        "nl": [
          "Een niet te missen show voor iedereen, fijnproevers en chocoladeliefhebbers!"
        ]
      }
    }
  ],
  "hasTranslatedProperty": [
    {
      "@id": "https://data.datatourisme.fr/0ae853c5-d3a8-329a-8756-b818526cae07",
      "dc:contributor": [
        "https://api.deepl.com/v2/translate"
      ],
      "rdf:language": [
        "en"
      ],
      "rdf:predicate": [
        {
          "@id": "rdfs:comment"
        }
      ]
    },
    {
      "@id": "https://data.datatourisme.fr/5f666f83-bb60-3f7e-aa03-2a02dd7f55db",
      "dc:contributor": [
        "https://api.deepl.com/v2/translate"
      ],
      "rdf:language": [
        "nl"
      ],
      "rdf:predicate": [
        {
          "@id": "rdfs:comment"
        }
      ]
    },
    {
      "@id": "https://data.datatourisme.fr/98d56e5d-1588-3f4e-b857-f3dab9fec743",
      "dc:contributor": [
        "https://api.deepl.com/v2/translate"
      ],
      "rdf:language": [
        "es"
      ],
      "rdf:predicate": [
        {
          "@id": "rdfs:comment"
        }
      ]
    },
    {
      "@id": "https://data.datatourisme.fr/9dfe39a7-484a-3378-8a1e-66df39ce155c",
      "dc:contributor": [
        "https://api.deepl.com/v2/translate"
      ],
      "rdf:language": [
        "it"
      ],
      "rdf:predicate": [
        {
          "@id": "rdfs:comment"
        }
      ]
    },
    {
      "@id": "https://data.datatourisme.fr/d98a0cf9-eaed-3aa5-ae2d-19d2f4c36fe7",
      "dc:contributor": [
        "https://api.deepl.com/v2/translate"
      ],
      "rdf:language": [
        "de"
      ],
      "rdf:predicate": [
        {
          "@id": "rdfs:comment"
        }
      ]
    }
  ],
  "isLocatedAt": [
    {
      "@id": "https://data.datatourisme.fr/ea8b7b5a-2378-36f0-a5c3-aaacbdcbfc3b",
      "schema:address": [
        {
          "@id": "https://data.datatourisme.fr/f607cc7a-59cf-3711-899f-75f5d8f77ed7",
          "schema:addressLocality": "Paris 15e Arrondissement",
          "schema:postalCode": "75015",
          "schema:streetAddress": [
            "1 place de la Porte de Versailles",
            "Parc des Expositions de la Porte de Versailles"
          ],
          "@type": [
            "schema:PostalAddress",
            "PostalAddress"
          ],
          "hasAddressCity": {
            "@id": "kb:75115",
            "@type": [
              "City"
            ],
            "rdfs:label": {
              "de": [
                "Paris 15e Arrondissement"
              ],
              "pt": [
                "Paris 15e Arrondissement"
              ],
              "en": [
                "Paris 15e Arrondissement"
              ],
              "it": [
                "Paris 15e Arrondissement"
              ],
              "fr": [
                "Paris 15e Arrondissement"
              ],
              "nl": [
                "Paris 15e Arrondissement"
              ],
              "es": [
                "Paris 15e Arrondissement"
              ]
            },
            "insee": "75115",
            "isPartOfDepartment": {
              "@id": "kb:France1175",
              "@type": [
                "Department"
              ],
              "rdfs:label": {
                "de": [
                  "Paris"
                ],
                "pt": [
                  "Paris"
                ],
                "en": [
                  "Paris"
                ],
                "it": [
                  "Paris"
                ],
                "fr": [
                  "Paris"
                ],
                "nl": [
                  "Paris"
                ],
                "es": [
                  "Paris"
                ]
              },
              "insee": "75",
              "isPartOfRegion": {
                "@id": "kb:France11",
                "@type": [
                  "Region"
                ],
                "rdfs:label": {
                  "de": [
                    "Île-de-France"
                  ],
                  "pt": [
                    "Île-de-France"
                  ],
                  "en": [
                    "Île-de-France"
                  ],
                  "it": [
                    "Île-de-France"
                  ],
                  "fr": [
                    "Île-de-France"
                  ],
                  "nl": [
                    "Île-de-France"
                  ],
                  "es": [
                    "Île-de-France"
                  ]
                },
                "insee": "11",
                "isPartOfCountry": {
                  "@id": "kb:France",
                  "@type": [
                    "schema:Country"
                  ],
                  "rdfs:label": {
                    "de": [
                      "France",
                      "Frankreich"
                    ],
                    "pt": [
                      "França",
                      "France"
                    ],
                    "en": [
                      "France"
                    ],
                    "it": [
                      "France",
                      "Francia"
                    ],
                    "fr": [
                      "France"
                    ],
                    "nl": [
                      "France",
                      "Frankrijk"
                    ],
                    "es": [
                      "France",
                      "Francia"
                    ]
                  }
                }
              }
            }
          }
        }
      ],
      "schema:geo": {
        "@id": "https://data.datatourisme.fr/f0dfc374-933b-3984-9dd4-235ceb0708b1",
        "schema:latitude": "48.832787",
        "schema:longitude": "2.286305",
        "@type": [
          "schema:GeoCoordinates"
        ]
      },
      "schema:openingHoursSpecification": [
        {
          "@id": "https://data.datatourisme.fr/e6497b19-c613-3660-a3c0-d4e714771026",
          "schema:validFrom": "2023-10-28T00:00:00",
          "schema:validThrough": "2023-11-01T23:59:59",
          "@type": [
            "schema:OpeningHoursSpecification"
          ]
        }
      ],
      "@type": [
        "schema:Place",
        "Place"
      ]
    }
  ],
  "isOwnedBy": [
    {
      "@id": "https://data.datatourisme.fr/26ecd6f0-563c-356a-b0f9-ad3ec17effc4",
      "schema:email": [
        "bgeigle@visitparisregion.com",
        "hcaldo@visitparisregion.com",
        "mtanaskovic@visitparisregion.com"
      ],
      "schema:legalName": "Comité Régional du Tourisme Paris Ile de France",
      "@type": [
        "schema:Organization",
        "foaf:Agent",
        "Agent"
      ],
      "foaf:homepage": [
        "http://www.visitparisregion.com/"
      ]
    }
  ],
  "lastUpdate": "2023-03-23",
  "lastUpdateDatatourisme": "2023-10-02T05:53:31.662Z",
  "takesPlaceAt": [
    {
      "@id": "https://data.datatourisme.fr/887ded2f-7bb0-343b-ad35-e7fbdb678643",
      "@type": [
        "Period"
      ],
      "endDate": "2023-11-01",
      "startDate": "2023-10-28"
    }
  ]
}