{
  "@id": "https://data.datatourisme.fr/13/6032d43d-ef99-3798-b74f-e7c38d1f5a8f",
  "dc:identifier": "6480336",
  "@type": [
    "olo:OrderedList",
    "CyclingTour",
    "PlaceOfInterest",
    "PointOfInterest",
    "SportsAndLeisurePlace",
    "Tour"
  ],
  "rdfs:comment": {
    "de": [
      "Eine Schleife zwischen dem wilden und tief eingeschnittenen Ozon-Tal, dem\r\nund den Hängen von Saint-Joseph, mit dem Hintergrund der\r\nentdecken Sie die App \"Inspirierte Fluchten\"."
    ],
    "en": [
      "A walk between the Ozon valley, wild and steep, the plateau and the hillsides of Saint-Joseph with views of the Rhône valley and the Alps.\r\nTo be discovered in the \"échappées inspirées\" application."
    ],
    "it": [
      "Un anello tra la valle dell'Ozon, selvaggia e scoscesa, l'altopiano\r\nl'altopiano e le colline di Saint Joseph con la valle del Rodano e le Alpi sullo sfondo\r\nscoprite l'applicazione \"échappées inspirées\"."
    ],
    "fr": [
      "Une boucle entre la vallée de l’Ozon, sauvage et encaissée, le\r\nplateau et les coteaux de saint joseph avec en toile de fond\r\nla vallée du Rhône et les Alpes.A découvrir l'application les \"échappées inspirées\"."
    ],
    "es": [
      "Un bucle entre el valle del Ozon, salvaje y escarpado, la meseta\r\nla meseta y las laderas de Saint Joseph con el valle del Ródano y los Alpes al fondo\r\ndescubra la aplicación \"échappées inspirées\"."
    ],
    "nl": [
      "Een lus tussen de Ozon vallei, wild en steil, het plateau\r\nhet plateau en de hellingen van Saint Joseph met de Rhônevallei en de Alpen op de achtergrond\r\nontdek de applicatie \"échappées inspirées\"."
    ]
  },
  "rdfs:label": {
    "fr": [
      "Les rives de l'Ozon"
    ]
  },
  "hasBeenCreatedBy": {
    "@id": "https://data.datatourisme.fr/13/73278a4a-8696-3eeb-976a-8fd4c9ec6997",
    "dc:identifier": "113",
    "schema:email": [
      "d.sanial@dromardeche.fr",
      "j.bruyere@dromardeche.fr"
    ],
    "schema:legalName": "Office de Tourisme Porte de DrômArdèche",
    "@type": [
      "schema:Organization",
      "foaf:Agent",
      "Agent"
    ],
    "foaf:homepage": [
      "http://www.autour-du-palais-ideal.fr/"
    ]
  },
  "hasBeenPublishedBy": [
    {
      "@id": "https://data.datatourisme.fr/d48f2ccd-2357-3a8e-b949-cb8bf19a361f",
      "schema:legalName": "Agence d'Attractivité de la Drôme - source : Apidae Tourisme",
      "@type": [
        "schema:Organization",
        "foaf:Agent",
        "Agent"
      ],
      "foaf:homepage": [
        "https://www.apidae-tourisme.com/"
      ]
    }
  ],
  "hasContact": [
    {
      "@id": "https://data.datatourisme.fr/e4a61420-5736-3383-8b66-c11b58e648c9",
      "schema:email": [
        "porte@dromardeche.fr"
      ],
      "schema:telephone": [
        "+33 4 75 23 45 33"
      ],
      "@type": [
        "foaf:Agent",
        "Agent"
      ],
      "foaf:homepage": [
        "http://www.autour-du-palais-ideal.fr/"
      ]
    }
  ],
  "hasDescription": [
    {
      "@id": "https://data.datatourisme.fr/22176efd-8493-359f-aefa-99fc156e46e7",
      "@type": [
        "Description"
      ],
      "hasTranslatedProperty": [
        {
          "@id": "https://data.datatourisme.fr/696a8eee-57c9-31b2-a780-72275ceab781",
          "dc:contributor": [
            "https://api.deepl.com/v2/translate"
          ],
          "rdf:language": [
            "nl"
          ],
          "rdf:predicate": [
            "shortDescription"
          ]
        },
        {
          "@id": "https://data.datatourisme.fr/dc004ab1-9353-330c-83bb-29738eb18f74",
          "dc:contributor": [
            "https://api.deepl.com/v2/translate"
          ],
          "rdf:language": [
            "es"
          ],
          "rdf:predicate": [
            "shortDescription"
          ]
        },
        {
          "@id": "https://data.datatourisme.fr/e7411091-d9a2-3033-8899-aa58173b8d28",
          "dc:contributor": [
            "https://api.deepl.com/v2/translate"
          ],
          "rdf:language": [
            "it"
          ],
          "rdf:predicate": [
            "shortDescription"
          ]
        },
        {
          "@id": "https://data.datatourisme.fr/fc00d425-f225-3a09-9e98-5d32d91736b1",
          "dc:contributor": [
            "https://api.deepl.com/v2/translate"
          ],
          "rdf:language": [
            "de"
          ],
          "rdf:predicate": [
            "shortDescription"
          ]
        }
      ],
      "shortDescription": {
        "de": [
          "Eine Schleife zwischen dem wilden und tief eingeschnittenen Ozon-Tal, dem\r\nund den Hängen von Saint-Joseph, mit dem Hintergrund der\r\nentdecken Sie die App \"Inspirierte Fluchten\"."
        ],
        "en": [
          "A walk between the Ozon valley, wild and steep, the plateau and the hillsides of Saint-Joseph with views of the Rhône valley and the Alps.\r\nTo be discovered in the \"échappées inspirées\" application."
        ],
        "it": [
          "Un anello tra la valle dell'Ozon, selvaggia e scoscesa, l'altopiano\r\nl'altopiano e le colline di Saint Joseph con la valle del Rodano e le Alpi sullo sfondo\r\nscoprite l'applicazione \"échappées inspirées\"."
        ],
        "fr": [
          "Une boucle entre la vallée de l’Ozon, sauvage et encaissée, le\r\nplateau et les coteaux de saint joseph avec en toile de fond\r\nla vallée du Rhône et les Alpes.A découvrir l'application les \"échappées inspirées\"."
        ],
        "es": [
          "Un bucle entre el valle del Ozon, salvaje y escarpado, la meseta\r\nla meseta y las laderas de Saint Joseph con el valle del Ródano y los Alpes al fondo\r\ndescubra la aplicación \"échappées inspirées\"."
        ],
        "nl": [
          "Een lus tussen de Ozon vallei, wild en steil, het plateau\r\nhet plateau en de hellingen van Saint Joseph met de Rhônevallei en de Alpen op de achtergrond\r\nontdek de applicatie \"échappées inspirées\"."
        ]
      }
    }
  ],
  "hasTheme": [
    {
      "@id": "kb:ATV",
      "@type": [
        "SportsTheme"
      ],
      "rdfs:label": {
        "de": [
          "MTB"
        ],
        "pt": [
          "Bicicleta-todo-o-terreno (BTT)"
        ],
        "en": [
          "Atv"
        ],
        "it": [
          "Mountain bike"
        ],
        "fr": [
          "Vtt"
        ],
        "nl": [
          "Mountainbike"
        ],
        "es": [
          "BTT"
        ]
      }
    },
    {
      "@id": "kb:Bike",
      "@type": [
        "SportsTheme"
      ],
      "rdfs:label": {
        "de": [
          "Fahrrad"
        ],
        "pt": [
          "Bicicleta"
        ],
        "en": [
          "Bike"
        ],
        "it": [
          "Bicicletta"
        ],
        "fr": [
          "Vélo"
        ],
        "nl": [
          "Fiets"
        ],
        "es": [
          "Bicicleta"
        ]
      }
    },
    {
      "@id": "kb:ElectricATV",
      "@type": [
        "SportsTheme"
      ],
      "rdfs:label": {
        "de": [
          "Elektro-Mountainbike"
        ],
        "pt": [
          "Bicicleta-todo-o-terreno (BTT) elétrica"
        ],
        "en": [
          "Electri atv"
        ],
        "it": [
          "Mountain bike elettrica"
        ],
        "fr": [
          "Vtt électrique"
        ],
        "nl": [
          "Elektrische mountainbike"
        ],
        "es": [
          "Bicicleta eléctrica de montaña"
        ]
      }
    }
  ],
  "hasTranslatedProperty": [
    {
      "@id": "https://data.datatourisme.fr/3902cdef-5bea-3b75-a387-8e77ef12958b",
      "dc:contributor": [
        "https://api.deepl.com/v2/translate"
      ],
      "rdf:language": [
        "es"
      ],
      "rdf:predicate": [
        {
          "@id": "rdfs:comment"
        }
      ]
    },
    {
      "@id": "https://data.datatourisme.fr/55db5eab-dafb-3a4e-8237-7df40f40152b",
      "dc:contributor": [
        "https://api.deepl.com/v2/translate"
      ],
      "rdf:language": [
        "nl"
      ],
      "rdf:predicate": [
        {
          "@id": "rdfs:comment"
        }
      ]
    },
    {
      "@id": "https://data.datatourisme.fr/af88a6ba-4c24-390d-b098-dc70a00903c6",
      "dc:contributor": [
        "https://api.deepl.com/v2/translate"
      ],
      "rdf:language": [
        "it"
      ],
      "rdf:predicate": [
        {
          "@id": "rdfs:comment"
        }
      ]
    },
    {
      "@id": "https://data.datatourisme.fr/ed674973-f568-3e56-84d8-7b70ac1c06d0",
      "dc:contributor": [
        "https://api.deepl.com/v2/translate"
      ],
      "rdf:language": [
        "de"
      ],
      "rdf:predicate": [
        {
          "@id": "rdfs:comment"
        }
      ]
    }
  ],
  "isLocatedAt": [
    {
      "@id": "https://data.datatourisme.fr/93d93140-b3dd-3cef-85d2-e8c7a993ce63",
      "schema:address": [
        {
          "@id": "https://data.datatourisme.fr/ea1a4080-0dab-3244-ad91-d709f1bda578",
          "schema:addressLocality": "Arras-sur-Rhône",
          "schema:postalCode": "07370",
          "schema:streetAddress": [
            "Parking devant la mairie"
          ],
          "@type": [
            "schema:PostalAddress",
            "PostalAddress"
          ],
          "hasAddressCity": {
            "@id": "kb:07015",
            "@type": [
              "City"
            ],
            "rdfs:label": {
              "de": [
                "Arras-sur-Rhône"
              ],
              "pt": [
                "Arras-sur-Rhône"
              ],
              "en": [
                "Arras-sur-Rhône"
              ],
              "it": [
                "Arras-sur-Rhône"
              ],
              "fr": [
                "Arras-sur-Rhône"
              ],
              "nl": [
                "Arras-sur-Rhône"
              ],
              "es": [
                "Arras-sur-Rhône"
              ]
            },
            "insee": "07015",
            "isPartOfDepartment": {
              "@id": "kb:France8407",
              "@type": [
                "Department"
              ],
              "rdfs:label": {
                "de": [
                  "Ardèche"
                ],
                "pt": [
                  "Ardèche"
                ],
                "en": [
                  "Ardèche"
                ],
                "it": [
                  "Ardèche"
                ],
                "fr": [
                  "Ardèche"
                ],
                "nl": [
                  "Ardèche"
                ],
                "es": [
                  "Ardèche"
                ]
              },
              "insee": "07",
              "isPartOfRegion": {
                "@id": "kb:France84",
                "@type": [
                  "Region"
                ],
                "rdfs:label": {
                  "de": [
                    "Auvergne-Rhône-Alpes"
                  ],
                  "pt": [
                    "Auvergne-Rhône-Alpes"
                  ],
                  "en": [
                    "Auvergne-Rhône-Alpes"
                  ],
                  "it": [
                    "Auvergne-Rhône-Alpes"
                  ],
                  "fr": [
                    "Auvergne-Rhône-Alpes"
                  ],
                  "nl": [
                    "Auvergne-Rhône-Alpes"
                  ],
                  "es": [
                    "Auvergne-Rhône-Alpes"
                  ]
                },
                "insee": "84",
                "isPartOfCountry": {
                  "@id": "kb:France",
                  "@type": [
                    "schema:Country"
                  ],
                  "rdfs:label": {
                    "de": [
                      "France",
                      "Frankreich"
                    ],
                    "pt": [
                      "França",
                      "France"
                    ],
                    "en": [
                      "France"
                    ],
                    "it": [
                      "France",
                      "Francia"
                    ],
                    "fr": [
                      "France"
                    ],
                    "nl": [
                      "France",
                      "Frankrijk"
                    ],
                    "es": [
                      "France",
                      "Francia"
                    ]
                  }
                }
              }
            }
          }
        }
      ],
      "schema:geo": {
        "@id": "https://data.datatourisme.fr/c0851c57-944d-34cc-abb7-fa2711ee075c",
        "schema:latitude": "45.144061",
        "schema:longitude": "4.808611",
        "@type": [
          "schema:GeoCoordinates"
        ]
      },
      "schema:openingHoursSpecification": [
        {
          "@id": "https://data.datatourisme.fr/f87e535a-636d-3343-ad63-8a03392e7511",
          "schema:validFrom": "2023-01-01T00:00:00",
          "schema:validThrough": "2023-12-31T23:59:59",
          "@type": [
            "schema:OpeningHoursSpecification"
          ]
        }
      ],
      "@type": [
        "schema:Place",
        "Place"
      ]
    }
  ],
  "isOwnedBy": [
    {
      "@id": "https://data.datatourisme.fr/c34130c6-4437-3624-9afb-3511a8692fba",
      "schema:email": [
        "d.sanial@dromardeche.fr",
        "j.bruyere@dromardeche.fr"
      ],
      "schema:legalName": "Office de Tourisme Porte de DrômArdèche",
      "@type": [
        "schema:Organization",
        "foaf:Agent",
        "Agent"
      ],
      "foaf:homepage": [
        "http://www.autour-du-palais-ideal.fr/"
      ]
    }
  ],
  "lastUpdate": "2023-04-28",
  "lastUpdateDatatourisme": "2023-04-29T05:39:58.237Z"
}