{
  "@id": "https://data.datatourisme.fr/13/ad45185d-565a-3f46-aec5-9a71919725cd",
  "dc:identifier": "6653538",
  "@type": [
    "olo:OrderedList",
    "PlaceOfInterest",
    "PointOfInterest",
    "RoadTour",
    "SportsAndLeisurePlace",
    "Tour"
  ],
  "rdfs:comment": {
    "de": [
      "Vom Süden des Tanargue bis zu den Seen des Naturparks Monts d'Ardèche ist dies der ideale Rundweg, um die geheime Ardèche zu durchqueren!"
    ],
    "en": [
      "From the southern Tanargue to the Monts d'Ardèche Natural Park, this is the ideal loop for exploring the secret Ardèche!"
    ],
    "it": [
      "Dal sud della Tanargue alle pendici del Parco Naturale dei Monts d'Ardèche, questo è il modo ideale per esplorare l'Ardèche segreta!"
    ],
    "fr": [
      "Du sud du Tanargue aux sucs du Parc naturel des Monts d’Ardèche, c’est la boucle idéale pour parcourir l’Ardèche secrète !"
    ],
    "nl": [
      "Van het zuiden van de Tanargue tot de hellingen van het natuurpark Monts d'Ardèche, dit is de ideale manier om de geheime Ardèche te verkennen!"
    ],
    "es": [
      "Desde el sur de la Tanargue hasta las laderas del Parque Natural de los Montes de Ardèche, ¡esta es la forma ideal de explorar la Ardèche secreta!"
    ]
  },
  "rdfs:label": {
    "en": [
      "\"Sucs et Tanargue\" motorcycle tour"
    ],
    "fr": [
      "Circuit moto \"Sucs et Tanargue\""
    ]
  },
  "hasBeenCreatedBy": {
    "@id": "https://data.datatourisme.fr/13/26657d5f-f902-3d2a-befe-558796b99584",
    "dc:identifier": "96",
    "schema:email": [
      "ncharra@ardeche-guide.com"
    ],
    "schema:legalName": "Agence de Développement Touristique de l'Ardèche",
    "@type": [
      "schema:Organization",
      "foaf:Agent",
      "Agent"
    ],
    "foaf:homepage": [
      "https://www.ardeche-guide.com/"
    ]
  },
  "hasBeenPublishedBy": [
    {
      "@id": "https://data.datatourisme.fr/dbca899d-3f22-364b-b99d-40af1e917c58",
      "schema:legalName": "Agence de Développement Touristique de l'Ardèche - source : Apidae Tourisme",
      "@type": [
        "schema:Organization",
        "foaf:Agent",
        "Agent"
      ],
      "foaf:homepage": [
        "https://www.apidae-tourisme.com/"
      ]
    }
  ],
  "hasContact": [
    {
      "@id": "https://data.datatourisme.fr/0f3f1f83-cd1a-397e-aca3-087a8f2324f7",
      "schema:telephone": [
        "+33 4 75 64 04 66"
      ],
      "@type": [
        "foaf:Agent",
        "Agent"
      ],
      "foaf:homepage": [
        "https://www.ardeche-guide.com/"
      ]
    }
  ],
  "hasDescription": [
    {
      "@id": "https://data.datatourisme.fr/aacac694-7c65-35e3-b4a9-8d4f4f0c09d6",
      "@type": [
        "Description"
      ],
      "hasTranslatedProperty": [
        {
          "@id": "https://data.datatourisme.fr/5a09ce9b-085e-3aa1-adfe-17369e2c40fc",
          "dc:contributor": [
            "https://api.deepl.com/v2/translate"
          ],
          "rdf:language": [
            "es"
          ],
          "rdf:predicate": [
            "shortDescription"
          ]
        },
        {
          "@id": "https://data.datatourisme.fr/888bf642-d7ae-353e-b005-65133ac2010f",
          "dc:contributor": [
            "https://api.deepl.com/v2/translate"
          ],
          "rdf:language": [
            "de"
          ],
          "rdf:predicate": [
            "shortDescription"
          ]
        },
        {
          "@id": "https://data.datatourisme.fr/c34a68d7-e98d-36cb-a626-fabcd0c08430",
          "dc:contributor": [
            "https://api.deepl.com/v2/translate"
          ],
          "rdf:language": [
            "nl"
          ],
          "rdf:predicate": [
            "shortDescription"
          ]
        },
        {
          "@id": "https://data.datatourisme.fr/f583ae70-6dac-3ca8-88cd-02aea5486be3",
          "dc:contributor": [
            "https://api.deepl.com/v2/translate"
          ],
          "rdf:language": [
            "it"
          ],
          "rdf:predicate": [
            "shortDescription"
          ]
        }
      ],
      "shortDescription": {
        "de": [
          "Vom Süden des Tanargue bis zu den Seen des Naturparks Monts d'Ardèche ist dies der ideale Rundweg, um die geheime Ardèche zu durchqueren!"
        ],
        "en": [
          "From the southern Tanargue to the Monts d'Ardèche Natural Park, this is the ideal loop for exploring the secret Ardèche!"
        ],
        "it": [
          "Dal sud della Tanargue alle pendici del Parco Naturale dei Monts d'Ardèche, questo è il modo ideale per esplorare l'Ardèche segreta!"
        ],
        "fr": [
          "Du sud du Tanargue aux sucs du Parc naturel des Monts d’Ardèche, c’est la boucle idéale pour parcourir l’Ardèche secrète !"
        ],
        "nl": [
          "Van het zuiden van de Tanargue tot de hellingen van het natuurpark Monts d'Ardèche, dit is de ideale manier om de geheime Ardèche te verkennen!"
        ],
        "es": [
          "Desde el sur de la Tanargue hasta las laderas del Parque Natural de los Montes de Ardèche, ¡esta es la forma ideal de explorar la Ardèche secreta!"
        ]
      }
    }
  ],
  "hasTranslatedProperty": [
    {
      "@id": "https://data.datatourisme.fr/003d3b21-3d98-3724-b859-3937885bed1f",
      "dc:contributor": [
        "https://api.deepl.com/v2/translate"
      ],
      "rdf:language": [
        "es"
      ],
      "rdf:predicate": [
        {
          "@id": "rdfs:comment"
        }
      ]
    },
    {
      "@id": "https://data.datatourisme.fr/8f584b01-2e3e-39fc-bdd3-b885e95e38ed",
      "dc:contributor": [
        "https://api.deepl.com/v2/translate"
      ],
      "rdf:language": [
        "nl"
      ],
      "rdf:predicate": [
        {
          "@id": "rdfs:comment"
        }
      ]
    },
    {
      "@id": "https://data.datatourisme.fr/b90068d1-1ff5-302d-a4f9-25fdcef4e3a2",
      "dc:contributor": [
        "https://api.deepl.com/v2/translate"
      ],
      "rdf:language": [
        "de"
      ],
      "rdf:predicate": [
        {
          "@id": "rdfs:comment"
        }
      ]
    },
    {
      "@id": "https://data.datatourisme.fr/e95e4332-87f4-3650-93ff-bef3f6ae8145",
      "dc:contributor": [
        "https://api.deepl.com/v2/translate"
      ],
      "rdf:language": [
        "it"
      ],
      "rdf:predicate": [
        {
          "@id": "rdfs:comment"
        }
      ]
    }
  ],
  "isLocatedAt": [
    {
      "@id": "https://data.datatourisme.fr/84fdb08d-4014-39e0-8b91-09a554b74170",
      "schema:address": [
        {
          "@id": "https://data.datatourisme.fr/9e1a00ba-d5d1-3a38-a326-7fcb52b435ef",
          "schema:addressLocality": "Largentière",
          "schema:postalCode": "07110",
          "@type": [
            "schema:PostalAddress",
            "PostalAddress"
          ],
          "hasAddressCity": {
            "@id": "kb:07132",
            "@type": [
              "City"
            ],
            "rdfs:label": {
              "de": [
                "Largentière"
              ],
              "pt": [
                "Largentière"
              ],
              "en": [
                "Largentière"
              ],
              "it": [
                "Largentière"
              ],
              "fr": [
                "Largentière"
              ],
              "nl": [
                "Largentière"
              ],
              "es": [
                "Largentière"
              ]
            },
            "insee": "07132",
            "isPartOfDepartment": {
              "@id": "kb:France8407",
              "@type": [
                "Department"
              ],
              "rdfs:label": {
                "de": [
                  "Ardèche"
                ],
                "pt": [
                  "Ardèche"
                ],
                "en": [
                  "Ardèche"
                ],
                "it": [
                  "Ardèche"
                ],
                "fr": [
                  "Ardèche"
                ],
                "nl": [
                  "Ardèche"
                ],
                "es": [
                  "Ardèche"
                ]
              },
              "insee": "07",
              "isPartOfRegion": {
                "@id": "kb:France84",
                "@type": [
                  "Region"
                ],
                "rdfs:label": {
                  "de": [
                    "Auvergne-Rhône-Alpes"
                  ],
                  "pt": [
                    "Auvergne-Rhône-Alpes"
                  ],
                  "en": [
                    "Auvergne-Rhône-Alpes"
                  ],
                  "it": [
                    "Auvergne-Rhône-Alpes"
                  ],
                  "fr": [
                    "Auvergne-Rhône-Alpes"
                  ],
                  "nl": [
                    "Auvergne-Rhône-Alpes"
                  ],
                  "es": [
                    "Auvergne-Rhône-Alpes"
                  ]
                },
                "insee": "84",
                "isPartOfCountry": {
                  "@id": "kb:France",
                  "@type": [
                    "schema:Country"
                  ],
                  "rdfs:label": {
                    "de": [
                      "France",
                      "Frankreich"
                    ],
                    "pt": [
                      "França",
                      "France"
                    ],
                    "en": [
                      "France"
                    ],
                    "it": [
                      "France",
                      "Francia"
                    ],
                    "fr": [
                      "France"
                    ],
                    "nl": [
                      "France",
                      "Frankrijk"
                    ],
                    "es": [
                      "France",
                      "Francia"
                    ]
                  }
                }
              }
            }
          }
        }
      ],
      "schema:geo": {
        "@id": "https://data.datatourisme.fr/64775b32-180e-3a0b-9bac-596f0a6b99ca",
        "schema:latitude": "44.480966",
        "schema:longitude": "4.69167",
        "@type": [
          "schema:GeoCoordinates"
        ]
      },
      "schema:openingHoursSpecification": [
        {
          "@id": "https://data.datatourisme.fr/f87e535a-636d-3343-ad63-8a03392e7511",
          "schema:validFrom": "2023-01-01T00:00:00",
          "schema:validThrough": "2023-12-31T23:59:59",
          "@type": [
            "schema:OpeningHoursSpecification"
          ]
        }
      ],
      "@type": [
        "schema:Place",
        "Place"
      ]
    }
  ],
  "isOwnedBy": [
    {
      "@id": "https://data.datatourisme.fr/6ef576cd-2c5c-33d6-b250-09b105230dfc",
      "schema:email": [
        "ncharra@ardeche-guide.com"
      ],
      "schema:legalName": "Agence de Développement Touristique de l'Ardèche",
      "@type": [
        "schema:Organization",
        "foaf:Agent",
        "Agent"
      ],
      "foaf:homepage": [
        "https://www.ardeche-guide.com/"
      ]
    }
  ],
  "lastUpdate": "2023-09-05",
  "lastUpdateDatatourisme": "2023-09-06T05:48:28.013Z"
}