{
  "@id": "https://data.datatourisme.fr/47/86298b23-ac5d-3ab8-8a3b-c94c2c688390",
  "dc:identifier": "PNARHA0070000067",
  "@type": [
    "schema:Landform",
    "NaturalHeritage",
    "PlaceOfInterest",
    "PointOfInterest"
  ],
  "rdfs:comment": {
    "en": [
      "Gathered in this unique site in Europe: a cave, a museum of the underground world (free access) and a zoo: \"the forest of dinos!\" Tickets alone or coupled for a rich day: a journey through time and a descent into the heart of the earth."
    ],
    "fr": [
      "Sont rassemblés en ce site unique en Europe : une grotte, un musée du monde souterrain (accès libre) et un zoo : \"la forêt des dinos !\"Billets seuls ou couplés pour une journée riche : un voyage dans le temps et une descente au cœur de la terre."
    ]
  },
  "rdfs:label": {
    "fr": [
      "Aven Marzal"
    ]
  },
  "owl:sameAs": [
    "http://www.wikidata.org/entity/Q38298726"
  ],
  "availableLanguage": [
    "en",
    "fr"
  ],
  "creationDate": "2022-05-20",
  "hasBeenCreatedBy": {
    "@id": "https://data.datatourisme.fr/4ab291f3-1c3e-38db-b462-38e48aa51d3b",
    "schema:legalName": "TOURISME GARD RHODANIEN",
    "@type": [
      "schema:Organization",
      "foaf:Agent",
      "Agent"
    ]
  },
  "hasBeenPublishedBy": [
    {
      "@id": "https://data.datatourisme.fr/e900ea22-f191-39f5-84c7-0f5355f1b3bf",
      "schema:address": [
        {
          "@id": "https://data.datatourisme.fr/1d2de731-15a4-3a06-9ac5-25caed1ceecc",
          "schema:addressLocality": "Nîmes",
          "schema:postOfficeBoxNumber": "122",
          "schema:postalCode": "30010",
          "schema:streetAddress": [
            "11 place du 8 mai"
          ],
          "@type": [
            "schema:PostalAddress",
            "PostalAddress"
          ],
          "cedex": "4",
          "hasAddressCity": {
            "@id": "kb:30189",
            "@type": [
              "City"
            ],
            "rdfs:label": {
              "de": [
                "Nîmes"
              ],
              "pt": [
                "Nîmes"
              ],
              "en": [
                "Nîmes"
              ],
              "it": [
                "Nîmes"
              ],
              "fr": [
                "Nîmes"
              ],
              "nl": [
                "Nîmes"
              ],
              "es": [
                "Nîmes"
              ]
            },
            "insee": "30189",
            "isPartOfDepartment": {
              "@id": "kb:France7630",
              "@type": [
                "Department"
              ],
              "rdfs:label": {
                "de": [
                  "Gard"
                ],
                "pt": [
                  "Gard"
                ],
                "en": [
                  "Gard"
                ],
                "it": [
                  "Gard"
                ],
                "fr": [
                  "Gard"
                ],
                "nl": [
                  "Gard"
                ],
                "es": [
                  "Gard"
                ]
              },
              "insee": "30",
              "isPartOfRegion": {
                "@id": "kb:France76",
                "@type": [
                  "Region"
                ],
                "rdfs:label": {
                  "de": [
                    "Occitanie"
                  ],
                  "pt": [
                    "Occitanie"
                  ],
                  "en": [
                    "Occitanie"
                  ],
                  "it": [
                    "Occitanie"
                  ],
                  "fr": [
                    "Occitanie"
                  ],
                  "nl": [
                    "Occitanie"
                  ],
                  "es": [
                    "Occitanie"
                  ]
                },
                "insee": "76",
                "isPartOfCountry": {
                  "@id": "kb:France",
                  "@type": [
                    "schema:Country"
                  ],
                  "rdfs:label": {
                    "de": [
                      "France",
                      "Frankreich"
                    ],
                    "pt": [
                      "França",
                      "France"
                    ],
                    "en": [
                      "France"
                    ],
                    "it": [
                      "France",
                      "Francia"
                    ],
                    "fr": [
                      "France"
                    ],
                    "nl": [
                      "France",
                      "Frankrijk"
                    ],
                    "es": [
                      "France",
                      "Francia"
                    ]
                  }
                }
              }
            }
          }
        }
      ],
      "schema:email": [
        "contact@tourismegard.com"
      ],
      "schema:legalName": "Gard Tourisme",
      "schema:logo": "https://www.tourismegard.com/Portals/2/Market-place/Le portail des pros du tourisme du Gard_fichiers/logo-Gard-Tourisme.jpg",
      "schema:telephone": [
        "+33 4 66 36 96 30"
      ],
      "@type": [
        "schema:Organization",
        "foaf:Agent",
        "foaf:Organization",
        "Agent",
        "Organisation"
      ],
      "rdfs:comment": {
        "de": [
          "Gard Tourismus"
        ],
        "en": [
          "Gard Tourism"
        ],
        "it": [
          "Gard Turismo"
        ],
        "fr": [
          "Gard Tourisme"
        ],
        "es": [
          "Turismo de Gard"
        ],
        "nl": [
          "Gard Toerisme"
        ]
      },
      "foaf:homepage": [
        "https://www.tourismegard.com/"
      ],
      "apeNaf": "7990Z",
      "hasTranslatedProperty": [
        {
          "@id": "https://data.datatourisme.fr/6e2e57cb-dba1-37c3-8000-0795f52d1c28",
          "dc:contributor": [
            "https://api.deepl.com/v2/translate"
          ],
          "rdf:language": [
            "it"
          ],
          "rdf:predicate": [
            {
              "@id": "rdfs:comment"
            }
          ]
        },
        {
          "@id": "https://data.datatourisme.fr/756d0049-954d-384c-8d4a-6357b6d226b7",
          "dc:contributor": [
            "https://api.deepl.com/v2/translate"
          ],
          "rdf:language": [
            "es"
          ],
          "rdf:predicate": [
            {
              "@id": "rdfs:comment"
            }
          ]
        },
        {
          "@id": "https://data.datatourisme.fr/9b2fcd16-220a-3ecf-b96a-e6efc8d223a1",
          "dc:contributor": [
            "https://api.deepl.com/v2/translate"
          ],
          "rdf:language": [
            "nl"
          ],
          "rdf:predicate": [
            {
              "@id": "rdfs:comment"
            }
          ]
        },
        {
          "@id": "https://data.datatourisme.fr/c0fecbf7-3206-3319-8afe-379170f142db",
          "dc:contributor": [
            "https://api.deepl.com/v2/translate"
          ],
          "rdf:language": [
            "en"
          ],
          "rdf:predicate": [
            {
              "@id": "rdfs:comment"
            }
          ]
        },
        {
          "@id": "https://data.datatourisme.fr/c96fa991-8ce9-3d45-a221-150b48979e66",
          "dc:contributor": [
            "https://api.deepl.com/v2/translate"
          ],
          "rdf:language": [
            "de"
          ],
          "rdf:predicate": [
            {
              "@id": "rdfs:comment"
            }
          ]
        }
      ],
      "siret": "30427598500030"
    }
  ],
  "hasContact": [
    {
      "@id": "https://data.datatourisme.fr/08369dc4-2a88-3911-af6b-291b4f5ab7ad",
      "schema:address": [
        {
          "@id": "https://data.datatourisme.fr/9ec1cafc-6d45-32f9-b939-3e790716a98c",
          "schema:postalCode": "07700",
          "@type": [
            "schema:PostalAddress"
          ]
        }
      ],
      "schema:email": [
        "contact@aven-marzal.com"
      ],
      "schema:telephone": [
        "+33 4 75 04 12 45"
      ],
      "@type": [
        "foaf:Agent",
        "Agent"
      ],
      "foaf:homepage": [
        "http://www.aven-marzal.com/"
      ]
    }
  ],
  "hasDescription": [
    {
      "@id": "https://data.datatourisme.fr/619e8602-2e18-34f9-b2d8-32884a92fcba",
      "dc:description": {
        "en": [
          "This site, unique in Europe, includes a cave, a museum of the underground world (free access) and a zoo: \"the forest of dinos!\nTickets alone or coupled for a rich day: a journey through time and a descent into the heart of the earth."
        ],
        "fr": [
          "Sont rassemblés en ce site unique en Europe : une grotte, un musée du monde souterrain (accès libre) et un zoo : \"la forêt des dinos !\"\nBillets seuls ou couplés pour une journée riche : un voyage dans le temps et une descente au cœur de la terre."
        ]
      },
      "@type": [
        "Description"
      ],
      "hasTranslatedProperty": [
        {
          "@id": "https://data.datatourisme.fr/301307a5-50a5-3afe-905d-f9767109f770",
          "dc:contributor": [
            "https://api.deepl.com/v2/translate"
          ],
          "rdf:language": [
            "en"
          ],
          "rdf:predicate": [
            {
              "@id": "dc:description"
            }
          ]
        },
        {
          "@id": "https://data.datatourisme.fr/8f614277-8673-32f7-b8f3-3d09f9cfe635",
          "dc:contributor": [
            "https://api.deepl.com/v2/translate"
          ],
          "rdf:language": [
            "en"
          ],
          "rdf:predicate": [
            "shortDescription"
          ]
        }
      ],
      "shortDescription": {
        "en": [
          "Gathered in this unique site in Europe: a cave, a museum of the underground world (free access) and a zoo: \"the forest of dinos!\" Tickets alone or coupled for a rich day: a journey through time and a descent into the heart of the earth."
        ],
        "fr": [
          "Sont rassemblés en ce site unique en Europe : une grotte, un musée du monde souterrain (accès libre) et un zoo : \"la forêt des dinos !\"Billets seuls ou couplés pour une journée riche : un voyage dans le temps et une descente au cœur de la terre."
        ]
      }
    }
  ],
  "hasFeature": [
    {
      "@id": "https://data.datatourisme.fr/27437e3b-5e0b-395d-a123-19229c88a996",
      "@type": [
        "schema:PropertyValue",
        "FeatureSpecification"
      ],
      "charged": true,
      "internetAccess": false
    }
  ],
  "hasMainRepresentation": [
    {
      "@id": "https://data.datatourisme.fr/4e1aac90-51f1-3fda-a738-14848be3c960",
      "ebucore:hasAnnotation": [
        {
          "@id": "https://data.datatourisme.fr/cf19368c-d9ae-338d-b686-8e9074ce588a",
          "ebucore:isCoveredBy": "Droits libres",
          "ebucore:title": {
            "fr": [
              "Aven Marzal"
            ]
          },
          "@type": [
            "ebucore:Annotation"
          ],
          "credits": [
            "Droits libres"
          ]
        }
      ],
      "ebucore:hasRelatedResource": [
        {
          "@id": "https://data.datatourisme.fr/1fd53e99-a7e3-36a7-ac1d-87d735f8a188",
          "ebucore:locator": [
            "http://cnstlltn.com/1024x768/028843d6-290f-4c31-a2b5-f123efd06414/img_5793.jpg"
          ],
          "@type": [
            "ebucore:Resource"
          ]
        }
      ],
      "@type": [
        "ebucore:EditorialObject"
      ]
    }
  ],
  "hasRepresentation": [
    {
      "@id": "https://data.datatourisme.fr/11437d36-cf9d-3422-9b2a-a95288b3ff00",
      "ebucore:hasAnnotation": [
        {
          "@id": "https://data.datatourisme.fr/02bedb42-8ee2-31ad-b576-515220e320a9",
          "ebucore:isCoveredBy": "Droits libres",
          "ebucore:title": {
            "fr": [
              "Aven Marzal"
            ]
          },
          "@type": [
            "ebucore:Annotation"
          ]
        }
      ],
      "ebucore:hasRelatedResource": [
        {
          "@id": "https://data.datatourisme.fr/1fd53e99-a7e3-36a7-ac1d-87d735f8a188",
          "ebucore:locator": [
            "http://cnstlltn.com/1024x768/028843d6-290f-4c31-a2b5-f123efd06414/img_5793.jpg"
          ],
          "@type": [
            "ebucore:Resource"
          ]
        }
      ],
      "@type": [
        "ebucore:EditorialObject"
      ]
    },
    {
      "@id": "https://data.datatourisme.fr/344b34da-a437-3f82-903e-b58beaa509f1",
      "ebucore:hasAnnotation": [
        {
          "@id": "https://data.datatourisme.fr/02bedb42-8ee2-31ad-b576-515220e320a9",
          "ebucore:isCoveredBy": "Droits libres",
          "ebucore:title": {
            "fr": [
              "Aven Marzal"
            ]
          },
          "@type": [
            "ebucore:Annotation"
          ]
        }
      ],
      "ebucore:hasRelatedResource": [
        {
          "@id": "https://data.datatourisme.fr/13e844b5-ad98-3c9e-9299-88adca2df72f",
          "ebucore:locator": [
            "http://cnstlltn.com/1024x768/75dca52c-468e-4cdf-87a3-6881cb18430f/img_5811.jpg"
          ],
          "@type": [
            "ebucore:Resource"
          ]
        }
      ],
      "@type": [
        "ebucore:EditorialObject"
      ]
    },
    {
      "@id": "https://data.datatourisme.fr/3d81379d-afca-3b20-8279-911310172c6a",
      "ebucore:hasAnnotation": [
        {
          "@id": "https://data.datatourisme.fr/57fc7dfc-4a78-337f-aafb-222e80a155b9",
          "ebucore:isCoveredBy": "CC BY-SA 4.0",
          "ebucore:title": {
            "fr": [
              "Saint-Remèze - Aven-Marzal-01"
            ]
          },
          "@type": [
            "ebucore:Annotation"
          ],
          "credits": [
            "Wayne77 (https://commons.wikimedia.org/wiki/User:Wayne77)"
          ]
        }
      ],
      "ebucore:hasRelatedResource": [
        {
          "@id": "https://data.datatourisme.fr/17926685-7e02-368d-b9e1-6b9db77a616c",
          "ebucore:fileSize": [
            3054925
          ],
          "ebucore:hasMimeType": [
            {
              "@id": "kb:JPEG",
              "@type": [
                "ebucore:MimeType"
              ],
              "rdfs:comment": {
                "de": [
                  "JPEG-Bild"
                ],
                "pt": [
                  "Imagem JPEG"
                ],
                "en": [
                  "JPEG image file"
                ],
                "it": [
                  "Immagine JPEG"
                ],
                "fr": [
                  "Image JPEG"
                ],
                "nl": [
                  "JPEG-afbeelding"
                ],
                "es": [
                  "Imagen JPEG"
                ]
              },
              "rdfs:label": {
                "de": [
                  "image/jpeg"
                ],
                "pt": [
                  "image/jpeg"
                ],
                "en": [
                  "image/jpeg"
                ],
                "it": [
                  "image/jpeg"
                ],
                "fr": [
                  "image/jpeg"
                ],
                "nl": [
                  "image/jpeg"
                ],
                "es": [
                  "image/jpeg"
                ]
              }
            }
          ],
          "ebucore:height": 3672,
          "ebucore:locator": [
            "https://upload.wikimedia.org/wikipedia/commons/e/ef/Saint-Rem%C3%A8ze_-_Aven-Marzal-01.jpg"
          ],
          "ebucore:width": 4896,
          "@type": [
            "ebucore:Resource"
          ]
        }
      ],
      "@type": [
        "ebucore:EditorialObject"
      ]
    },
    {
      "@id": "https://data.datatourisme.fr/4e1aac90-51f1-3fda-a738-14848be3c960",
      "ebucore:hasAnnotation": [
        {
          "@id": "https://data.datatourisme.fr/cf19368c-d9ae-338d-b686-8e9074ce588a",
          "ebucore:isCoveredBy": "Droits libres",
          "ebucore:title": {
            "fr": [
              "Aven Marzal"
            ]
          },
          "@type": [
            "ebucore:Annotation"
          ],
          "credits": [
            "Droits libres"
          ]
        }
      ],
      "ebucore:hasRelatedResource": [
        {
          "@id": "https://data.datatourisme.fr/1fd53e99-a7e3-36a7-ac1d-87d735f8a188",
          "ebucore:locator": [
            "http://cnstlltn.com/1024x768/028843d6-290f-4c31-a2b5-f123efd06414/img_5793.jpg"
          ],
          "@type": [
            "ebucore:Resource"
          ]
        }
      ],
      "@type": [
        "ebucore:EditorialObject"
      ]
    },
    {
      "@id": "https://data.datatourisme.fr/b9422a7e-28c2-3212-b5bb-c6baf1d8e960",
      "ebucore:hasAnnotation": [
        {
          "@id": "https://data.datatourisme.fr/02bedb42-8ee2-31ad-b576-515220e320a9",
          "ebucore:isCoveredBy": "Droits libres",
          "ebucore:title": {
            "fr": [
              "Aven Marzal"
            ]
          },
          "@type": [
            "ebucore:Annotation"
          ]
        }
      ],
      "ebucore:hasRelatedResource": [
        {
          "@id": "https://data.datatourisme.fr/d0241a66-bffb-33da-affe-f29443e5b09e",
          "ebucore:locator": [
            "http://cnstlltn.com/1024x768/d1d11352-2735-4d3c-8561-4bf8e4737455/p1040305.jpg"
          ],
          "@type": [
            "ebucore:Resource"
          ]
        }
      ],
      "@type": [
        "ebucore:EditorialObject"
      ]
    }
  ],
  "hasTranslatedProperty": [
    {
      "@id": "https://data.datatourisme.fr/e3f98e03-a83b-3604-a762-8c8959cadba7",
      "dc:contributor": [
        "https://api.deepl.com/v2/translate"
      ],
      "rdf:language": [
        "en"
      ],
      "rdf:predicate": [
        {
          "@id": "rdfs:comment"
        }
      ]
    }
  ],
  "isLocatedAt": [
    {
      "@id": "https://data.datatourisme.fr/4bf60c8b-f62f-378f-ac4d-27239dc3e113",
      "schema:address": [
        {
          "@id": "https://data.datatourisme.fr/db89a078-dc06-3982-af80-ea5b06a399c0",
          "schema:addressLocality": "Saint-Remèze",
          "schema:postalCode": "07700",
          "schema:streetAddress": [
            "Aven Marzal",
            "Route des Gorges"
          ],
          "@type": [
            "schema:PostalAddress",
            "PostalAddress"
          ],
          "hasAddressCity": {
            "@id": "kb:07291",
            "@type": [
              "City"
            ],
            "rdfs:label": {
              "de": [
                "Saint-Remèze"
              ],
              "pt": [
                "Saint-Remèze"
              ],
              "en": [
                "Saint-Remèze"
              ],
              "it": [
                "Saint-Remèze"
              ],
              "fr": [
                "Saint-Remèze"
              ],
              "nl": [
                "Saint-Remèze"
              ],
              "es": [
                "Saint-Remèze"
              ]
            },
            "insee": "07291",
            "isPartOfDepartment": {
              "@id": "kb:France8407",
              "@type": [
                "Department"
              ],
              "rdfs:label": {
                "de": [
                  "Ardèche"
                ],
                "pt": [
                  "Ardèche"
                ],
                "en": [
                  "Ardèche"
                ],
                "it": [
                  "Ardèche"
                ],
                "fr": [
                  "Ardèche"
                ],
                "nl": [
                  "Ardèche"
                ],
                "es": [
                  "Ardèche"
                ]
              },
              "insee": "07",
              "isPartOfRegion": {
                "@id": "kb:France84",
                "@type": [
                  "Region"
                ],
                "rdfs:label": {
                  "de": [
                    "Auvergne-Rhône-Alpes"
                  ],
                  "pt": [
                    "Auvergne-Rhône-Alpes"
                  ],
                  "en": [
                    "Auvergne-Rhône-Alpes"
                  ],
                  "it": [
                    "Auvergne-Rhône-Alpes"
                  ],
                  "fr": [
                    "Auvergne-Rhône-Alpes"
                  ],
                  "nl": [
                    "Auvergne-Rhône-Alpes"
                  ],
                  "es": [
                    "Auvergne-Rhône-Alpes"
                  ]
                },
                "insee": "84",
                "isPartOfCountry": {
                  "@id": "kb:France",
                  "@type": [
                    "schema:Country"
                  ],
                  "rdfs:label": {
                    "de": [
                      "France",
                      "Frankreich"
                    ],
                    "pt": [
                      "França",
                      "France"
                    ],
                    "en": [
                      "France"
                    ],
                    "it": [
                      "France",
                      "Francia"
                    ],
                    "fr": [
                      "France"
                    ],
                    "nl": [
                      "France",
                      "Frankrijk"
                    ],
                    "es": [
                      "France",
                      "Francia"
                    ]
                  }
                }
              }
            }
          }
        }
      ],
      "schema:geo": {
        "@id": "https://data.datatourisme.fr/5baba343-524e-35fa-8bfd-f7aadda35d86",
        "schema:elevation": "0",
        "schema:latitude": "44.36997",
        "schema:longitude": "4.510896",
        "@type": [
          "schema:GeoCoordinates"
        ]
      },
      "schema:openingHoursSpecification": [
        {
          "@id": "https://data.datatourisme.fr/56433507-59f4-3518-971b-8603cd7aab58",
          "schema:validFrom": "2020-03-24T00:00:00",
          "schema:validThrough": "2020-11-01T00:00:00",
          "@type": [
            "schema:OpeningHoursSpecification"
          ]
        }
      ],
      "@type": [
        "schema:Place",
        "Place"
      ],
      "airConditioning": false,
      "altInsee": [
        "07291"
      ],
      "internetAccess": false,
      "noSmoking": false,
      "petsAllowed": true
    }
  ],
  "isOwnedBy": [
    {
      "@id": "https://data.datatourisme.fr/698dd9ea-089d-3ea0-8a1b-b63faf2c39d6",
      "schema:legalName": "Gard Tourisme",
      "@type": [
        "schema:Organization",
        "foaf:Agent",
        "Agent"
      ]
    }
  ],
  "lastUpdate": "2022-05-20",
  "lastUpdateDatatourisme": "2022-06-13T20:14:38.223Z",
  "offers": [
    {
      "@id": "https://data.datatourisme.fr/ab420062-e426-3dd4-aee9-41fda96b62ce",
      "schema:acceptedPaymentMethod": [
        {
          "@id": "kb:HolidayVouchers",
          "@type": [
            "schema:PaymentMethod"
          ],
          "rdfs:label": {
            "de": [
              "Urlaubsschecks"
            ],
            "pt": [
              "Vales de férias"
            ],
            "en": [
              "Holiday vouchers"
            ],
            "it": [
              "Buoni vacanza"
            ],
            "fr": [
              "Chèques vacances"
            ],
            "nl": [
              "Vakantiecheques"
            ],
            "es": [
              "Cheques de vacaciones"
            ]
          }
        }
      ],
      "schema:priceSpecification": [
        {
          "@id": "https://data.datatourisme.fr/beec8a46-226e-35f7-bc18-b4f1852154f5",
          "schema:price": "15.5",
          "@type": [
            "schema:PriceSpecification"
          ]
        }
      ],
      "@type": [
        "schema:Offer",
        "Offer"
      ]
    }
  ],
  "reducedMobilityAccess": false
}