{
  "@id": "https://data.datatourisme.fr/13/f995da0b-b4ed-36c9-8b12-08d9a929c929",
  "dc:identifier": "5167925",
  "@type": [
    "schema:LocalBusiness",
    "schema:Museum",
    "CulturalSite",
    "Museum",
    "PlaceOfInterest",
    "PointOfInterest"
  ],
  "rdfs:comment": {
    "de": [
      "Die Galerie Mathgoth liegt im Viertel der BnF, in dem urbane Kulturen einen wichtigen Platz einnehmen, und unterstützt Street Artists, die sich dazu entschließen, ihre Kunst in der Stadt der Lichter zu entfalten."
    ],
    "en": [
      "Nestled in the BnF district, where urban cultures play a key role, Galerie Mathgoth supports street artists who decide to deploy their art in the City of Light."
    ],
    "it": [
      "Nascosta nel quartiere BnF, dove le culture urbane giocano un ruolo fondamentale, la Galerie Mathgoth sostiene gli artisti di strada che decidono di esporre la propria arte nella Città della Luce."
    ],
    "fr": [
      "Nichée dans le quartier de la BnF, où les cultures urbaines occupent une place prépondérante, la Galerie Mathgoth soutient les street artistes qui décident de déployer leur art dans la ville lumière."
    ],
    "nl": [
      "Verscholen in de wijk BnF, waar stedelijke culturen een grote rol spelen, ondersteunt Galerie Mathgoth straatkunstenaars die besluiten hun kunst in de Lichtstad tentoon te stellen."
    ],
    "es": [
      "Escondida en el barrio de BnF, donde las culturas urbanas desempeñan un papel primordial, la Galerie Mathgoth apoya a los artistas callejeros que deciden exponer su arte en la Ciudad de la Luz."
    ]
  },
  "rdfs:label": {
    "en": [
      "Mathgoth Gallery"
    ],
    "fr": [
      "Galerie Mathgoth"
    ]
  },
  "owl:sameAs": [
    "http://www.wikidata.org/entity/Q111209139"
  ],
  "hasBeenCreatedBy": {
    "@id": "https://data.datatourisme.fr/13/03e0704b-5690-32de-a186-1dc3ad3316c9",
    "dc:identifier": "1019",
    "schema:email": [
      "bgeigle@visitparisregion.com",
      "hcaldo@visitparisregion.com",
      "mtanaskovic@visitparisregion.com"
    ],
    "schema:legalName": "Choose Paris Region",
    "@type": [
      "schema:Organization",
      "foaf:Agent",
      "Agent"
    ],
    "foaf:homepage": [
      "http://www.visitparisregion.com/"
    ]
  },
  "hasBeenPublishedBy": [
    {
      "@id": "https://data.datatourisme.fr/8a9feb4b-2cbd-3d2c-b507-bd6c6776b23b",
      "schema:legalName": "Apidae Tourisme Scic SA - source : Apidae Tourisme",
      "@type": [
        "schema:Organization",
        "foaf:Agent",
        "Agent"
      ],
      "foaf:homepage": [
        "https://www.apidae-tourisme.com/"
      ]
    }
  ],
  "hasContact": [
    {
      "@id": "https://data.datatourisme.fr/d63038e3-20f1-3f46-88da-11162c00f16a",
      "schema:email": [
        "galerie@mathgoth.com"
      ],
      "schema:telephone": [
        "+33 6 63 01 41 50"
      ],
      "@type": [
        "foaf:Agent",
        "Agent"
      ],
      "foaf:homepage": [
        "https://www.mathgoth.com/"
      ]
    }
  ],
  "hasDescription": [
    {
      "@id": "https://data.datatourisme.fr/bd9ee87a-71a1-3a30-86f5-1289703098ba",
      "@type": [
        "Description"
      ],
      "hasTranslatedProperty": [
        {
          "@id": "https://data.datatourisme.fr/275875b8-23c4-3bf5-8a4e-0fd5b097c330",
          "dc:contributor": [
            "https://api.deepl.com/v2/translate"
          ],
          "rdf:language": [
            "es"
          ],
          "rdf:predicate": [
            "shortDescription"
          ]
        },
        {
          "@id": "https://data.datatourisme.fr/50c15a4f-feac-3288-a9a5-71a85710800f",
          "dc:contributor": [
            "https://api.deepl.com/v2/translate"
          ],
          "rdf:language": [
            "en"
          ],
          "rdf:predicate": [
            "shortDescription"
          ]
        },
        {
          "@id": "https://data.datatourisme.fr/7cbf9729-3f1b-3fbb-bd98-5c4cab6cd103",
          "dc:contributor": [
            "https://api.deepl.com/v2/translate"
          ],
          "rdf:language": [
            "nl"
          ],
          "rdf:predicate": [
            "shortDescription"
          ]
        },
        {
          "@id": "https://data.datatourisme.fr/949dd7f5-f9b4-3c57-8e01-f5db8cb78959",
          "dc:contributor": [
            "https://api.deepl.com/v2/translate"
          ],
          "rdf:language": [
            "de"
          ],
          "rdf:predicate": [
            "shortDescription"
          ]
        },
        {
          "@id": "https://data.datatourisme.fr/bfe67cb0-0695-379a-aabc-822244a06f6b",
          "dc:contributor": [
            "https://api.deepl.com/v2/translate"
          ],
          "rdf:language": [
            "it"
          ],
          "rdf:predicate": [
            "shortDescription"
          ]
        }
      ],
      "shortDescription": {
        "de": [
          "Die Galerie Mathgoth liegt im Viertel der BnF, in dem urbane Kulturen einen wichtigen Platz einnehmen, und unterstützt Street Artists, die sich dazu entschließen, ihre Kunst in der Stadt der Lichter zu entfalten."
        ],
        "en": [
          "Nestled in the BnF district, where urban cultures play a key role, Galerie Mathgoth supports street artists who decide to deploy their art in the City of Light."
        ],
        "it": [
          "Nascosta nel quartiere BnF, dove le culture urbane giocano un ruolo fondamentale, la Galerie Mathgoth sostiene gli artisti di strada che decidono di esporre la propria arte nella Città della Luce."
        ],
        "fr": [
          "Nichée dans le quartier de la BnF, où les cultures urbaines occupent une place prépondérante, la Galerie Mathgoth soutient les street artistes qui décident de déployer leur art dans la ville lumière."
        ],
        "nl": [
          "Verscholen in de wijk BnF, waar stedelijke culturen een grote rol spelen, ondersteunt Galerie Mathgoth straatkunstenaars die besluiten hun kunst in de Lichtstad tentoon te stellen."
        ],
        "es": [
          "Escondida en el barrio de BnF, donde las culturas urbanas desempeñan un papel primordial, la Galerie Mathgoth apoya a los artistas callejeros que deciden exponer su arte en la Ciudad de la Luz."
        ]
      }
    }
  ],
  "hasTheme": [
    {
      "@id": "kb:Culture",
      "@type": [
        "CulturalTheme"
      ],
      "rdfs:label": {
        "de": [
          "Kultur"
        ],
        "pt": [
          "Cultura"
        ],
        "en": [
          "Culture"
        ],
        "it": [
          "Cultura"
        ],
        "fr": [
          "Culture"
        ],
        "nl": [
          "Cultuur"
        ],
        "es": [
          "Cultura"
        ]
      }
    }
  ],
  "hasTranslatedProperty": [
    {
      "@id": "https://data.datatourisme.fr/4ff793b8-0144-3534-bb78-ea987d3fce9f",
      "dc:contributor": [
        "https://api.deepl.com/v2/translate"
      ],
      "rdf:language": [
        "de"
      ],
      "rdf:predicate": [
        {
          "@id": "rdfs:comment"
        }
      ]
    },
    {
      "@id": "https://data.datatourisme.fr/5bd5289d-8295-3473-827f-b981dcdace2f",
      "dc:contributor": [
        "https://api.deepl.com/v2/translate"
      ],
      "rdf:language": [
        "en"
      ],
      "rdf:predicate": [
        {
          "@id": "rdfs:comment"
        }
      ]
    },
    {
      "@id": "https://data.datatourisme.fr/60512ca7-f8d6-3bb9-b3d8-f4d34911495c",
      "dc:contributor": [
        "https://api.deepl.com/v2/translate"
      ],
      "rdf:language": [
        "it"
      ],
      "rdf:predicate": [
        {
          "@id": "rdfs:comment"
        }
      ]
    },
    {
      "@id": "https://data.datatourisme.fr/d2de53c7-eed0-3d22-a301-e24a41f46f97",
      "dc:contributor": [
        "https://api.deepl.com/v2/translate"
      ],
      "rdf:language": [
        "nl"
      ],
      "rdf:predicate": [
        {
          "@id": "rdfs:comment"
        }
      ]
    },
    {
      "@id": "https://data.datatourisme.fr/e11d4f93-8aeb-3c41-b324-18ed4663693f",
      "dc:contributor": [
        "https://api.deepl.com/v2/translate"
      ],
      "rdf:language": [
        "es"
      ],
      "rdf:predicate": [
        {
          "@id": "rdfs:comment"
        }
      ]
    }
  ],
  "isLocatedAt": [
    {
      "@id": "https://data.datatourisme.fr/c191d22e-a8b7-31b6-bece-23dbb18a29c2",
      "schema:address": [
        {
          "@id": "https://data.datatourisme.fr/62d48c3b-914b-318d-b17c-a1e57f6ec963",
          "schema:addressLocality": "Paris",
          "schema:postalCode": "75013",
          "schema:streetAddress": [
            "34 rue Hélène Brion"
          ],
          "@type": [
            "schema:PostalAddress",
            "PostalAddress"
          ],
          "hasAddressCity": {
            "@id": "kb:75056",
            "@type": [
              "City"
            ],
            "rdfs:label": {
              "de": [
                "Paris"
              ],
              "pt": [
                "Paris"
              ],
              "en": [
                "Paris"
              ],
              "it": [
                "Paris"
              ],
              "fr": [
                "Paris"
              ],
              "nl": [
                "Paris"
              ],
              "es": [
                "Paris"
              ]
            },
            "insee": "75056",
            "isPartOfDepartment": {
              "@id": "kb:France1175",
              "@type": [
                "Department"
              ],
              "rdfs:label": {
                "de": [
                  "Paris"
                ],
                "pt": [
                  "Paris"
                ],
                "en": [
                  "Paris"
                ],
                "it": [
                  "Paris"
                ],
                "fr": [
                  "Paris"
                ],
                "nl": [
                  "Paris"
                ],
                "es": [
                  "Paris"
                ]
              },
              "insee": "75",
              "isPartOfRegion": {
                "@id": "kb:France11",
                "@type": [
                  "Region"
                ],
                "rdfs:label": {
                  "de": [
                    "Île-de-France"
                  ],
                  "pt": [
                    "Île-de-France"
                  ],
                  "en": [
                    "Île-de-France"
                  ],
                  "it": [
                    "Île-de-France"
                  ],
                  "fr": [
                    "Île-de-France"
                  ],
                  "nl": [
                    "Île-de-France"
                  ],
                  "es": [
                    "Île-de-France"
                  ]
                },
                "insee": "11",
                "isPartOfCountry": {
                  "@id": "kb:France",
                  "@type": [
                    "schema:Country"
                  ],
                  "rdfs:label": {
                    "de": [
                      "France",
                      "Frankreich"
                    ],
                    "pt": [
                      "França",
                      "France"
                    ],
                    "en": [
                      "France"
                    ],
                    "it": [
                      "France",
                      "Francia"
                    ],
                    "fr": [
                      "France"
                    ],
                    "nl": [
                      "France",
                      "Frankrijk"
                    ],
                    "es": [
                      "France",
                      "Francia"
                    ]
                  }
                }
              }
            }
          }
        }
      ],
      "schema:geo": {
        "@id": "https://data.datatourisme.fr/0e6edc35-45d6-3721-aa0a-96696a7c152d",
        "schema:latitude": "48.828008",
        "schema:longitude": "2.380262",
        "@type": [
          "schema:GeoCoordinates"
        ]
      },
      "schema:openingHoursSpecification": [
        {
          "@id": "https://data.datatourisme.fr/2e1a731c-8f44-3103-9fd1-79dbc02d7bb4",
          "schema:closes": "19:00:00",
          "schema:opens": "14:00:00",
          "schema:validFrom": "2023-01-01T00:00:00",
          "schema:validThrough": "2023-12-31T23:59:59",
          "@type": [
            "schema:OpeningHoursSpecification"
          ],
          "additionalInformation": {
            "de": [
              "Öffnungszeiten für die Öffentlichkeit nur während der Ausstellungen oder nach Vereinbarung."
            ],
            "en": [
              "Open to the public only during exhibitions or by appointment."
            ],
            "it": [
              "Aperto al pubblico solo durante le mostre o su appuntamento."
            ],
            "fr": [
              "Ouverture au public uniquement pendant les expositions ou sur rendez-vous."
            ],
            "nl": [
              "Alleen open voor publiek tijdens tentoonstellingen of op afspraak."
            ],
            "es": [
              "Abierto al público sólo durante las exposiciones o con cita previa."
            ]
          },
          "hasTranslatedProperty": [
            {
              "@id": "https://data.datatourisme.fr/09da7b7c-18f8-355e-865a-818c6cb59924",
              "dc:contributor": [
                "https://api.deepl.com/v2/translate"
              ],
              "rdf:language": [
                "de"
              ],
              "rdf:predicate": [
                "additionalInformation"
              ]
            },
            {
              "@id": "https://data.datatourisme.fr/7464ed96-7337-3990-a7e8-aa72abe2a1b4",
              "dc:contributor": [
                "https://api.deepl.com/v2/translate"
              ],
              "rdf:language": [
                "nl"
              ],
              "rdf:predicate": [
                "additionalInformation"
              ]
            },
            {
              "@id": "https://data.datatourisme.fr/a037f827-79f3-3913-a7af-108a9b242fca",
              "dc:contributor": [
                "https://api.deepl.com/v2/translate"
              ],
              "rdf:language": [
                "it"
              ],
              "rdf:predicate": [
                "additionalInformation"
              ]
            },
            {
              "@id": "https://data.datatourisme.fr/a43ca751-d992-365e-8bb2-87201bb62450",
              "dc:contributor": [
                "https://api.deepl.com/v2/translate"
              ],
              "rdf:language": [
                "es"
              ],
              "rdf:predicate": [
                "additionalInformation"
              ]
            },
            {
              "@id": "https://data.datatourisme.fr/b107121c-4f16-3a59-8713-ee7275547fa5",
              "dc:contributor": [
                "https://api.deepl.com/v2/translate"
              ],
              "rdf:language": [
                "en"
              ],
              "rdf:predicate": [
                "additionalInformation"
              ]
            }
          ]
        }
      ],
      "@type": [
        "schema:Place",
        "Place"
      ]
    }
  ],
  "isOwnedBy": [
    {
      "@id": "https://data.datatourisme.fr/26ecd6f0-563c-356a-b0f9-ad3ec17effc4",
      "schema:email": [
        "bgeigle@visitparisregion.com",
        "hcaldo@visitparisregion.com",
        "mtanaskovic@visitparisregion.com"
      ],
      "schema:legalName": "Comité Régional du Tourisme Paris Ile de France",
      "@type": [
        "schema:Organization",
        "foaf:Agent",
        "Agent"
      ],
      "foaf:homepage": [
        "http://www.visitparisregion.com/"
      ]
    }
  ],
  "lastUpdate": "2023-08-01",
  "lastUpdateDatatourisme": "2023-10-17T05:52:15.607Z"
}