{
  "@id": "https://data.datatourisme.fr/13/354cdfec-0419-3436-a568-5654a340fbeb",
  "dc:identifier": "5653475",
  "@type": [
    "schema:FoodEstablishment",
    "FoodEstablishment",
    "PlaceOfInterest",
    "PointOfInterest"
  ],
  "rdfs:comment": {
    "de": [
      "Asia Kitchen, der legendäre Tisch am 49 quai d'orsay, bietet Ihnen seine asiatische Küche in einer schlichten Speisekarte an."
    ],
    "en": [
      "Asia Kitchen, the mythical table at 49 quai d'orsay, offers you its cuisine from Asia in a refined menu."
    ],
    "it": [
      "Asia Kitchen, il leggendario ristorante al 49 quai d'Orsay, vi offre la sua cucina asiatica in un menu raffinato."
    ],
    "fr": [
      "Asia Kitchen la table mythique du 49 quai d'orsay, vous propose sa cuisine venue d'Asie dans une carte épurée."
    ],
    "nl": [
      "Asia Kitchen, het legendarische restaurant aan de quai d'Orsay 49, biedt u zijn Aziatische keuken in een verfijnd menu."
    ],
    "es": [
      "Asia Kitchen, el legendario restaurante del 49 quai d'Orsay, le ofrece su cocina asiática en un menú refinado."
    ]
  },
  "rdfs:label": {
    "fr": [
      "Asia Kitchen"
    ]
  },
  "hasBeenCreatedBy": {
    "@id": "https://data.datatourisme.fr/13/03e0704b-5690-32de-a186-1dc3ad3316c9",
    "dc:identifier": "1019",
    "schema:email": [
      "bgeigle@visitparisregion.com",
      "hcaldo@visitparisregion.com",
      "mtanaskovic@visitparisregion.com"
    ],
    "schema:legalName": "Choose Paris Region",
    "@type": [
      "schema:Organization",
      "foaf:Agent",
      "Agent"
    ],
    "foaf:homepage": [
      "http://www.visitparisregion.com/"
    ]
  },
  "hasBeenPublishedBy": [
    {
      "@id": "https://data.datatourisme.fr/8a9feb4b-2cbd-3d2c-b507-bd6c6776b23b",
      "schema:legalName": "Apidae Tourisme Scic SA - source : Apidae Tourisme",
      "@type": [
        "schema:Organization",
        "foaf:Agent",
        "Agent"
      ],
      "foaf:homepage": [
        "https://www.apidae-tourisme.com/"
      ]
    }
  ],
  "hasContact": [
    {
      "@id": "https://data.datatourisme.fr/3e267fb9-c2c3-3af5-949e-4d1168c242da",
      "@type": [
        "foaf:Agent",
        "Agent"
      ],
      "foaf:homepage": [
        "https://asiakitchen-paris.com/"
      ]
    }
  ],
  "hasDescription": [
    {
      "@id": "https://data.datatourisme.fr/7d2722e2-eaf3-35ac-bfaa-17149261e380",
      "@type": [
        "Description"
      ],
      "hasTranslatedProperty": [
        {
          "@id": "https://data.datatourisme.fr/36501c5e-bfb2-30e1-8822-9fcf4565d524",
          "dc:contributor": [
            "https://api.deepl.com/v2/translate"
          ],
          "rdf:language": [
            "de"
          ],
          "rdf:predicate": [
            "shortDescription"
          ]
        },
        {
          "@id": "https://data.datatourisme.fr/4dc0b50f-9c8a-3619-ac6e-1184f350bc86",
          "dc:contributor": [
            "https://api.deepl.com/v2/translate"
          ],
          "rdf:language": [
            "it"
          ],
          "rdf:predicate": [
            "shortDescription"
          ]
        },
        {
          "@id": "https://data.datatourisme.fr/54b91758-7fa4-3841-9a81-98b1e54e201c",
          "dc:contributor": [
            "https://api.deepl.com/v2/translate"
          ],
          "rdf:language": [
            "en"
          ],
          "rdf:predicate": [
            "shortDescription"
          ]
        },
        {
          "@id": "https://data.datatourisme.fr/b943b764-3dca-3551-8441-240986891e6e",
          "dc:contributor": [
            "https://api.deepl.com/v2/translate"
          ],
          "rdf:language": [
            "nl"
          ],
          "rdf:predicate": [
            "shortDescription"
          ]
        },
        {
          "@id": "https://data.datatourisme.fr/d83373fb-ee66-3de4-b396-059f8922b3a1",
          "dc:contributor": [
            "https://api.deepl.com/v2/translate"
          ],
          "rdf:language": [
            "es"
          ],
          "rdf:predicate": [
            "shortDescription"
          ]
        }
      ],
      "shortDescription": {
        "de": [
          "Asia Kitchen, der legendäre Tisch am 49 quai d'orsay, bietet Ihnen seine asiatische Küche in einer schlichten Speisekarte an."
        ],
        "en": [
          "Asia Kitchen, the mythical table at 49 quai d'orsay, offers you its cuisine from Asia in a refined menu."
        ],
        "it": [
          "Asia Kitchen, il leggendario ristorante al 49 quai d'Orsay, vi offre la sua cucina asiatica in un menu raffinato."
        ],
        "fr": [
          "Asia Kitchen la table mythique du 49 quai d'orsay, vous propose sa cuisine venue d'Asie dans une carte épurée."
        ],
        "nl": [
          "Asia Kitchen, het legendarische restaurant aan de quai d'Orsay 49, biedt u zijn Aziatische keuken in een verfijnd menu."
        ],
        "es": [
          "Asia Kitchen, el legendario restaurante del 49 quai d'Orsay, le ofrece su cocina asiática en un menú refinado."
        ]
      }
    }
  ],
  "hasTranslatedProperty": [
    {
      "@id": "https://data.datatourisme.fr/6fa96245-a755-3be8-8f61-0115767b243e",
      "dc:contributor": [
        "https://api.deepl.com/v2/translate"
      ],
      "rdf:language": [
        "en"
      ],
      "rdf:predicate": [
        {
          "@id": "rdfs:comment"
        }
      ]
    },
    {
      "@id": "https://data.datatourisme.fr/8ab33c91-ab2b-3e22-a8e8-16fb883773b9",
      "dc:contributor": [
        "https://api.deepl.com/v2/translate"
      ],
      "rdf:language": [
        "es"
      ],
      "rdf:predicate": [
        {
          "@id": "rdfs:comment"
        }
      ]
    },
    {
      "@id": "https://data.datatourisme.fr/9e2f5160-8e9f-34c6-bab7-c16c5e83dec3",
      "dc:contributor": [
        "https://api.deepl.com/v2/translate"
      ],
      "rdf:language": [
        "de"
      ],
      "rdf:predicate": [
        {
          "@id": "rdfs:comment"
        }
      ]
    },
    {
      "@id": "https://data.datatourisme.fr/bc1ebf27-9b13-31b9-bb2c-3db4f1e663c8",
      "dc:contributor": [
        "https://api.deepl.com/v2/translate"
      ],
      "rdf:language": [
        "nl"
      ],
      "rdf:predicate": [
        {
          "@id": "rdfs:comment"
        }
      ]
    },
    {
      "@id": "https://data.datatourisme.fr/be4f48b4-3f30-381c-9a44-69908e928ecf",
      "dc:contributor": [
        "https://api.deepl.com/v2/translate"
      ],
      "rdf:language": [
        "it"
      ],
      "rdf:predicate": [
        {
          "@id": "rdfs:comment"
        }
      ]
    }
  ],
  "isLocatedAt": [
    {
      "@id": "https://data.datatourisme.fr/d2266223-7d21-3a08-a1dc-e7864f607a9c",
      "schema:address": [
        {
          "@id": "https://data.datatourisme.fr/5982c09a-571b-3abd-a6a7-272df8c0a859",
          "schema:addressLocality": "Paris",
          "schema:postalCode": "75007",
          "schema:streetAddress": [
            "49 Quai d'Orsay"
          ],
          "@type": [
            "schema:PostalAddress",
            "PostalAddress"
          ],
          "hasAddressCity": {
            "@id": "kb:75056",
            "@type": [
              "City"
            ],
            "rdfs:label": {
              "de": [
                "Paris"
              ],
              "pt": [
                "Paris"
              ],
              "en": [
                "Paris"
              ],
              "it": [
                "Paris"
              ],
              "fr": [
                "Paris"
              ],
              "nl": [
                "Paris"
              ],
              "es": [
                "Paris"
              ]
            },
            "insee": "75056",
            "isPartOfDepartment": {
              "@id": "kb:France1175",
              "@type": [
                "Department"
              ],
              "rdfs:label": {
                "de": [
                  "Paris"
                ],
                "pt": [
                  "Paris"
                ],
                "en": [
                  "Paris"
                ],
                "it": [
                  "Paris"
                ],
                "fr": [
                  "Paris"
                ],
                "nl": [
                  "Paris"
                ],
                "es": [
                  "Paris"
                ]
              },
              "insee": "75",
              "isPartOfRegion": {
                "@id": "kb:France11",
                "@type": [
                  "Region"
                ],
                "rdfs:label": {
                  "de": [
                    "Île-de-France"
                  ],
                  "pt": [
                    "Île-de-France"
                  ],
                  "en": [
                    "Île-de-France"
                  ],
                  "it": [
                    "Île-de-France"
                  ],
                  "fr": [
                    "Île-de-France"
                  ],
                  "nl": [
                    "Île-de-France"
                  ],
                  "es": [
                    "Île-de-France"
                  ]
                },
                "insee": "11",
                "isPartOfCountry": {
                  "@id": "kb:France",
                  "@type": [
                    "schema:Country"
                  ],
                  "rdfs:label": {
                    "de": [
                      "France",
                      "Frankreich"
                    ],
                    "pt": [
                      "França",
                      "France"
                    ],
                    "en": [
                      "France"
                    ],
                    "it": [
                      "France",
                      "Francia"
                    ],
                    "fr": [
                      "France"
                    ],
                    "nl": [
                      "France",
                      "Frankrijk"
                    ],
                    "es": [
                      "France",
                      "Francia"
                    ]
                  }
                }
              }
            }
          }
        }
      ],
      "schema:geo": {
        "@id": "https://data.datatourisme.fr/7d01d605-03c2-3984-82e3-56071fe30923",
        "schema:latitude": "48.862229",
        "schema:longitude": "2.30938",
        "@type": [
          "schema:GeoCoordinates"
        ]
      },
      "schema:openingHoursSpecification": [
        {
          "@id": "https://data.datatourisme.fr/0c605538-d49b-309d-87a8-bf94bfbe38bb",
          "schema:closes": "22:30:00",
          "schema:opens": "12:00:00",
          "schema:validFrom": "2023-01-01T00:00:00",
          "schema:validThrough": "2023-12-31T23:59:59",
          "@type": [
            "schema:OpeningHoursSpecification"
          ],
          "additionalInformation": {
            "de": [
              "Geöffnet von Dienstag bis Freitag von : 12H00-15H00 & 19H00-22H30 Samstags von19H00-22H30 geöffnet."
            ],
            "en": [
              "Open from Tuesday to Friday from : 12H00-15H00 & 19H00-22H30 Open Saturday from 19H00-22H30."
            ],
            "it": [
              "Aperto da martedì a venerdì da : 12H00-15H00 e 19H00-22H30 Aperto il sabato dalle 19H00-22H30."
            ],
            "fr": [
              "Ouvert du Mardi au Vendredi de : 12H00-15H00 & 19H00-22H30 Ouvert le Samedi de19H00-22H30."
            ],
            "nl": [
              "Geopend van dinsdag tot vrijdag van : 12H00-15H00 & 19H00-22H30 Open op zaterdag van 19H00-22H30."
            ],
            "es": [
              "Abierto de martes a viernes de : 12H00-15H00 & 19H00-22H30 Abierto el sábado de 19H00-22H30."
            ]
          },
          "hasTranslatedProperty": [
            {
              "@id": "https://data.datatourisme.fr/3dad31d2-36fe-30e1-a045-78cd7cd78bbe",
              "dc:contributor": [
                "https://api.deepl.com/v2/translate"
              ],
              "rdf:language": [
                "de"
              ],
              "rdf:predicate": [
                "additionalInformation"
              ]
            },
            {
              "@id": "https://data.datatourisme.fr/6410f0ec-7fbd-3e00-b612-61a17a44662c",
              "dc:contributor": [
                "https://api.deepl.com/v2/translate"
              ],
              "rdf:language": [
                "en"
              ],
              "rdf:predicate": [
                "additionalInformation"
              ]
            },
            {
              "@id": "https://data.datatourisme.fr/8a8249c0-7fb7-3102-b9b0-2b291c325734",
              "dc:contributor": [
                "https://api.deepl.com/v2/translate"
              ],
              "rdf:language": [
                "nl"
              ],
              "rdf:predicate": [
                "additionalInformation"
              ]
            },
            {
              "@id": "https://data.datatourisme.fr/8f5f5e67-4b17-3652-875d-a7fcd600da2e",
              "dc:contributor": [
                "https://api.deepl.com/v2/translate"
              ],
              "rdf:language": [
                "es"
              ],
              "rdf:predicate": [
                "additionalInformation"
              ]
            },
            {
              "@id": "https://data.datatourisme.fr/b57a17a1-60d7-3673-a6ba-68b520339636",
              "dc:contributor": [
                "https://api.deepl.com/v2/translate"
              ],
              "rdf:language": [
                "it"
              ],
              "rdf:predicate": [
                "additionalInformation"
              ]
            }
          ]
        }
      ],
      "@type": [
        "schema:Place",
        "Place"
      ]
    }
  ],
  "isOwnedBy": [
    {
      "@id": "https://data.datatourisme.fr/26ecd6f0-563c-356a-b0f9-ad3ec17effc4",
      "schema:email": [
        "bgeigle@visitparisregion.com",
        "hcaldo@visitparisregion.com",
        "mtanaskovic@visitparisregion.com"
      ],
      "schema:legalName": "Comité Régional du Tourisme Paris Ile de France",
      "@type": [
        "schema:Organization",
        "foaf:Agent",
        "Agent"
      ],
      "foaf:homepage": [
        "http://www.visitparisregion.com/"
      ]
    }
  ],
  "lastUpdate": "2022-11-28",
  "lastUpdateDatatourisme": "2023-10-02T05:53:31.725Z",
  "offers": [
    {
      "@id": "https://data.datatourisme.fr/fb9aaaac-7a4b-387c-b959-47cf3fd2cfd6",
      "schema:priceSpecification": [
        {
          "@id": "https://data.datatourisme.fr/3409a6f7-2905-372b-8665-1bf1dceac318",
          "schema:maxPrice": [
            "27"
          ],
          "schema:minPrice": [
            "27"
          ],
          "schema:priceCurrency": "EUR",
          "@type": [
            "schema:PriceSpecification",
            "PriceSpecification"
          ],
          "appliesOnPeriod": [
            {
              "@id": "https://data.datatourisme.fr/0663ca4b-3470-3171-9053-39aa704e8f56",
              "@type": [
                "Period"
              ],
              "endDate": "2022-12-31",
              "startDate": "2022-01-01"
            }
          ]
        }
      ],
      "@type": [
        "schema:Offer",
        "Offer"
      ]
    }
  ]
}