{
  "@id": "https://data.datatourisme.fr/19/359efd2b-bff5-3631-94a4-fdea2cd22534",
  "dc:identifier": "5a8638d8-937e-68b6-64e9-5714f096e25a",
  "@type": [
    "schema:Park",
    "CulturalSite",
    "ParkAndGarden",
    "PlaceOfInterest",
    "PointOfInterest"
  ],
  "rdfs:label": {
    "fr": [
      "V'Île Fertile"
    ]
  },
  "hasBeenCreatedBy": {
    "@id": "https://data.datatourisme.fr/73f9361b-7fdb-3a8c-8c11-182ef0152392",
    "schema:email": [
      "opendata@parisinfo.com"
    ],
    "schema:legalName": "Office de Tourisme de Paris",
    "@type": [
      "schema:Organization",
      "foaf:Agent",
      "Agent"
    ],
    "foaf:homepage": [
      "https://www.parisinfo.com/"
    ]
  },
  "hasBeenPublishedBy": [
    {
      "@id": "https://data.datatourisme.fr/73f9361b-7fdb-3a8c-8c11-182ef0152392",
      "schema:email": [
        "opendata@parisinfo.com"
      ],
      "schema:legalName": "Office de Tourisme de Paris",
      "@type": [
        "schema:Organization",
        "foaf:Agent",
        "Agent"
      ],
      "foaf:homepage": [
        "https://www.parisinfo.com/"
      ]
    }
  ],
  "hasContact": [
    {
      "@id": "https://data.datatourisme.fr/5bb15542-d526-38aa-8399-3df003fd5374",
      "schema:email": [
        "vilefertile@gmail.com"
      ],
      "@type": [
        "foaf:Agent",
        "Agent"
      ],
      "foaf:homepage": [
        "http://www.vilefertile.paris/"
      ]
    }
  ],
  "isLocatedAt": [
    {
      "@id": "https://data.datatourisme.fr/ba4071b9-b8d5-3eda-8b79-a9627548b092",
      "schema:address": [
        {
          "@id": "https://data.datatourisme.fr/26d8c338-3545-34ff-8950-b4a4ca546abb",
          "schema:addressLocality": "Paris",
          "schema:postalCode": "75012",
          "schema:streetAddress": [
            "45 avenue de la Belle Gabrielle"
          ],
          "@type": [
            "schema:PostalAddress",
            "PostalAddress"
          ],
          "hasAddressCity": {
            "@id": "kb:75056",
            "@type": [
              "City"
            ],
            "rdfs:label": {
              "de": [
                "Paris"
              ],
              "pt": [
                "Paris"
              ],
              "en": [
                "Paris"
              ],
              "it": [
                "Paris"
              ],
              "fr": [
                "Paris"
              ],
              "nl": [
                "Paris"
              ],
              "es": [
                "Paris"
              ]
            },
            "insee": "75056",
            "isPartOfDepartment": {
              "@id": "kb:France1175",
              "@type": [
                "Department"
              ],
              "rdfs:label": {
                "de": [
                  "Paris"
                ],
                "pt": [
                  "Paris"
                ],
                "en": [
                  "Paris"
                ],
                "it": [
                  "Paris"
                ],
                "fr": [
                  "Paris"
                ],
                "nl": [
                  "Paris"
                ],
                "es": [
                  "Paris"
                ]
              },
              "insee": "75",
              "isPartOfRegion": {
                "@id": "kb:France11",
                "@type": [
                  "Region"
                ],
                "rdfs:label": {
                  "de": [
                    "Île-de-France"
                  ],
                  "pt": [
                    "Île-de-France"
                  ],
                  "en": [
                    "Île-de-France"
                  ],
                  "it": [
                    "Île-de-France"
                  ],
                  "fr": [
                    "Île-de-France"
                  ],
                  "nl": [
                    "Île-de-France"
                  ],
                  "es": [
                    "Île-de-France"
                  ]
                },
                "insee": "11",
                "isPartOfCountry": {
                  "@id": "kb:France",
                  "@type": [
                    "schema:Country"
                  ],
                  "rdfs:label": {
                    "de": [
                      "France",
                      "Frankreich"
                    ],
                    "pt": [
                      "França",
                      "France"
                    ],
                    "en": [
                      "France"
                    ],
                    "it": [
                      "France",
                      "Francia"
                    ],
                    "fr": [
                      "France"
                    ],
                    "nl": [
                      "France",
                      "Frankrijk"
                    ],
                    "es": [
                      "France",
                      "Francia"
                    ]
                  }
                }
              }
            }
          }
        }
      ],
      "schema:geo": {
        "@id": "https://data.datatourisme.fr/f62f0aa3-4e06-3a71-9cf7-777f5914adb3",
        "schema:latitude": "48.8345051",
        "schema:longitude": "2.469450800000004",
        "@type": [
          "schema:GeoCoordinates"
        ]
      },
      "schema:openingHoursSpecification": [
        {
          "@id": "https://data.datatourisme.fr/7184ae9f-1c32-320f-b6d5-d605264ddb74",
          "@type": [
            "schema:OpeningHoursSpecification"
          ],
          "additionalInformation": {
            "de": [
              "Wochenenden und Feiertage, 14:00-18:00 Uhr\nDie Öffnungszeiten können sich je nach Veranstaltung ändern. Besuchen Sie die Seite \"Aktuelles\" auf www.vilefertile.paris/actualites/"
            ],
            "en": [
              "Weekends and holidays, 2-6pm\nSchedules may be modified according to events. See the \"News\" page on www.vilefertile.paris/actualites/"
            ],
            "it": [
              "Fine settimana e giorni festivi, ore 14-18\nGli orari di apertura possono variare in base agli eventi. Vedere la pagina \"Notizie\" su www.vilefertile.paris/actualites/"
            ],
            "fr": [
              "Week-ends et jours fériés, 14h-18h. \nLes horaires peuvent être modifiés en fonction des événements. Consulter la page \"Actus\" du site www.vilefertile.paris/actualites/"
            ],
            "nl": [
              "Weekends en feestdagen, 14-18 uur\nDe openingstijden kunnen afhankelijk van de evenementen worden gewijzigd. Zie de pagina \"Nieuws\" op www.vilefertile.paris/actualites/"
            ],
            "es": [
              "Fines de semana y festivos, de 14.00 a 18.00 h\nLos horarios de apertura pueden modificarse en función de los acontecimientos. Consulte la página \"Noticias\" en www.vilefertile.paris/actualites/"
            ]
          },
          "hasTranslatedProperty": [
            {
              "@id": "https://data.datatourisme.fr/3772f583-2462-3c77-a498-1aacda7bc0b4",
              "dc:contributor": [
                "https://api.deepl.com/v2/translate"
              ],
              "rdf:language": [
                "en"
              ],
              "rdf:predicate": [
                "additionalInformation"
              ]
            },
            {
              "@id": "https://data.datatourisme.fr/42a98a72-bbe3-369f-bce0-ab43ea988920",
              "dc:contributor": [
                "https://api.deepl.com/v2/translate"
              ],
              "rdf:language": [
                "de"
              ],
              "rdf:predicate": [
                "additionalInformation"
              ]
            },
            {
              "@id": "https://data.datatourisme.fr/6d400977-cbf7-3b5a-b9f2-000f6dac0e17",
              "dc:contributor": [
                "https://api.deepl.com/v2/translate"
              ],
              "rdf:language": [
                "it"
              ],
              "rdf:predicate": [
                "additionalInformation"
              ]
            },
            {
              "@id": "https://data.datatourisme.fr/aaeba6dd-0a06-310d-adc1-d56ae73a9ac3",
              "dc:contributor": [
                "https://api.deepl.com/v2/translate"
              ],
              "rdf:language": [
                "nl"
              ],
              "rdf:predicate": [
                "additionalInformation"
              ]
            },
            {
              "@id": "https://data.datatourisme.fr/efaba141-e6a2-3368-9f93-0ec868da4d62",
              "dc:contributor": [
                "https://api.deepl.com/v2/translate"
              ],
              "rdf:language": [
                "es"
              ],
              "rdf:predicate": [
                "additionalInformation"
              ]
            }
          ]
        }
      ],
      "@type": [
        "schema:Place",
        "Place"
      ]
    }
  ],
  "lastUpdate": "2023-06-30",
  "lastUpdateDatatourisme": "2023-10-12T16:59:40.007Z"
}