{
  "@id": "https://data.datatourisme.fr/13/97e347cb-91f9-3b17-9579-bd9acee0b7d7",
  "dc:identifier": "915135",
  "@type": [
    "CulturalSite",
    "PlaceOfInterest",
    "PointOfInterest"
  ],
  "rdfs:comment": {
    "de": [
      "Besuchen Sie frei und mit der ganzen Familie die Oper Garnier, den magischen Ort der Welt des Tanzes und der Opernkunst."
    ],
    "en": [
      "Come and visit freely and with your family the Opera Garnier, a magical place in the world of dance and lyric art."
    ],
    "it": [
      "Venite a visitare l'Opera Garnier, un luogo magico nel mondo della danza e dell'arte lirica, liberamente e con la vostra famiglia."
    ],
    "fr": [
      "Venez visiter librement et en famille l'opéra Garnier, lieu magique du monde de la danse et de l'art lyrique."
    ],
    "es": [
      "Venga a visitar la Ópera Garnier, un lugar mágico en el mundo de la danza y el arte lírico, libremente y en familia."
    ],
    "nl": [
      "Kom de Opera Garnier bezoeken, een magische plek in de wereld van dans en lyrische kunst, vrij en met uw gezin."
    ]
  },
  "rdfs:label": {
    "fr": [
      "Visite en famille du Palais Garnier"
    ]
  },
  "hasBeenCreatedBy": {
    "@id": "https://data.datatourisme.fr/13/03e0704b-5690-32de-a186-1dc3ad3316c9",
    "dc:identifier": "1019",
    "schema:email": [
      "bgeigle@visitparisregion.com",
      "hcaldo@visitparisregion.com",
      "mtanaskovic@visitparisregion.com"
    ],
    "schema:legalName": "Choose Paris Region",
    "@type": [
      "schema:Organization",
      "foaf:Agent",
      "Agent"
    ],
    "foaf:homepage": [
      "http://www.visitparisregion.com/"
    ]
  },
  "hasBeenPublishedBy": [
    {
      "@id": "https://data.datatourisme.fr/8a9feb4b-2cbd-3d2c-b507-bd6c6776b23b",
      "schema:legalName": "Apidae Tourisme Scic SA - source : Apidae Tourisme",
      "@type": [
        "schema:Organization",
        "foaf:Agent",
        "Agent"
      ],
      "foaf:homepage": [
        "https://www.apidae-tourisme.com/"
      ]
    }
  ],
  "hasContact": [
    {
      "@id": "https://data.datatourisme.fr/a026589c-3f1d-348c-b0f1-724b80fe470f",
      "schema:telephone": [
        "+33 892 89 90 90"
      ],
      "@type": [
        "foaf:Agent",
        "Agent"
      ],
      "foaf:homepage": [
        "https://www.operadeparis.fr/"
      ]
    }
  ],
  "hasDescription": [
    {
      "@id": "https://data.datatourisme.fr/e4ef7ba7-1de9-3fc7-b263-09c42ed1573d",
      "@type": [
        "Description"
      ],
      "hasTranslatedProperty": [
        {
          "@id": "https://data.datatourisme.fr/1ff3f50e-4e49-3bda-8651-d97714e87e40",
          "dc:contributor": [
            "https://api.deepl.com/v2/translate"
          ],
          "rdf:language": [
            "de"
          ],
          "rdf:predicate": [
            "shortDescription"
          ]
        },
        {
          "@id": "https://data.datatourisme.fr/270c5134-92d7-3c42-845a-4b2812887fd7",
          "dc:contributor": [
            "https://api.deepl.com/v2/translate"
          ],
          "rdf:language": [
            "it"
          ],
          "rdf:predicate": [
            "shortDescription"
          ]
        },
        {
          "@id": "https://data.datatourisme.fr/951655fd-5e1a-37c4-a50d-a21236ef3353",
          "dc:contributor": [
            "https://api.deepl.com/v2/translate"
          ],
          "rdf:language": [
            "en"
          ],
          "rdf:predicate": [
            "shortDescription"
          ]
        },
        {
          "@id": "https://data.datatourisme.fr/abf5bff6-291c-3266-b510-964f2aaa9439",
          "dc:contributor": [
            "https://api.deepl.com/v2/translate"
          ],
          "rdf:language": [
            "nl"
          ],
          "rdf:predicate": [
            "shortDescription"
          ]
        },
        {
          "@id": "https://data.datatourisme.fr/b2e1467c-e3cb-3aa9-bc79-a885f75dcf86",
          "dc:contributor": [
            "https://api.deepl.com/v2/translate"
          ],
          "rdf:language": [
            "es"
          ],
          "rdf:predicate": [
            "shortDescription"
          ]
        }
      ],
      "shortDescription": {
        "de": [
          "Besuchen Sie frei und mit der ganzen Familie die Oper Garnier, den magischen Ort der Welt des Tanzes und der Opernkunst."
        ],
        "en": [
          "Come and visit freely and with your family the Opera Garnier, a magical place in the world of dance and lyric art."
        ],
        "it": [
          "Venite a visitare l'Opera Garnier, un luogo magico nel mondo della danza e dell'arte lirica, liberamente e con la vostra famiglia."
        ],
        "fr": [
          "Venez visiter librement et en famille l'opéra Garnier, lieu magique du monde de la danse et de l'art lyrique."
        ],
        "es": [
          "Venga a visitar la Ópera Garnier, un lugar mágico en el mundo de la danza y el arte lírico, libremente y en familia."
        ],
        "nl": [
          "Kom de Opera Garnier bezoeken, een magische plek in de wereld van dans en lyrische kunst, vrij en met uw gezin."
        ]
      }
    }
  ],
  "hasTheme": [
    {
      "@id": "kb:Culture",
      "@type": [
        "CulturalTheme"
      ],
      "rdfs:label": {
        "de": [
          "Kultur"
        ],
        "pt": [
          "Cultura"
        ],
        "en": [
          "Culture"
        ],
        "it": [
          "Cultura"
        ],
        "fr": [
          "Culture"
        ],
        "nl": [
          "Cultuur"
        ],
        "es": [
          "Cultura"
        ]
      }
    }
  ],
  "hasTranslatedProperty": [
    {
      "@id": "https://data.datatourisme.fr/8b058862-9767-3a16-b9dd-ff2732d74a6b",
      "dc:contributor": [
        "https://api.deepl.com/v2/translate"
      ],
      "rdf:language": [
        "en"
      ],
      "rdf:predicate": [
        {
          "@id": "rdfs:comment"
        }
      ]
    },
    {
      "@id": "https://data.datatourisme.fr/8c2427a4-82d9-34e4-840a-1a950ae022b2",
      "dc:contributor": [
        "https://api.deepl.com/v2/translate"
      ],
      "rdf:language": [
        "de"
      ],
      "rdf:predicate": [
        {
          "@id": "rdfs:comment"
        }
      ]
    },
    {
      "@id": "https://data.datatourisme.fr/aab1ee57-a050-3fc9-9037-836b99a08050",
      "dc:contributor": [
        "https://api.deepl.com/v2/translate"
      ],
      "rdf:language": [
        "it"
      ],
      "rdf:predicate": [
        {
          "@id": "rdfs:comment"
        }
      ]
    },
    {
      "@id": "https://data.datatourisme.fr/bccfd756-9ad4-35dd-ab71-410c2b2f572c",
      "dc:contributor": [
        "https://api.deepl.com/v2/translate"
      ],
      "rdf:language": [
        "nl"
      ],
      "rdf:predicate": [
        {
          "@id": "rdfs:comment"
        }
      ]
    },
    {
      "@id": "https://data.datatourisme.fr/f7912dcb-1e7b-388a-9b15-de3b271f3c3c",
      "dc:contributor": [
        "https://api.deepl.com/v2/translate"
      ],
      "rdf:language": [
        "es"
      ],
      "rdf:predicate": [
        {
          "@id": "rdfs:comment"
        }
      ]
    }
  ],
  "isLocatedAt": [
    {
      "@id": "https://data.datatourisme.fr/161914b3-b0b0-3a1e-bed7-4cf8695ab28a",
      "schema:address": [
        {
          "@id": "https://data.datatourisme.fr/ef96a238-f177-3faf-a484-e9f81c7678c3",
          "schema:addressLocality": "Paris",
          "schema:postalCode": "75009",
          "schema:streetAddress": [
            "Opéra Garnier",
            "Place de l'Opéra"
          ],
          "@type": [
            "schema:PostalAddress",
            "PostalAddress"
          ],
          "hasAddressCity": {
            "@id": "kb:75056",
            "@type": [
              "City"
            ],
            "rdfs:label": {
              "de": [
                "Paris"
              ],
              "pt": [
                "Paris"
              ],
              "en": [
                "Paris"
              ],
              "it": [
                "Paris"
              ],
              "fr": [
                "Paris"
              ],
              "nl": [
                "Paris"
              ],
              "es": [
                "Paris"
              ]
            },
            "insee": "75056",
            "isPartOfDepartment": {
              "@id": "kb:France1175",
              "@type": [
                "Department"
              ],
              "rdfs:label": {
                "de": [
                  "Paris"
                ],
                "pt": [
                  "Paris"
                ],
                "en": [
                  "Paris"
                ],
                "it": [
                  "Paris"
                ],
                "fr": [
                  "Paris"
                ],
                "nl": [
                  "Paris"
                ],
                "es": [
                  "Paris"
                ]
              },
              "insee": "75",
              "isPartOfRegion": {
                "@id": "kb:France11",
                "@type": [
                  "Region"
                ],
                "rdfs:label": {
                  "de": [
                    "Île-de-France"
                  ],
                  "pt": [
                    "Île-de-France"
                  ],
                  "en": [
                    "Île-de-France"
                  ],
                  "it": [
                    "Île-de-France"
                  ],
                  "fr": [
                    "Île-de-France"
                  ],
                  "nl": [
                    "Île-de-France"
                  ],
                  "es": [
                    "Île-de-France"
                  ]
                },
                "insee": "11",
                "isPartOfCountry": {
                  "@id": "kb:France",
                  "@type": [
                    "schema:Country"
                  ],
                  "rdfs:label": {
                    "de": [
                      "France",
                      "Frankreich"
                    ],
                    "pt": [
                      "França",
                      "France"
                    ],
                    "en": [
                      "France"
                    ],
                    "it": [
                      "France",
                      "Francia"
                    ],
                    "fr": [
                      "France"
                    ],
                    "nl": [
                      "France",
                      "Frankrijk"
                    ],
                    "es": [
                      "France",
                      "Francia"
                    ]
                  }
                }
              }
            }
          }
        }
      ],
      "schema:geo": {
        "@id": "https://data.datatourisme.fr/e6c69398-9bec-3cda-8dc1-99870b525f11",
        "schema:latitude": "48.871831",
        "schema:longitude": "2.331916",
        "@type": [
          "schema:GeoCoordinates"
        ]
      },
      "schema:openingHoursSpecification": [
        {
          "@id": "https://data.datatourisme.fr/cd4aa8b2-13a7-3d1d-be93-03455c335e9c",
          "schema:closes": "17:00:00",
          "schema:opens": "10:00:00",
          "schema:validFrom": "2023-01-01T00:00:00",
          "schema:validThrough": "2023-12-31T23:59:59",
          "@type": [
            "schema:OpeningHoursSpecification"
          ],
          "additionalInformation": {
            "de": [
              "(Zugang bis 16.30 Uhr)\r\n*von 10:00 bis 13:00 Uhr an Tagen mit Nachmittagsvorstellungen (Zugang bis 12:30 Uhr)\r\nZu beachten: Der Zugang zum Aufführungssaal kann aus technischen und/oder künstlerischen Gründen eingeschränkt oder unmöglich gemacht werden."
            ],
            "en": [
              "(access until 4:30 pm)\r\n*from 10 am to 1 pm on days of afternoon performances (access until 12.30 pm)\r\nPlease note: Access to the auditorium may be restricted or made impossible for technical and/or artistic reasons."
            ],
            "it": [
              "(accesso fino alle 16:30)\r\n*dalle 10.00 alle 13.00 nei giorni degli spettacoli pomeridiani (accesso fino alle 12.30)\r\nSi prega di notare: L'accesso al teatro può essere limitato o reso impossibile per motivi tecnici e/o artistici."
            ],
            "fr": [
              "(accès jusqu'à 16h30)\r\n*de 10h à 13h les jours de représentations en après-midi (accès jusqu'à 12h30)\r\nÀ noter : L'accès à la salle de spectacle peut être restreint ou rendu impossible pour des raisons techniques et/ou artistiques."
            ],
            "nl": [
              "(toegang tot 16:30)\r\n*van 10 tot 13 uur op de dagen van de middagvoorstellingen (toegang tot 12.30 uur)\r\nLet op: De toegang tot de zaal kan worden beperkt of onmogelijk gemaakt om technische en/of artistieke redenen."
            ],
            "es": [
              "(acceso hasta las 16.30 horas)\r\n*de 10:00 a 13:00 horas los días de las funciones de la tarde (acceso hasta las 12:30 horas)\r\nTenga en cuenta: El acceso al teatro puede verse restringido o imposibilitado por razones técnicas y/o artísticas."
            ]
          },
          "hasTranslatedProperty": [
            {
              "@id": "https://data.datatourisme.fr/257063ee-af5f-3a4f-b49d-de9050958ab1",
              "dc:contributor": [
                "https://api.deepl.com/v2/translate"
              ],
              "rdf:language": [
                "nl"
              ],
              "rdf:predicate": [
                "additionalInformation"
              ]
            },
            {
              "@id": "https://data.datatourisme.fr/6902943e-8ad2-35a2-a88e-8541c2fc87d1",
              "dc:contributor": [
                "https://api.deepl.com/v2/translate"
              ],
              "rdf:language": [
                "en"
              ],
              "rdf:predicate": [
                "additionalInformation"
              ]
            },
            {
              "@id": "https://data.datatourisme.fr/aa3f6e79-c2de-38c5-bb14-419bbf845e2f",
              "dc:contributor": [
                "https://api.deepl.com/v2/translate"
              ],
              "rdf:language": [
                "de"
              ],
              "rdf:predicate": [
                "additionalInformation"
              ]
            },
            {
              "@id": "https://data.datatourisme.fr/afef3f12-c347-378a-9d22-76b9ccb76277",
              "dc:contributor": [
                "https://api.deepl.com/v2/translate"
              ],
              "rdf:language": [
                "es"
              ],
              "rdf:predicate": [
                "additionalInformation"
              ]
            },
            {
              "@id": "https://data.datatourisme.fr/e40ad077-c766-3eb0-8b14-30d19ab68365",
              "dc:contributor": [
                "https://api.deepl.com/v2/translate"
              ],
              "rdf:language": [
                "it"
              ],
              "rdf:predicate": [
                "additionalInformation"
              ]
            }
          ]
        }
      ],
      "@type": [
        "schema:Place",
        "Place"
      ]
    }
  ],
  "isOwnedBy": [
    {
      "@id": "https://data.datatourisme.fr/3b8a790a-ebad-39c6-9a18-c5663001f469",
      "schema:email": [
        "bgeigle@visitparisregion.com",
        "hcaldo@visitparisregion.com",
        "mtanaskovic@visitparisregion.com"
      ],
      "schema:legalName": "Choose Paris Region",
      "@type": [
        "schema:Organization",
        "foaf:Agent",
        "Agent"
      ],
      "foaf:homepage": [
        "http://www.visitparisregion.com/"
      ]
    }
  ],
  "lastUpdate": "2023-09-20",
  "lastUpdateDatatourisme": "2023-10-02T05:53:31.713Z",
  "offers": [
    {
      "@id": "https://data.datatourisme.fr/6d5367d5-4263-3cbf-b0b2-5a8c7c49e065",
      "schema:priceSpecification": [
        {
          "@id": "https://data.datatourisme.fr/eb4b218f-97a1-3dfd-9138-f66f5928d15b",
          "schema:maxPrice": [
            "10",
            "15"
          ],
          "schema:minPrice": [
            "10",
            "15"
          ],
          "schema:priceCurrency": "EUR",
          "@type": [
            "schema:PriceSpecification",
            "PriceSpecification"
          ],
          "appliesOnPeriod": [
            {
              "@id": "https://data.datatourisme.fr/a425afdf-3594-300b-b55e-1858bafa3fd4",
              "@type": [
                "Period"
              ],
              "endDate": "2023-12-31",
              "startDate": "2023-01-01"
            }
          ]
        }
      ],
      "@type": [
        "schema:Offer",
        "Offer"
      ]
    }
  ]
}