{
  "@id": "https://data.datatourisme.fr/13/06e43654-e58b-3105-895a-7301fbdd027c",
  "dc:identifier": "4774600",
  "@type": [
    "schema:LocalBusiness",
    "schema:Museum",
    "CulturalSite",
    "Museum",
    "PlaceOfInterest",
    "PointOfInterest"
  ],
  "rdfs:comment": {
    "de": [
      "Das neben der Opéra Garnier gelegene Paris Story ist kein Kino wie jedes andere. Es bietet Ihnen eine völlig neue Art der Entdeckung von Paris, die für Kinder und Erwachsene gleichermaßen geeignet ist."
    ],
    "en": [
      "Next to the Opéra Garnier, Paris Story is not a cinema like the others. It offers you a unique discovery of Paris, adapted to children and adults alike."
    ],
    "it": [
      "Accanto all'Opéra Garnier, Paris Story non è un cinema come gli altri. Offre una scoperta unica di Parigi, adatta a bambini e adulti."
    ],
    "fr": [
      "Jouxtant l'Opéra Garnier, Paris Story n'est pas un cinéma comme les autres. Il vous offre une découverte inédite de Paris, adaptée aux petits comme aux plus grands."
    ],
    "nl": [
      "Naast de Opéra Garnier is Paris Story geen bioscoop zoals de andere. Het biedt een unieke ontdekking van Parijs, aangepast aan kinderen en volwassenen."
    ],
    "es": [
      "Junto a la Ópera Garnier, Paris Story no es un cine como los demás. Ofrece un descubrimiento único de París, adaptado a niños y adultos."
    ]
  },
  "rdfs:label": {
    "en": [
      "Paris-Story"
    ],
    "fr": [
      "Paris Story"
    ]
  },
  "owl:sameAs": [
    "http://www.wikidata.org/entity/Q631114"
  ],
  "hasBeenCreatedBy": {
    "@id": "https://data.datatourisme.fr/13/03e0704b-5690-32de-a186-1dc3ad3316c9",
    "dc:identifier": "1019",
    "schema:email": [
      "bgeigle@visitparisregion.com",
      "hcaldo@visitparisregion.com",
      "mtanaskovic@visitparisregion.com"
    ],
    "schema:legalName": "Choose Paris Region",
    "@type": [
      "schema:Organization",
      "foaf:Agent",
      "Agent"
    ],
    "foaf:homepage": [
      "http://www.visitparisregion.com/"
    ]
  },
  "hasBeenPublishedBy": [
    {
      "@id": "https://data.datatourisme.fr/8a9feb4b-2cbd-3d2c-b507-bd6c6776b23b",
      "schema:legalName": "Apidae Tourisme Scic SA - source : Apidae Tourisme",
      "@type": [
        "schema:Organization",
        "foaf:Agent",
        "Agent"
      ],
      "foaf:homepage": [
        "https://www.apidae-tourisme.com/"
      ]
    }
  ],
  "hasContact": [
    {
      "@id": "https://data.datatourisme.fr/9c54b63f-3dc5-3b98-8165-0d119fa861e2",
      "schema:telephone": [
        "+33 1 42 66 62 06"
      ],
      "@type": [
        "foaf:Agent",
        "Agent"
      ],
      "foaf:homepage": [
        "http://www.paris-story.com/"
      ]
    }
  ],
  "hasDescription": [
    {
      "@id": "https://data.datatourisme.fr/b1488bca-0799-3a86-af6b-09bbcab5250d",
      "@type": [
        "Description"
      ],
      "hasTranslatedProperty": [
        {
          "@id": "https://data.datatourisme.fr/1a475a71-b05a-37eb-9c85-f3f153bea57e",
          "dc:contributor": [
            "https://api.deepl.com/v2/translate"
          ],
          "rdf:language": [
            "de"
          ],
          "rdf:predicate": [
            "shortDescription"
          ]
        },
        {
          "@id": "https://data.datatourisme.fr/80afce4f-d4d9-3b82-b15e-faf830e3a737",
          "dc:contributor": [
            "https://api.deepl.com/v2/translate"
          ],
          "rdf:language": [
            "it"
          ],
          "rdf:predicate": [
            "shortDescription"
          ]
        },
        {
          "@id": "https://data.datatourisme.fr/bfe2a762-039c-3818-b15d-ec226088f8d4",
          "dc:contributor": [
            "https://api.deepl.com/v2/translate"
          ],
          "rdf:language": [
            "es"
          ],
          "rdf:predicate": [
            "shortDescription"
          ]
        },
        {
          "@id": "https://data.datatourisme.fr/d52ec74a-043e-3314-8112-7189cf215819",
          "dc:contributor": [
            "https://api.deepl.com/v2/translate"
          ],
          "rdf:language": [
            "en"
          ],
          "rdf:predicate": [
            "shortDescription"
          ]
        },
        {
          "@id": "https://data.datatourisme.fr/faa29423-1bb9-3cf9-b19e-c62f0d1879c0",
          "dc:contributor": [
            "https://api.deepl.com/v2/translate"
          ],
          "rdf:language": [
            "nl"
          ],
          "rdf:predicate": [
            "shortDescription"
          ]
        }
      ],
      "shortDescription": {
        "de": [
          "Das neben der Opéra Garnier gelegene Paris Story ist kein Kino wie jedes andere. Es bietet Ihnen eine völlig neue Art der Entdeckung von Paris, die für Kinder und Erwachsene gleichermaßen geeignet ist."
        ],
        "en": [
          "Next to the Opéra Garnier, Paris Story is not a cinema like the others. It offers you a unique discovery of Paris, adapted to children and adults alike."
        ],
        "it": [
          "Accanto all'Opéra Garnier, Paris Story non è un cinema come gli altri. Offre una scoperta unica di Parigi, adatta a bambini e adulti."
        ],
        "fr": [
          "Jouxtant l'Opéra Garnier, Paris Story n'est pas un cinéma comme les autres. Il vous offre une découverte inédite de Paris, adaptée aux petits comme aux plus grands."
        ],
        "nl": [
          "Naast de Opéra Garnier is Paris Story geen bioscoop zoals de andere. Het biedt een unieke ontdekking van Parijs, aangepast aan kinderen en volwassenen."
        ],
        "es": [
          "Junto a la Ópera Garnier, Paris Story no es un cine como los demás. Ofrece un descubrimiento único de París, adaptado a niños y adultos."
        ]
      }
    }
  ],
  "hasRepresentation": [
    {
      "@id": "https://data.datatourisme.fr/cb082349-6ef9-3e98-8d2c-7a464cb765b8",
      "ebucore:hasAnnotation": [
        {
          "@id": "https://data.datatourisme.fr/5cd59ca0-de5d-3552-8a0b-69c5d32d8a80",
          "ebucore:isCoveredBy": "CC BY-SA 4.0",
          "ebucore:title": {
            "fr": [
              "Gare-Montparnasse-Paris-02-2018"
            ]
          },
          "@type": [
            "ebucore:Annotation"
          ],
          "credits": [
            "Gunnar Klack (https://commons.wikimedia.org/wiki/User:Gunnar_Klack)"
          ]
        }
      ],
      "ebucore:hasRelatedResource": [
        {
          "@id": "https://data.datatourisme.fr/2bbfa1b3-a375-3cc7-83e7-37c5efe0f1e0",
          "ebucore:fileSize": [
            2249082
          ],
          "ebucore:hasMimeType": [
            {
              "@id": "kb:JPEG",
              "@type": [
                "ebucore:MimeType"
              ],
              "rdfs:comment": {
                "de": [
                  "JPEG-Bild"
                ],
                "pt": [
                  "Imagem JPEG"
                ],
                "en": [
                  "JPEG image file"
                ],
                "it": [
                  "Immagine JPEG"
                ],
                "fr": [
                  "Image JPEG"
                ],
                "nl": [
                  "JPEG-afbeelding"
                ],
                "es": [
                  "Imagen JPEG"
                ]
              },
              "rdfs:label": {
                "de": [
                  "image/jpeg"
                ],
                "pt": [
                  "image/jpeg"
                ],
                "en": [
                  "image/jpeg"
                ],
                "it": [
                  "image/jpeg"
                ],
                "fr": [
                  "image/jpeg"
                ],
                "nl": [
                  "image/jpeg"
                ],
                "es": [
                  "image/jpeg"
                ]
              }
            }
          ],
          "ebucore:height": 2000,
          "ebucore:locator": [
            "https://upload.wikimedia.org/wikipedia/commons/d/da/Gare-Montparnasse-Paris-02-2018.jpg"
          ],
          "ebucore:width": 2728,
          "@type": [
            "ebucore:Resource"
          ]
        }
      ],
      "@type": [
        "ebucore:EditorialObject"
      ]
    }
  ],
  "hasTheme": [
    {
      "@id": "kb:Culture",
      "@type": [
        "CulturalTheme"
      ],
      "rdfs:label": {
        "de": [
          "Kultur"
        ],
        "pt": [
          "Cultura"
        ],
        "en": [
          "Culture"
        ],
        "it": [
          "Cultura"
        ],
        "fr": [
          "Culture"
        ],
        "nl": [
          "Cultuur"
        ],
        "es": [
          "Cultura"
        ]
      }
    }
  ],
  "hasTranslatedProperty": [
    {
      "@id": "https://data.datatourisme.fr/073cc711-c8f7-3c05-9871-3e031f973474",
      "dc:contributor": [
        "https://api.deepl.com/v2/translate"
      ],
      "rdf:language": [
        "en"
      ],
      "rdf:predicate": [
        {
          "@id": "rdfs:comment"
        }
      ]
    },
    {
      "@id": "https://data.datatourisme.fr/1ff144a6-d097-3316-a296-e06f71d37264",
      "dc:contributor": [
        "https://api.deepl.com/v2/translate"
      ],
      "rdf:language": [
        "de"
      ],
      "rdf:predicate": [
        {
          "@id": "rdfs:comment"
        }
      ]
    },
    {
      "@id": "https://data.datatourisme.fr/74d50f5e-ecae-3f50-8dd5-2f0f492c4f56",
      "dc:contributor": [
        "https://api.deepl.com/v2/translate"
      ],
      "rdf:language": [
        "es"
      ],
      "rdf:predicate": [
        {
          "@id": "rdfs:comment"
        }
      ]
    },
    {
      "@id": "https://data.datatourisme.fr/945569c9-af43-386f-9c5c-4498a399dbcf",
      "dc:contributor": [
        "https://api.deepl.com/v2/translate"
      ],
      "rdf:language": [
        "it"
      ],
      "rdf:predicate": [
        {
          "@id": "rdfs:comment"
        }
      ]
    },
    {
      "@id": "https://data.datatourisme.fr/f3de1655-d53a-38f3-b1a6-70531eb0871c",
      "dc:contributor": [
        "https://api.deepl.com/v2/translate"
      ],
      "rdf:language": [
        "nl"
      ],
      "rdf:predicate": [
        {
          "@id": "rdfs:comment"
        }
      ]
    }
  ],
  "isLocatedAt": [
    {
      "@id": "https://data.datatourisme.fr/78abf869-26da-3c12-a78d-b1cadc7841fa",
      "schema:address": [
        {
          "@id": "https://data.datatourisme.fr/7bfc4c20-eb65-3056-beb0-a320c2ef7765",
          "schema:addressLocality": "Paris",
          "schema:postalCode": "75009",
          "schema:streetAddress": [
            "11 bis rue Scribe"
          ],
          "@type": [
            "schema:PostalAddress",
            "PostalAddress"
          ],
          "hasAddressCity": {
            "@id": "kb:75056",
            "@type": [
              "City"
            ],
            "rdfs:label": {
              "de": [
                "Paris"
              ],
              "pt": [
                "Paris"
              ],
              "en": [
                "Paris"
              ],
              "it": [
                "Paris"
              ],
              "fr": [
                "Paris"
              ],
              "nl": [
                "Paris"
              ],
              "es": [
                "Paris"
              ]
            },
            "insee": "75056",
            "isPartOfDepartment": {
              "@id": "kb:France1175",
              "@type": [
                "Department"
              ],
              "rdfs:label": {
                "de": [
                  "Paris"
                ],
                "pt": [
                  "Paris"
                ],
                "en": [
                  "Paris"
                ],
                "it": [
                  "Paris"
                ],
                "fr": [
                  "Paris"
                ],
                "nl": [
                  "Paris"
                ],
                "es": [
                  "Paris"
                ]
              },
              "insee": "75",
              "isPartOfRegion": {
                "@id": "kb:France11",
                "@type": [
                  "Region"
                ],
                "rdfs:label": {
                  "de": [
                    "Île-de-France"
                  ],
                  "pt": [
                    "Île-de-France"
                  ],
                  "en": [
                    "Île-de-France"
                  ],
                  "it": [
                    "Île-de-France"
                  ],
                  "fr": [
                    "Île-de-France"
                  ],
                  "nl": [
                    "Île-de-France"
                  ],
                  "es": [
                    "Île-de-France"
                  ]
                },
                "insee": "11",
                "isPartOfCountry": {
                  "@id": "kb:France",
                  "@type": [
                    "schema:Country"
                  ],
                  "rdfs:label": {
                    "de": [
                      "France",
                      "Frankreich"
                    ],
                    "pt": [
                      "França",
                      "France"
                    ],
                    "en": [
                      "France"
                    ],
                    "it": [
                      "France",
                      "Francia"
                    ],
                    "fr": [
                      "France"
                    ],
                    "nl": [
                      "France",
                      "Frankrijk"
                    ],
                    "es": [
                      "France",
                      "Francia"
                    ]
                  }
                }
              }
            }
          }
        }
      ],
      "schema:geo": {
        "@id": "https://data.datatourisme.fr/146f8ceb-c7d0-3d13-935a-07e8489888b9",
        "schema:latitude": "48.872358",
        "schema:longitude": "2.330637",
        "@type": [
          "schema:GeoCoordinates"
        ]
      },
      "schema:openingHoursSpecification": [
        {
          "@id": "https://data.datatourisme.fr/e0df63ed-a27a-338b-adee-b4853f341739",
          "schema:closes": "18:00:00",
          "schema:opens": "10:00:00",
          "schema:validFrom": "2023-01-01T00:00:00",
          "schema:validThrough": "2023-12-31T23:59:59",
          "@type": [
            "schema:OpeningHoursSpecification"
          ],
          "additionalInformation": {
            "de": [
              "Vorführungen stündlich von 10:00 bis 18:00 Uhr. (Dauer des Films 50 Minuten)\r\nLetzte Vorführung um 17 Uhr"
            ],
            "en": [
              "Screenings every hour from 10 a.m. to 6 p.m. (duration of the film 50 minutes)\r\nLast screening at 5pm"
            ],
            "it": [
              "Proiezioni ogni ora dalle 10.00 alle 18.00. (durata del film 50 minuti)\r\nUltima proiezione alle 17.00"
            ],
            "fr": [
              "Projections toutes les heures de 10 h à 18 h. (durée du film 50 minutes)\r\nDernière projection à 17h"
            ],
            "nl": [
              "Screenings elk uur van 10 tot 18 uur. (duur van de film 50 minuten)\r\nLaatste vertoning om 17.00 uur"
            ],
            "es": [
              "Proyecciones cada hora de 10 a 18 horas. (duración de la película 50 minutos)\r\nÚltima proyección a las 17 horas"
            ]
          },
          "hasTranslatedProperty": [
            {
              "@id": "https://data.datatourisme.fr/157def70-b429-36c2-8f0a-c815fd6d943c",
              "dc:contributor": [
                "https://api.deepl.com/v2/translate"
              ],
              "rdf:language": [
                "de"
              ],
              "rdf:predicate": [
                "additionalInformation"
              ]
            },
            {
              "@id": "https://data.datatourisme.fr/4fed715a-4cd3-39f9-8de2-67c48e7279ae",
              "dc:contributor": [
                "https://api.deepl.com/v2/translate"
              ],
              "rdf:language": [
                "en"
              ],
              "rdf:predicate": [
                "additionalInformation"
              ]
            },
            {
              "@id": "https://data.datatourisme.fr/b4ff90e9-a50b-3083-906c-6195fb01d21c",
              "dc:contributor": [
                "https://api.deepl.com/v2/translate"
              ],
              "rdf:language": [
                "es"
              ],
              "rdf:predicate": [
                "additionalInformation"
              ]
            },
            {
              "@id": "https://data.datatourisme.fr/b841f25a-e91c-3066-8d10-66278b400eb1",
              "dc:contributor": [
                "https://api.deepl.com/v2/translate"
              ],
              "rdf:language": [
                "nl"
              ],
              "rdf:predicate": [
                "additionalInformation"
              ]
            },
            {
              "@id": "https://data.datatourisme.fr/eef2f4d2-d9ac-3a67-97a7-a03be11a5174",
              "dc:contributor": [
                "https://api.deepl.com/v2/translate"
              ],
              "rdf:language": [
                "it"
              ],
              "rdf:predicate": [
                "additionalInformation"
              ]
            }
          ]
        }
      ],
      "@type": [
        "schema:Place",
        "Place"
      ]
    }
  ],
  "isOwnedBy": [
    {
      "@id": "https://data.datatourisme.fr/26ecd6f0-563c-356a-b0f9-ad3ec17effc4",
      "schema:email": [
        "bgeigle@visitparisregion.com",
        "hcaldo@visitparisregion.com",
        "mtanaskovic@visitparisregion.com"
      ],
      "schema:legalName": "Comité Régional du Tourisme Paris Ile de France",
      "@type": [
        "schema:Organization",
        "foaf:Agent",
        "Agent"
      ],
      "foaf:homepage": [
        "http://www.visitparisregion.com/"
      ]
    }
  ],
  "lastUpdate": "2022-02-08",
  "lastUpdateDatatourisme": "2023-10-02T05:53:31.788Z",
  "offers": [
    {
      "@id": "https://data.datatourisme.fr/04ef05da-9e60-3175-9c60-2ce9d56fc190",
      "schema:priceSpecification": [
        {
          "@id": "https://data.datatourisme.fr/8c28bfa9-9967-39cc-a869-dc0915daf1a5",
          "schema:maxPrice": [
            "10",
            "6",
            "8"
          ],
          "schema:minPrice": [
            "10",
            "6",
            "8"
          ],
          "schema:priceCurrency": "EUR",
          "@type": [
            "schema:PriceSpecification",
            "PriceSpecification"
          ],
          "appliesOnPeriod": [
            {
              "@id": "https://data.datatourisme.fr/5714d2b4-e37d-3b81-a7fb-3e46a0efbefb",
              "@type": [
                "Period"
              ],
              "endDate": "2020-12-31",
              "startDate": "2020-01-01"
            }
          ]
        }
      ],
      "@type": [
        "schema:Offer",
        "Offer"
      ]
    }
  ]
}