{
  "@id": "https://data.datatourisme.fr/13/cab294ce-83b4-3ed8-8cc5-1297edb5c343",
  "dc:identifier": "5289532",
  "@type": [
    "CulturalSite",
    "PlaceOfInterest",
    "PointOfInterest"
  ],
  "rdfs:comment": {
    "de": [
      "Die Comédie-Française oder das Théâtre-Français liegt nur wenige Schritte von der lebhaften Avenue de l'Opéra, dem Louvre und den Gärten des Palais- Royal entfernt und ist eines der ältesten noch bestehenden Theater der Welt und sicherlich auch eines der bekanntesten."
    ],
    "en": [
      "Just a stone's throw from the bustle of the Avenue de l'Opéra, the Louvre Museum and the gardens of the Palais Royal, the Comédie-Française or Théâtre-Français is one of the oldest theatres in the world still in operation and certainly one of the best known."
    ],
    "it": [
      "A pochi passi dalla vivace Avenue de l'Opéra, dal Museo del Louvre e dai giardini del Palais Royal, la Comédie-Française o Théâtre-Français è uno dei più antichi teatri al mondo ancora in funzione e sicuramente uno dei più conosciuti."
    ],
    "fr": [
      "A deux pas de l’effervescence de l’avenue de l’Opéra, du musée du Louvre et des jardins du Palais- Royal, la Comédie-Française ou Théâtre-Français, est l’un des plus vieux théâtres du monde encore en activité et certainement l’un des plus connus."
    ],
    "nl": [
      "De Comédie-Française of Théâtre-Français, op een steenworp afstand van de drukke Opéralaan, het Louvre en de tuinen van het Palais Royal, is een van de oudste nog functionerende theaters ter wereld en zeker een van de bekendste."
    ],
    "es": [
      "A dos pasos de la animada avenida de la Ópera, del Museo del Louvre y de los jardines del Palacio Real, la Comédie-Française o Théâtre-Français es uno de los teatros más antiguos del mundo que sigue en funcionamiento y, sin duda, uno de los más conocidos."
    ]
  },
  "rdfs:label": {
    "en": [
      "La Comédie-Française"
    ],
    "fr": [
      "La Comédie-Française"
    ]
  },
  "owl:sameAs": [
    "http://www.wikidata.org/entity/Q836007"
  ],
  "hasBeenCreatedBy": {
    "@id": "https://data.datatourisme.fr/13/03e0704b-5690-32de-a186-1dc3ad3316c9",
    "dc:identifier": "1019",
    "schema:email": [
      "bgeigle@visitparisregion.com",
      "hcaldo@visitparisregion.com",
      "mtanaskovic@visitparisregion.com"
    ],
    "schema:legalName": "Choose Paris Region",
    "@type": [
      "schema:Organization",
      "foaf:Agent",
      "Agent"
    ],
    "foaf:homepage": [
      "http://www.visitparisregion.com/"
    ]
  },
  "hasBeenPublishedBy": [
    {
      "@id": "https://data.datatourisme.fr/8a9feb4b-2cbd-3d2c-b507-bd6c6776b23b",
      "schema:legalName": "Apidae Tourisme Scic SA - source : Apidae Tourisme",
      "@type": [
        "schema:Organization",
        "foaf:Agent",
        "Agent"
      ],
      "foaf:homepage": [
        "https://www.apidae-tourisme.com/"
      ]
    }
  ],
  "hasContact": [
    {
      "@id": "https://data.datatourisme.fr/263718da-32d2-3a48-abdf-2f29372dc606",
      "schema:telephone": [
        "+33 1 44 58 15 15"
      ],
      "@type": [
        "foaf:Agent",
        "Agent"
      ],
      "foaf:homepage": [
        "https://www.comedie-francaise.fr/fr"
      ]
    }
  ],
  "hasDescription": [
    {
      "@id": "https://data.datatourisme.fr/d805dce1-511a-3098-8934-ef0556e7db8e",
      "@type": [
        "Description"
      ],
      "hasTranslatedProperty": [
        {
          "@id": "https://data.datatourisme.fr/0d1d2e5c-0c94-3325-898b-bbd1e105018f",
          "dc:contributor": [
            "https://api.deepl.com/v2/translate"
          ],
          "rdf:language": [
            "es"
          ],
          "rdf:predicate": [
            "shortDescription"
          ]
        },
        {
          "@id": "https://data.datatourisme.fr/20a20afb-e8ed-3120-92c5-3f82cab26b36",
          "dc:contributor": [
            "https://api.deepl.com/v2/translate"
          ],
          "rdf:language": [
            "it"
          ],
          "rdf:predicate": [
            "shortDescription"
          ]
        },
        {
          "@id": "https://data.datatourisme.fr/407fedce-889d-3982-bace-40b7dfddf734",
          "dc:contributor": [
            "https://api.deepl.com/v2/translate"
          ],
          "rdf:language": [
            "en"
          ],
          "rdf:predicate": [
            "shortDescription"
          ]
        },
        {
          "@id": "https://data.datatourisme.fr/bea55417-a68c-3afb-9032-6837f6d857e0",
          "dc:contributor": [
            "https://api.deepl.com/v2/translate"
          ],
          "rdf:language": [
            "de"
          ],
          "rdf:predicate": [
            "shortDescription"
          ]
        },
        {
          "@id": "https://data.datatourisme.fr/f4be3935-33c9-3a0a-8a2f-535241589c7c",
          "dc:contributor": [
            "https://api.deepl.com/v2/translate"
          ],
          "rdf:language": [
            "nl"
          ],
          "rdf:predicate": [
            "shortDescription"
          ]
        }
      ],
      "shortDescription": {
        "de": [
          "Die Comédie-Française oder das Théâtre-Français liegt nur wenige Schritte von der lebhaften Avenue de l'Opéra, dem Louvre und den Gärten des Palais- Royal entfernt und ist eines der ältesten noch bestehenden Theater der Welt und sicherlich auch eines der bekanntesten."
        ],
        "en": [
          "Just a stone's throw from the bustle of the Avenue de l'Opéra, the Louvre Museum and the gardens of the Palais Royal, the Comédie-Française or Théâtre-Français is one of the oldest theatres in the world still in operation and certainly one of the best known."
        ],
        "it": [
          "A pochi passi dalla vivace Avenue de l'Opéra, dal Museo del Louvre e dai giardini del Palais Royal, la Comédie-Française o Théâtre-Français è uno dei più antichi teatri al mondo ancora in funzione e sicuramente uno dei più conosciuti."
        ],
        "fr": [
          "A deux pas de l’effervescence de l’avenue de l’Opéra, du musée du Louvre et des jardins du Palais- Royal, la Comédie-Française ou Théâtre-Français, est l’un des plus vieux théâtres du monde encore en activité et certainement l’un des plus connus."
        ],
        "nl": [
          "De Comédie-Française of Théâtre-Français, op een steenworp afstand van de drukke Opéralaan, het Louvre en de tuinen van het Palais Royal, is een van de oudste nog functionerende theaters ter wereld en zeker een van de bekendste."
        ],
        "es": [
          "A dos pasos de la animada avenida de la Ópera, del Museo del Louvre y de los jardines del Palacio Real, la Comédie-Française o Théâtre-Français es uno de los teatros más antiguos del mundo que sigue en funcionamiento y, sin duda, uno de los más conocidos."
        ]
      }
    }
  ],
  "hasRepresentation": [
    {
      "@id": "https://data.datatourisme.fr/a5cb8773-78ce-335d-a890-96db1b8b0105",
      "ebucore:hasAnnotation": [
        {
          "@id": "https://data.datatourisme.fr/b9f7d05c-6ed5-30f7-a5b4-6e7e9443930d",
          "ebucore:isCoveredBy": "Public domain",
          "ebucore:title": {
            "fr": [
              "<div class=\"fn\">\nInterior of the Comédie-Française</div>"
            ]
          },
          "@type": [
            "ebucore:Annotation"
          ],
          "credits": [
            "<bdi><a href=\"https://www.wikidata.org/wiki/Q52556686\" class=\"extiw\" title=\"d:Q52556686\"><span title=\"architecture et dessinateur français\">Antoine Meunier</span></a>\n</bdi>"
          ]
        }
      ],
      "ebucore:hasRelatedResource": [
        {
          "@id": "https://data.datatourisme.fr/9251263d-dd3d-352e-a97e-137f8cd69721",
          "ebucore:fileSize": [
            12630890
          ],
          "ebucore:hasMimeType": [
            {
              "@id": "kb:JPEG",
              "@type": [
                "ebucore:MimeType"
              ],
              "rdfs:comment": {
                "de": [
                  "JPEG-Bild"
                ],
                "pt": [
                  "Imagem JPEG"
                ],
                "en": [
                  "JPEG image file"
                ],
                "it": [
                  "Immagine JPEG"
                ],
                "fr": [
                  "Image JPEG"
                ],
                "nl": [
                  "JPEG-afbeelding"
                ],
                "es": [
                  "Imagen JPEG"
                ]
              },
              "rdfs:label": {
                "de": [
                  "image/jpeg"
                ],
                "pt": [
                  "image/jpeg"
                ],
                "en": [
                  "image/jpeg"
                ],
                "it": [
                  "image/jpeg"
                ],
                "fr": [
                  "image/jpeg"
                ],
                "nl": [
                  "image/jpeg"
                ],
                "es": [
                  "image/jpeg"
                ]
              }
            }
          ],
          "ebucore:height": 2844,
          "ebucore:locator": [
            "https://upload.wikimedia.org/wikipedia/commons/1/15/Paris_Comedie-Francaise.jpg"
          ],
          "ebucore:width": 3938,
          "@type": [
            "ebucore:Resource"
          ]
        }
      ],
      "@type": [
        "ebucore:EditorialObject"
      ]
    },
    {
      "@id": "https://data.datatourisme.fr/a9d3c45f-c8dc-39e4-a87c-c45ad725621e",
      "ebucore:hasAnnotation": [
        {
          "@id": "https://data.datatourisme.fr/d36ff85d-752a-3c24-b846-fe442eb6e774",
          "ebucore:isCoveredBy": "Public domain",
          "ebucore:title": {
            "fr": [
              "Comédie Française colonnes"
            ]
          },
          "@type": [
            "ebucore:Annotation"
          ],
          "credits": [
            "Jebulon (https://commons.wikimedia.org/wiki/User:Jebulon)"
          ]
        }
      ],
      "ebucore:hasRelatedResource": [
        {
          "@id": "https://data.datatourisme.fr/31cf3b26-df0b-3cbd-b9fc-83ed98369226",
          "ebucore:fileSize": [
            5084118
          ],
          "ebucore:hasMimeType": [
            {
              "@id": "kb:JPEG",
              "@type": [
                "ebucore:MimeType"
              ],
              "rdfs:comment": {
                "de": [
                  "JPEG-Bild"
                ],
                "pt": [
                  "Imagem JPEG"
                ],
                "en": [
                  "JPEG image file"
                ],
                "it": [
                  "Immagine JPEG"
                ],
                "fr": [
                  "Image JPEG"
                ],
                "nl": [
                  "JPEG-afbeelding"
                ],
                "es": [
                  "Imagen JPEG"
                ]
              },
              "rdfs:label": {
                "de": [
                  "image/jpeg"
                ],
                "pt": [
                  "image/jpeg"
                ],
                "en": [
                  "image/jpeg"
                ],
                "it": [
                  "image/jpeg"
                ],
                "fr": [
                  "image/jpeg"
                ],
                "nl": [
                  "image/jpeg"
                ],
                "es": [
                  "image/jpeg"
                ]
              }
            }
          ],
          "ebucore:height": 2984,
          "ebucore:locator": [
            "https://upload.wikimedia.org/wikipedia/commons/e/eb/Com%C3%A9die_Fran%C3%A7aise_colonnes.jpg"
          ],
          "ebucore:width": 4492,
          "@type": [
            "ebucore:Resource"
          ]
        }
      ],
      "@type": [
        "ebucore:EditorialObject"
      ]
    }
  ],
  "hasTheme": [
    {
      "@id": "kb:Culture",
      "@type": [
        "CulturalTheme"
      ],
      "rdfs:label": {
        "de": [
          "Kultur"
        ],
        "pt": [
          "Cultura"
        ],
        "en": [
          "Culture"
        ],
        "it": [
          "Cultura"
        ],
        "fr": [
          "Culture"
        ],
        "nl": [
          "Cultuur"
        ],
        "es": [
          "Cultura"
        ]
      }
    }
  ],
  "hasTranslatedProperty": [
    {
      "@id": "https://data.datatourisme.fr/0b9a1a72-018e-3ec0-85e7-c7428b8eafd6",
      "dc:contributor": [
        "https://api.deepl.com/v2/translate"
      ],
      "rdf:language": [
        "en"
      ],
      "rdf:predicate": [
        {
          "@id": "rdfs:comment"
        }
      ]
    },
    {
      "@id": "https://data.datatourisme.fr/0fe98e65-3b78-380d-80aa-bcf89b90c1f6",
      "dc:contributor": [
        "https://api.deepl.com/v2/translate"
      ],
      "rdf:language": [
        "it"
      ],
      "rdf:predicate": [
        {
          "@id": "rdfs:comment"
        }
      ]
    },
    {
      "@id": "https://data.datatourisme.fr/1041635f-9481-372b-8377-e04a5a686920",
      "dc:contributor": [
        "https://api.deepl.com/v2/translate"
      ],
      "rdf:language": [
        "de"
      ],
      "rdf:predicate": [
        {
          "@id": "rdfs:comment"
        }
      ]
    },
    {
      "@id": "https://data.datatourisme.fr/6cbb7f37-5a52-3e6a-a09d-5f3390d4b001",
      "dc:contributor": [
        "https://api.deepl.com/v2/translate"
      ],
      "rdf:language": [
        "nl"
      ],
      "rdf:predicate": [
        {
          "@id": "rdfs:comment"
        }
      ]
    },
    {
      "@id": "https://data.datatourisme.fr/8f83a602-791f-320f-bc66-bbf3dbd15cb9",
      "dc:contributor": [
        "https://api.deepl.com/v2/translate"
      ],
      "rdf:language": [
        "es"
      ],
      "rdf:predicate": [
        {
          "@id": "rdfs:comment"
        }
      ]
    }
  ],
  "isLocatedAt": [
    {
      "@id": "https://data.datatourisme.fr/bec51fbd-820c-3364-919c-bb149a6aaaf7",
      "schema:address": [
        {
          "@id": "https://data.datatourisme.fr/22c232c1-3a5e-3ba9-b8a7-616d6e688da5",
          "schema:addressLocality": "Paris",
          "schema:postalCode": "75001",
          "schema:streetAddress": [
            "Salle Richelieu – 1 place Colette",
            "Studio-Théâtre – Galerie du Carrousel du Louvre – 99 rue de Rivoli",
            "Théâtre du Vieux Colombier, 21 Rue du Vieux Colombier, 75006 Paris"
          ],
          "@type": [
            "schema:PostalAddress",
            "PostalAddress"
          ],
          "hasAddressCity": {
            "@id": "kb:75056",
            "@type": [
              "City"
            ],
            "rdfs:label": {
              "de": [
                "Paris"
              ],
              "pt": [
                "Paris"
              ],
              "en": [
                "Paris"
              ],
              "it": [
                "Paris"
              ],
              "fr": [
                "Paris"
              ],
              "nl": [
                "Paris"
              ],
              "es": [
                "Paris"
              ]
            },
            "insee": "75056",
            "isPartOfDepartment": {
              "@id": "kb:France1175",
              "@type": [
                "Department"
              ],
              "rdfs:label": {
                "de": [
                  "Paris"
                ],
                "pt": [
                  "Paris"
                ],
                "en": [
                  "Paris"
                ],
                "it": [
                  "Paris"
                ],
                "fr": [
                  "Paris"
                ],
                "nl": [
                  "Paris"
                ],
                "es": [
                  "Paris"
                ]
              },
              "insee": "75",
              "isPartOfRegion": {
                "@id": "kb:France11",
                "@type": [
                  "Region"
                ],
                "rdfs:label": {
                  "de": [
                    "Île-de-France"
                  ],
                  "pt": [
                    "Île-de-France"
                  ],
                  "en": [
                    "Île-de-France"
                  ],
                  "it": [
                    "Île-de-France"
                  ],
                  "fr": [
                    "Île-de-France"
                  ],
                  "nl": [
                    "Île-de-France"
                  ],
                  "es": [
                    "Île-de-France"
                  ]
                },
                "insee": "11",
                "isPartOfCountry": {
                  "@id": "kb:France",
                  "@type": [
                    "schema:Country"
                  ],
                  "rdfs:label": {
                    "de": [
                      "France",
                      "Frankreich"
                    ],
                    "pt": [
                      "França",
                      "France"
                    ],
                    "en": [
                      "France"
                    ],
                    "it": [
                      "France",
                      "Francia"
                    ],
                    "fr": [
                      "France"
                    ],
                    "nl": [
                      "France",
                      "Frankrijk"
                    ],
                    "es": [
                      "France",
                      "Francia"
                    ]
                  }
                }
              }
            }
          }
        }
      ],
      "schema:geo": {
        "@id": "https://data.datatourisme.fr/a6e0f237-181a-349e-a863-8b5ae06c9e4e",
        "schema:latitude": "48.86318",
        "schema:longitude": "2.336035",
        "@type": [
          "schema:GeoCoordinates"
        ]
      },
      "schema:openingHoursSpecification": [
        {
          "@id": "https://data.datatourisme.fr/60a06233-f059-3b2a-9b0e-28ac6c3bb98f",
          "schema:validFrom": "2023-01-01T00:00:00",
          "schema:validThrough": "2023-12-31T23:59:59",
          "@type": [
            "schema:OpeningHoursSpecification"
          ],
          "additionalInformation": {
            "de": [
              "Richelieu-Saal\r\nAufführungen von Montag bis Sonntag um 20:30 Uhr und von Samstag bis Sonntag um 14:00 Uhr.\r\n\r\nThéâtre du Vieux-Colombier\r\nAufführungen von Mittwoch bis Samstag um 20 Uhr, Dienstag um 19 Uhr und Sonntag um 16 Uhr.\r\n\r\nStudio-Theater\r\nAufführungen von Mittwoch bis Sonntag um 18:30 Uhr."
            ],
            "en": [
              "Richelieu Hall\r\nShows from Monday to Sunday at 8:30 pm and from Saturday to Sunday at 2 pm.\r\n\r\nVieux-Colombier Theater\r\nShows from Wednesday to Saturday at 8 pm, Tuesday at 7 pm and Sunday at 4 pm.\r\n\r\nStudio-Theater\r\nShows from Wednesday to Sunday at 6:30 pm."
            ],
            "it": [
              "Sala Richelieu\r\nSpettacoli da lunedì a domenica alle 20.30 e da sabato a domenica alle 14.00.\r\n\r\nTeatro del Vecchio Colombier\r\nSpettacoli da mercoledì a sabato alle 20.00, martedì alle 19.00 e domenica alle 16.00.\r\n\r\nStudio-Théâtre\r\nSpettacoli da mercoledì a domenica alle 18.30."
            ],
            "fr": [
              "Salle Richelieu\r\nSpectacles du lundi au dimanche, à 20h30 et du samedi au dimanche, à 14h.\r\n\r\nThéâtre du Vieux-Colombier\r\nSpectacles du mercredi au samedi à 20h, mardi à 19h et dimanche à 16h.\r\n\r\nStudio-Théâtre\r\nSpectacles du mercredi au dimanche à 18h30."
            ],
            "es": [
              "Sala Richelieu\r\nFunciones de lunes a domingo a las 20:30 horas y de sábado a domingo a las 14:00 horas.\r\n\r\nTeatro del Viejo Colombier\r\nFunciones de miércoles a sábado a las 20:00 horas, martes a las 19:00 horas y domingo a las 16:00 horas.\r\n\r\nStudio-Théâtre\r\nFunciones de miércoles a domingo a las 18.30 horas."
            ],
            "nl": [
              "Richelieu Hall\r\nVoorstellingen van maandag tot en met zondag om 20.30 uur en van zaterdag tot en met zondag om 14.00 uur.\r\n\r\nThéâtre du Vieux-Colombier\r\nVoorstellingen van woensdag tot en met zaterdag om 20.00 uur, dinsdag om 19.00 uur en zondag om 16.00 uur.\r\n\r\nStudio-Théâtre\r\nVoorstellingen van woensdag tot zondag om 18.30 uur."
            ]
          },
          "hasTranslatedProperty": [
            {
              "@id": "https://data.datatourisme.fr/206ce6b6-45d1-33d8-8c36-72a398527b7b",
              "dc:contributor": [
                "https://api.deepl.com/v2/translate"
              ],
              "rdf:language": [
                "nl"
              ],
              "rdf:predicate": [
                "additionalInformation"
              ]
            },
            {
              "@id": "https://data.datatourisme.fr/2173a672-de15-3911-9d67-f40bbfd4b3b8",
              "dc:contributor": [
                "https://api.deepl.com/v2/translate"
              ],
              "rdf:language": [
                "en"
              ],
              "rdf:predicate": [
                "additionalInformation"
              ]
            },
            {
              "@id": "https://data.datatourisme.fr/32a0fe41-3bde-3047-9fba-6e029ed38363",
              "dc:contributor": [
                "https://api.deepl.com/v2/translate"
              ],
              "rdf:language": [
                "es"
              ],
              "rdf:predicate": [
                "additionalInformation"
              ]
            },
            {
              "@id": "https://data.datatourisme.fr/466f937a-847f-30fb-8c1a-2176e58969ef",
              "dc:contributor": [
                "https://api.deepl.com/v2/translate"
              ],
              "rdf:language": [
                "it"
              ],
              "rdf:predicate": [
                "additionalInformation"
              ]
            },
            {
              "@id": "https://data.datatourisme.fr/c642d517-cdbf-3f37-818d-da7c763a89d9",
              "dc:contributor": [
                "https://api.deepl.com/v2/translate"
              ],
              "rdf:language": [
                "de"
              ],
              "rdf:predicate": [
                "additionalInformation"
              ]
            }
          ]
        }
      ],
      "@type": [
        "schema:Place",
        "Place"
      ]
    }
  ],
  "isOwnedBy": [
    {
      "@id": "https://data.datatourisme.fr/26ecd6f0-563c-356a-b0f9-ad3ec17effc4",
      "schema:email": [
        "bgeigle@visitparisregion.com",
        "hcaldo@visitparisregion.com",
        "mtanaskovic@visitparisregion.com"
      ],
      "schema:legalName": "Comité Régional du Tourisme Paris Ile de France",
      "@type": [
        "schema:Organization",
        "foaf:Agent",
        "Agent"
      ],
      "foaf:homepage": [
        "http://www.visitparisregion.com/"
      ]
    }
  ],
  "lastUpdate": "2023-07-13",
  "lastUpdateDatatourisme": "2023-10-02T05:53:31.676Z"
}