{
  "@id": "https://data.datatourisme.fr/13/cd701206-feba-3af3-b379-c53fff7975e4",
  "dc:identifier": "5284171",
  "@type": [
    "schema:FoodEstablishment",
    "schema:Winery",
    "BistroOrWineBar",
    "FoodEstablishment",
    "PlaceOfInterest",
    "PointOfInterest",
    "SportsAndLeisurePlace"
  ],
  "rdfs:label": {
    "de": [
      "Bar Joséphine - Hôtel Lutetia"
    ],
    "ru": [
      "Bar Joséphine - Hôtel Lutetia"
    ],
    "en": [
      "Bar Joséphine - Hôtel Lutetia"
    ],
    "it": [
      "Bar Joséphine - Hôtel Lutetia"
    ],
    "fr": [
      "Bar Joséphine - Hôtel Lutetia"
    ],
    "zh": [
      "Bar Joséphine - Hôtel Lutetia"
    ],
    "nl": [
      "Bar Joséphine - Hôtel Lutetia"
    ],
    "es": [
      "Bar Joséphine - Hôtel Lutetia"
    ]
  },
  "hasBeenCreatedBy": {
    "@id": "https://data.datatourisme.fr/13/03e0704b-5690-32de-a186-1dc3ad3316c9",
    "dc:identifier": "1019",
    "schema:email": [
      "bgeigle@visitparisregion.com",
      "hcaldo@visitparisregion.com",
      "mtanaskovic@visitparisregion.com"
    ],
    "schema:legalName": "Choose Paris Region",
    "@type": [
      "schema:Organization",
      "foaf:Agent",
      "Agent"
    ],
    "foaf:homepage": [
      "http://www.visitparisregion.com/"
    ]
  },
  "hasBeenPublishedBy": [
    {
      "@id": "https://data.datatourisme.fr/8a9feb4b-2cbd-3d2c-b507-bd6c6776b23b",
      "schema:legalName": "Apidae Tourisme Scic SA - source : Apidae Tourisme",
      "@type": [
        "schema:Organization",
        "foaf:Agent",
        "Agent"
      ],
      "foaf:homepage": [
        "https://www.apidae-tourisme.com/"
      ]
    }
  ],
  "hasContact": [
    {
      "@id": "https://data.datatourisme.fr/263c9b0b-fde4-356e-8193-3abb250412c8",
      "schema:telephone": [
        "+33 1 49 54 46 00"
      ],
      "@type": [
        "foaf:Agent",
        "Agent"
      ],
      "foaf:homepage": [
        "https://www.hotellutetia.com/fr/bar-josephine"
      ]
    }
  ],
  "isLocatedAt": [
    {
      "@id": "https://data.datatourisme.fr/e86586dc-5231-31df-a587-303f0bf4fb02",
      "schema:address": [
        {
          "@id": "https://data.datatourisme.fr/947c010a-59f6-3094-ac67-f458f2714c6a",
          "schema:addressLocality": "Paris 6e Arrondissement",
          "schema:postalCode": "75006",
          "schema:streetAddress": [
            "45 boulevard Raspail"
          ],
          "@type": [
            "schema:PostalAddress",
            "PostalAddress"
          ],
          "hasAddressCity": {
            "@id": "kb:75106",
            "@type": [
              "City"
            ],
            "rdfs:label": {
              "de": [
                "Paris 6e Arrondissement"
              ],
              "pt": [
                "Paris 6e Arrondissement"
              ],
              "en": [
                "Paris 6e Arrondissement"
              ],
              "it": [
                "Paris 6e Arrondissement"
              ],
              "fr": [
                "Paris 6e Arrondissement"
              ],
              "nl": [
                "Paris 6e Arrondissement"
              ],
              "es": [
                "Paris 6e Arrondissement"
              ]
            },
            "insee": "75106",
            "isPartOfDepartment": {
              "@id": "kb:France1175",
              "@type": [
                "Department"
              ],
              "rdfs:label": {
                "de": [
                  "Paris"
                ],
                "pt": [
                  "Paris"
                ],
                "en": [
                  "Paris"
                ],
                "it": [
                  "Paris"
                ],
                "fr": [
                  "Paris"
                ],
                "nl": [
                  "Paris"
                ],
                "es": [
                  "Paris"
                ]
              },
              "insee": "75",
              "isPartOfRegion": {
                "@id": "kb:France11",
                "@type": [
                  "Region"
                ],
                "rdfs:label": {
                  "de": [
                    "Île-de-France"
                  ],
                  "pt": [
                    "Île-de-France"
                  ],
                  "en": [
                    "Île-de-France"
                  ],
                  "it": [
                    "Île-de-France"
                  ],
                  "fr": [
                    "Île-de-France"
                  ],
                  "nl": [
                    "Île-de-France"
                  ],
                  "es": [
                    "Île-de-France"
                  ]
                },
                "insee": "11",
                "isPartOfCountry": {
                  "@id": "kb:France",
                  "@type": [
                    "schema:Country"
                  ],
                  "rdfs:label": {
                    "de": [
                      "France",
                      "Frankreich"
                    ],
                    "pt": [
                      "França",
                      "France"
                    ],
                    "en": [
                      "France"
                    ],
                    "it": [
                      "France",
                      "Francia"
                    ],
                    "fr": [
                      "France"
                    ],
                    "nl": [
                      "France",
                      "Frankrijk"
                    ],
                    "es": [
                      "France",
                      "Francia"
                    ]
                  }
                }
              }
            }
          }
        }
      ],
      "schema:geo": {
        "@id": "https://data.datatourisme.fr/94038375-8bfa-3c6d-bddd-148363082133",
        "schema:latitude": "48.851244",
        "schema:longitude": "2.327238",
        "@type": [
          "schema:GeoCoordinates"
        ]
      },
      "schema:openingHoursSpecification": [
        {
          "@id": "https://data.datatourisme.fr/ae033460-ce38-3dce-9a97-a60a3fce6a3d",
          "schema:validFrom": "2023-01-01T00:00:00",
          "schema:validThrough": "2023-12-31T23:59:59",
          "@type": [
            "schema:OpeningHoursSpecification"
          ],
          "additionalInformation": {
            "de": [
              "Ab 15 Uhr"
            ],
            "en": [
              "Starting at 3pm"
            ],
            "it": [
              "A partire dalle 15:00"
            ],
            "fr": [
              "A partir de 15h"
            ],
            "nl": [
              "Vanaf 15.00 uur"
            ],
            "es": [
              "A partir de las 15 horas"
            ]
          },
          "hasTranslatedProperty": [
            {
              "@id": "https://data.datatourisme.fr/0a83a059-90a4-3253-a4a3-ada6ae3d1d0a",
              "dc:contributor": [
                "https://api.deepl.com/v2/translate"
              ],
              "rdf:language": [
                "de"
              ],
              "rdf:predicate": [
                "additionalInformation"
              ]
            },
            {
              "@id": "https://data.datatourisme.fr/539c1a2c-2283-306e-ab69-45b02b88dbbc",
              "dc:contributor": [
                "https://api.deepl.com/v2/translate"
              ],
              "rdf:language": [
                "nl"
              ],
              "rdf:predicate": [
                "additionalInformation"
              ]
            },
            {
              "@id": "https://data.datatourisme.fr/6129b021-1e1c-3a1a-b204-b35d461ef901",
              "dc:contributor": [
                "https://api.deepl.com/v2/translate"
              ],
              "rdf:language": [
                "en"
              ],
              "rdf:predicate": [
                "additionalInformation"
              ]
            },
            {
              "@id": "https://data.datatourisme.fr/65181002-fd05-3cae-98ea-eaed6e40877c",
              "dc:contributor": [
                "https://api.deepl.com/v2/translate"
              ],
              "rdf:language": [
                "it"
              ],
              "rdf:predicate": [
                "additionalInformation"
              ]
            },
            {
              "@id": "https://data.datatourisme.fr/7665d982-0a56-3dea-b7ea-241f990ba82a",
              "dc:contributor": [
                "https://api.deepl.com/v2/translate"
              ],
              "rdf:language": [
                "es"
              ],
              "rdf:predicate": [
                "additionalInformation"
              ]
            }
          ]
        }
      ],
      "@type": [
        "schema:Place",
        "Place"
      ]
    }
  ],
  "isOwnedBy": [
    {
      "@id": "https://data.datatourisme.fr/26ecd6f0-563c-356a-b0f9-ad3ec17effc4",
      "schema:email": [
        "bgeigle@visitparisregion.com",
        "hcaldo@visitparisregion.com",
        "mtanaskovic@visitparisregion.com"
      ],
      "schema:legalName": "Comité Régional du Tourisme Paris Ile de France",
      "@type": [
        "schema:Organization",
        "foaf:Agent",
        "Agent"
      ],
      "foaf:homepage": [
        "http://www.visitparisregion.com/"
      ]
    }
  ],
  "lastUpdate": "2023-06-12",
  "lastUpdateDatatourisme": "2023-10-02T05:53:31.753Z"
}