{
  "@id": "https://data.datatourisme.fr/13/cdc74e7e-570d-39a9-9ee7-05b0494c7ade",
  "dc:identifier": "679713",
  "@type": [
    "schema:Accommodation",
    "schema:FoodEstablishment",
    "schema:Hotel",
    "schema:LodgingBusiness",
    "schema:Restaurant",
    "Accommodation",
    "FoodEstablishment",
    "Hotel",
    "HotelRestaurant",
    "HotelTrade",
    "PlaceOfInterest",
    "PointOfInterest",
    "Restaurant"
  ],
  "rdfs:comment": {
    "de": [
      "Eine moderne Einrichtung, die sich perfekt in den künstlerischen und kulturellen Rahmen des Parc de la Villette in Paris einfügt. Gegenüber dem Zénith werden Sie die Nähe zum historischen Zentrum von Paris und zum Stade de France zu schätzen wissen."
    ],
    "en": [
      "A modern facility that blends perfectly with the artistic and cultural context of the Parc de la Villette in Paris. In front of the Zenith, you will appreciate the proximity of the historic center of Paris and the Stade de France."
    ],
    "it": [
      "Una struttura moderna che si inserisce perfettamente nel contesto artistico e culturale del Parc de la Villette di Parigi. Di fronte allo Zenith potrete apprezzare la vicinanza al centro storico di Parigi e allo Stade de France."
    ],
    "fr": [
      "Un établissement moderne qui se fond parfaitement dans le cadre artistique et culturel du parc de la Villette à Paris. Face du Zénith vous apprécierez la proximité du centre historique de Paris et du Stade de France."
    ],
    "es": [
      "Un establecimiento moderno que se funde perfectamente en el ambiente artístico y cultural del parque de la Villette en París. Situado enfrente del Zénith, cerca del centro histórico de París y del Stade de France."
    ],
    "nl": [
      "Een modern etablissement dat perfect past in de artistieke en culturele omgeving van het Parc de la Villette in Parijs. Tegenover het Zenith zult u de nabijheid van het historische centrum van Parijs en het Stade de France waarderen."
    ]
  },
  "rdfs:label": {
    "fr": [
      "Mercure Paris La Villette"
    ]
  },
  "hasBeenCreatedBy": {
    "@id": "https://data.datatourisme.fr/13/298923c8-1900-35e9-9288-b430794814c4",
    "dc:identifier": "1015",
    "schema:email": [
      "jt.charbonnier@plainecommunetourisme.com",
      "s.vallier@plainecommunetourisme.com",
      "webmarketer@plainecommunetourisme.com"
    ],
    "schema:legalName": "Office de Tourisme Plaine commune grand Paris",
    "@type": [
      "schema:Organization",
      "foaf:Agent",
      "Agent"
    ],
    "foaf:homepage": [
      "https://www.tourisme-plainecommune-paris.com/"
    ]
  },
  "hasBeenPublishedBy": [
    {
      "@id": "https://data.datatourisme.fr/8a9feb4b-2cbd-3d2c-b507-bd6c6776b23b",
      "schema:legalName": "Apidae Tourisme Scic SA - source : Apidae Tourisme",
      "@type": [
        "schema:Organization",
        "foaf:Agent",
        "Agent"
      ],
      "foaf:homepage": [
        "https://www.apidae-tourisme.com/"
      ]
    }
  ],
  "hasContact": [
    {
      "@id": "https://data.datatourisme.fr/1a55cf61-70bf-3a74-a0d4-9ae431c515a4",
      "schema:email": [
        "mercure.parisv@alliance-hospitality.com"
      ],
      "schema:telephone": [
        "+33 1 44 84 18 18"
      ],
      "@type": [
        "foaf:Agent",
        "Agent"
      ],
      "foaf:homepage": [
        "http://www.mercure.com/8816"
      ]
    }
  ],
  "hasDescription": [
    {
      "@id": "https://data.datatourisme.fr/74703004-9752-31a5-aed6-3cd6e4f7d26f",
      "@type": [
        "Description"
      ],
      "hasTranslatedProperty": [
        {
          "@id": "https://data.datatourisme.fr/024d9368-1468-3a7c-81e6-75d1690ea5df",
          "dc:contributor": [
            "https://api.deepl.com/v2/translate"
          ],
          "rdf:language": [
            "de"
          ],
          "rdf:predicate": [
            "shortDescription"
          ]
        },
        {
          "@id": "https://data.datatourisme.fr/7d971386-0f7d-3ae3-98c3-be7c7684b0ad",
          "dc:contributor": [
            "https://api.deepl.com/v2/translate"
          ],
          "rdf:language": [
            "nl"
          ],
          "rdf:predicate": [
            "shortDescription"
          ]
        },
        {
          "@id": "https://data.datatourisme.fr/d87beac8-cb11-3a58-87c2-f192c8546954",
          "dc:contributor": [
            "https://api.deepl.com/v2/translate"
          ],
          "rdf:language": [
            "it"
          ],
          "rdf:predicate": [
            "shortDescription"
          ]
        }
      ],
      "shortDescription": {
        "de": [
          "Eine moderne Einrichtung, die sich perfekt in den künstlerischen und kulturellen Rahmen des Parc de la Villette in Paris einfügt. Gegenüber dem Zénith werden Sie die Nähe zum historischen Zentrum von Paris und zum Stade de France zu schätzen wissen."
        ],
        "en": [
          "A modern facility that blends perfectly with the artistic and cultural context of the Parc de la Villette in Paris. In front of the Zenith, you will appreciate the proximity of the historic center of Paris and the Stade de France."
        ],
        "it": [
          "Una struttura moderna che si inserisce perfettamente nel contesto artistico e culturale del Parc de la Villette di Parigi. Di fronte allo Zenith potrete apprezzare la vicinanza al centro storico di Parigi e allo Stade de France."
        ],
        "fr": [
          "Un établissement moderne qui se fond parfaitement dans le cadre artistique et culturel du parc de la Villette à Paris. Face du Zénith vous apprécierez la proximité du centre historique de Paris et du Stade de France."
        ],
        "es": [
          "Un establecimiento moderno que se funde perfectamente en el ambiente artístico y cultural del parque de la Villette en París. Situado enfrente del Zénith, cerca del centro histórico de París y del Stade de France."
        ],
        "nl": [
          "Een modern etablissement dat perfect past in de artistieke en culturele omgeving van het Parc de la Villette in Parijs. Tegenover het Zenith zult u de nabijheid van het historische centrum van Parijs en het Stade de France waarderen."
        ]
      }
    }
  ],
  "hasTranslatedProperty": [
    {
      "@id": "https://data.datatourisme.fr/6582e7ee-d1af-3e3b-8808-f16b199aea0e",
      "dc:contributor": [
        "https://api.deepl.com/v2/translate"
      ],
      "rdf:language": [
        "it"
      ],
      "rdf:predicate": [
        {
          "@id": "rdfs:comment"
        }
      ]
    },
    {
      "@id": "https://data.datatourisme.fr/9d3900ea-7ad4-3dd9-b8a3-4f7a030cf753",
      "dc:contributor": [
        "https://api.deepl.com/v2/translate"
      ],
      "rdf:language": [
        "nl"
      ],
      "rdf:predicate": [
        {
          "@id": "rdfs:comment"
        }
      ]
    },
    {
      "@id": "https://data.datatourisme.fr/e4774c16-6d65-37ca-8b79-5dc2d5516956",
      "dc:contributor": [
        "https://api.deepl.com/v2/translate"
      ],
      "rdf:language": [
        "de"
      ],
      "rdf:predicate": [
        {
          "@id": "rdfs:comment"
        }
      ]
    }
  ],
  "isLocatedAt": [
    {
      "@id": "https://data.datatourisme.fr/8dc49903-ad15-354d-a4c5-d0c07b829a22",
      "schema:address": [
        {
          "@id": "https://data.datatourisme.fr/96bdb67b-b222-370f-adb1-3c3577d8423f",
          "schema:addressLocality": "Paris",
          "schema:postalCode": "75019",
          "schema:streetAddress": [
            "216 avenue Jean Jaurès"
          ],
          "@type": [
            "schema:PostalAddress",
            "PostalAddress"
          ],
          "hasAddressCity": {
            "@id": "kb:75056",
            "@type": [
              "City"
            ],
            "rdfs:label": {
              "de": [
                "Paris"
              ],
              "pt": [
                "Paris"
              ],
              "en": [
                "Paris"
              ],
              "it": [
                "Paris"
              ],
              "fr": [
                "Paris"
              ],
              "nl": [
                "Paris"
              ],
              "es": [
                "Paris"
              ]
            },
            "insee": "75056",
            "isPartOfDepartment": {
              "@id": "kb:France1175",
              "@type": [
                "Department"
              ],
              "rdfs:label": {
                "de": [
                  "Paris"
                ],
                "pt": [
                  "Paris"
                ],
                "en": [
                  "Paris"
                ],
                "it": [
                  "Paris"
                ],
                "fr": [
                  "Paris"
                ],
                "nl": [
                  "Paris"
                ],
                "es": [
                  "Paris"
                ]
              },
              "insee": "75",
              "isPartOfRegion": {
                "@id": "kb:France11",
                "@type": [
                  "Region"
                ],
                "rdfs:label": {
                  "de": [
                    "Île-de-France"
                  ],
                  "pt": [
                    "Île-de-France"
                  ],
                  "en": [
                    "Île-de-France"
                  ],
                  "it": [
                    "Île-de-France"
                  ],
                  "fr": [
                    "Île-de-France"
                  ],
                  "nl": [
                    "Île-de-France"
                  ],
                  "es": [
                    "Île-de-France"
                  ]
                },
                "insee": "11",
                "isPartOfCountry": {
                  "@id": "kb:France",
                  "@type": [
                    "schema:Country"
                  ],
                  "rdfs:label": {
                    "de": [
                      "France",
                      "Frankreich"
                    ],
                    "pt": [
                      "França",
                      "France"
                    ],
                    "en": [
                      "France"
                    ],
                    "it": [
                      "France",
                      "Francia"
                    ],
                    "fr": [
                      "France"
                    ],
                    "nl": [
                      "France",
                      "Frankrijk"
                    ],
                    "es": [
                      "France",
                      "Francia"
                    ]
                  }
                }
              }
            }
          }
        }
      ],
      "schema:geo": {
        "@id": "https://data.datatourisme.fr/e1400def-8f59-3000-9664-e6376b2b8b6a",
        "schema:latitude": "48.888755",
        "schema:longitude": "2.39367",
        "@type": [
          "schema:GeoCoordinates"
        ]
      },
      "schema:openingHoursSpecification": [
        {
          "@id": "https://data.datatourisme.fr/f87e535a-636d-3343-ad63-8a03392e7511",
          "schema:validFrom": "2023-01-01T00:00:00",
          "schema:validThrough": "2023-12-31T23:59:59",
          "@type": [
            "schema:OpeningHoursSpecification"
          ]
        }
      ],
      "@type": [
        "schema:Place",
        "Place"
      ]
    }
  ],
  "isOwnedBy": [
    {
      "@id": "https://data.datatourisme.fr/0d295593-2e92-3cc3-8700-156dfc8eed88",
      "schema:email": [
        "jt.charbonnier@plainecommunetourisme.com",
        "s.vallier@plainecommunetourisme.com",
        "webmarketer@plainecommunetourisme.com"
      ],
      "schema:legalName": "Office de Tourisme Plaine commune grand Paris",
      "@type": [
        "schema:Organization",
        "foaf:Agent",
        "Agent"
      ],
      "foaf:homepage": [
        "https://www.tourisme-plainecommune-paris.com/"
      ]
    }
  ],
  "lastUpdate": "2022-06-11",
  "lastUpdateDatatourisme": "2023-10-02T05:53:31.718Z",
  "offers": [
    {
      "@id": "https://data.datatourisme.fr/9149862f-fcd5-3467-922b-1438b174abf8",
      "schema:priceSpecification": [
        {
          "@id": "https://data.datatourisme.fr/48fd01c6-a43d-3e2b-aa79-ee6e86576bdd",
          "schema:minPrice": [
            "125",
            "170",
            "190"
          ],
          "schema:priceCurrency": "EUR",
          "@type": [
            "schema:PriceSpecification",
            "PriceSpecification"
          ],
          "appliesOnPeriod": [
            {
              "@id": "https://data.datatourisme.fr/134b755c-4075-31b4-827d-ae1bf4fed0de",
              "@type": [
                "Period"
              ],
              "endDate": "2017-12-31",
              "startDate": "2017-01-01"
            }
          ]
        }
      ],
      "@type": [
        "schema:Offer",
        "Offer"
      ]
    }
  ]
}