{
  "@id": "https://data.datatourisme.fr/13/1e2ecf8d-cf79-3b5e-b2f9-8547c66b6b89",
  "dc:identifier": "4696472",
  "@type": [
    "olo:OrderedList",
    "PlaceOfInterest",
    "PointOfInterest",
    "SportsAndLeisurePlace",
    "Tour",
    "WalkingTour"
  ],
  "rdfs:comment": {
    "de": [
      "Eine sehr angenehme Wanderung zwischen den Hängen des Saint-Joseph, der Frische des Unterholzes und den weiten Aussichtspunkten des Plateaus.\r\nZu entdecken im Wanderführer, der im Tourismusbüro erhältlich ist, und in der App \"les échappées inspées\"."
    ],
    "en": [
      "A very pleasant walk between the slopes of the Saint-Joseph, the freshness of the undergrowth and the wide views of the plateau.\r\nTo be discovered in the guidebook on sale at the tourist office and the \"inspired escapes\" application."
    ],
    "it": [
      "Una passeggiata molto piacevole tra le pendici del Saint-Joseph, la freschezza del sottobosco e le ampie vedute dell'altopiano.\r\nDa scoprire nella guida in vendita presso l'ufficio turistico e nell'applicazione \"fughe ispirate\"."
    ],
    "fr": [
      "Une randonnée très agréable entre les coteaux du Saint-Joseph, la fraîcheur des sous-bois et les larges points de vue du plateau.\r\nA découvrir dans le guide en vente à l'office de tourisme et l'application les \"échappées inspirées\"."
    ],
    "es": [
      "Un paseo muy agradable entre las laderas del Saint-Joseph, el frescor del sotobosque y las amplias vistas de la meseta.\r\nSe puede descubrir en la guía a la venta en la oficina de turismo y en la aplicación \"Escapadas inspiradas\"."
    ],
    "nl": [
      "Een zeer aangename wandeling tussen de hellingen van de Saint-Joseph, de frisheid van het kreupelhout en het weidse uitzicht op het plateau.\r\nTe ontdekken in de gids die te koop is bij het toeristenbureau en de applicatie \"inspired escapes\"."
    ]
  },
  "rdfs:label": {
    "fr": [
      "Les Terrasses"
    ]
  },
  "hasBeenCreatedBy": {
    "@id": "https://data.datatourisme.fr/13/73278a4a-8696-3eeb-976a-8fd4c9ec6997",
    "dc:identifier": "113",
    "schema:email": [
      "d.sanial@dromardeche.fr",
      "j.bruyere@dromardeche.fr"
    ],
    "schema:legalName": "Office de Tourisme Porte de DrômArdèche",
    "@type": [
      "schema:Organization",
      "foaf:Agent",
      "Agent"
    ],
    "foaf:homepage": [
      "http://www.autour-du-palais-ideal.fr/"
    ]
  },
  "hasBeenPublishedBy": [
    {
      "@id": "https://data.datatourisme.fr/d48f2ccd-2357-3a8e-b949-cb8bf19a361f",
      "schema:legalName": "Agence d'Attractivité de la Drôme - source : Apidae Tourisme",
      "@type": [
        "schema:Organization",
        "foaf:Agent",
        "Agent"
      ],
      "foaf:homepage": [
        "https://www.apidae-tourisme.com/"
      ]
    }
  ],
  "hasContact": [
    {
      "@id": "https://data.datatourisme.fr/e4a61420-5736-3383-8b66-c11b58e648c9",
      "schema:email": [
        "porte@dromardeche.fr"
      ],
      "schema:telephone": [
        "+33 4 75 23 45 33"
      ],
      "@type": [
        "foaf:Agent",
        "Agent"
      ],
      "foaf:homepage": [
        "http://www.autour-du-palais-ideal.fr/"
      ]
    }
  ],
  "hasDescription": [
    {
      "@id": "https://data.datatourisme.fr/b2521b04-d723-3b36-b705-99e6f85b9a14",
      "@type": [
        "Description"
      ],
      "hasTranslatedProperty": [
        {
          "@id": "https://data.datatourisme.fr/a44a692c-55d7-3414-91a7-db2a0758bec0",
          "dc:contributor": [
            "https://api.deepl.com/v2/translate"
          ],
          "rdf:language": [
            "es"
          ],
          "rdf:predicate": [
            "shortDescription"
          ]
        },
        {
          "@id": "https://data.datatourisme.fr/c1d7db1d-6d8d-3c49-af06-12765ff0127f",
          "dc:contributor": [
            "https://api.deepl.com/v2/translate"
          ],
          "rdf:language": [
            "nl"
          ],
          "rdf:predicate": [
            "shortDescription"
          ]
        },
        {
          "@id": "https://data.datatourisme.fr/c46b94ac-ef14-3169-97e8-8cdd724f1ec3",
          "dc:contributor": [
            "https://api.deepl.com/v2/translate"
          ],
          "rdf:language": [
            "de"
          ],
          "rdf:predicate": [
            "shortDescription"
          ]
        },
        {
          "@id": "https://data.datatourisme.fr/fd4fe098-a751-3083-9f15-259bb9013737",
          "dc:contributor": [
            "https://api.deepl.com/v2/translate"
          ],
          "rdf:language": [
            "it"
          ],
          "rdf:predicate": [
            "shortDescription"
          ]
        }
      ],
      "shortDescription": {
        "de": [
          "Eine sehr angenehme Wanderung zwischen den Hängen des Saint-Joseph, der Frische des Unterholzes und den weiten Aussichtspunkten des Plateaus.\r\nZu entdecken im Wanderführer, der im Tourismusbüro erhältlich ist, und in der App \"les échappées inspées\"."
        ],
        "en": [
          "A very pleasant walk between the slopes of the Saint-Joseph, the freshness of the undergrowth and the wide views of the plateau.\r\nTo be discovered in the guidebook on sale at the tourist office and the \"inspired escapes\" application."
        ],
        "it": [
          "Una passeggiata molto piacevole tra le pendici del Saint-Joseph, la freschezza del sottobosco e le ampie vedute dell'altopiano.\r\nDa scoprire nella guida in vendita presso l'ufficio turistico e nell'applicazione \"fughe ispirate\"."
        ],
        "fr": [
          "Une randonnée très agréable entre les coteaux du Saint-Joseph, la fraîcheur des sous-bois et les larges points de vue du plateau.\r\nA découvrir dans le guide en vente à l'office de tourisme et l'application les \"échappées inspirées\"."
        ],
        "es": [
          "Un paseo muy agradable entre las laderas del Saint-Joseph, el frescor del sotobosque y las amplias vistas de la meseta.\r\nSe puede descubrir en la guía a la venta en la oficina de turismo y en la aplicación \"Escapadas inspiradas\"."
        ],
        "nl": [
          "Een zeer aangename wandeling tussen de hellingen van de Saint-Joseph, de frisheid van het kreupelhout en het weidse uitzicht op het plateau.\r\nTe ontdekken in de gids die te koop is bij het toeristenbureau en de applicatie \"inspired escapes\"."
        ]
      }
    }
  ],
  "hasTheme": [
    {
      "@id": "kb:Hiking",
      "@type": [
        "SportsTheme"
      ],
      "rdfs:label": {
        "de": [
          "Wanderung"
        ],
        "pt": [
          "Caminhada"
        ],
        "en": [
          "Hiking"
        ],
        "it": [
          "Escursione"
        ],
        "fr": [
          "Randonnée"
        ],
        "nl": [
          "Wandelen"
        ],
        "es": [
          "Senderismo"
        ]
      }
    },
    {
      "@id": "kb:Pedestrian",
      "@type": [
        "SportsTheme"
      ],
      "rdfs:label": {
        "de": [
          "Zu Fuß"
        ],
        "pt": [
          "Pedestre"
        ],
        "en": [
          "Pedestrian"
        ],
        "it": [
          "A piedi"
        ],
        "fr": [
          "Pédestre"
        ],
        "nl": [
          "Voetgangers"
        ],
        "es": [
          "Peatón"
        ]
      }
    },
    {
      "@id": "kb:Running",
      "@type": [
        "SportsTheme"
      ],
      "rdfs:label": {
        "de": [
          "Laufen"
        ],
        "pt": [
          "Corrida a pé"
        ],
        "en": [
          "Running"
        ],
        "it": [
          "Corsa a piedi"
        ],
        "fr": [
          "Course à pied"
        ],
        "nl": [
          "Hardlopen"
        ],
        "es": [
          "Carrera a pie"
        ]
      }
    }
  ],
  "hasTranslatedProperty": [
    {
      "@id": "https://data.datatourisme.fr/02df3d4c-d37c-3c4f-bf1c-3281e4b269d2",
      "dc:contributor": [
        "https://api.deepl.com/v2/translate"
      ],
      "rdf:language": [
        "it"
      ],
      "rdf:predicate": [
        {
          "@id": "rdfs:comment"
        }
      ]
    },
    {
      "@id": "https://data.datatourisme.fr/0cc039b8-7e16-3ffc-b3a9-6df97f1804da",
      "dc:contributor": [
        "https://api.deepl.com/v2/translate"
      ],
      "rdf:language": [
        "nl"
      ],
      "rdf:predicate": [
        {
          "@id": "rdfs:comment"
        }
      ]
    },
    {
      "@id": "https://data.datatourisme.fr/8d4ea479-b9a5-3cdd-9153-77674932a5e2",
      "dc:contributor": [
        "https://api.deepl.com/v2/translate"
      ],
      "rdf:language": [
        "es"
      ],
      "rdf:predicate": [
        {
          "@id": "rdfs:comment"
        }
      ]
    },
    {
      "@id": "https://data.datatourisme.fr/abecd4da-bda7-3aa9-b9a9-6a9e3d9822c0",
      "dc:contributor": [
        "https://api.deepl.com/v2/translate"
      ],
      "rdf:language": [
        "de"
      ],
      "rdf:predicate": [
        {
          "@id": "rdfs:comment"
        }
      ]
    }
  ],
  "isLocatedAt": [
    {
      "@id": "https://data.datatourisme.fr/2982d52f-bdd2-3946-93ae-0615d6bce653",
      "schema:address": [
        {
          "@id": "https://data.datatourisme.fr/96f16e43-07ba-3f8b-ac73-a28238439943",
          "schema:addressLocality": "Sarras",
          "schema:postalCode": "07370",
          "schema:streetAddress": [
            "Place de l'église"
          ],
          "@type": [
            "schema:PostalAddress",
            "PostalAddress"
          ],
          "hasAddressCity": {
            "@id": "kb:07308",
            "@type": [
              "City"
            ],
            "rdfs:label": {
              "de": [
                "Sarras"
              ],
              "pt": [
                "Sarras"
              ],
              "en": [
                "Sarras"
              ],
              "it": [
                "Sarras"
              ],
              "fr": [
                "Sarras"
              ],
              "nl": [
                "Sarras"
              ],
              "es": [
                "Sarras"
              ]
            },
            "insee": "07308",
            "isPartOfDepartment": {
              "@id": "kb:France8407",
              "@type": [
                "Department"
              ],
              "rdfs:label": {
                "de": [
                  "Ardèche"
                ],
                "pt": [
                  "Ardèche"
                ],
                "en": [
                  "Ardèche"
                ],
                "it": [
                  "Ardèche"
                ],
                "fr": [
                  "Ardèche"
                ],
                "nl": [
                  "Ardèche"
                ],
                "es": [
                  "Ardèche"
                ]
              },
              "insee": "07",
              "isPartOfRegion": {
                "@id": "kb:France84",
                "@type": [
                  "Region"
                ],
                "rdfs:label": {
                  "de": [
                    "Auvergne-Rhône-Alpes"
                  ],
                  "pt": [
                    "Auvergne-Rhône-Alpes"
                  ],
                  "en": [
                    "Auvergne-Rhône-Alpes"
                  ],
                  "it": [
                    "Auvergne-Rhône-Alpes"
                  ],
                  "fr": [
                    "Auvergne-Rhône-Alpes"
                  ],
                  "nl": [
                    "Auvergne-Rhône-Alpes"
                  ],
                  "es": [
                    "Auvergne-Rhône-Alpes"
                  ]
                },
                "insee": "84",
                "isPartOfCountry": {
                  "@id": "kb:France",
                  "@type": [
                    "schema:Country"
                  ],
                  "rdfs:label": {
                    "de": [
                      "France",
                      "Frankreich"
                    ],
                    "pt": [
                      "França",
                      "France"
                    ],
                    "en": [
                      "France"
                    ],
                    "it": [
                      "France",
                      "Francia"
                    ],
                    "fr": [
                      "France"
                    ],
                    "nl": [
                      "France",
                      "Frankrijk"
                    ],
                    "es": [
                      "France",
                      "Francia"
                    ]
                  }
                }
              }
            }
          }
        }
      ],
      "schema:geo": {
        "@id": "https://data.datatourisme.fr/10843cad-5764-3ff5-80ea-98ff36b6e2fe",
        "schema:latitude": "45.186709",
        "schema:longitude": "4.798622",
        "@type": [
          "schema:GeoCoordinates"
        ]
      },
      "schema:openingHoursSpecification": [
        {
          "@id": "https://data.datatourisme.fr/f87e535a-636d-3343-ad63-8a03392e7511",
          "schema:validFrom": "2023-01-01T00:00:00",
          "schema:validThrough": "2023-12-31T23:59:59",
          "@type": [
            "schema:OpeningHoursSpecification"
          ]
        }
      ],
      "@type": [
        "schema:Place",
        "Place"
      ]
    }
  ],
  "isOwnedBy": [
    {
      "@id": "https://data.datatourisme.fr/c34130c6-4437-3624-9afb-3511a8692fba",
      "schema:email": [
        "d.sanial@dromardeche.fr",
        "j.bruyere@dromardeche.fr"
      ],
      "schema:legalName": "Office de Tourisme Porte de DrômArdèche",
      "@type": [
        "schema:Organization",
        "foaf:Agent",
        "Agent"
      ],
      "foaf:homepage": [
        "http://www.autour-du-palais-ideal.fr/"
      ]
    }
  ],
  "lastUpdate": "2023-02-13",
  "lastUpdateDatatourisme": "2023-02-14T06:40:22.737Z"
}