{
  "@id": "https://data.datatourisme.fr/13/01242bae-d452-3c56-bb06-4b70b02e9d3d",
  "dc:identifier": "5334380",
  "@type": [
    "schema:LocalBusiness",
    "schema:Museum",
    "CulturalSite",
    "DefenceSite",
    "Museum",
    "PlaceOfInterest",
    "PointOfInterest"
  ],
  "rdfs:comment": {
    "de": [
      "Das Musée des Plans-Reliefs zeigt eine einzigartige Sammlung historischer Modelle von befestigten Städten und den umliegenden Landschaften, die zwischen den Herrschaften von Ludwig XIV. und Napoleon III. entstanden sind."
    ],
    "en": [
      "The Musée des Plans-Reliefs presents a unique collection of historical models of fortified towns and the surrounding countryside, made between the reigns of Louis XIV and Napoleon III."
    ],
    "it": [
      "Il Musée des Plans-Reliefs presenta una collezione unica di modelli storici di città fortificate e della campagna circostante, realizzati tra i regni di Luigi XIV e Napoleone III."
    ],
    "fr": [
      "Le musée des Plans-Reliefs présente une collection unique de maquettes historiques de villes fortifiées et des campagnes environnantes, réalisées entre les règnes de Louis XIV et de Napoléon III."
    ],
    "nl": [
      "Het Musée des Plans-Reliefs presenteert een unieke verzameling historische maquettes van vestingsteden en het omliggende platteland, gemaakt tussen de regeerperiodes van Lodewijk XIV en Napoleon III."
    ],
    "es": [
      "El Museo de los Planos-Relieves presenta una colección única de maquetas históricas de ciudades fortificadas y de sus alrededores, realizadas entre los reinados de Luis XIV y Napoleón III."
    ]
  },
  "rdfs:label": {
    "fr": [
      "Musée des Plans-Reliefs"
    ]
  },
  "owl:sameAs": [
    "http://www.wikidata.org/entity/Q2915606"
  ],
  "hasBeenCreatedBy": {
    "@id": "https://data.datatourisme.fr/13/03e0704b-5690-32de-a186-1dc3ad3316c9",
    "dc:identifier": "1019",
    "schema:email": [
      "bgeigle@visitparisregion.com",
      "hcaldo@visitparisregion.com",
      "mtanaskovic@visitparisregion.com"
    ],
    "schema:legalName": "Choose Paris Region",
    "@type": [
      "schema:Organization",
      "foaf:Agent",
      "Agent"
    ],
    "foaf:homepage": [
      "http://www.visitparisregion.com/"
    ]
  },
  "hasBeenPublishedBy": [
    {
      "@id": "https://data.datatourisme.fr/8a9feb4b-2cbd-3d2c-b507-bd6c6776b23b",
      "schema:legalName": "Apidae Tourisme Scic SA - source : Apidae Tourisme",
      "@type": [
        "schema:Organization",
        "foaf:Agent",
        "Agent"
      ],
      "foaf:homepage": [
        "https://www.apidae-tourisme.com/"
      ]
    }
  ],
  "hasContact": [
    {
      "@id": "https://data.datatourisme.fr/a98349bf-164b-3ce1-9e23-7a8bcc8a88f0",
      "schema:telephone": [
        "+33 1 45 51 95 05"
      ],
      "@type": [
        "foaf:Agent",
        "Agent"
      ],
      "foaf:homepage": [
        "http://www.museedesplansreliefs.culture.fr/"
      ]
    }
  ],
  "hasDescription": [
    {
      "@id": "https://data.datatourisme.fr/65e807e4-37ca-3607-9b92-43d72da6ee67",
      "@type": [
        "Description"
      ],
      "hasTranslatedProperty": [
        {
          "@id": "https://data.datatourisme.fr/49033034-cc33-37af-8a82-587cafe0a0c7",
          "dc:contributor": [
            "https://api.deepl.com/v2/translate"
          ],
          "rdf:language": [
            "en"
          ],
          "rdf:predicate": [
            "shortDescription"
          ]
        },
        {
          "@id": "https://data.datatourisme.fr/7e1a5907-f34b-342b-9c3f-e91ce819a1f3",
          "dc:contributor": [
            "https://api.deepl.com/v2/translate"
          ],
          "rdf:language": [
            "nl"
          ],
          "rdf:predicate": [
            "shortDescription"
          ]
        },
        {
          "@id": "https://data.datatourisme.fr/97ce0b6b-f631-3750-8193-4cf2729352f4",
          "dc:contributor": [
            "https://api.deepl.com/v2/translate"
          ],
          "rdf:language": [
            "es"
          ],
          "rdf:predicate": [
            "shortDescription"
          ]
        },
        {
          "@id": "https://data.datatourisme.fr/a085fc31-78d4-3d65-a56e-7ba488c9c536",
          "dc:contributor": [
            "https://api.deepl.com/v2/translate"
          ],
          "rdf:language": [
            "it"
          ],
          "rdf:predicate": [
            "shortDescription"
          ]
        },
        {
          "@id": "https://data.datatourisme.fr/d0ee7024-6312-3ca1-af1d-1aeb1a4de03d",
          "dc:contributor": [
            "https://api.deepl.com/v2/translate"
          ],
          "rdf:language": [
            "de"
          ],
          "rdf:predicate": [
            "shortDescription"
          ]
        }
      ],
      "shortDescription": {
        "de": [
          "Das Musée des Plans-Reliefs zeigt eine einzigartige Sammlung historischer Modelle von befestigten Städten und den umliegenden Landschaften, die zwischen den Herrschaften von Ludwig XIV. und Napoleon III. entstanden sind."
        ],
        "en": [
          "The Musée des Plans-Reliefs presents a unique collection of historical models of fortified towns and the surrounding countryside, made between the reigns of Louis XIV and Napoleon III."
        ],
        "it": [
          "Il Musée des Plans-Reliefs presenta una collezione unica di modelli storici di città fortificate e della campagna circostante, realizzati tra i regni di Luigi XIV e Napoleone III."
        ],
        "fr": [
          "Le musée des Plans-Reliefs présente une collection unique de maquettes historiques de villes fortifiées et des campagnes environnantes, réalisées entre les règnes de Louis XIV et de Napoléon III."
        ],
        "nl": [
          "Het Musée des Plans-Reliefs presenteert een unieke verzameling historische maquettes van vestingsteden en het omliggende platteland, gemaakt tussen de regeerperiodes van Lodewijk XIV en Napoleon III."
        ],
        "es": [
          "El Museo de los Planos-Relieves presenta una colección única de maquetas históricas de ciudades fortificadas y de sus alrededores, realizadas entre los reinados de Luis XIV y Napoleón III."
        ]
      }
    }
  ],
  "hasRepresentation": [
    {
      "@id": "https://data.datatourisme.fr/b52bedb8-c14d-3f71-8579-d08f8117bf23",
      "ebucore:hasAnnotation": [
        {
          "@id": "https://data.datatourisme.fr/4e750038-241c-372c-9600-4c62f166930f",
          "ebucore:isCoveredBy": "CC BY-SA 4.0",
          "ebucore:title": {
            "fr": [
              "Entrée Musée des Plans-Reliefs (Les Invalides)"
            ]
          },
          "@type": [
            "ebucore:Annotation"
          ],
          "credits": [
            "Mohatatou (https://commons.wikimedia.org/wiki/User:Mohatatou)"
          ]
        }
      ],
      "ebucore:hasRelatedResource": [
        {
          "@id": "https://data.datatourisme.fr/603821b3-d9d4-33ff-91c1-2c78c65438c1",
          "ebucore:fileSize": [
            2983882
          ],
          "ebucore:hasMimeType": [
            {
              "@id": "kb:JPEG",
              "@type": [
                "ebucore:MimeType"
              ],
              "rdfs:comment": {
                "de": [
                  "JPEG-Bild"
                ],
                "pt": [
                  "Imagem JPEG"
                ],
                "en": [
                  "JPEG image file"
                ],
                "it": [
                  "Immagine JPEG"
                ],
                "fr": [
                  "Image JPEG"
                ],
                "nl": [
                  "JPEG-afbeelding"
                ],
                "es": [
                  "Imagen JPEG"
                ]
              },
              "rdfs:label": {
                "de": [
                  "image/jpeg"
                ],
                "pt": [
                  "image/jpeg"
                ],
                "en": [
                  "image/jpeg"
                ],
                "it": [
                  "image/jpeg"
                ],
                "fr": [
                  "image/jpeg"
                ],
                "nl": [
                  "image/jpeg"
                ],
                "es": [
                  "image/jpeg"
                ]
              }
            }
          ],
          "ebucore:height": 3024,
          "ebucore:locator": [
            "https://upload.wikimedia.org/wikipedia/commons/1/12/Entr%C3%A9e_Mus%C3%A9e_des_Plans-Reliefs_%28Les_Invalides%29.jpg"
          ],
          "ebucore:width": 4086,
          "@type": [
            "ebucore:Resource"
          ]
        }
      ],
      "@type": [
        "ebucore:EditorialObject"
      ]
    }
  ],
  "hasTheme": [
    {
      "@id": "kb:Culture",
      "@type": [
        "CulturalTheme"
      ],
      "rdfs:label": {
        "de": [
          "Kultur"
        ],
        "pt": [
          "Cultura"
        ],
        "en": [
          "Culture"
        ],
        "it": [
          "Cultura"
        ],
        "fr": [
          "Culture"
        ],
        "nl": [
          "Cultuur"
        ],
        "es": [
          "Cultura"
        ]
      }
    }
  ],
  "hasTranslatedProperty": [
    {
      "@id": "https://data.datatourisme.fr/2dc97284-2644-3f3d-8c6e-68fcee229a73",
      "dc:contributor": [
        "https://api.deepl.com/v2/translate"
      ],
      "rdf:language": [
        "it"
      ],
      "rdf:predicate": [
        {
          "@id": "rdfs:comment"
        }
      ]
    },
    {
      "@id": "https://data.datatourisme.fr/5c8422d3-3c9a-3ea3-a19d-08ae72a629ee",
      "dc:contributor": [
        "https://api.deepl.com/v2/translate"
      ],
      "rdf:language": [
        "nl"
      ],
      "rdf:predicate": [
        {
          "@id": "rdfs:comment"
        }
      ]
    },
    {
      "@id": "https://data.datatourisme.fr/639f3635-008a-3574-a38c-d6cad8a7b632",
      "dc:contributor": [
        "https://api.deepl.com/v2/translate"
      ],
      "rdf:language": [
        "es"
      ],
      "rdf:predicate": [
        {
          "@id": "rdfs:comment"
        }
      ]
    },
    {
      "@id": "https://data.datatourisme.fr/705aac24-2dc2-3eae-b71f-0c03871aa946",
      "dc:contributor": [
        "https://api.deepl.com/v2/translate"
      ],
      "rdf:language": [
        "de"
      ],
      "rdf:predicate": [
        {
          "@id": "rdfs:comment"
        }
      ]
    },
    {
      "@id": "https://data.datatourisme.fr/93f5e593-235b-3ec7-ab6b-67a77a399286",
      "dc:contributor": [
        "https://api.deepl.com/v2/translate"
      ],
      "rdf:language": [
        "en"
      ],
      "rdf:predicate": [
        {
          "@id": "rdfs:comment"
        }
      ]
    }
  ],
  "isLocatedAt": [
    {
      "@id": "https://data.datatourisme.fr/d6545e65-e3c1-3147-8dd1-c97595b701c3",
      "schema:address": [
        {
          "@id": "https://data.datatourisme.fr/a4876037-361e-3661-b722-511c418ea0f3",
          "schema:addressLocality": "Paris",
          "schema:postalCode": "75007",
          "schema:streetAddress": [
            "Hôtel National des Invalides"
          ],
          "@type": [
            "schema:PostalAddress",
            "PostalAddress"
          ],
          "hasAddressCity": {
            "@id": "kb:75056",
            "@type": [
              "City"
            ],
            "rdfs:label": {
              "de": [
                "Paris"
              ],
              "pt": [
                "Paris"
              ],
              "en": [
                "Paris"
              ],
              "it": [
                "Paris"
              ],
              "fr": [
                "Paris"
              ],
              "nl": [
                "Paris"
              ],
              "es": [
                "Paris"
              ]
            },
            "insee": "75056",
            "isPartOfDepartment": {
              "@id": "kb:France1175",
              "@type": [
                "Department"
              ],
              "rdfs:label": {
                "de": [
                  "Paris"
                ],
                "pt": [
                  "Paris"
                ],
                "en": [
                  "Paris"
                ],
                "it": [
                  "Paris"
                ],
                "fr": [
                  "Paris"
                ],
                "nl": [
                  "Paris"
                ],
                "es": [
                  "Paris"
                ]
              },
              "insee": "75",
              "isPartOfRegion": {
                "@id": "kb:France11",
                "@type": [
                  "Region"
                ],
                "rdfs:label": {
                  "de": [
                    "Île-de-France"
                  ],
                  "pt": [
                    "Île-de-France"
                  ],
                  "en": [
                    "Île-de-France"
                  ],
                  "it": [
                    "Île-de-France"
                  ],
                  "fr": [
                    "Île-de-France"
                  ],
                  "nl": [
                    "Île-de-France"
                  ],
                  "es": [
                    "Île-de-France"
                  ]
                },
                "insee": "11",
                "isPartOfCountry": {
                  "@id": "kb:France",
                  "@type": [
                    "schema:Country"
                  ],
                  "rdfs:label": {
                    "de": [
                      "France",
                      "Frankreich"
                    ],
                    "pt": [
                      "França",
                      "France"
                    ],
                    "en": [
                      "France"
                    ],
                    "it": [
                      "France",
                      "Francia"
                    ],
                    "fr": [
                      "France"
                    ],
                    "nl": [
                      "France",
                      "Frankrijk"
                    ],
                    "es": [
                      "France",
                      "Francia"
                    ]
                  }
                }
              }
            }
          }
        }
      ],
      "schema:geo": {
        "@id": "https://data.datatourisme.fr/d6a1ebb4-0d22-3d51-9bf7-8cf59a2802a7",
        "schema:latitude": "48.856529",
        "schema:longitude": "2.312706",
        "@type": [
          "schema:GeoCoordinates"
        ]
      },
      "schema:openingHoursSpecification": [
        {
          "@id": "https://data.datatourisme.fr/9d1ac769-eaff-3dc6-9c40-76bd8210fb3e",
          "schema:validFrom": "2023-01-01T00:00:00",
          "schema:validThrough": "2023-12-31T23:59:59",
          "@type": [
            "schema:OpeningHoursSpecification"
          ],
          "additionalInformation": {
            "de": [
              "10-18 Uhr (April-September), 10-17 Uhr (Oktober-März)\r\nGeschlossen am 1. Montag des Monats (außer Juli, August, September)"
            ],
            "en": [
              "10am-6pm (April-September), 10am-5pm (October-March)\r\nClosed the 1st Monday of the month (except July, August, September)"
            ],
            "it": [
              "10.00-18.00 (aprile-settembre), 10.00-17.00 (ottobre-marzo)\r\nChiuso il 1° lunedì del mese (eccetto luglio, agosto e settembre)"
            ],
            "fr": [
              "10h-18h (avril-septembre), 10h-17h (octobre-mars)\r\nFermeture le 1er lundi du mois (sauf juillet, août, septembre)"
            ],
            "es": [
              "de 10:00 a 18:00 horas (de abril a septiembre), de 10:00 a 17:00 horas (de octubre a marzo)\r\nCerrado el primer lunes del mes (excepto julio, agosto y septiembre)"
            ],
            "nl": [
              "10-18 uur (april-september), 10-17 uur (oktober-maart)\r\nGesloten op de 1e maandag van de maand (behalve juli, augustus, september)"
            ]
          },
          "hasTranslatedProperty": [
            {
              "@id": "https://data.datatourisme.fr/1226b9e3-4175-36e9-b0cd-a32921aa3b0c",
              "dc:contributor": [
                "https://api.deepl.com/v2/translate"
              ],
              "rdf:language": [
                "es"
              ],
              "rdf:predicate": [
                "additionalInformation"
              ]
            },
            {
              "@id": "https://data.datatourisme.fr/59db9173-d2eb-34da-b2b2-1b6d012a386b",
              "dc:contributor": [
                "https://api.deepl.com/v2/translate"
              ],
              "rdf:language": [
                "it"
              ],
              "rdf:predicate": [
                "additionalInformation"
              ]
            },
            {
              "@id": "https://data.datatourisme.fr/7a9cfd6c-7fd7-38bf-b0b5-6de538710827",
              "dc:contributor": [
                "https://api.deepl.com/v2/translate"
              ],
              "rdf:language": [
                "en"
              ],
              "rdf:predicate": [
                "additionalInformation"
              ]
            },
            {
              "@id": "https://data.datatourisme.fr/a7c3a18f-e9da-30e8-88d4-eaf40f6ec073",
              "dc:contributor": [
                "https://api.deepl.com/v2/translate"
              ],
              "rdf:language": [
                "de"
              ],
              "rdf:predicate": [
                "additionalInformation"
              ]
            },
            {
              "@id": "https://data.datatourisme.fr/c286780d-4c32-383a-aeb6-2f54bf2f237b",
              "dc:contributor": [
                "https://api.deepl.com/v2/translate"
              ],
              "rdf:language": [
                "nl"
              ],
              "rdf:predicate": [
                "additionalInformation"
              ]
            }
          ]
        }
      ],
      "@type": [
        "schema:Place",
        "Place"
      ]
    }
  ],
  "isOwnedBy": [
    {
      "@id": "https://data.datatourisme.fr/26ecd6f0-563c-356a-b0f9-ad3ec17effc4",
      "schema:email": [
        "bgeigle@visitparisregion.com",
        "hcaldo@visitparisregion.com",
        "mtanaskovic@visitparisregion.com"
      ],
      "schema:legalName": "Comité Régional du Tourisme Paris Ile de France",
      "@type": [
        "schema:Organization",
        "foaf:Agent",
        "Agent"
      ],
      "foaf:homepage": [
        "http://www.visitparisregion.com/"
      ]
    }
  ],
  "lastUpdate": "2022-12-28",
  "lastUpdateDatatourisme": "2023-10-17T05:52:15.747Z",
  "offers": [
    {
      "@id": "https://data.datatourisme.fr/850149db-4f9e-3e46-a9c6-91d8a5f0806b",
      "schema:priceSpecification": [
        {
          "@id": "https://data.datatourisme.fr/138c4e74-a7ed-360c-95b0-faf51a2cd040",
          "schema:maxPrice": [
            "11",
            "14"
          ],
          "schema:minPrice": [
            "11",
            "14"
          ],
          "schema:priceCurrency": "EUR",
          "@type": [
            "schema:PriceSpecification",
            "PriceSpecification"
          ],
          "appliesOnPeriod": [
            {
              "@id": "https://data.datatourisme.fr/1738cf95-6896-340d-a333-50ae9537cf44",
              "@type": [
                "Period"
              ],
              "endDate": "2023-12-31",
              "startDate": "2022-01-02"
            }
          ]
        }
      ],
      "@type": [
        "schema:Offer",
        "Offer"
      ]
    }
  ]
}