{
  "@id": "https://data.datatourisme.fr/13/8dd3e3bb-6fa6-30b9-99fe-b9443d684b6d",
  "dc:identifier": "5235868",
  "@type": [
    "olo:OrderedList",
    "CyclingTour",
    "PlaceOfInterest",
    "PointOfInterest",
    "SportsAndLeisurePlace",
    "Tour"
  ],
  "rdfs:comment": {
    "de": [
      "Für den Aufstieg bietet sich die Buslinie an, die bis nach Lalouvesc fährt und einen Fahrradständer hat. Von dort aus können Sie den Fluss Ay mit seinem reichen Kulturerbe genießen. Das Finale in der Schlucht mündet in die Rhône, wo man das Boot nehmen kann."
    ],
    "en": [
      "The e-bike is easy but careful downhill it can be pretty fast ! Why not be a\r\nlittle lazy for the uphill part and choose the bus along with your bicycle (only in\r\nsummer). A way of getting to Lalouvesc and making the most of the journey\r\ndown. Once in Saint-Vallier get on board the “Canotiers boat” (wooden boat)\r\nwith your bike and enjoy a lovely cruise back to Tournon-sur-Rhône."
    ],
    "it": [
      "Per salire, la linea di autobus che sale a Lalouvesc con la sua rastrelliera per le biciclette. Da lì, non vi resta che rilassarvi lungo il fiume Ay, con il suo ricco patrimonio. Il tratto finale nelle gole conduce al Rodano, dove è possibile prendere un battello."
    ],
    "fr": [
      "Pour monter, la ligne de bus qui monte jusqu'à Lalouvesc avec son porte vélos. De là haut,  plus qu'à se la couler douce le long de l'Ay avec son riche patrimoine. Le final dans les gorges débouche sur le Rhône, où il est possible de prendre le bateau."
    ],
    "es": [
      "Para subir, la línea de autobús que sube a Lalouvesc con su aparcamiento para bicicletas. A partir de ahí, sólo hay que tomarse las cosas con calma a lo largo del río Ay con su rico patrimonio. El tramo final de las gargantas conduce al Ródano, donde es posible tomar un barco."
    ],
    "nl": [
      "Om naar boven te gaan, de buslijn die naar Lalouvesc gaat met zijn fietsenrek. Van daaruit hoeft u het alleen maar rustig aan te doen langs de rivier de Ay met zijn rijke erfgoed. Het laatste stuk in de kloven leidt naar de Rhône, waar het mogelijk is een boot te nemen."
    ]
  },
  "rdfs:label": {
    "en": [
      "E bike Tour :A journey down to Saint Régis"
    ],
    "fr": [
      "Circuit VAE : La descente de Saint Régis"
    ]
  },
  "hasBeenCreatedBy": {
    "@id": "https://data.datatourisme.fr/13/185c29dc-2432-3934-ae37-7cfda20e414c",
    "dc:identifier": "627",
    "schema:email": [
      "a.ferrel@ah-tourisme.com",
      "d.mathieu@ah-tourisme.com",
      "s.monneron@ah-tourisme.com"
    ],
    "schema:legalName": "Ardèche Hermitage Tourisme",
    "@type": [
      "schema:Organization",
      "foaf:Agent",
      "Agent"
    ],
    "foaf:homepage": [
      "http://ardeche-hermitage.com/"
    ]
  },
  "hasBeenPublishedBy": [
    {
      "@id": "https://data.datatourisme.fr/dbca899d-3f22-364b-b99d-40af1e917c58",
      "schema:legalName": "Agence de Développement Touristique de l'Ardèche - source : Apidae Tourisme",
      "@type": [
        "schema:Organization",
        "foaf:Agent",
        "Agent"
      ],
      "foaf:homepage": [
        "https://www.apidae-tourisme.com/"
      ]
    }
  ],
  "hasContact": [
    {
      "@id": "https://data.datatourisme.fr/a4b65cc8-58a9-32db-97e5-aa632b62c1c6",
      "schema:email": [
        "info@ah-tourisme.com"
      ],
      "schema:telephone": [
        "+33 4 75 08 10 23"
      ],
      "@type": [
        "foaf:Agent",
        "Agent"
      ],
      "foaf:homepage": [
        "https://rando-ardeche-hermitage.fr/velo-a-assistance-electrique/la-descente-de-saint-regis/"
      ]
    }
  ],
  "hasDescription": [
    {
      "@id": "https://data.datatourisme.fr/b4c1d278-ef2e-347f-9e8f-e3daaaca6e76",
      "@type": [
        "Description"
      ],
      "hasTranslatedProperty": [
        {
          "@id": "https://data.datatourisme.fr/8c9d5a1c-91ea-354d-a65a-d121fadd123b",
          "dc:contributor": [
            "https://api.deepl.com/v2/translate"
          ],
          "rdf:language": [
            "de"
          ],
          "rdf:predicate": [
            "shortDescription"
          ]
        },
        {
          "@id": "https://data.datatourisme.fr/a6cad3e0-8f32-32ee-a3d2-7a6a872fa466",
          "dc:contributor": [
            "https://api.deepl.com/v2/translate"
          ],
          "rdf:language": [
            "nl"
          ],
          "rdf:predicate": [
            "shortDescription"
          ]
        },
        {
          "@id": "https://data.datatourisme.fr/a956a0a9-d7bf-3d3c-ab43-0b976a233237",
          "dc:contributor": [
            "https://api.deepl.com/v2/translate"
          ],
          "rdf:language": [
            "it"
          ],
          "rdf:predicate": [
            "shortDescription"
          ]
        },
        {
          "@id": "https://data.datatourisme.fr/c76577f9-69a3-3dad-98ff-a99de23dc451",
          "dc:contributor": [
            "https://api.deepl.com/v2/translate"
          ],
          "rdf:language": [
            "es"
          ],
          "rdf:predicate": [
            "shortDescription"
          ]
        }
      ],
      "shortDescription": {
        "de": [
          "Für den Aufstieg bietet sich die Buslinie an, die bis nach Lalouvesc fährt und einen Fahrradständer hat. Von dort aus können Sie den Fluss Ay mit seinem reichen Kulturerbe genießen. Das Finale in der Schlucht mündet in die Rhône, wo man das Boot nehmen kann."
        ],
        "en": [
          "The e-bike is easy but careful downhill it can be pretty fast ! Why not be a\r\nlittle lazy for the uphill part and choose the bus along with your bicycle (only in\r\nsummer). A way of getting to Lalouvesc and making the most of the journey\r\ndown. Once in Saint-Vallier get on board the “Canotiers boat” (wooden boat)\r\nwith your bike and enjoy a lovely cruise back to Tournon-sur-Rhône."
        ],
        "it": [
          "Per salire, la linea di autobus che sale a Lalouvesc con la sua rastrelliera per le biciclette. Da lì, non vi resta che rilassarvi lungo il fiume Ay, con il suo ricco patrimonio. Il tratto finale nelle gole conduce al Rodano, dove è possibile prendere un battello."
        ],
        "fr": [
          "Pour monter, la ligne de bus qui monte jusqu'à Lalouvesc avec son porte vélos. De là haut,  plus qu'à se la couler douce le long de l'Ay avec son riche patrimoine. Le final dans les gorges débouche sur le Rhône, où il est possible de prendre le bateau."
        ],
        "es": [
          "Para subir, la línea de autobús que sube a Lalouvesc con su aparcamiento para bicicletas. A partir de ahí, sólo hay que tomarse las cosas con calma a lo largo del río Ay con su rico patrimonio. El tramo final de las gargantas conduce al Ródano, donde es posible tomar un barco."
        ],
        "nl": [
          "Om naar boven te gaan, de buslijn die naar Lalouvesc gaat met zijn fietsenrek. Van daaruit hoeft u het alleen maar rustig aan te doen langs de rivier de Ay met zijn rijke erfgoed. Het laatste stuk in de kloven leidt naar de Rhône, waar het mogelijk is een boot te nemen."
        ]
      }
    }
  ],
  "hasTheme": [
    {
      "@id": "kb:Bike",
      "@type": [
        "SportsTheme"
      ],
      "rdfs:label": {
        "de": [
          "Fahrrad"
        ],
        "pt": [
          "Bicicleta"
        ],
        "en": [
          "Bike"
        ],
        "it": [
          "Bicicletta"
        ],
        "fr": [
          "Vélo"
        ],
        "nl": [
          "Fiets"
        ],
        "es": [
          "Bicicleta"
        ]
      }
    },
    {
      "@id": "kb:ElectricallyAssistedBicycle",
      "@type": [
        "SportsTheme"
      ],
      "rdfs:label": {
        "de": [
          "Ladestation für Elektrofahrräder"
        ],
        "pt": [
          "Bicicleta elétrica"
        ],
        "en": [
          "Electrically assisted bicycle"
        ],
        "it": [
          "Bicicletta a pedalata assistita"
        ],
        "fr": [
          "Vélo à assistance électrique, VAE"
        ],
        "nl": [
          "Elektrische fiets"
        ],
        "es": [
          "Bicicleta eléctrica, VAE"
        ]
      }
    }
  ],
  "hasTranslatedProperty": [
    {
      "@id": "https://data.datatourisme.fr/3301a43e-7447-3b87-bded-606a66fcc659",
      "dc:contributor": [
        "https://api.deepl.com/v2/translate"
      ],
      "rdf:language": [
        "es"
      ],
      "rdf:predicate": [
        {
          "@id": "rdfs:comment"
        }
      ]
    },
    {
      "@id": "https://data.datatourisme.fr/387fee99-9454-37a7-95d0-aa5710970b20",
      "dc:contributor": [
        "https://api.deepl.com/v2/translate"
      ],
      "rdf:language": [
        "it"
      ],
      "rdf:predicate": [
        {
          "@id": "rdfs:comment"
        }
      ]
    },
    {
      "@id": "https://data.datatourisme.fr/91fd7485-4ddf-3c17-bfcf-6762acf6f110",
      "dc:contributor": [
        "https://api.deepl.com/v2/translate"
      ],
      "rdf:language": [
        "de"
      ],
      "rdf:predicate": [
        {
          "@id": "rdfs:comment"
        }
      ]
    },
    {
      "@id": "https://data.datatourisme.fr/d8b7bed5-c9cb-3914-843f-6d70873386ce",
      "dc:contributor": [
        "https://api.deepl.com/v2/translate"
      ],
      "rdf:language": [
        "nl"
      ],
      "rdf:predicate": [
        {
          "@id": "rdfs:comment"
        }
      ]
    }
  ],
  "isLocatedAt": [
    {
      "@id": "https://data.datatourisme.fr/6895217f-18d6-39a4-b1ae-60e4716a21e8",
      "schema:address": [
        {
          "@id": "https://data.datatourisme.fr/9f7c02fb-f610-39e6-a4dc-5255895b1e93",
          "schema:addressLocality": "Tournon-sur-Rhône",
          "schema:postalCode": "07300",
          "schema:streetAddress": [
            "Gare routière"
          ],
          "@type": [
            "schema:PostalAddress",
            "PostalAddress"
          ],
          "hasAddressCity": {
            "@id": "kb:07324",
            "@type": [
              "City"
            ],
            "rdfs:label": {
              "de": [
                "Tournon-sur-Rhône"
              ],
              "pt": [
                "Tournon-sur-Rhône"
              ],
              "en": [
                "Tournon-sur-Rhône"
              ],
              "it": [
                "Tournon-sur-Rhône"
              ],
              "fr": [
                "Tournon-sur-Rhône"
              ],
              "nl": [
                "Tournon-sur-Rhône"
              ],
              "es": [
                "Tournon-sur-Rhône"
              ]
            },
            "insee": "07324",
            "isPartOfDepartment": {
              "@id": "kb:France8407",
              "@type": [
                "Department"
              ],
              "rdfs:label": {
                "de": [
                  "Ardèche"
                ],
                "pt": [
                  "Ardèche"
                ],
                "en": [
                  "Ardèche"
                ],
                "it": [
                  "Ardèche"
                ],
                "fr": [
                  "Ardèche"
                ],
                "nl": [
                  "Ardèche"
                ],
                "es": [
                  "Ardèche"
                ]
              },
              "insee": "07",
              "isPartOfRegion": {
                "@id": "kb:France84",
                "@type": [
                  "Region"
                ],
                "rdfs:label": {
                  "de": [
                    "Auvergne-Rhône-Alpes"
                  ],
                  "pt": [
                    "Auvergne-Rhône-Alpes"
                  ],
                  "en": [
                    "Auvergne-Rhône-Alpes"
                  ],
                  "it": [
                    "Auvergne-Rhône-Alpes"
                  ],
                  "fr": [
                    "Auvergne-Rhône-Alpes"
                  ],
                  "nl": [
                    "Auvergne-Rhône-Alpes"
                  ],
                  "es": [
                    "Auvergne-Rhône-Alpes"
                  ]
                },
                "insee": "84",
                "isPartOfCountry": {
                  "@id": "kb:France",
                  "@type": [
                    "schema:Country"
                  ],
                  "rdfs:label": {
                    "de": [
                      "France",
                      "Frankreich"
                    ],
                    "pt": [
                      "França",
                      "France"
                    ],
                    "en": [
                      "France"
                    ],
                    "it": [
                      "France",
                      "Francia"
                    ],
                    "fr": [
                      "France"
                    ],
                    "nl": [
                      "France",
                      "Frankrijk"
                    ],
                    "es": [
                      "France",
                      "Francia"
                    ]
                  }
                }
              }
            }
          }
        }
      ],
      "schema:geo": {
        "@id": "https://data.datatourisme.fr/ac84cb08-e908-3e67-ba0b-19d7b5249861",
        "schema:elevation": "100",
        "schema:latitude": "45.065",
        "schema:longitude": "4.8381",
        "@type": [
          "schema:GeoCoordinates"
        ]
      },
      "schema:openingHoursSpecification": [
        {
          "@id": "https://data.datatourisme.fr/feb409b8-9e54-3113-8a0b-c391e894bffd",
          "schema:validFrom": "2023-01-01T00:00:00",
          "schema:validThrough": "2023-12-31T23:59:59",
          "@type": [
            "schema:OpeningHoursSpecification"
          ],
          "additionalInformation": {
            "de": [
              "Beste Jahreszeit: Juli August"
            ],
            "en": [
              "Best season: July August"
            ],
            "it": [
              "Stagione migliore: luglio - agosto"
            ],
            "fr": [
              "Meilleure saison : juillet août"
            ],
            "es": [
              "Mejor temporada: julio - agosto"
            ],
            "nl": [
              "Beste seizoen: juli - augustus"
            ]
          },
          "hasTranslatedProperty": [
            {
              "@id": "https://data.datatourisme.fr/2dd925c3-d64d-3d98-983a-54495a656fb2",
              "dc:contributor": [
                "https://api.deepl.com/v2/translate"
              ],
              "rdf:language": [
                "es"
              ],
              "rdf:predicate": [
                "additionalInformation"
              ]
            },
            {
              "@id": "https://data.datatourisme.fr/6d01048d-a911-35f5-9c59-322ea1afbae5",
              "dc:contributor": [
                "https://api.deepl.com/v2/translate"
              ],
              "rdf:language": [
                "en"
              ],
              "rdf:predicate": [
                "additionalInformation"
              ]
            },
            {
              "@id": "https://data.datatourisme.fr/97034f87-0c13-3268-b2f7-d715b511e484",
              "dc:contributor": [
                "https://api.deepl.com/v2/translate"
              ],
              "rdf:language": [
                "de"
              ],
              "rdf:predicate": [
                "additionalInformation"
              ]
            },
            {
              "@id": "https://data.datatourisme.fr/a4a95865-ab9e-3633-b1b0-aa29dff51166",
              "dc:contributor": [
                "https://api.deepl.com/v2/translate"
              ],
              "rdf:language": [
                "nl"
              ],
              "rdf:predicate": [
                "additionalInformation"
              ]
            },
            {
              "@id": "https://data.datatourisme.fr/c6097487-30d7-32fd-852c-56232e7225fb",
              "dc:contributor": [
                "https://api.deepl.com/v2/translate"
              ],
              "rdf:language": [
                "it"
              ],
              "rdf:predicate": [
                "additionalInformation"
              ]
            }
          ]
        }
      ],
      "@type": [
        "schema:Place",
        "Place"
      ]
    }
  ],
  "isOwnedBy": [
    {
      "@id": "https://data.datatourisme.fr/e485229f-e26b-3c2e-8f16-ebf98c03d1e5",
      "schema:email": [
        "a.ferrel@ah-tourisme.com",
        "d.mathieu@ah-tourisme.com",
        "s.monneron@ah-tourisme.com"
      ],
      "schema:legalName": "Ardèche Hermitage Tourisme",
      "@type": [
        "schema:Organization",
        "foaf:Agent",
        "Agent"
      ],
      "foaf:homepage": [
        "http://ardeche-hermitage.com/"
      ]
    }
  ],
  "lastUpdate": "2022-03-03",
  "lastUpdateDatatourisme": "2023-02-08T06:39:49.035Z"
}