{
  "@id": "https://data.datatourisme.fr/13/38311237-097c-33d0-8c8c-33c3459ea833",
  "dc:identifier": "6653522",
  "@type": [
    "olo:OrderedList",
    "PlaceOfInterest",
    "PointOfInterest",
    "RoadTour",
    "SportsAndLeisurePlace",
    "Tour"
  ],
  "rdfs:comment": {
    "de": [
      "Von den Hochtälern von Le Cheylard bis nach Aubenas, dem Tor zur südlichen Ardèche, entdecken Sie die prächtigen Landschaften der Berge der Ardèche auf einer Route, die dank der befahrenen Pässe auch den Fahrspaß nicht zu kurz kommen lässt."
    ],
    "en": [
      "From the high valleys of Le Cheylard to Aubenas, at the gateway to the southern Ardèche, discover the sumptuous landscapes of the Ardèche mountains on an itinerary that gives pride of place to the pleasures of driving through the passes."
    ],
    "it": [
      "Dalle alte valli di Le Cheylard ad Aubenas, alle porte dell'Ardèche meridionale, scoprite i sontuosi paesaggi delle montagne dell'Ardèche su un itinerario che sfrutta al massimo il piacere di guidare attraverso i passi."
    ],
    "fr": [
      "Des hautes vallées du Cheylard jusqu’à Aubenas, aux portes du sud Ardèche, découvrez les somptueux paysages de la montagne ardéchoise par un itinéraire qui fait la part belle aux plaisirs du pilotage grâce aux cols empruntés."
    ],
    "nl": [
      "Van de hoge valleien van Le Cheylard tot Aubenas, aan de poort van de zuidelijke Ardèche, ontdek de weelderige landschappen van de bergen van de Ardèche op een route die het plezier van het rijden door de passen optimaal benut."
    ],
    "es": [
      "Desde los altos valles de Le Cheylard hasta Aubenas, a las puertas de la Ardèche meridional, descubra los suntuosos paisajes de las montañas de la Ardèche en un itinerario que aprovecha al máximo el placer de conducir a través de los puertos."
    ]
  },
  "rdfs:label": {
    "en": [
      "\"La montagnarde\" motorcycle tour"
    ],
    "fr": [
      "Circuit moto \"La montagnarde\""
    ]
  },
  "hasBeenCreatedBy": {
    "@id": "https://data.datatourisme.fr/13/26657d5f-f902-3d2a-befe-558796b99584",
    "dc:identifier": "96",
    "schema:email": [
      "ncharra@ardeche-guide.com"
    ],
    "schema:legalName": "Agence de Développement Touristique de l'Ardèche",
    "@type": [
      "schema:Organization",
      "foaf:Agent",
      "Agent"
    ],
    "foaf:homepage": [
      "https://www.ardeche-guide.com/"
    ]
  },
  "hasBeenPublishedBy": [
    {
      "@id": "https://data.datatourisme.fr/dbca899d-3f22-364b-b99d-40af1e917c58",
      "schema:legalName": "Agence de Développement Touristique de l'Ardèche - source : Apidae Tourisme",
      "@type": [
        "schema:Organization",
        "foaf:Agent",
        "Agent"
      ],
      "foaf:homepage": [
        "https://www.apidae-tourisme.com/"
      ]
    }
  ],
  "hasContact": [
    {
      "@id": "https://data.datatourisme.fr/0f3f1f83-cd1a-397e-aca3-087a8f2324f7",
      "schema:telephone": [
        "+33 4 75 64 04 66"
      ],
      "@type": [
        "foaf:Agent",
        "Agent"
      ],
      "foaf:homepage": [
        "https://www.ardeche-guide.com/"
      ]
    }
  ],
  "hasDescription": [
    {
      "@id": "https://data.datatourisme.fr/ad5baa4f-bbfd-302e-a0c6-432f32cb448a",
      "@type": [
        "Description"
      ],
      "hasTranslatedProperty": [
        {
          "@id": "https://data.datatourisme.fr/86e6ec97-ae55-3a86-8d3f-8e28b17ff80c",
          "dc:contributor": [
            "https://api.deepl.com/v2/translate"
          ],
          "rdf:language": [
            "nl"
          ],
          "rdf:predicate": [
            "shortDescription"
          ]
        },
        {
          "@id": "https://data.datatourisme.fr/956ee96e-d105-3b86-b7b4-3cc828b0ddc6",
          "dc:contributor": [
            "https://api.deepl.com/v2/translate"
          ],
          "rdf:language": [
            "es"
          ],
          "rdf:predicate": [
            "shortDescription"
          ]
        },
        {
          "@id": "https://data.datatourisme.fr/ca628959-04dd-390a-974f-34560557b626",
          "dc:contributor": [
            "https://api.deepl.com/v2/translate"
          ],
          "rdf:language": [
            "it"
          ],
          "rdf:predicate": [
            "shortDescription"
          ]
        },
        {
          "@id": "https://data.datatourisme.fr/cd5929c7-9a11-314e-bf4b-fe81a365fbca",
          "dc:contributor": [
            "https://api.deepl.com/v2/translate"
          ],
          "rdf:language": [
            "de"
          ],
          "rdf:predicate": [
            "shortDescription"
          ]
        }
      ],
      "shortDescription": {
        "de": [
          "Von den Hochtälern von Le Cheylard bis nach Aubenas, dem Tor zur südlichen Ardèche, entdecken Sie die prächtigen Landschaften der Berge der Ardèche auf einer Route, die dank der befahrenen Pässe auch den Fahrspaß nicht zu kurz kommen lässt."
        ],
        "en": [
          "From the high valleys of Le Cheylard to Aubenas, at the gateway to the southern Ardèche, discover the sumptuous landscapes of the Ardèche mountains on an itinerary that gives pride of place to the pleasures of driving through the passes."
        ],
        "it": [
          "Dalle alte valli di Le Cheylard ad Aubenas, alle porte dell'Ardèche meridionale, scoprite i sontuosi paesaggi delle montagne dell'Ardèche su un itinerario che sfrutta al massimo il piacere di guidare attraverso i passi."
        ],
        "fr": [
          "Des hautes vallées du Cheylard jusqu’à Aubenas, aux portes du sud Ardèche, découvrez les somptueux paysages de la montagne ardéchoise par un itinéraire qui fait la part belle aux plaisirs du pilotage grâce aux cols empruntés."
        ],
        "nl": [
          "Van de hoge valleien van Le Cheylard tot Aubenas, aan de poort van de zuidelijke Ardèche, ontdek de weelderige landschappen van de bergen van de Ardèche op een route die het plezier van het rijden door de passen optimaal benut."
        ],
        "es": [
          "Desde los altos valles de Le Cheylard hasta Aubenas, a las puertas de la Ardèche meridional, descubra los suntuosos paisajes de las montañas de la Ardèche en un itinerario que aprovecha al máximo el placer de conducir a través de los puertos."
        ]
      }
    }
  ],
  "hasTranslatedProperty": [
    {
      "@id": "https://data.datatourisme.fr/1559cbe3-ef64-3cac-ac69-d23c83eeb435",
      "dc:contributor": [
        "https://api.deepl.com/v2/translate"
      ],
      "rdf:language": [
        "nl"
      ],
      "rdf:predicate": [
        {
          "@id": "rdfs:comment"
        }
      ]
    },
    {
      "@id": "https://data.datatourisme.fr/9501aafb-4c76-343c-a848-4595cbece238",
      "dc:contributor": [
        "https://api.deepl.com/v2/translate"
      ],
      "rdf:language": [
        "es"
      ],
      "rdf:predicate": [
        {
          "@id": "rdfs:comment"
        }
      ]
    },
    {
      "@id": "https://data.datatourisme.fr/bc045923-7bc7-30d8-9f13-9c470e53e0ab",
      "dc:contributor": [
        "https://api.deepl.com/v2/translate"
      ],
      "rdf:language": [
        "de"
      ],
      "rdf:predicate": [
        {
          "@id": "rdfs:comment"
        }
      ]
    },
    {
      "@id": "https://data.datatourisme.fr/d63d39ea-9e75-3fb3-be3b-008e7b16dbf2",
      "dc:contributor": [
        "https://api.deepl.com/v2/translate"
      ],
      "rdf:language": [
        "it"
      ],
      "rdf:predicate": [
        {
          "@id": "rdfs:comment"
        }
      ]
    }
  ],
  "isLocatedAt": [
    {
      "@id": "https://data.datatourisme.fr/11130a7c-ba14-3b35-b6de-fe2171719cbb",
      "schema:address": [
        {
          "@id": "https://data.datatourisme.fr/52468608-7d58-3718-b8d4-f476dfaf045f",
          "schema:addressLocality": "Le Cheylard",
          "schema:postalCode": "07160",
          "@type": [
            "schema:PostalAddress",
            "PostalAddress"
          ],
          "hasAddressCity": {
            "@id": "kb:07064",
            "@type": [
              "City"
            ],
            "rdfs:label": {
              "de": [
                "Le Cheylard"
              ],
              "pt": [
                "Le Cheylard"
              ],
              "en": [
                "Le Cheylard"
              ],
              "it": [
                "Le Cheylard"
              ],
              "fr": [
                "Le Cheylard"
              ],
              "nl": [
                "Le Cheylard"
              ],
              "es": [
                "Le Cheylard"
              ]
            },
            "insee": "07064",
            "isPartOfDepartment": {
              "@id": "kb:France8407",
              "@type": [
                "Department"
              ],
              "rdfs:label": {
                "de": [
                  "Ardèche"
                ],
                "pt": [
                  "Ardèche"
                ],
                "en": [
                  "Ardèche"
                ],
                "it": [
                  "Ardèche"
                ],
                "fr": [
                  "Ardèche"
                ],
                "nl": [
                  "Ardèche"
                ],
                "es": [
                  "Ardèche"
                ]
              },
              "insee": "07",
              "isPartOfRegion": {
                "@id": "kb:France84",
                "@type": [
                  "Region"
                ],
                "rdfs:label": {
                  "de": [
                    "Auvergne-Rhône-Alpes"
                  ],
                  "pt": [
                    "Auvergne-Rhône-Alpes"
                  ],
                  "en": [
                    "Auvergne-Rhône-Alpes"
                  ],
                  "it": [
                    "Auvergne-Rhône-Alpes"
                  ],
                  "fr": [
                    "Auvergne-Rhône-Alpes"
                  ],
                  "nl": [
                    "Auvergne-Rhône-Alpes"
                  ],
                  "es": [
                    "Auvergne-Rhône-Alpes"
                  ]
                },
                "insee": "84",
                "isPartOfCountry": {
                  "@id": "kb:France",
                  "@type": [
                    "schema:Country"
                  ],
                  "rdfs:label": {
                    "de": [
                      "France",
                      "Frankreich"
                    ],
                    "pt": [
                      "França",
                      "France"
                    ],
                    "en": [
                      "France"
                    ],
                    "it": [
                      "France",
                      "Francia"
                    ],
                    "fr": [
                      "France"
                    ],
                    "nl": [
                      "France",
                      "Frankrijk"
                    ],
                    "es": [
                      "France",
                      "Francia"
                    ]
                  }
                }
              }
            }
          }
        }
      ],
      "schema:geo": {
        "@id": "https://data.datatourisme.fr/64775b32-180e-3a0b-9bac-596f0a6b99ca",
        "schema:latitude": "44.480966",
        "schema:longitude": "4.69167",
        "@type": [
          "schema:GeoCoordinates"
        ]
      },
      "schema:openingHoursSpecification": [
        {
          "@id": "https://data.datatourisme.fr/f87e535a-636d-3343-ad63-8a03392e7511",
          "schema:validFrom": "2023-01-01T00:00:00",
          "schema:validThrough": "2023-12-31T23:59:59",
          "@type": [
            "schema:OpeningHoursSpecification"
          ]
        }
      ],
      "@type": [
        "schema:Place",
        "Place"
      ]
    }
  ],
  "isOwnedBy": [
    {
      "@id": "https://data.datatourisme.fr/6ef576cd-2c5c-33d6-b250-09b105230dfc",
      "schema:email": [
        "ncharra@ardeche-guide.com"
      ],
      "schema:legalName": "Agence de Développement Touristique de l'Ardèche",
      "@type": [
        "schema:Organization",
        "foaf:Agent",
        "Agent"
      ],
      "foaf:homepage": [
        "https://www.ardeche-guide.com/"
      ]
    }
  ],
  "lastUpdate": "2023-09-05",
  "lastUpdateDatatourisme": "2023-09-06T05:48:27.942Z"
}