{
  "@id": "https://data.datatourisme.fr/19/5011230a-e133-3bbb-881c-d7ebc9079db8",
  "dc:identifier": "4015bc07-fa94-9a80-1b4b-501ba34e421c",
  "@type": [
    "schema:LocalBusiness",
    "schema:Museum",
    "CulturalSite",
    "Museum",
    "PlaceOfInterest",
    "PointOfInterest"
  ],
  "rdfs:comment": {
    "de": [
      "Das älteste Museum der Hauptstadt befindet sich im Herzen des historischen Marais-Viertels in den beiden Herrenhäusern, in denen Madame de Sévigné lebte, und zeigt die Geschichte von Paris und seinen Bewohnern. Gemälde, Skulpturen, Fotografien, Möbel, Kunstgegenstände, Objekte aus archäologischen Ausgrabungen... Das prächtige Gebäude beherbergt eine beeindruckende Sammlung von fast 625.000 Werken, die auf 3.900 m² präsentiert werden. Besonders sehenswert sind der wunderschöne Garten und die Orangerie, die zu den letzten der Hauptstadt gehören."
    ],
    "en": [
      "Located in the heart of the historic Marais in the two mansions where Madame de Sévigné lived, the oldest museum in the capital traces the history of Paris and its inhabitants. Paintings, sculptures, photographs, furniture, objets d'art, archeological finds... This superb building houses an impressive collection of nearly 625,000 works of art, presented over 3,900 m². Not to be missed: the magnificent garden and the orangery, among the last in the capital."
    ],
    "it": [
      "Situato nel cuore del Marais storico, nei due palazzi privati in cui visse Madame de Sévigné, il più antico museo della capitale ripercorre la storia di Parigi e dei suoi abitanti. Dipinti, sculture, fotografie, mobili, oggetti d'arte, reperti archeologici... Questo splendido edificio ospita un'impressionante collezione di quasi 625.000 opere d'arte, presentate su 3.900 m². Da non perdere: il magnifico giardino e l'orangerie, tra le ultime della capitale."
    ],
    "fr": [
      "Installé en plein cœur du Marais historique au sein des deux hôtels particuliers où vécut Madame de Sévigné, le plus ancien musée de la capitale retrace l’histoire de Paris et de ses habitants. Peintures, sculptures, photographies, mobilier, objets d’art, objets de fouilles archéologiques... Ce superbe édifice rassemble une impressionnante collection de près de 625 000 œuvres, présentées sur 3 900 m². À ne pas manquer : le magnifique jardin et l’orangerie, parmi les dernières de la capitale."
    ],
    "es": [
      "Situado en el corazón del histórico Marais, en las dos mansiones privadas donde vivió Madame de Sévigné, el museo más antiguo de la capital recorre la historia de París y sus habitantes. Pinturas, esculturas, fotografías, muebles, objetos de arte, hallazgos arqueológicos... Este soberbio edificio alberga una impresionante colección de casi 625.000 obras de arte, presentadas en 3.900 m². No hay que perderse: el magnífico jardín y el invernadero de naranjos, uno de los últimos de la capital."
    ],
    "nl": [
      "Het oudste museum van de hoofdstad, gelegen in het hart van de historische Marais, in de twee particuliere herenhuizen waar Madame de Sévigné woonde, vertelt de geschiedenis van Parijs en haar inwoners. Schilderijen, beeldhouwwerken, foto's, meubels, kunstvoorwerpen, archeologische vondsten... Dit prachtige gebouw herbergt een indrukwekkende collectie van bijna 625.000 kunstwerken, gepresenteerd op 3.900 m². Niet te missen: de prachtige tuin en de oranjerie, een van de laatste in de hoofdstad."
    ]
  },
  "rdfs:label": {
    "fr": [
      "Musée Carnavalet - Histoire de Paris"
    ]
  },
  "owl:sameAs": [
    "http://www.wikidata.org/entity/Q640447"
  ],
  "hasBeenCreatedBy": {
    "@id": "https://data.datatourisme.fr/73f9361b-7fdb-3a8c-8c11-182ef0152392",
    "schema:email": [
      "opendata@parisinfo.com"
    ],
    "schema:legalName": "Office de Tourisme de Paris",
    "@type": [
      "schema:Organization",
      "foaf:Agent",
      "Agent"
    ],
    "foaf:homepage": [
      "https://www.parisinfo.com/"
    ]
  },
  "hasBeenPublishedBy": [
    {
      "@id": "https://data.datatourisme.fr/73f9361b-7fdb-3a8c-8c11-182ef0152392",
      "schema:email": [
        "opendata@parisinfo.com"
      ],
      "schema:legalName": "Office de Tourisme de Paris",
      "@type": [
        "schema:Organization",
        "foaf:Agent",
        "Agent"
      ],
      "foaf:homepage": [
        "https://www.parisinfo.com/"
      ]
    }
  ],
  "hasContact": [
    {
      "@id": "https://data.datatourisme.fr/8fe8d268-3792-3ebe-bb66-2cd37df09aa4",
      "schema:telephone": [
        "+33 1 44 59 58 58"
      ],
      "@type": [
        "foaf:Agent",
        "Agent"
      ],
      "foaf:homepage": [
        "https://www.carnavalet.paris.fr/"
      ]
    }
  ],
  "hasDescription": [
    {
      "@id": "https://data.datatourisme.fr/a4347e44-c13d-3d82-a947-2db003e50a97",
      "dc:description": {
        "de": [
          "Das älteste Museum der Hauptstadt befindet sich im Herzen des historischen Marais-Viertels in den beiden Herrenhäusern, in denen Madame de Sévigné lebte, und zeigt die Geschichte von Paris und seinen Bewohnern. Gemälde, Skulpturen, Fotografien, Möbel, Kunstgegenstände, Objekte aus archäologischen Ausgrabungen... Das prächtige Gebäude beherbergt eine beeindruckende Sammlung von fast 625.000 Werken, die auf 3.900 m² präsentiert werden. Besonders sehenswert sind der wunderschöne Garten und die Orangerie, die zu den letzten der Hauptstadt gehören."
        ],
        "en": [
          "Located in the heart of the historic Marais in the two mansions where Madame de Sévigné lived, the oldest museum in the capital traces the history of Paris and its inhabitants. Paintings, sculptures, photographs, furniture, objets d'art, archeological finds... This superb building houses an impressive collection of nearly 625,000 works of art, presented over 3,900 m². Not to be missed: the magnificent garden and the orangery, among the last in the capital."
        ],
        "it": [
          "Situato nel cuore del Marais storico, nei due palazzi privati in cui visse Madame de Sévigné, il più antico museo della capitale ripercorre la storia di Parigi e dei suoi abitanti. Dipinti, sculture, fotografie, mobili, oggetti d'arte, reperti archeologici... Questo splendido edificio ospita un'impressionante collezione di quasi 625.000 opere d'arte, presentate su 3.900 m². Da non perdere: il magnifico giardino e l'orangerie, tra le ultime della capitale."
        ],
        "fr": [
          "Installé en plein cœur du Marais historique au sein des deux hôtels particuliers où vécut Madame de Sévigné, le plus ancien musée de la capitale retrace l’histoire de Paris et de ses habitants. Peintures, sculptures, photographies, mobilier, objets d’art, objets de fouilles archéologiques... Ce superbe édifice rassemble une impressionnante collection de près de 625 000 œuvres, présentées sur 3 900 m². À ne pas manquer : le magnifique jardin et l’orangerie, parmi les dernières de la capitale."
        ],
        "es": [
          "Situado en el corazón del histórico Marais, en las dos mansiones privadas donde vivió Madame de Sévigné, el museo más antiguo de la capital recorre la historia de París y sus habitantes. Pinturas, esculturas, fotografías, muebles, objetos de arte, hallazgos arqueológicos... Este soberbio edificio alberga una impresionante colección de casi 625.000 obras de arte, presentadas en 3.900 m². No hay que perderse: el magnífico jardín y el invernadero de naranjos, uno de los últimos de la capital."
        ],
        "nl": [
          "Het oudste museum van de hoofdstad, gelegen in het hart van de historische Marais, in de twee particuliere herenhuizen waar Madame de Sévigné woonde, vertelt de geschiedenis van Parijs en haar inwoners. Schilderijen, beeldhouwwerken, foto's, meubels, kunstvoorwerpen, archeologische vondsten... Dit prachtige gebouw herbergt een indrukwekkende collectie van bijna 625.000 kunstwerken, gepresenteerd op 3.900 m². Niet te missen: de prachtige tuin en de oranjerie, een van de laatste in de hoofdstad."
        ]
      },
      "@type": [
        "Description"
      ],
      "hasTranslatedProperty": [
        {
          "@id": "https://data.datatourisme.fr/170d2338-2067-30f8-9514-6d9d506307e6",
          "dc:contributor": [
            "https://api.deepl.com/v2/translate"
          ],
          "rdf:language": [
            "de"
          ],
          "rdf:predicate": [
            "shortDescription"
          ]
        },
        {
          "@id": "https://data.datatourisme.fr/406d1797-7d6c-3f3b-a486-150049e1fc64",
          "dc:contributor": [
            "https://api.deepl.com/v2/translate"
          ],
          "rdf:language": [
            "en"
          ],
          "rdf:predicate": [
            {
              "@id": "dc:description"
            }
          ]
        },
        {
          "@id": "https://data.datatourisme.fr/4b8eff91-2306-3eb1-a3f8-dc4321bfdd84",
          "dc:contributor": [
            "https://api.deepl.com/v2/translate"
          ],
          "rdf:language": [
            "nl"
          ],
          "rdf:predicate": [
            "shortDescription"
          ]
        },
        {
          "@id": "https://data.datatourisme.fr/6c5e59d8-f36c-3b07-ac4e-46bed99e1966",
          "dc:contributor": [
            "https://api.deepl.com/v2/translate"
          ],
          "rdf:language": [
            "de"
          ],
          "rdf:predicate": [
            {
              "@id": "dc:description"
            }
          ]
        },
        {
          "@id": "https://data.datatourisme.fr/6e0a6038-7a88-365e-baae-cdeda5c5a7fc",
          "dc:contributor": [
            "https://api.deepl.com/v2/translate"
          ],
          "rdf:language": [
            "en"
          ],
          "rdf:predicate": [
            "shortDescription"
          ]
        },
        {
          "@id": "https://data.datatourisme.fr/7ca476e3-57ea-3bfa-8f27-3025f6184cb4",
          "dc:contributor": [
            "https://api.deepl.com/v2/translate"
          ],
          "rdf:language": [
            "it"
          ],
          "rdf:predicate": [
            {
              "@id": "dc:description"
            }
          ]
        },
        {
          "@id": "https://data.datatourisme.fr/8d5d8b1c-9b14-3cae-be30-5104468723b2",
          "dc:contributor": [
            "https://api.deepl.com/v2/translate"
          ],
          "rdf:language": [
            "es"
          ],
          "rdf:predicate": [
            "shortDescription"
          ]
        },
        {
          "@id": "https://data.datatourisme.fr/ab82936d-0366-3be1-a57a-f54bcf5b6847",
          "dc:contributor": [
            "https://api.deepl.com/v2/translate"
          ],
          "rdf:language": [
            "es"
          ],
          "rdf:predicate": [
            {
              "@id": "dc:description"
            }
          ]
        },
        {
          "@id": "https://data.datatourisme.fr/ae8d0539-0480-31a0-885f-34df298a3a6b",
          "dc:contributor": [
            "https://api.deepl.com/v2/translate"
          ],
          "rdf:language": [
            "it"
          ],
          "rdf:predicate": [
            "shortDescription"
          ]
        },
        {
          "@id": "https://data.datatourisme.fr/c6cd731f-90e6-34bf-9f45-bb5bf11c2df7",
          "dc:contributor": [
            "https://api.deepl.com/v2/translate"
          ],
          "rdf:language": [
            "nl"
          ],
          "rdf:predicate": [
            {
              "@id": "dc:description"
            }
          ]
        }
      ],
      "shortDescription": {
        "de": [
          "Das älteste Museum der Hauptstadt befindet sich im Herzen des historischen Marais-Viertels in den beiden Herrenhäusern, in denen Madame de Sévigné lebte, und zeigt die Geschichte von Paris und seinen Bewohnern. Gemälde, Skulpturen, Fotografien, Möbel, Kunstgegenstände, Objekte aus archäologischen Ausgrabungen... Das prächtige Gebäude beherbergt eine beeindruckende Sammlung von fast 625.000 Werken, die auf 3.900 m² präsentiert werden. Besonders sehenswert sind der wunderschöne Garten und die Orangerie, die zu den letzten der Hauptstadt gehören."
        ],
        "en": [
          "Located in the heart of the historic Marais in the two mansions where Madame de Sévigné lived, the oldest museum in the capital traces the history of Paris and its inhabitants. Paintings, sculptures, photographs, furniture, objets d'art, archeological finds... This superb building houses an impressive collection of nearly 625,000 works of art, presented over 3,900 m². Not to be missed: the magnificent garden and the orangery, among the last in the capital."
        ],
        "it": [
          "Situato nel cuore del Marais storico, nei due palazzi privati in cui visse Madame de Sévigné, il più antico museo della capitale ripercorre la storia di Parigi e dei suoi abitanti. Dipinti, sculture, fotografie, mobili, oggetti d'arte, reperti archeologici... Questo splendido edificio ospita un'impressionante collezione di quasi 625.000 opere d'arte, presentate su 3.900 m². Da non perdere: il magnifico giardino e l'orangerie, tra le ultime della capitale."
        ],
        "fr": [
          "Installé en plein cœur du Marais historique au sein des deux hôtels particuliers où vécut Madame de Sévigné, le plus ancien musée de la capitale retrace l’histoire de Paris et de ses habitants. Peintures, sculptures, photographies, mobilier, objets d’art, objets de fouilles archéologiques... Ce superbe édifice rassemble une impressionnante collection de près de 625 000 œuvres, présentées sur 3 900 m². À ne pas manquer : le magnifique jardin et l’orangerie, parmi les dernières de la capitale."
        ],
        "es": [
          "Situado en el corazón del histórico Marais, en las dos mansiones privadas donde vivió Madame de Sévigné, el museo más antiguo de la capital recorre la historia de París y sus habitantes. Pinturas, esculturas, fotografías, muebles, objetos de arte, hallazgos arqueológicos... Este soberbio edificio alberga una impresionante colección de casi 625.000 obras de arte, presentadas en 3.900 m². No hay que perderse: el magnífico jardín y el invernadero de naranjos, uno de los últimos de la capital."
        ],
        "nl": [
          "Het oudste museum van de hoofdstad, gelegen in het hart van de historische Marais, in de twee particuliere herenhuizen waar Madame de Sévigné woonde, vertelt de geschiedenis van Parijs en haar inwoners. Schilderijen, beeldhouwwerken, foto's, meubels, kunstvoorwerpen, archeologische vondsten... Dit prachtige gebouw herbergt een indrukwekkende collectie van bijna 625.000 kunstwerken, gepresenteerd op 3.900 m². Niet te missen: de prachtige tuin en de oranjerie, een van de laatste in de hoofdstad."
        ]
      }
    }
  ],
  "hasRepresentation": [
    {
      "@id": "https://data.datatourisme.fr/271a5a40-6c7b-3188-98bb-e782eed250ef",
      "ebucore:hasAnnotation": [
        {
          "@id": "https://data.datatourisme.fr/80a68113-a4f9-3452-aa9f-0f03ed1a7f8e",
          "ebucore:isCoveredBy": "CC BY-SA 4.0",
          "ebucore:title": {
            "fr": [
              "Carnavalet París 10"
            ]
          },
          "@type": [
            "ebucore:Annotation"
          ],
          "credits": [
            "Miguel Hermoso Cuesta (https://commons.wikimedia.org/wiki/User:MiguelHermoso)"
          ]
        }
      ],
      "ebucore:hasRelatedResource": [
        {
          "@id": "https://data.datatourisme.fr/ddf527ad-99fb-3265-be2a-88893b9fd18e",
          "ebucore:fileSize": [
            11922446
          ],
          "ebucore:hasMimeType": [
            {
              "@id": "kb:JPEG",
              "@type": [
                "ebucore:MimeType"
              ],
              "rdfs:comment": {
                "de": [
                  "JPEG-Bild"
                ],
                "pt": [
                  "Imagem JPEG"
                ],
                "en": [
                  "JPEG image file"
                ],
                "it": [
                  "Immagine JPEG"
                ],
                "fr": [
                  "Image JPEG"
                ],
                "nl": [
                  "JPEG-afbeelding"
                ],
                "es": [
                  "Imagen JPEG"
                ]
              },
              "rdfs:label": {
                "de": [
                  "image/jpeg"
                ],
                "pt": [
                  "image/jpeg"
                ],
                "en": [
                  "image/jpeg"
                ],
                "it": [
                  "image/jpeg"
                ],
                "fr": [
                  "image/jpeg"
                ],
                "nl": [
                  "image/jpeg"
                ],
                "es": [
                  "image/jpeg"
                ]
              }
            }
          ],
          "ebucore:height": 3456,
          "ebucore:locator": [
            "https://upload.wikimedia.org/wikipedia/commons/4/44/Carnavalet_Par%C3%ADs_10.JPG"
          ],
          "ebucore:width": 5184,
          "@type": [
            "ebucore:Resource"
          ]
        }
      ],
      "@type": [
        "ebucore:EditorialObject"
      ]
    },
    {
      "@id": "https://data.datatourisme.fr/9d225438-2a0d-3a67-9ab4-6f41b62241a0"
    }
  ],
  "hasTranslatedProperty": [
    {
      "@id": "https://data.datatourisme.fr/5f75bbd5-4db4-3221-bfb6-01401ad691eb",
      "dc:contributor": [
        "https://api.deepl.com/v2/translate"
      ],
      "rdf:language": [
        "de"
      ],
      "rdf:predicate": [
        {
          "@id": "rdfs:comment"
        }
      ]
    },
    {
      "@id": "https://data.datatourisme.fr/87d28aa8-5a61-3e13-ae10-a9b749db2350",
      "dc:contributor": [
        "https://api.deepl.com/v2/translate"
      ],
      "rdf:language": [
        "it"
      ],
      "rdf:predicate": [
        {
          "@id": "rdfs:comment"
        }
      ]
    },
    {
      "@id": "https://data.datatourisme.fr/ad9fe0b0-8204-331d-bb8c-ce5884a91949",
      "dc:contributor": [
        "https://api.deepl.com/v2/translate"
      ],
      "rdf:language": [
        "en"
      ],
      "rdf:predicate": [
        {
          "@id": "rdfs:comment"
        }
      ]
    },
    {
      "@id": "https://data.datatourisme.fr/bec226fb-d5ea-33f6-bf1b-c813ae01b111",
      "dc:contributor": [
        "https://api.deepl.com/v2/translate"
      ],
      "rdf:language": [
        "nl"
      ],
      "rdf:predicate": [
        {
          "@id": "rdfs:comment"
        }
      ]
    },
    {
      "@id": "https://data.datatourisme.fr/fb97602e-f6b0-3c2b-9cd9-b317e569020c",
      "dc:contributor": [
        "https://api.deepl.com/v2/translate"
      ],
      "rdf:language": [
        "es"
      ],
      "rdf:predicate": [
        {
          "@id": "rdfs:comment"
        }
      ]
    }
  ],
  "isLocatedAt": [
    {
      "@id": "https://data.datatourisme.fr/6cf95f85-f0af-36c3-9346-d2f1210dd937",
      "schema:address": [
        {
          "@id": "https://data.datatourisme.fr/76cd6686-adbc-35c5-b6d1-cd10a30cc164",
          "schema:addressLocality": "Paris",
          "schema:postalCode": "75003",
          "schema:streetAddress": [
            "23 rue de Sévigné"
          ],
          "@type": [
            "schema:PostalAddress",
            "PostalAddress"
          ],
          "hasAddressCity": {
            "@id": "kb:75056",
            "@type": [
              "City"
            ],
            "rdfs:label": {
              "de": [
                "Paris"
              ],
              "pt": [
                "Paris"
              ],
              "en": [
                "Paris"
              ],
              "it": [
                "Paris"
              ],
              "fr": [
                "Paris"
              ],
              "nl": [
                "Paris"
              ],
              "es": [
                "Paris"
              ]
            },
            "insee": "75056",
            "isPartOfDepartment": {
              "@id": "kb:France1175",
              "@type": [
                "Department"
              ],
              "rdfs:label": {
                "de": [
                  "Paris"
                ],
                "pt": [
                  "Paris"
                ],
                "en": [
                  "Paris"
                ],
                "it": [
                  "Paris"
                ],
                "fr": [
                  "Paris"
                ],
                "nl": [
                  "Paris"
                ],
                "es": [
                  "Paris"
                ]
              },
              "insee": "75",
              "isPartOfRegion": {
                "@id": "kb:France11",
                "@type": [
                  "Region"
                ],
                "rdfs:label": {
                  "de": [
                    "Île-de-France"
                  ],
                  "pt": [
                    "Île-de-France"
                  ],
                  "en": [
                    "Île-de-France"
                  ],
                  "it": [
                    "Île-de-France"
                  ],
                  "fr": [
                    "Île-de-France"
                  ],
                  "nl": [
                    "Île-de-France"
                  ],
                  "es": [
                    "Île-de-France"
                  ]
                },
                "insee": "11",
                "isPartOfCountry": {
                  "@id": "kb:France",
                  "@type": [
                    "schema:Country"
                  ],
                  "rdfs:label": {
                    "de": [
                      "France",
                      "Frankreich"
                    ],
                    "pt": [
                      "França",
                      "France"
                    ],
                    "en": [
                      "France"
                    ],
                    "it": [
                      "France",
                      "Francia"
                    ],
                    "fr": [
                      "France"
                    ],
                    "nl": [
                      "France",
                      "Frankrijk"
                    ],
                    "es": [
                      "France",
                      "Francia"
                    ]
                  }
                }
              }
            }
          }
        }
      ],
      "schema:geo": {
        "@id": "https://data.datatourisme.fr/ecd4bbe2-13a1-3ef2-9e7b-da6deaac7fcf",
        "schema:latitude": "48.857",
        "schema:longitude": "2.362859999999955",
        "@type": [
          "schema:GeoCoordinates"
        ]
      },
      "schema:openingHoursSpecification": [
        {
          "@id": "https://data.datatourisme.fr/f35a24c5-a4b2-345d-8019-15fb5b76e491",
          "@type": [
            "schema:OpeningHoursSpecification"
          ],
          "additionalInformation": {
            "de": [
              "Dienstag-Sonntag, 10-18 Uhr."
            ],
            "en": [
              "Tuesday-Sunday, 10am-6pm."
            ],
            "it": [
              "Martedì-domenica, ore 10-18."
            ],
            "fr": [
              "Mardi-dimanche, 10h-18h."
            ],
            "nl": [
              "Dinsdag t/m zondag van 10.00 tot 18.00 uur."
            ],
            "es": [
              "De martes a domingo, de 10.00 a 18.00 h."
            ]
          },
          "hasTranslatedProperty": [
            {
              "@id": "https://data.datatourisme.fr/046a196f-fcbd-3a3d-877d-298a525dd677",
              "dc:contributor": [
                "https://api.deepl.com/v2/translate"
              ],
              "rdf:language": [
                "en"
              ],
              "rdf:predicate": [
                "additionalInformation"
              ]
            },
            {
              "@id": "https://data.datatourisme.fr/0e865578-1be5-3479-a441-5edfe0f927d0",
              "dc:contributor": [
                "https://api.deepl.com/v2/translate"
              ],
              "rdf:language": [
                "de"
              ],
              "rdf:predicate": [
                "additionalInformation"
              ]
            },
            {
              "@id": "https://data.datatourisme.fr/3516a855-5242-3647-8b39-a752e55aba83",
              "dc:contributor": [
                "https://api.deepl.com/v2/translate"
              ],
              "rdf:language": [
                "it"
              ],
              "rdf:predicate": [
                "additionalInformation"
              ]
            },
            {
              "@id": "https://data.datatourisme.fr/ab9dbc95-633d-3c8f-aee3-245d78468578",
              "dc:contributor": [
                "https://api.deepl.com/v2/translate"
              ],
              "rdf:language": [
                "nl"
              ],
              "rdf:predicate": [
                "additionalInformation"
              ]
            },
            {
              "@id": "https://data.datatourisme.fr/e4c210dd-dd8a-3e8e-a1c5-1f7e9e302ad3",
              "dc:contributor": [
                "https://api.deepl.com/v2/translate"
              ],
              "rdf:language": [
                "es"
              ],
              "rdf:predicate": [
                "additionalInformation"
              ]
            }
          ]
        }
      ],
      "@type": [
        "schema:Place",
        "Place"
      ]
    }
  ],
  "lastUpdate": "2023-06-30",
  "lastUpdateDatatourisme": "2023-10-12T16:59:40.006Z"
}