{
  "@id": "https://data.datatourisme.fr/13/f5a05c19-630b-352f-bfb3-e434a0a175ea",
  "dc:identifier": "39923",
  "@type": [
    "olo:OrderedList",
    "PlaceOfInterest",
    "PointOfInterest",
    "RoadTour",
    "SportsAndLeisurePlace",
    "Tour"
  ],
  "rdfs:comment": {
    "de": [
      "Von Vallon Pont d'Arc nach St. Martin d'Ardèche, eine touristische Route mit Aussichtspunkten"
    ],
    "en": [
      "From Vallon Pont d'Arc to St Martin d'Ardèche, a panoramic road with panoramic views."
    ],
    "it": [
      "Da Vallon Pont d'Arc a St Martin d'Ardèche, percorso panoramico con punti di osservazione."
    ],
    "fr": [
      "De Vallon Pont d'Arc à St Martin d'Ardèche, route panoramique avec belvédères aménagés."
    ],
    "nl": [
      "Van Vallon Pont d'Arc naar St Martin d'Ardèche, panoramische route met uitzichtpunten."
    ],
    "es": [
      "De Vallon Pont d'Arc a St Martin d'Ardèche, ruta panorámica con miradores."
    ]
  },
  "rdfs:label": {
    "de": [
      "Touristische Route der Gorges de l'Ardèche"
    ],
    "ru": [
      "Route touristique des Gorges de l'Ardèche"
    ],
    "en": [
      "Tourist route of the Gorges de l'Ardèche"
    ],
    "it": [
      "Route touristique des Gorges de l'Ardèche"
    ],
    "fr": [
      "Route touristique des Gorges de l'Ardèche"
    ],
    "zh": [
      "Route touristique des Gorges de l'Ardèche"
    ],
    "nl": [
      "Route touristique des Gorges de l'Ardèche"
    ],
    "es": [
      "Route touristique des Gorges de l'Ardèche"
    ]
  },
  "hasBeenCreatedBy": {
    "@id": "https://data.datatourisme.fr/13/a8baa565-54f9-3369-ab93-e4f3bb068c22",
    "dc:identifier": "142",
    "schema:email": [
      "barbara@gorges-ardeche-pontdarc.fr",
      "cathy@gorges-ardeche-pontdarc.fr",
      "delphine@gorges-ardeche-pontdarc.fr",
      "elodie@gorges-ardeche-pontdarc.fr",
      "florence@gorges-ardeche-pontdarc.fr",
      "marina@gorges-ardeche-pontdarc.fr",
      "maxime@gorges-ardeche-pontdarc.fr",
      "olivier@gorges-ardeche-pontdarc.fr",
      "sandra.d@gorges-ardeche-pontdarc.fr",
      "sandra.m@gorges-ardeche-pontdarc.fr",
      "sarah@gorges-ardeche-pontdarc.fr"
    ],
    "schema:legalName": "Gorges de l'Ardèche - Pont d'Arc",
    "@type": [
      "schema:Organization",
      "foaf:Agent",
      "Agent"
    ],
    "foaf:homepage": [
      "https://www.gorges-ardeche-pontdarc.fr/"
    ]
  },
  "hasBeenPublishedBy": [
    {
      "@id": "https://data.datatourisme.fr/dbca899d-3f22-364b-b99d-40af1e917c58",
      "schema:legalName": "Agence de Développement Touristique de l'Ardèche - source : Apidae Tourisme",
      "@type": [
        "schema:Organization",
        "foaf:Agent",
        "Agent"
      ],
      "foaf:homepage": [
        "https://www.apidae-tourisme.com/"
      ]
    }
  ],
  "hasContact": [
    {
      "@id": "https://data.datatourisme.fr/c9ea6fd1-134d-3ecb-bd7e-76028cf490d1",
      "schema:email": [
        "info@gorgesdelardeche.fr"
      ],
      "schema:telephone": [
        "+33 4 75 98 77 31"
      ],
      "@type": [
        "foaf:Agent",
        "Agent"
      ],
      "foaf:homepage": [
        "http://www.gorgesdelardeche.fr/"
      ]
    }
  ],
  "hasDescription": [
    {
      "@id": "https://data.datatourisme.fr/02e98040-3575-369b-b3dd-70181a0ca54e",
      "@type": [
        "Description"
      ],
      "hasTranslatedProperty": [
        {
          "@id": "https://data.datatourisme.fr/282e760a-7371-3870-8ff2-0c6b8709250e",
          "dc:contributor": [
            "https://api.deepl.com/v2/translate"
          ],
          "rdf:language": [
            "en"
          ],
          "rdf:predicate": [
            "shortDescription"
          ]
        },
        {
          "@id": "https://data.datatourisme.fr/2c7ab08e-a98a-3b95-8a28-ca56259ae4bf",
          "dc:contributor": [
            "https://api.deepl.com/v2/translate"
          ],
          "rdf:language": [
            "es"
          ],
          "rdf:predicate": [
            "shortDescription"
          ]
        },
        {
          "@id": "https://data.datatourisme.fr/795b214b-865f-3948-afa3-f86cdcf9c2b6",
          "dc:contributor": [
            "https://api.deepl.com/v2/translate"
          ],
          "rdf:language": [
            "nl"
          ],
          "rdf:predicate": [
            "shortDescription"
          ]
        },
        {
          "@id": "https://data.datatourisme.fr/ee71d767-3944-33be-b04c-300b6dc73b75",
          "dc:contributor": [
            "https://api.deepl.com/v2/translate"
          ],
          "rdf:language": [
            "it"
          ],
          "rdf:predicate": [
            "shortDescription"
          ]
        }
      ],
      "shortDescription": {
        "de": [
          "Von Vallon Pont d'Arc nach St. Martin d'Ardèche, eine touristische Route mit Aussichtspunkten"
        ],
        "en": [
          "From Vallon Pont d'Arc to St Martin d'Ardèche, a panoramic road with panoramic views."
        ],
        "it": [
          "Da Vallon Pont d'Arc a St Martin d'Ardèche, percorso panoramico con punti di osservazione."
        ],
        "fr": [
          "De Vallon Pont d'Arc à St Martin d'Ardèche, route panoramique avec belvédères aménagés."
        ],
        "nl": [
          "Van Vallon Pont d'Arc naar St Martin d'Ardèche, panoramische route met uitzichtpunten."
        ],
        "es": [
          "De Vallon Pont d'Arc a St Martin d'Ardèche, ruta panorámica con miradores."
        ]
      }
    }
  ],
  "hasTranslatedProperty": [
    {
      "@id": "https://data.datatourisme.fr/7565239a-1f41-3d07-b008-e6148c818c74",
      "dc:contributor": [
        "https://api.deepl.com/v2/translate"
      ],
      "rdf:language": [
        "it"
      ],
      "rdf:predicate": [
        {
          "@id": "rdfs:comment"
        }
      ]
    },
    {
      "@id": "https://data.datatourisme.fr/b9d03781-8a0d-3d45-adfd-9ae7dfd24850",
      "dc:contributor": [
        "https://api.deepl.com/v2/translate"
      ],
      "rdf:language": [
        "es"
      ],
      "rdf:predicate": [
        {
          "@id": "rdfs:comment"
        }
      ]
    },
    {
      "@id": "https://data.datatourisme.fr/bd2c8505-a0e9-37a2-a1b3-1d00dda3ad9a",
      "dc:contributor": [
        "https://api.deepl.com/v2/translate"
      ],
      "rdf:language": [
        "en"
      ],
      "rdf:predicate": [
        {
          "@id": "rdfs:comment"
        }
      ]
    },
    {
      "@id": "https://data.datatourisme.fr/f39e860a-797d-3a65-bf8f-8882ff421f4a",
      "dc:contributor": [
        "https://api.deepl.com/v2/translate"
      ],
      "rdf:language": [
        "nl"
      ],
      "rdf:predicate": [
        {
          "@id": "rdfs:comment"
        }
      ]
    }
  ],
  "isLocatedAt": [
    {
      "@id": "https://data.datatourisme.fr/260564fd-e3a0-3fdf-9f31-6dc17cadc023",
      "schema:address": [
        {
          "@id": "https://data.datatourisme.fr/549cbad1-3ef1-3787-a083-f5df14e84dc6",
          "schema:addressLocality": "Vallon-Pont-d'Arc",
          "schema:postalCode": "07150",
          "@type": [
            "schema:PostalAddress",
            "PostalAddress"
          ],
          "hasAddressCity": {
            "@id": "kb:07330",
            "@type": [
              "City"
            ],
            "rdfs:label": {
              "de": [
                "Vallon-Pont-d'Arc"
              ],
              "pt": [
                "Vallon-Pont-d'Arc"
              ],
              "en": [
                "Vallon-Pont-d'Arc"
              ],
              "it": [
                "Vallon-Pont-d'Arc"
              ],
              "fr": [
                "Vallon-Pont-d'Arc"
              ],
              "nl": [
                "Vallon-Pont-d'Arc"
              ],
              "es": [
                "Vallon-Pont-d'Arc"
              ]
            },
            "insee": "07330",
            "isPartOfDepartment": {
              "@id": "kb:France8407",
              "@type": [
                "Department"
              ],
              "rdfs:label": {
                "de": [
                  "Ardèche"
                ],
                "pt": [
                  "Ardèche"
                ],
                "en": [
                  "Ardèche"
                ],
                "it": [
                  "Ardèche"
                ],
                "fr": [
                  "Ardèche"
                ],
                "nl": [
                  "Ardèche"
                ],
                "es": [
                  "Ardèche"
                ]
              },
              "insee": "07",
              "isPartOfRegion": {
                "@id": "kb:France84",
                "@type": [
                  "Region"
                ],
                "rdfs:label": {
                  "de": [
                    "Auvergne-Rhône-Alpes"
                  ],
                  "pt": [
                    "Auvergne-Rhône-Alpes"
                  ],
                  "en": [
                    "Auvergne-Rhône-Alpes"
                  ],
                  "it": [
                    "Auvergne-Rhône-Alpes"
                  ],
                  "fr": [
                    "Auvergne-Rhône-Alpes"
                  ],
                  "nl": [
                    "Auvergne-Rhône-Alpes"
                  ],
                  "es": [
                    "Auvergne-Rhône-Alpes"
                  ]
                },
                "insee": "84",
                "isPartOfCountry": {
                  "@id": "kb:France",
                  "@type": [
                    "schema:Country"
                  ],
                  "rdfs:label": {
                    "de": [
                      "France",
                      "Frankreich"
                    ],
                    "pt": [
                      "França",
                      "France"
                    ],
                    "en": [
                      "France"
                    ],
                    "it": [
                      "France",
                      "Francia"
                    ],
                    "fr": [
                      "France"
                    ],
                    "nl": [
                      "France",
                      "Frankrijk"
                    ],
                    "es": [
                      "France",
                      "Francia"
                    ]
                  }
                }
              }
            }
          }
        }
      ],
      "schema:geo": {
        "@id": "https://data.datatourisme.fr/b189ae56-baed-3d96-8044-c7533b2cba62",
        "schema:elevation": "111",
        "schema:latitude": "44.399816",
        "schema:longitude": "4.388266",
        "@type": [
          "schema:GeoCoordinates"
        ]
      },
      "schema:openingHoursSpecification": [
        {
          "@id": "https://data.datatourisme.fr/f87e535a-636d-3343-ad63-8a03392e7511",
          "schema:validFrom": "2023-01-01T00:00:00",
          "schema:validThrough": "2023-12-31T23:59:59",
          "@type": [
            "schema:OpeningHoursSpecification"
          ]
        }
      ],
      "@type": [
        "schema:Place",
        "Place"
      ]
    }
  ],
  "isOwnedBy": [
    {
      "@id": "https://data.datatourisme.fr/17a43c0e-7d35-397a-88e8-1a5c7deaa609",
      "schema:email": [
        "barbara@gorges-ardeche-pontdarc.fr",
        "cathy@gorges-ardeche-pontdarc.fr",
        "delphine@gorges-ardeche-pontdarc.fr",
        "elodie@gorges-ardeche-pontdarc.fr",
        "florence@gorges-ardeche-pontdarc.fr",
        "marina@gorges-ardeche-pontdarc.fr",
        "maxime@gorges-ardeche-pontdarc.fr",
        "olivier@gorges-ardeche-pontdarc.fr",
        "sandra.d@gorges-ardeche-pontdarc.fr",
        "sarah@gorges-ardeche-pontdarc.fr"
      ],
      "schema:legalName": "Gorges de l'Ardèche - Pont d'Arc",
      "@type": [
        "schema:Organization",
        "foaf:Agent",
        "Agent"
      ],
      "foaf:homepage": [
        "https://www.gorges-ardeche-pontdarc.fr/"
      ]
    }
  ],
  "lastUpdate": "2020-11-23",
  "lastUpdateDatatourisme": "2023-02-01T18:07:36.118Z"
}