{
  "@id": "https://data.datatourisme.fr/13/79dfafb7-dd4a-30d5-9cfc-c7fd3074bd0b",
  "dc:identifier": "5268758",
  "@type": [
    "olo:OrderedList",
    "EducationalTrail",
    "PlaceOfInterest",
    "PointOfInterest",
    "SportsAndLeisurePlace",
    "Tour",
    "WalkingTour"
  ],
  "rdfs:comment": {
    "de": [
      "Entdecken Sie das Kulturerbe von Le Cheylard. Mithilfe einer Karte können Sie einen Rundgang machen, indem Sie an Stempelstellen vorbeigehen und die Route Ihrer Wahl einschlagen, es werden drei Orientierungsstrecken angeboten. Karte im Office de Tourisme erhältlich."
    ],
    "en": [
      "Discover the heritage of Le Cheylard, with the help of a map you can make a circuit through punch marks and take the route of your choice, three orientation routes proposed. Map available at the Tourist Office."
    ],
    "it": [
      "Scoprite il patrimonio di Le Cheylard, con l'aiuto di una mappa potete fare un circuito passando attraverso i marcatori e prendere il percorso di vostra scelta, tre percorsi di orientamento proposti. Mappa disponibile presso l'Ufficio del Turismo."
    ],
    "fr": [
      "Découvrez le patrimoine du Cheylard, à  l'aide d'une carte vous pourrez réaliser un circuit en passant par des bornes de poinçonnage et emprunter l'itinéraire de votre choix, trois parcours d'orientation proposés. Carte disponible à l'Office de Tourisme."
    ],
    "nl": [
      "Ontdek het erfgoed van Le Cheylard, met behulp van een kaart kunt u een circuit maken door markeringen te passeren en de route van uw keuze te nemen, drie voorgestelde oriëntatieroutes. Kaart verkrijgbaar bij het toeristenbureau."
    ],
    "es": [
      "Descubra el patrimonio de Le Cheylard, con la ayuda de un mapa puede hacer un circuito pasando por los marcadores y tomar la ruta de su elección, tres rutas de orientación propuestas. Mapa disponible en la Oficina de Turismo."
    ]
  },
  "rdfs:label": {
    "fr": [
      "Parcours permanent d'orientation"
    ]
  },
  "COVID19SpecialMeasures": {
    "de": [
      "Im Tourismusbüro ist der Empfangsbereich auf eine Person beschränkt. Bitte warten Sie außerhalb des Büros. Es gibt einen Wartebereich mit hydroalkoholischem Gel zum Händewaschen vor dem Betreten des Büros. Das Tragen einer Maske ist obligatorisch."
    ],
    "en": [
      "At the Tourist Office, the reception area is limited to 1 person. Please wait outside the office, a waiting area is in place with hydro-alcoholic gel for hand washing before entering. Wearing a mask is mandatory."
    ],
    "it": [
      "Presso l'Ufficio del Turismo, l'area di accoglienza è limitata a 1 persona. Si prega di attendere fuori dall'ufficio; è stata predisposta un'area di attesa con gel idroalcolico per lavarsi le mani prima di entrare. È obbligatorio indossare una maschera."
    ],
    "fr": [
      "A l'Office de Tourisme, l'espace d'accueil est limité à 1 personne. Merci de patienter à l'extérieur du bureau, une zone d'attente est en place avec gel hydroalcoolique pour lavage des mains avant d'entrer. Port du masque obligatoire."
    ],
    "es": [
      "En la Oficina de Turismo, la recepción está limitada a 1 persona. Por favor, espere fuera de la oficina, hay una zona de espera con gel hidroalcohólico para lavarse las manos antes de entrar. El uso de una máscara es obligatorio."
    ],
    "nl": [
      "Bij de VVV is de receptie beperkt tot 1 persoon. Gelieve buiten het kantoor te wachten, er is een wachtruimte met hydro-alcoholische gel voor het wassen van de handen voordat u naar binnen gaat. Het dragen van een masker is verplicht."
    ]
  },
  "hasBeenCreatedBy": {
    "@id": "https://data.datatourisme.fr/13/bd686fd6-40be-38ef-aae0-091fa301e613",
    "dc:identifier": "193",
    "schema:email": [
      "l.dejulis@ardeche-hautes-vallees.fr",
      "mf.devidal@ardeche-hautes-vallees.fr"
    ],
    "schema:legalName": "Office de Tourisme de Val'Eyrieux - Ardèche Hautes Vallées",
    "@type": [
      "schema:Organization",
      "foaf:Agent",
      "Agent"
    ],
    "foaf:homepage": [
      "https://www.ardeche-hautes-vallees.fr/"
    ]
  },
  "hasBeenPublishedBy": [
    {
      "@id": "https://data.datatourisme.fr/dbca899d-3f22-364b-b99d-40af1e917c58",
      "schema:legalName": "Agence de Développement Touristique de l'Ardèche - source : Apidae Tourisme",
      "@type": [
        "schema:Organization",
        "foaf:Agent",
        "Agent"
      ],
      "foaf:homepage": [
        "https://www.apidae-tourisme.com/"
      ]
    }
  ],
  "hasContact": [
    {
      "@id": "https://data.datatourisme.fr/c09e84c7-3c1a-3157-a4d6-f21b37524fa0",
      "schema:email": [
        "accueil@ardeche-hautes-vallees.fr"
      ],
      "schema:telephone": [
        "+33 4 75 64 80 97"
      ],
      "@type": [
        "foaf:Agent",
        "Agent"
      ],
      "foaf:homepage": [
        "https://www.ardeche-hautes-vallees.fr/"
      ]
    }
  ],
  "hasDescription": [
    {
      "@id": "https://data.datatourisme.fr/20dd89e1-e830-3cd5-a924-49f6e34316bc",
      "@type": [
        "Description"
      ],
      "hasTranslatedProperty": [
        {
          "@id": "https://data.datatourisme.fr/5a1e357f-4774-32f3-9d79-68701abe0119",
          "dc:contributor": [
            "https://api.deepl.com/v2/translate"
          ],
          "rdf:language": [
            "es"
          ],
          "rdf:predicate": [
            "shortDescription"
          ]
        },
        {
          "@id": "https://data.datatourisme.fr/609025dd-68d0-3d0f-9509-acb6ddc49ca7",
          "dc:contributor": [
            "https://api.deepl.com/v2/translate"
          ],
          "rdf:language": [
            "en"
          ],
          "rdf:predicate": [
            "shortDescription"
          ]
        },
        {
          "@id": "https://data.datatourisme.fr/7291f5b0-b9e3-3650-8c44-2a44676878bd",
          "dc:contributor": [
            "https://api.deepl.com/v2/translate"
          ],
          "rdf:language": [
            "it"
          ],
          "rdf:predicate": [
            "shortDescription"
          ]
        },
        {
          "@id": "https://data.datatourisme.fr/d7479d5b-0ef7-3d14-8be6-3ff73ba85d6a",
          "dc:contributor": [
            "https://api.deepl.com/v2/translate"
          ],
          "rdf:language": [
            "de"
          ],
          "rdf:predicate": [
            "shortDescription"
          ]
        },
        {
          "@id": "https://data.datatourisme.fr/edebba3c-344e-38ec-8251-e8d6d4007d5a",
          "dc:contributor": [
            "https://api.deepl.com/v2/translate"
          ],
          "rdf:language": [
            "nl"
          ],
          "rdf:predicate": [
            "shortDescription"
          ]
        }
      ],
      "shortDescription": {
        "de": [
          "Entdecken Sie das Kulturerbe von Le Cheylard. Mithilfe einer Karte können Sie einen Rundgang machen, indem Sie an Stempelstellen vorbeigehen und die Route Ihrer Wahl einschlagen, es werden drei Orientierungsstrecken angeboten. Karte im Office de Tourisme erhältlich."
        ],
        "en": [
          "Discover the heritage of Le Cheylard, with the help of a map you can make a circuit through punch marks and take the route of your choice, three orientation routes proposed. Map available at the Tourist Office."
        ],
        "it": [
          "Scoprite il patrimonio di Le Cheylard, con l'aiuto di una mappa potete fare un circuito passando attraverso i marcatori e prendere il percorso di vostra scelta, tre percorsi di orientamento proposti. Mappa disponibile presso l'Ufficio del Turismo."
        ],
        "fr": [
          "Découvrez le patrimoine du Cheylard, à  l'aide d'une carte vous pourrez réaliser un circuit en passant par des bornes de poinçonnage et emprunter l'itinéraire de votre choix, trois parcours d'orientation proposés. Carte disponible à l'Office de Tourisme."
        ],
        "nl": [
          "Ontdek het erfgoed van Le Cheylard, met behulp van een kaart kunt u een circuit maken door markeringen te passeren en de route van uw keuze te nemen, drie voorgestelde oriëntatieroutes. Kaart verkrijgbaar bij het toeristenbureau."
        ],
        "es": [
          "Descubra el patrimonio de Le Cheylard, con la ayuda de un mapa puede hacer un circuito pasando por los marcadores y tomar la ruta de su elección, tres rutas de orientación propuestas. Mapa disponible en la Oficina de Turismo."
        ]
      }
    }
  ],
  "hasTheme": [
    {
      "@id": "kb:Hiking",
      "@type": [
        "SportsTheme"
      ],
      "rdfs:label": {
        "de": [
          "Wanderung"
        ],
        "pt": [
          "Caminhada"
        ],
        "en": [
          "Hiking"
        ],
        "it": [
          "Escursione"
        ],
        "fr": [
          "Randonnée"
        ],
        "nl": [
          "Wandelen"
        ],
        "es": [
          "Senderismo"
        ]
      }
    },
    {
      "@id": "kb:Pedestrian",
      "@type": [
        "SportsTheme"
      ],
      "rdfs:label": {
        "de": [
          "Zu Fuß"
        ],
        "pt": [
          "Pedestre"
        ],
        "en": [
          "Pedestrian"
        ],
        "it": [
          "A piedi"
        ],
        "fr": [
          "Pédestre"
        ],
        "nl": [
          "Voetgangers"
        ],
        "es": [
          "Peatón"
        ]
      }
    },
    {
      "@id": "kb:Running",
      "@type": [
        "SportsTheme"
      ],
      "rdfs:label": {
        "de": [
          "Laufen"
        ],
        "pt": [
          "Corrida a pé"
        ],
        "en": [
          "Running"
        ],
        "it": [
          "Corsa a piedi"
        ],
        "fr": [
          "Course à pied"
        ],
        "nl": [
          "Hardlopen"
        ],
        "es": [
          "Carrera a pie"
        ]
      }
    }
  ],
  "hasTranslatedProperty": [
    {
      "@id": "https://data.datatourisme.fr/2511c5de-6740-31d1-98be-4b8d6a4dc781",
      "dc:contributor": [
        "https://api.deepl.com/v2/translate"
      ],
      "rdf:language": [
        "nl"
      ],
      "rdf:predicate": [
        {
          "@id": "rdfs:comment"
        }
      ]
    },
    {
      "@id": "https://data.datatourisme.fr/2b3cae6a-399d-398e-8088-5047f51ac5a3",
      "dc:contributor": [
        "https://api.deepl.com/v2/translate"
      ],
      "rdf:language": [
        "es"
      ],
      "rdf:predicate": [
        {
          "@id": "rdfs:comment"
        }
      ]
    },
    {
      "@id": "https://data.datatourisme.fr/2c65b472-c17c-32d5-bf40-917ca34e76af",
      "dc:contributor": [
        "https://api.deepl.com/v2/translate"
      ],
      "rdf:language": [
        "de"
      ],
      "rdf:predicate": [
        {
          "@id": "rdfs:comment"
        }
      ]
    },
    {
      "@id": "https://data.datatourisme.fr/34e5ad57-218b-3b25-b3b9-8f6765ea4315",
      "dc:contributor": [
        "https://api.deepl.com/v2/translate"
      ],
      "rdf:language": [
        "nl"
      ],
      "rdf:predicate": [
        "COVID19SpecialMeasures"
      ]
    },
    {
      "@id": "https://data.datatourisme.fr/87444feb-1d16-399d-ac9b-cf314a87af6a",
      "dc:contributor": [
        "https://api.deepl.com/v2/translate"
      ],
      "rdf:language": [
        "it"
      ],
      "rdf:predicate": [
        "COVID19SpecialMeasures"
      ]
    },
    {
      "@id": "https://data.datatourisme.fr/8c07a701-a8c3-3a7c-bbc3-cfbb46a09071",
      "dc:contributor": [
        "https://api.deepl.com/v2/translate"
      ],
      "rdf:language": [
        "en"
      ],
      "rdf:predicate": [
        "COVID19SpecialMeasures"
      ]
    },
    {
      "@id": "https://data.datatourisme.fr/8fcfe7ab-deff-3dfb-b3fa-7db4fb982b75",
      "dc:contributor": [
        "https://api.deepl.com/v2/translate"
      ],
      "rdf:language": [
        "es"
      ],
      "rdf:predicate": [
        "COVID19SpecialMeasures"
      ]
    },
    {
      "@id": "https://data.datatourisme.fr/a681a3bc-7398-3718-9bba-48e3df61b4d8",
      "dc:contributor": [
        "https://api.deepl.com/v2/translate"
      ],
      "rdf:language": [
        "de"
      ],
      "rdf:predicate": [
        "COVID19SpecialMeasures"
      ]
    },
    {
      "@id": "https://data.datatourisme.fr/c1587f1c-0c95-3b46-aa67-c72553298569",
      "dc:contributor": [
        "https://api.deepl.com/v2/translate"
      ],
      "rdf:language": [
        "en"
      ],
      "rdf:predicate": [
        {
          "@id": "rdfs:comment"
        }
      ]
    },
    {
      "@id": "https://data.datatourisme.fr/f28fffdd-665c-3428-afbf-af8cb13b6743",
      "dc:contributor": [
        "https://api.deepl.com/v2/translate"
      ],
      "rdf:language": [
        "it"
      ],
      "rdf:predicate": [
        {
          "@id": "rdfs:comment"
        }
      ]
    }
  ],
  "isLocatedAt": [
    {
      "@id": "https://data.datatourisme.fr/1545913e-29fb-3aeb-b097-da3174a55ec5",
      "schema:address": [
        {
          "@id": "https://data.datatourisme.fr/19e54816-95e0-36fd-9f78-d174ce6fec6e",
          "schema:addressLocality": "Le Cheylard",
          "schema:postalCode": "07160",
          "schema:streetAddress": [
            "4 B rue Saint-Joseph"
          ],
          "@type": [
            "schema:PostalAddress",
            "PostalAddress"
          ],
          "hasAddressCity": {
            "@id": "kb:07064",
            "@type": [
              "City"
            ],
            "rdfs:label": {
              "de": [
                "Le Cheylard"
              ],
              "pt": [
                "Le Cheylard"
              ],
              "en": [
                "Le Cheylard"
              ],
              "it": [
                "Le Cheylard"
              ],
              "fr": [
                "Le Cheylard"
              ],
              "nl": [
                "Le Cheylard"
              ],
              "es": [
                "Le Cheylard"
              ]
            },
            "insee": "07064",
            "isPartOfDepartment": {
              "@id": "kb:France8407",
              "@type": [
                "Department"
              ],
              "rdfs:label": {
                "de": [
                  "Ardèche"
                ],
                "pt": [
                  "Ardèche"
                ],
                "en": [
                  "Ardèche"
                ],
                "it": [
                  "Ardèche"
                ],
                "fr": [
                  "Ardèche"
                ],
                "nl": [
                  "Ardèche"
                ],
                "es": [
                  "Ardèche"
                ]
              },
              "insee": "07",
              "isPartOfRegion": {
                "@id": "kb:France84",
                "@type": [
                  "Region"
                ],
                "rdfs:label": {
                  "de": [
                    "Auvergne-Rhône-Alpes"
                  ],
                  "pt": [
                    "Auvergne-Rhône-Alpes"
                  ],
                  "en": [
                    "Auvergne-Rhône-Alpes"
                  ],
                  "it": [
                    "Auvergne-Rhône-Alpes"
                  ],
                  "fr": [
                    "Auvergne-Rhône-Alpes"
                  ],
                  "nl": [
                    "Auvergne-Rhône-Alpes"
                  ],
                  "es": [
                    "Auvergne-Rhône-Alpes"
                  ]
                },
                "insee": "84",
                "isPartOfCountry": {
                  "@id": "kb:France",
                  "@type": [
                    "schema:Country"
                  ],
                  "rdfs:label": {
                    "de": [
                      "France",
                      "Frankreich"
                    ],
                    "pt": [
                      "França",
                      "France"
                    ],
                    "en": [
                      "France"
                    ],
                    "it": [
                      "France",
                      "Francia"
                    ],
                    "fr": [
                      "France"
                    ],
                    "nl": [
                      "France",
                      "Frankrijk"
                    ],
                    "es": [
                      "France",
                      "Francia"
                    ]
                  }
                }
              }
            }
          }
        }
      ],
      "schema:geo": {
        "@id": "https://data.datatourisme.fr/e567d0ee-f6dd-335f-b5a0-fd43f19b10e4",
        "schema:latitude": "44.907739",
        "schema:longitude": "4.42256",
        "@type": [
          "schema:GeoCoordinates"
        ]
      },
      "schema:openingHoursSpecification": [
        {
          "@id": "https://data.datatourisme.fr/f87e535a-636d-3343-ad63-8a03392e7511",
          "schema:validFrom": "2023-01-01T00:00:00",
          "schema:validThrough": "2023-12-31T23:59:59",
          "@type": [
            "schema:OpeningHoursSpecification"
          ]
        }
      ],
      "@type": [
        "schema:Place",
        "Place"
      ]
    }
  ],
  "isOwnedBy": [
    {
      "@id": "https://data.datatourisme.fr/598955e7-8a4e-3395-b123-576cbc76c1e8",
      "schema:email": [
        "l.dejulis@ardeche-hautes-vallees.fr",
        "mf.devidal@ardeche-hautes-vallees.fr"
      ],
      "schema:legalName": "Office de Tourisme de Val'Eyrieux - Ardèche Hautes Vallées",
      "@type": [
        "schema:Organization",
        "foaf:Agent",
        "Agent"
      ],
      "foaf:homepage": [
        "https://www.ardeche-hautes-vallees.fr/"
      ]
    }
  ],
  "lastUpdate": "2020-07-10",
  "lastUpdateDatatourisme": "2023-02-10T06:39:19.916Z"
}