{
  "@id": "https://data.datatourisme.fr/13/9901c59a-7427-36e0-a257-a11b5bc4fabd",
  "dc:identifier": "682089",
  "@type": [
    "schema:FoodEstablishment",
    "schema:Winery",
    "BistroOrWineBar",
    "FoodEstablishment",
    "PlaceOfInterest",
    "PointOfInterest",
    "SportsAndLeisurePlace"
  ],
  "rdfs:comment": {
    "de": [
      "Als Museumsbar (bald Stiftung), die sich ganz der Kunst des Ghettos widmet, blüht das Comptoir général am Rande des Canal Saint-Martin auf."
    ],
    "en": [
      "A bar-museum (soon to be founded) entirely dedicated to the art of the ghetto, the Comptoir Général flourishes on the banks of the Canal Saint-Martin."
    ],
    "it": [
      "Bar-museo (che presto diventerà una fondazione) interamente dedicato all'arte del ghetto, il Comptoir général fiorisce sulle rive del Canal Saint-Martin."
    ],
    "fr": [
      "Bar-musée (bientôt fondation) entièrement dédié à l’art du ghetto, le Comptoir général s’épanouit aux abords du canal Saint-Martin."
    ],
    "nl": [
      "Het Comptoir général, een bar-museum (binnenkort een stichting) dat geheel gewijd is aan de kunst van het getto, floreert aan de oevers van het Canal Saint-Martin."
    ],
    "es": [
      "El Comptoir général, un bar-museo (que pronto será una fundación) enteramente dedicado al arte del gueto, florece a orillas del Canal Saint-Martin."
    ]
  },
  "rdfs:label": {
    "fr": [
      "Le Comptoir Général"
    ]
  },
  "hasBeenCreatedBy": {
    "@id": "https://data.datatourisme.fr/13/03e0704b-5690-32de-a186-1dc3ad3316c9",
    "dc:identifier": "1019",
    "schema:email": [
      "bgeigle@visitparisregion.com",
      "hcaldo@visitparisregion.com",
      "mtanaskovic@visitparisregion.com"
    ],
    "schema:legalName": "Choose Paris Region",
    "@type": [
      "schema:Organization",
      "foaf:Agent",
      "Agent"
    ],
    "foaf:homepage": [
      "http://www.visitparisregion.com/"
    ]
  },
  "hasBeenPublishedBy": [
    {
      "@id": "https://data.datatourisme.fr/8a9feb4b-2cbd-3d2c-b507-bd6c6776b23b",
      "schema:legalName": "Apidae Tourisme Scic SA - source : Apidae Tourisme",
      "@type": [
        "schema:Organization",
        "foaf:Agent",
        "Agent"
      ],
      "foaf:homepage": [
        "https://www.apidae-tourisme.com/"
      ]
    }
  ],
  "hasContact": [
    {
      "@id": "https://data.datatourisme.fr/ee6df32f-b9df-353f-b1d2-fcf58c4da7cf",
      "schema:email": [
        "contact@lecomptoirgeneral.com"
      ],
      "schema:telephone": [
        "+33 1 44 88 24 48"
      ],
      "@type": [
        "foaf:Agent",
        "Agent"
      ],
      "foaf:homepage": [
        "http://www.lecomptoirgeneral.com/"
      ]
    }
  ],
  "hasDescription": [
    {
      "@id": "https://data.datatourisme.fr/88619b02-b932-339a-a128-60cb0c6ea4ce",
      "@type": [
        "Description"
      ],
      "hasTranslatedProperty": [
        {
          "@id": "https://data.datatourisme.fr/5ce2e3a8-7ee0-3392-824a-3751d68b0043",
          "dc:contributor": [
            "https://api.deepl.com/v2/translate"
          ],
          "rdf:language": [
            "nl"
          ],
          "rdf:predicate": [
            "shortDescription"
          ]
        },
        {
          "@id": "https://data.datatourisme.fr/615cdbf5-69ae-3d22-af90-7d10b309b2f2",
          "dc:contributor": [
            "https://api.deepl.com/v2/translate"
          ],
          "rdf:language": [
            "en"
          ],
          "rdf:predicate": [
            "shortDescription"
          ]
        },
        {
          "@id": "https://data.datatourisme.fr/62396672-fdaf-3f3c-9043-e9856fab3ccd",
          "dc:contributor": [
            "https://api.deepl.com/v2/translate"
          ],
          "rdf:language": [
            "de"
          ],
          "rdf:predicate": [
            "shortDescription"
          ]
        },
        {
          "@id": "https://data.datatourisme.fr/ae0ccc12-6c22-3157-b53c-02bae8e88d5d",
          "dc:contributor": [
            "https://api.deepl.com/v2/translate"
          ],
          "rdf:language": [
            "it"
          ],
          "rdf:predicate": [
            "shortDescription"
          ]
        },
        {
          "@id": "https://data.datatourisme.fr/ec0fe64f-2b67-3fc6-9530-2f174161a62a",
          "dc:contributor": [
            "https://api.deepl.com/v2/translate"
          ],
          "rdf:language": [
            "es"
          ],
          "rdf:predicate": [
            "shortDescription"
          ]
        }
      ],
      "shortDescription": {
        "de": [
          "Als Museumsbar (bald Stiftung), die sich ganz der Kunst des Ghettos widmet, blüht das Comptoir général am Rande des Canal Saint-Martin auf."
        ],
        "en": [
          "A bar-museum (soon to be founded) entirely dedicated to the art of the ghetto, the Comptoir Général flourishes on the banks of the Canal Saint-Martin."
        ],
        "it": [
          "Bar-museo (che presto diventerà una fondazione) interamente dedicato all'arte del ghetto, il Comptoir général fiorisce sulle rive del Canal Saint-Martin."
        ],
        "fr": [
          "Bar-musée (bientôt fondation) entièrement dédié à l’art du ghetto, le Comptoir général s’épanouit aux abords du canal Saint-Martin."
        ],
        "nl": [
          "Het Comptoir général, een bar-museum (binnenkort een stichting) dat geheel gewijd is aan de kunst van het getto, floreert aan de oevers van het Canal Saint-Martin."
        ],
        "es": [
          "El Comptoir général, un bar-museo (que pronto será una fundación) enteramente dedicado al arte del gueto, florece a orillas del Canal Saint-Martin."
        ]
      }
    }
  ],
  "hasTranslatedProperty": [
    {
      "@id": "https://data.datatourisme.fr/7b9f4f9c-8216-32b6-9563-f9f480efbe09",
      "dc:contributor": [
        "https://api.deepl.com/v2/translate"
      ],
      "rdf:language": [
        "it"
      ],
      "rdf:predicate": [
        {
          "@id": "rdfs:comment"
        }
      ]
    },
    {
      "@id": "https://data.datatourisme.fr/a435835c-44a7-3789-9ef6-273781188ec8",
      "dc:contributor": [
        "https://api.deepl.com/v2/translate"
      ],
      "rdf:language": [
        "es"
      ],
      "rdf:predicate": [
        {
          "@id": "rdfs:comment"
        }
      ]
    },
    {
      "@id": "https://data.datatourisme.fr/ab664820-4c5f-365d-84ba-723c5f8c41c2",
      "dc:contributor": [
        "https://api.deepl.com/v2/translate"
      ],
      "rdf:language": [
        "en"
      ],
      "rdf:predicate": [
        {
          "@id": "rdfs:comment"
        }
      ]
    },
    {
      "@id": "https://data.datatourisme.fr/f62596e6-747e-3466-8026-5493d622a3cf",
      "dc:contributor": [
        "https://api.deepl.com/v2/translate"
      ],
      "rdf:language": [
        "de"
      ],
      "rdf:predicate": [
        {
          "@id": "rdfs:comment"
        }
      ]
    },
    {
      "@id": "https://data.datatourisme.fr/fd5fa652-5619-3e0e-9d24-4d99d5117d95",
      "dc:contributor": [
        "https://api.deepl.com/v2/translate"
      ],
      "rdf:language": [
        "nl"
      ],
      "rdf:predicate": [
        {
          "@id": "rdfs:comment"
        }
      ]
    }
  ],
  "isLocatedAt": [
    {
      "@id": "https://data.datatourisme.fr/6dc839fe-5008-3fec-a212-c217a0156169",
      "schema:address": [
        {
          "@id": "https://data.datatourisme.fr/f92e8d56-01bb-3063-b22c-3cb5d8306e6e",
          "schema:addressLocality": "Paris",
          "schema:postalCode": "75010",
          "schema:streetAddress": [
            "80 Quai de Jemmapes"
          ],
          "@type": [
            "schema:PostalAddress",
            "PostalAddress"
          ],
          "hasAddressCity": {
            "@id": "kb:75056",
            "@type": [
              "City"
            ],
            "rdfs:label": {
              "de": [
                "Paris"
              ],
              "pt": [
                "Paris"
              ],
              "en": [
                "Paris"
              ],
              "it": [
                "Paris"
              ],
              "fr": [
                "Paris"
              ],
              "nl": [
                "Paris"
              ],
              "es": [
                "Paris"
              ]
            },
            "insee": "75056",
            "isPartOfDepartment": {
              "@id": "kb:France1175",
              "@type": [
                "Department"
              ],
              "rdfs:label": {
                "de": [
                  "Paris"
                ],
                "pt": [
                  "Paris"
                ],
                "en": [
                  "Paris"
                ],
                "it": [
                  "Paris"
                ],
                "fr": [
                  "Paris"
                ],
                "nl": [
                  "Paris"
                ],
                "es": [
                  "Paris"
                ]
              },
              "insee": "75",
              "isPartOfRegion": {
                "@id": "kb:France11",
                "@type": [
                  "Region"
                ],
                "rdfs:label": {
                  "de": [
                    "Île-de-France"
                  ],
                  "pt": [
                    "Île-de-France"
                  ],
                  "en": [
                    "Île-de-France"
                  ],
                  "it": [
                    "Île-de-France"
                  ],
                  "fr": [
                    "Île-de-France"
                  ],
                  "nl": [
                    "Île-de-France"
                  ],
                  "es": [
                    "Île-de-France"
                  ]
                },
                "insee": "11",
                "isPartOfCountry": {
                  "@id": "kb:France",
                  "@type": [
                    "schema:Country"
                  ],
                  "rdfs:label": {
                    "de": [
                      "France",
                      "Frankreich"
                    ],
                    "pt": [
                      "França",
                      "France"
                    ],
                    "en": [
                      "France"
                    ],
                    "it": [
                      "France",
                      "Francia"
                    ],
                    "fr": [
                      "France"
                    ],
                    "nl": [
                      "France",
                      "Frankrijk"
                    ],
                    "es": [
                      "France",
                      "Francia"
                    ]
                  }
                }
              }
            }
          }
        }
      ],
      "schema:geo": {
        "@id": "https://data.datatourisme.fr/29acf005-039a-3dcf-a4ff-04614af3e2e3",
        "schema:latitude": "48.872423",
        "schema:longitude": "2.365542",
        "@type": [
          "schema:GeoCoordinates"
        ]
      },
      "schema:openingHoursSpecification": [
        {
          "@id": "https://data.datatourisme.fr/a6d3d32c-30ea-3dca-9c74-8315b3acd464",
          "schema:validFrom": "2023-01-01T00:00:00",
          "schema:validThrough": "2023-12-31T23:59:59",
          "@type": [
            "schema:OpeningHoursSpecification"
          ],
          "additionalInformation": {
            "de": [
              "Geöffnet Montag und Dienstag von 18:00 bis 01:00 Uhr, Mittwoch von 10:00 bis 1:00 Uhr, Donnerstag bis Samstag von 10:00 bis 2:00 Uhr und Sonntag von 11:00 bis 1:00 Uhr."
            ],
            "en": [
              "Open Monday and Tuesday from 6 pm to 1 am, Wednesday from 10 am to 1 am, Thursday to Saturday from 10 am to 2 am and Sunday from 11 am to 1 am."
            ],
            "it": [
              "Aperto lunedì e martedì dalle 18.00 all'1.00, mercoledì dalle 10.00 all'1.00, da giovedì a sabato dalle 10.00 alle 2.00 e domenica dalle 11.00 all'1.00."
            ],
            "fr": [
              "Ouvert lundi et mardi de 18h à 01h, mercredi de 10h à 1h, du jeudi au samedi de 10h à 2h et le dimanche de 11h à 1h."
            ],
            "nl": [
              "Geopend op maandag en dinsdag van 18.00 tot 01.00 uur, op woensdag van 10.00 tot 01.00 uur, van donderdag tot en met zaterdag van 10.00 tot 02.00 uur en op zondag van 11.00 tot 01.00 uur."
            ],
            "es": [
              "Abierto el lunes y el martes de 18:00 a 1:00, el miércoles de 10:00 a 1:00, de jueves a sábado de 10:00 a 2:00 y el domingo de 11:00 a 1:00."
            ]
          },
          "hasTranslatedProperty": [
            {
              "@id": "https://data.datatourisme.fr/3be5b899-59da-3df2-81ac-ac44a02bb7c3",
              "dc:contributor": [
                "https://api.deepl.com/v2/translate"
              ],
              "rdf:language": [
                "es"
              ],
              "rdf:predicate": [
                "additionalInformation"
              ]
            },
            {
              "@id": "https://data.datatourisme.fr/4270799e-2cb1-3e70-a6c0-87814b21c064",
              "dc:contributor": [
                "https://api.deepl.com/v2/translate"
              ],
              "rdf:language": [
                "nl"
              ],
              "rdf:predicate": [
                "additionalInformation"
              ]
            },
            {
              "@id": "https://data.datatourisme.fr/68dc61d8-620e-3a5f-bb9c-504b9e2777b2",
              "dc:contributor": [
                "https://api.deepl.com/v2/translate"
              ],
              "rdf:language": [
                "en"
              ],
              "rdf:predicate": [
                "additionalInformation"
              ]
            },
            {
              "@id": "https://data.datatourisme.fr/d23eb9f3-814e-32fa-b43d-a8f706f59990",
              "dc:contributor": [
                "https://api.deepl.com/v2/translate"
              ],
              "rdf:language": [
                "de"
              ],
              "rdf:predicate": [
                "additionalInformation"
              ]
            },
            {
              "@id": "https://data.datatourisme.fr/e4f5fc53-3de3-34ae-9086-c84e35a29d9c",
              "dc:contributor": [
                "https://api.deepl.com/v2/translate"
              ],
              "rdf:language": [
                "it"
              ],
              "rdf:predicate": [
                "additionalInformation"
              ]
            }
          ]
        }
      ],
      "@type": [
        "schema:Place",
        "Place"
      ]
    }
  ],
  "isOwnedBy": [
    {
      "@id": "https://data.datatourisme.fr/26ecd6f0-563c-356a-b0f9-ad3ec17effc4",
      "schema:email": [
        "bgeigle@visitparisregion.com",
        "hcaldo@visitparisregion.com",
        "mtanaskovic@visitparisregion.com"
      ],
      "schema:legalName": "Comité Régional du Tourisme Paris Ile de France",
      "@type": [
        "schema:Organization",
        "foaf:Agent",
        "Agent"
      ],
      "foaf:homepage": [
        "http://www.visitparisregion.com/"
      ]
    }
  ],
  "lastUpdate": "2020-11-05",
  "lastUpdateDatatourisme": "2023-10-02T05:53:31.685Z"
}