{
  "@id": "https://data.datatourisme.fr/13/f3e9cedb-56a4-3317-b0af-75bdc5b94266",
  "dc:identifier": "6381175",
  "@type": [
    "olo:OrderedList",
    "CyclingTour",
    "PlaceOfInterest",
    "PointOfInterest",
    "SportsAndLeisurePlace",
    "Tour"
  ],
  "rdfs:comment": {
    "de": [
      "Von dem sanften Weg der Payre aus gelangen Sie nach Saint-Vincent-de-Barrès. Mit seinen runden Türmen, Stadtmauern, befestigten Toren, engen und verwinkelten Gassen...ist es ein Zeitsprung von mehreren Jahrhunderten zurück ins Mittelalter."
    ],
    "en": [
      "From the soft way of the Payre, reach Saint-Vincent-de-Barrès. With its round towers, ramparts, fortified gates, narrow and winding streets...it's a leap in time of several centuries to go back to the medieval period."
    ],
    "it": [
      "Dal morbido sentiero della Payre, raggiungere Saint-Vincent-de-Barrès. Con le sue torri rotonde, i bastioni, le porte fortificate, le strade strette e tortuose... è come fare un salto indietro nel tempo di diversi secoli, nel periodo medievale."
    ],
    "fr": [
      "Depuis la voie douce de la Payre, rejoignez Saint-Vincent-de-Barrès. Avec ses tours rondes, remparts, portes fortifiées, ruelles étroites et sinueuses...c’est faire un bond dans le temps de plusieurs siècles pour remonter à l’époque médiévale."
    ],
    "nl": [
      "Vanaf het zachte pad van de Payre bereiken we Saint-Vincent-de-Barrès. Met zijn ronde torens, wallen, versterkte poorten, smalle en kronkelige straatjes... is het alsof je enkele eeuwen terug in de tijd stapt naar de middeleeuwen."
    ],
    "es": [
      "Desde el suave sendero del Payre, llegue a Saint-Vincent-de-Barrès. Con sus torres redondas, murallas, puertas fortificadas, calles estrechas y sinuosas... es como retroceder varios siglos en el tiempo hasta la época medieval."
    ]
  },
  "rdfs:label": {
    "fr": [
      "De la Payre à Saint-Vincent-de-Barrès"
    ]
  },
  "hasBeenCreatedBy": {
    "@id": "https://data.datatourisme.fr/13/26657d5f-f902-3d2a-befe-558796b99584",
    "dc:identifier": "96",
    "schema:email": [
      "ncharra@ardeche-guide.com"
    ],
    "schema:legalName": "Agence de Développement Touristique de l'Ardèche",
    "@type": [
      "schema:Organization",
      "foaf:Agent",
      "Agent"
    ],
    "foaf:homepage": [
      "https://www.ardeche-guide.com/"
    ]
  },
  "hasBeenPublishedBy": [
    {
      "@id": "https://data.datatourisme.fr/dbca899d-3f22-364b-b99d-40af1e917c58",
      "schema:legalName": "Agence de Développement Touristique de l'Ardèche - source : Apidae Tourisme",
      "@type": [
        "schema:Organization",
        "foaf:Agent",
        "Agent"
      ],
      "foaf:homepage": [
        "https://www.apidae-tourisme.com/"
      ]
    }
  ],
  "hasContact": [
    {
      "@id": "https://data.datatourisme.fr/3030385e-9779-3e7c-8411-0d536647b86b",
      "@type": [
        "foaf:Agent",
        "Agent"
      ],
      "foaf:homepage": [
        "https://www.ardeche-guide.com/experiences-emerveillantes/l-ardeche-velo"
      ]
    }
  ],
  "hasDescription": [
    {
      "@id": "https://data.datatourisme.fr/78c922f6-ee2d-33a5-af75-170bab4c6879",
      "@type": [
        "Description"
      ],
      "hasTranslatedProperty": [
        {
          "@id": "https://data.datatourisme.fr/01cd4916-e6b6-3aa4-afb5-eabfd926ac70",
          "dc:contributor": [
            "https://api.deepl.com/v2/translate"
          ],
          "rdf:language": [
            "it"
          ],
          "rdf:predicate": [
            "shortDescription"
          ]
        },
        {
          "@id": "https://data.datatourisme.fr/82e15fc3-8e9a-31f4-88a7-36337890a7c0",
          "dc:contributor": [
            "https://api.deepl.com/v2/translate"
          ],
          "rdf:language": [
            "de"
          ],
          "rdf:predicate": [
            "shortDescription"
          ]
        },
        {
          "@id": "https://data.datatourisme.fr/c660b0fa-3d99-3bbb-96a3-ac6c370cce8a",
          "dc:contributor": [
            "https://api.deepl.com/v2/translate"
          ],
          "rdf:language": [
            "en"
          ],
          "rdf:predicate": [
            "shortDescription"
          ]
        },
        {
          "@id": "https://data.datatourisme.fr/d6535ad4-3fbe-3efa-b574-cd53eee67382",
          "dc:contributor": [
            "https://api.deepl.com/v2/translate"
          ],
          "rdf:language": [
            "nl"
          ],
          "rdf:predicate": [
            "shortDescription"
          ]
        },
        {
          "@id": "https://data.datatourisme.fr/f973cfd4-f453-3b47-9348-b47074ac66ee",
          "dc:contributor": [
            "https://api.deepl.com/v2/translate"
          ],
          "rdf:language": [
            "es"
          ],
          "rdf:predicate": [
            "shortDescription"
          ]
        }
      ],
      "shortDescription": {
        "de": [
          "Von dem sanften Weg der Payre aus gelangen Sie nach Saint-Vincent-de-Barrès. Mit seinen runden Türmen, Stadtmauern, befestigten Toren, engen und verwinkelten Gassen...ist es ein Zeitsprung von mehreren Jahrhunderten zurück ins Mittelalter."
        ],
        "en": [
          "From the soft way of the Payre, reach Saint-Vincent-de-Barrès. With its round towers, ramparts, fortified gates, narrow and winding streets...it's a leap in time of several centuries to go back to the medieval period."
        ],
        "it": [
          "Dal morbido sentiero della Payre, raggiungere Saint-Vincent-de-Barrès. Con le sue torri rotonde, i bastioni, le porte fortificate, le strade strette e tortuose... è come fare un salto indietro nel tempo di diversi secoli, nel periodo medievale."
        ],
        "fr": [
          "Depuis la voie douce de la Payre, rejoignez Saint-Vincent-de-Barrès. Avec ses tours rondes, remparts, portes fortifiées, ruelles étroites et sinueuses...c’est faire un bond dans le temps de plusieurs siècles pour remonter à l’époque médiévale."
        ],
        "nl": [
          "Vanaf het zachte pad van de Payre bereiken we Saint-Vincent-de-Barrès. Met zijn ronde torens, wallen, versterkte poorten, smalle en kronkelige straatjes... is het alsof je enkele eeuwen terug in de tijd stapt naar de middeleeuwen."
        ],
        "es": [
          "Desde el suave sendero del Payre, llegue a Saint-Vincent-de-Barrès. Con sus torres redondas, murallas, puertas fortificadas, calles estrechas y sinuosas... es como retroceder varios siglos en el tiempo hasta la época medieval."
        ]
      }
    }
  ],
  "hasTheme": [
    {
      "@id": "kb:Bike",
      "@type": [
        "SportsTheme"
      ],
      "rdfs:label": {
        "de": [
          "Fahrrad"
        ],
        "pt": [
          "Bicicleta"
        ],
        "en": [
          "Bike"
        ],
        "it": [
          "Bicicletta"
        ],
        "fr": [
          "Vélo"
        ],
        "nl": [
          "Fiets"
        ],
        "es": [
          "Bicicleta"
        ]
      }
    },
    {
      "@id": "kb:ElectricallyAssistedBicycle",
      "@type": [
        "SportsTheme"
      ],
      "rdfs:label": {
        "de": [
          "Ladestation für Elektrofahrräder"
        ],
        "pt": [
          "Bicicleta elétrica"
        ],
        "en": [
          "Electrically assisted bicycle"
        ],
        "it": [
          "Bicicletta a pedalata assistita"
        ],
        "fr": [
          "Vélo à assistance électrique, VAE"
        ],
        "nl": [
          "Elektrische fiets"
        ],
        "es": [
          "Bicicleta eléctrica, VAE"
        ]
      }
    }
  ],
  "hasTranslatedProperty": [
    {
      "@id": "https://data.datatourisme.fr/3cfec114-ca14-3721-8987-03fe171521b2",
      "dc:contributor": [
        "https://api.deepl.com/v2/translate"
      ],
      "rdf:language": [
        "it"
      ],
      "rdf:predicate": [
        {
          "@id": "rdfs:comment"
        }
      ]
    },
    {
      "@id": "https://data.datatourisme.fr/5d0c8555-508b-359b-8b5b-0613f6dea958",
      "dc:contributor": [
        "https://api.deepl.com/v2/translate"
      ],
      "rdf:language": [
        "en"
      ],
      "rdf:predicate": [
        {
          "@id": "rdfs:comment"
        }
      ]
    },
    {
      "@id": "https://data.datatourisme.fr/6882f2f5-2df3-3bad-a15d-846fbd41f536",
      "dc:contributor": [
        "https://api.deepl.com/v2/translate"
      ],
      "rdf:language": [
        "es"
      ],
      "rdf:predicate": [
        {
          "@id": "rdfs:comment"
        }
      ]
    },
    {
      "@id": "https://data.datatourisme.fr/698a7b6e-8624-3050-b1b9-0183577f4394",
      "dc:contributor": [
        "https://api.deepl.com/v2/translate"
      ],
      "rdf:language": [
        "nl"
      ],
      "rdf:predicate": [
        {
          "@id": "rdfs:comment"
        }
      ]
    },
    {
      "@id": "https://data.datatourisme.fr/8fcfefce-1416-3ce7-9905-8961c4e5022f",
      "dc:contributor": [
        "https://api.deepl.com/v2/translate"
      ],
      "rdf:language": [
        "de"
      ],
      "rdf:predicate": [
        {
          "@id": "rdfs:comment"
        }
      ]
    }
  ],
  "isLocatedAt": [
    {
      "@id": "https://data.datatourisme.fr/f3753cd4-158a-3fda-b7d9-a07ef92aa47b",
      "schema:address": [
        {
          "@id": "https://data.datatourisme.fr/e1c83622-a111-31e8-991e-e21386d7f7fe",
          "schema:addressLocality": "Saint-Lager-Bressac",
          "schema:postalCode": "07210",
          "@type": [
            "schema:PostalAddress",
            "PostalAddress"
          ],
          "hasAddressCity": {
            "@id": "kb:07260",
            "@type": [
              "City"
            ],
            "rdfs:label": {
              "de": [
                "Saint-Lager-Bressac"
              ],
              "pt": [
                "Saint-Lager-Bressac"
              ],
              "en": [
                "Saint-Lager-Bressac"
              ],
              "it": [
                "Saint-Lager-Bressac"
              ],
              "fr": [
                "Saint-Lager-Bressac"
              ],
              "nl": [
                "Saint-Lager-Bressac"
              ],
              "es": [
                "Saint-Lager-Bressac"
              ]
            },
            "insee": "07260",
            "isPartOfDepartment": {
              "@id": "kb:France8407",
              "@type": [
                "Department"
              ],
              "rdfs:label": {
                "de": [
                  "Ardèche"
                ],
                "pt": [
                  "Ardèche"
                ],
                "en": [
                  "Ardèche"
                ],
                "it": [
                  "Ardèche"
                ],
                "fr": [
                  "Ardèche"
                ],
                "nl": [
                  "Ardèche"
                ],
                "es": [
                  "Ardèche"
                ]
              },
              "insee": "07",
              "isPartOfRegion": {
                "@id": "kb:France84",
                "@type": [
                  "Region"
                ],
                "rdfs:label": {
                  "de": [
                    "Auvergne-Rhône-Alpes"
                  ],
                  "pt": [
                    "Auvergne-Rhône-Alpes"
                  ],
                  "en": [
                    "Auvergne-Rhône-Alpes"
                  ],
                  "it": [
                    "Auvergne-Rhône-Alpes"
                  ],
                  "fr": [
                    "Auvergne-Rhône-Alpes"
                  ],
                  "nl": [
                    "Auvergne-Rhône-Alpes"
                  ],
                  "es": [
                    "Auvergne-Rhône-Alpes"
                  ]
                },
                "insee": "84",
                "isPartOfCountry": {
                  "@id": "kb:France",
                  "@type": [
                    "schema:Country"
                  ],
                  "rdfs:label": {
                    "de": [
                      "France",
                      "Frankreich"
                    ],
                    "pt": [
                      "França",
                      "France"
                    ],
                    "en": [
                      "France"
                    ],
                    "it": [
                      "France",
                      "Francia"
                    ],
                    "fr": [
                      "France"
                    ],
                    "nl": [
                      "France",
                      "Frankrijk"
                    ],
                    "es": [
                      "France",
                      "Francia"
                    ]
                  }
                }
              }
            }
          }
        }
      ],
      "schema:geo": {
        "@id": "https://data.datatourisme.fr/2ca8343e-68e1-39c7-bdbd-71be9dc2a188",
        "schema:elevation": "163",
        "schema:latitude": "44.694229",
        "schema:longitude": "4.715047",
        "@type": [
          "schema:GeoCoordinates"
        ]
      },
      "schema:openingHoursSpecification": [
        {
          "@id": "https://data.datatourisme.fr/f87e535a-636d-3343-ad63-8a03392e7511",
          "schema:validFrom": "2023-01-01T00:00:00",
          "schema:validThrough": "2023-12-31T23:59:59",
          "@type": [
            "schema:OpeningHoursSpecification"
          ]
        }
      ],
      "@type": [
        "schema:Place",
        "Place"
      ]
    }
  ],
  "isOwnedBy": [
    {
      "@id": "https://data.datatourisme.fr/6ef576cd-2c5c-33d6-b250-09b105230dfc",
      "schema:email": [
        "ncharra@ardeche-guide.com"
      ],
      "schema:legalName": "Agence de Développement Touristique de l'Ardèche",
      "@type": [
        "schema:Organization",
        "foaf:Agent",
        "Agent"
      ],
      "foaf:homepage": [
        "https://www.ardeche-guide.com/"
      ]
    }
  ],
  "lastUpdate": "2023-09-15",
  "lastUpdateDatatourisme": "2023-09-16T05:52:55.967Z"
}