{
  "@id": "https://data.datatourisme.fr/13/f3cb7d65-3b18-355f-8e6e-65153bfabd6b",
  "dc:identifier": "5637454",
  "@type": [
    "olo:OrderedList",
    "PlaceOfInterest",
    "PointOfInterest",
    "RoadTour",
    "SportsAndLeisurePlace",
    "Tour"
  ],
  "rdfs:comment": {
    "de": [
      "Sie wollen frische Luft schnappen, Sie träumen von weiten Landschaften, Sie möchten ganz nach Ihren Wünschen empfangen werden...suchen Sie nicht weiter, Sie brauchen die Ardèche."
    ],
    "en": [
      "Do you want to breathe fresh air; soak up wide-open spaces; and enjoy the kind of warm welcome you have dreamt about?  Then look no further.  You should be in Ardèche.\r\n\r\nDevesset is a gem beside a 51-hectare lake fringed with conifers.  Go mountain biking, swimming or hiking.  And if you visit in July, try the delicious blueberries too.\r\n\r\nDon’t miss Aubenas in the heart of an area rich in chestnut trees, culinary emblem of the area.  The thermal spa resort of Vals-les-Bains is a must-do with its intermittent springs, a natural phenomenon which surges every six hours.   The natural mineral water of Ardèche.\r\n \r\nVallon-Pont-d’Arc offers a natural rock arch 60 metres high, plus 30 km of stunning gorges, and the oldest painted cave in the world.  Three excellent reasons to visit!\r\n\r\nTournon-sur-Rhône was a guard post overlooking the river and still boasts a medieval streets and a castle.  Visit the vineyard terraces of famous vintages and the chocolate museum. Step back in time too and relax to the rhythm of a historic steam train on an unforgettable ride!"
    ],
    "it": [
      "Volete allontanarvi da tutto, sognate grandi spazi aperti, volete essere accolti il più vicino possibile ai vostri desideri? Non cercate oltre, avete bisogno dell'Ardèche."
    ],
    "fr": [
      "Vous voulez prendre l’air, vous rêvez de grands espaces, vous souhaitez être accueillis au plus près de vos envies…ne cherchez plus, vous avez besoin d’Ardèche."
    ],
    "nl": [
      "U wilt frisse lucht, u droomt van weidse ruimtes, u wilt zo dicht mogelijk bij uw verlangens worden ontvangen... zoek niet verder, u heeft de Ardèche nodig."
    ],
    "es": [
      "Quiere alejarse de todo, sueña con amplios espacios abiertos, quiere ser acogido lo más cerca posible de sus deseos... no busque más, necesita el Ardèche."
    ]
  },
  "rdfs:label": {
    "en": [
      "Be Amazed by Ardèche"
    ],
    "fr": [
      "Circuit Emerveillés par l'Ardèche"
    ]
  },
  "hasBeenCreatedBy": {
    "@id": "https://data.datatourisme.fr/13/26657d5f-f902-3d2a-befe-558796b99584",
    "dc:identifier": "96",
    "schema:email": [
      "ncharra@ardeche-guide.com"
    ],
    "schema:legalName": "Agence de Développement Touristique de l'Ardèche",
    "@type": [
      "schema:Organization",
      "foaf:Agent",
      "Agent"
    ],
    "foaf:homepage": [
      "https://www.ardeche-guide.com/"
    ]
  },
  "hasBeenPublishedBy": [
    {
      "@id": "https://data.datatourisme.fr/dbca899d-3f22-364b-b99d-40af1e917c58",
      "schema:legalName": "Agence de Développement Touristique de l'Ardèche - source : Apidae Tourisme",
      "@type": [
        "schema:Organization",
        "foaf:Agent",
        "Agent"
      ],
      "foaf:homepage": [
        "https://www.apidae-tourisme.com/"
      ]
    }
  ],
  "hasContact": [
    {
      "@id": "https://data.datatourisme.fr/41947f4a-d2f7-38e5-89db-93e8aab794b8",
      "schema:telephone": [
        "+33 4 75 64 88 51"
      ],
      "@type": [
        "foaf:Agent",
        "Agent"
      ],
      "foaf:homepage": [
        "https://www.ardeche-guide.com/circuit-itinerant-en-voiture-de-la-montagne-au-sud-jusqu-aux-vins-de-renom-de-la-vallee-du-rhone"
      ]
    }
  ],
  "hasDescription": [
    {
      "@id": "https://data.datatourisme.fr/fd7e5f04-b5d0-3bda-8a4c-688243d40a1e",
      "@type": [
        "Description"
      ],
      "hasTranslatedProperty": [
        {
          "@id": "https://data.datatourisme.fr/5effd48e-407e-3030-a044-028d40eac792",
          "dc:contributor": [
            "https://api.deepl.com/v2/translate"
          ],
          "rdf:language": [
            "es"
          ],
          "rdf:predicate": [
            "shortDescription"
          ]
        },
        {
          "@id": "https://data.datatourisme.fr/9f6efe2b-f40b-3768-8f12-781882dcafb3",
          "dc:contributor": [
            "https://api.deepl.com/v2/translate"
          ],
          "rdf:language": [
            "nl"
          ],
          "rdf:predicate": [
            "shortDescription"
          ]
        },
        {
          "@id": "https://data.datatourisme.fr/ec1863dc-8e19-322f-ab5f-098349434e02",
          "dc:contributor": [
            "https://api.deepl.com/v2/translate"
          ],
          "rdf:language": [
            "it"
          ],
          "rdf:predicate": [
            "shortDescription"
          ]
        },
        {
          "@id": "https://data.datatourisme.fr/f844d172-232c-3801-b7fc-dfa6dffc45a2",
          "dc:contributor": [
            "https://api.deepl.com/v2/translate"
          ],
          "rdf:language": [
            "de"
          ],
          "rdf:predicate": [
            "shortDescription"
          ]
        }
      ],
      "shortDescription": {
        "de": [
          "Sie wollen frische Luft schnappen, Sie träumen von weiten Landschaften, Sie möchten ganz nach Ihren Wünschen empfangen werden...suchen Sie nicht weiter, Sie brauchen die Ardèche."
        ],
        "en": [
          "Do you want to breathe fresh air; soak up wide-open spaces; and enjoy the kind of warm welcome you have dreamt about?  Then look no further.  You should be in Ardèche.\r\n\r\nDevesset is a gem beside a 51-hectare lake fringed with conifers.  Go mountain biking, swimming or hiking.  And if you visit in July, try the delicious blueberries too.\r\n\r\nDon’t miss Aubenas in the heart of an area rich in chestnut trees, culinary emblem of the area.  The thermal spa resort of Vals-les-Bains is a must-do with its intermittent springs, a natural phenomenon which surges every six hours.   The natural mineral water of Ardèche.\r\n \r\nVallon-Pont-d’Arc offers a natural rock arch 60 metres high, plus 30 km of stunning gorges, and the oldest painted cave in the world.  Three excellent reasons to visit!\r\n\r\nTournon-sur-Rhône was a guard post overlooking the river and still boasts a medieval streets and a castle.  Visit the vineyard terraces of famous vintages and the chocolate museum. Step back in time too and relax to the rhythm of a historic steam train on an unforgettable ride!"
        ],
        "it": [
          "Volete allontanarvi da tutto, sognate grandi spazi aperti, volete essere accolti il più vicino possibile ai vostri desideri? Non cercate oltre, avete bisogno dell'Ardèche."
        ],
        "fr": [
          "Vous voulez prendre l’air, vous rêvez de grands espaces, vous souhaitez être accueillis au plus près de vos envies…ne cherchez plus, vous avez besoin d’Ardèche."
        ],
        "nl": [
          "U wilt frisse lucht, u droomt van weidse ruimtes, u wilt zo dicht mogelijk bij uw verlangens worden ontvangen... zoek niet verder, u heeft de Ardèche nodig."
        ],
        "es": [
          "Quiere alejarse de todo, sueña con amplios espacios abiertos, quiere ser acogido lo más cerca posible de sus deseos... no busque más, necesita el Ardèche."
        ]
      }
    }
  ],
  "hasTranslatedProperty": [
    {
      "@id": "https://data.datatourisme.fr/12e06358-8394-3151-ba96-fe4eca6a5b73",
      "dc:contributor": [
        "https://api.deepl.com/v2/translate"
      ],
      "rdf:language": [
        "es"
      ],
      "rdf:predicate": [
        {
          "@id": "rdfs:comment"
        }
      ]
    },
    {
      "@id": "https://data.datatourisme.fr/202a99fa-daf8-357a-b0d6-4bb96e077695",
      "dc:contributor": [
        "https://api.deepl.com/v2/translate"
      ],
      "rdf:language": [
        "de"
      ],
      "rdf:predicate": [
        {
          "@id": "rdfs:comment"
        }
      ]
    },
    {
      "@id": "https://data.datatourisme.fr/4002b33f-9389-3709-ae1d-5917321f49f0",
      "dc:contributor": [
        "https://api.deepl.com/v2/translate"
      ],
      "rdf:language": [
        "it"
      ],
      "rdf:predicate": [
        {
          "@id": "rdfs:comment"
        }
      ]
    },
    {
      "@id": "https://data.datatourisme.fr/ce1a8ef8-c0fd-3e63-bd3d-03d027346225",
      "dc:contributor": [
        "https://api.deepl.com/v2/translate"
      ],
      "rdf:language": [
        "nl"
      ],
      "rdf:predicate": [
        {
          "@id": "rdfs:comment"
        }
      ]
    }
  ],
  "isLocatedAt": [
    {
      "@id": "https://data.datatourisme.fr/5fd966d0-fb79-3033-acb9-b76696b359aa",
      "schema:address": [
        {
          "@id": "https://data.datatourisme.fr/ff112b88-7283-3a48-a3de-a744edadb736",
          "schema:addressLocality": "Devesset",
          "schema:postalCode": "07320",
          "schema:streetAddress": [
            "Départ du Lac de Devesset"
          ],
          "@type": [
            "schema:PostalAddress",
            "PostalAddress"
          ],
          "hasAddressCity": {
            "@id": "kb:07080",
            "@type": [
              "City"
            ],
            "rdfs:label": {
              "de": [
                "Devesset"
              ],
              "pt": [
                "Devesset"
              ],
              "en": [
                "Devesset"
              ],
              "it": [
                "Devesset"
              ],
              "fr": [
                "Devesset"
              ],
              "nl": [
                "Devesset"
              ],
              "es": [
                "Devesset"
              ]
            },
            "insee": "07080",
            "isPartOfDepartment": {
              "@id": "kb:France8407",
              "@type": [
                "Department"
              ],
              "rdfs:label": {
                "de": [
                  "Ardèche"
                ],
                "pt": [
                  "Ardèche"
                ],
                "en": [
                  "Ardèche"
                ],
                "it": [
                  "Ardèche"
                ],
                "fr": [
                  "Ardèche"
                ],
                "nl": [
                  "Ardèche"
                ],
                "es": [
                  "Ardèche"
                ]
              },
              "insee": "07",
              "isPartOfRegion": {
                "@id": "kb:France84",
                "@type": [
                  "Region"
                ],
                "rdfs:label": {
                  "de": [
                    "Auvergne-Rhône-Alpes"
                  ],
                  "pt": [
                    "Auvergne-Rhône-Alpes"
                  ],
                  "en": [
                    "Auvergne-Rhône-Alpes"
                  ],
                  "it": [
                    "Auvergne-Rhône-Alpes"
                  ],
                  "fr": [
                    "Auvergne-Rhône-Alpes"
                  ],
                  "nl": [
                    "Auvergne-Rhône-Alpes"
                  ],
                  "es": [
                    "Auvergne-Rhône-Alpes"
                  ]
                },
                "insee": "84",
                "isPartOfCountry": {
                  "@id": "kb:France",
                  "@type": [
                    "schema:Country"
                  ],
                  "rdfs:label": {
                    "de": [
                      "France",
                      "Frankreich"
                    ],
                    "pt": [
                      "França",
                      "France"
                    ],
                    "en": [
                      "France"
                    ],
                    "it": [
                      "France",
                      "Francia"
                    ],
                    "fr": [
                      "France"
                    ],
                    "nl": [
                      "France",
                      "Frankrijk"
                    ],
                    "es": [
                      "France",
                      "Francia"
                    ]
                  }
                }
              }
            }
          }
        }
      ],
      "schema:geo": {
        "@id": "https://data.datatourisme.fr/9ed39f33-eb49-3267-a139-696b0f24a9fc",
        "schema:latitude": "45.055112",
        "schema:longitude": "4.399835",
        "@type": [
          "schema:GeoCoordinates"
        ]
      },
      "schema:openingHoursSpecification": [
        {
          "@id": "https://data.datatourisme.fr/f87e535a-636d-3343-ad63-8a03392e7511",
          "schema:validFrom": "2023-01-01T00:00:00",
          "schema:validThrough": "2023-12-31T23:59:59",
          "@type": [
            "schema:OpeningHoursSpecification"
          ]
        }
      ],
      "@type": [
        "schema:Place",
        "Place"
      ]
    }
  ],
  "isOwnedBy": [
    {
      "@id": "https://data.datatourisme.fr/6ef576cd-2c5c-33d6-b250-09b105230dfc",
      "schema:email": [
        "ncharra@ardeche-guide.com"
      ],
      "schema:legalName": "Agence de Développement Touristique de l'Ardèche",
      "@type": [
        "schema:Organization",
        "foaf:Agent",
        "Agent"
      ],
      "foaf:homepage": [
        "https://www.ardeche-guide.com/"
      ]
    }
  ],
  "lastUpdate": "2022-06-14",
  "lastUpdateDatatourisme": "2023-02-24T06:40:40.305Z",
  "offers": [
    {
      "@id": "https://data.datatourisme.fr/b7bec28c-f1ff-3774-94c7-3d8b33d2c65f",
      "schema:priceSpecification": [
        {
          "@id": "https://data.datatourisme.fr/946c9094-aad2-3faa-9278-1527b3c0e7e1",
          "@type": [
            "schema:PriceSpecification",
            "PriceSpecification"
          ],
          "appliesOnPeriod": [
            {
              "@id": "https://data.datatourisme.fr/f5332a1a-f735-3051-9102-1ebd84d442f4",
              "@type": [
                "Period"
              ],
              "endDate": "2020-12-31",
              "startDate": "2020-01-02"
            }
          ]
        }
      ],
      "@type": [
        "schema:Offer",
        "Offer"
      ]
    }
  ]
}