{
  "@id": "https://data.datatourisme.fr/13/7dfe84eb-c321-3ef7-bf54-455a79bc7973",
  "dc:identifier": "704443",
  "@type": [
    "schema:LocalBusiness",
    "schema:Museum",
    "CulturalSite",
    "Museum",
    "PlaceOfInterest",
    "PointOfInterest"
  ],
  "rdfs:comment": {
    "de": [
      "Achtung das Museum Carnavalet - Geschichte von Paris ist derzeit wegen Renovierungsarbeiten geschlossen. Die Wiedereröffnung ist für 2021 geplant\r\n\r\nEine Zeitreise von den Ursprüngen von Paris bis heute, in der zauberhaften Umgebung eines Renaissance-Privathauses."
    ],
    "en": [
      "Attention the Carnavalet Museum - History of Paris is currently closed for work. Reopening planned in 2021\r\n\r\nA journey through time, from the origins of Paris to the present day, in the enchanting setting of a Renaissance town house."
    ],
    "it": [
      "Si prega di notare che il Museo Carnavalet - Storia di Parigi è attualmente chiuso per ristrutturazione. Riapertura prevista nel 2021\r\n\r\nUn viaggio nel tempo, dalle origini di Parigi ai giorni nostri, nell'incantevole cornice di una casa di città rinascimentale."
    ],
    "fr": [
      "Attention le musée Carnavalet - Histoire de Paris est actuellement fermé pour travaux. Réouverture prévue en 2021. \r\n\r\nUn voyage dans le temps, des origines de Paris à nos jours, dans le cadre enchanteur d'un hôtel particulier de la Renaissance."
    ],
    "es": [
      "Tenga en cuenta que el Museo Carnavalet - Historia de París está actualmente cerrado por reformas. Reapertura prevista en 2021\r\n\r\nUn viaje en el tiempo, desde los orígenes de París hasta la actualidad, en el encantador marco de una casa urbana del Renacimiento."
    ],
    "nl": [
      "Het Carnavalet Museum - Geschiedenis van Parijs is momenteel gesloten wegens renovatie. Heropening gepland in 2021\r\n\r\nEen reis door de tijd, van het ontstaan van Parijs tot nu, in het betoverende decor van een Renaissance herenhuis."
    ]
  },
  "rdfs:label": {
    "en": [
      "Carnavalet-History of Paris Museum"
    ],
    "fr": [
      "Musée Carnavalet - Histoire de Paris"
    ]
  },
  "owl:sameAs": [
    "http://www.wikidata.org/entity/Q640447"
  ],
  "hasBeenCreatedBy": {
    "@id": "https://data.datatourisme.fr/13/03e0704b-5690-32de-a186-1dc3ad3316c9",
    "dc:identifier": "1019",
    "schema:email": [
      "bgeigle@visitparisregion.com",
      "hcaldo@visitparisregion.com",
      "mtanaskovic@visitparisregion.com"
    ],
    "schema:legalName": "Choose Paris Region",
    "@type": [
      "schema:Organization",
      "foaf:Agent",
      "Agent"
    ],
    "foaf:homepage": [
      "http://www.visitparisregion.com/"
    ]
  },
  "hasBeenPublishedBy": [
    {
      "@id": "https://data.datatourisme.fr/8a9feb4b-2cbd-3d2c-b507-bd6c6776b23b",
      "schema:legalName": "Apidae Tourisme Scic SA - source : Apidae Tourisme",
      "@type": [
        "schema:Organization",
        "foaf:Agent",
        "Agent"
      ],
      "foaf:homepage": [
        "https://www.apidae-tourisme.com/"
      ]
    }
  ],
  "hasContact": [
    {
      "@id": "https://data.datatourisme.fr/84cd882e-2c8f-3a54-91ac-b560c43dc2ca",
      "schema:email": [
        "carnavalet.publics@paris.fr"
      ],
      "schema:telephone": [
        "+33 1 44 59 58 58"
      ],
      "@type": [
        "foaf:Agent",
        "Agent"
      ],
      "foaf:homepage": [
        "http://www.carnavalet.paris.fr/"
      ]
    }
  ],
  "hasDescription": [
    {
      "@id": "https://data.datatourisme.fr/a05ea20c-583b-3cc2-88c3-363f79d3c5c5",
      "@type": [
        "Description"
      ],
      "hasTranslatedProperty": [
        {
          "@id": "https://data.datatourisme.fr/03ca98f4-4649-36b0-909d-049c035edeec",
          "dc:contributor": [
            "https://api.deepl.com/v2/translate"
          ],
          "rdf:language": [
            "nl"
          ],
          "rdf:predicate": [
            "shortDescription"
          ]
        },
        {
          "@id": "https://data.datatourisme.fr/1fc0517b-3ec3-3fc5-ab69-067c780fb58b",
          "dc:contributor": [
            "https://api.deepl.com/v2/translate"
          ],
          "rdf:language": [
            "it"
          ],
          "rdf:predicate": [
            "shortDescription"
          ]
        },
        {
          "@id": "https://data.datatourisme.fr/af11fb08-da4f-383a-88e4-1786f802ec5b",
          "dc:contributor": [
            "https://api.deepl.com/v2/translate"
          ],
          "rdf:language": [
            "de"
          ],
          "rdf:predicate": [
            "shortDescription"
          ]
        },
        {
          "@id": "https://data.datatourisme.fr/b2925be6-9d56-380d-a039-e2593935fdf1",
          "dc:contributor": [
            "https://api.deepl.com/v2/translate"
          ],
          "rdf:language": [
            "en"
          ],
          "rdf:predicate": [
            "shortDescription"
          ]
        },
        {
          "@id": "https://data.datatourisme.fr/e2c405be-6ded-305f-b62a-7cfee1678966",
          "dc:contributor": [
            "https://api.deepl.com/v2/translate"
          ],
          "rdf:language": [
            "es"
          ],
          "rdf:predicate": [
            "shortDescription"
          ]
        }
      ],
      "shortDescription": {
        "de": [
          "Achtung das Museum Carnavalet - Geschichte von Paris ist derzeit wegen Renovierungsarbeiten geschlossen. Die Wiedereröffnung ist für 2021 geplant\r\n\r\nEine Zeitreise von den Ursprüngen von Paris bis heute, in der zauberhaften Umgebung eines Renaissance-Privathauses."
        ],
        "en": [
          "Attention the Carnavalet Museum - History of Paris is currently closed for work. Reopening planned in 2021\r\n\r\nA journey through time, from the origins of Paris to the present day, in the enchanting setting of a Renaissance town house."
        ],
        "it": [
          "Si prega di notare che il Museo Carnavalet - Storia di Parigi è attualmente chiuso per ristrutturazione. Riapertura prevista nel 2021\r\n\r\nUn viaggio nel tempo, dalle origini di Parigi ai giorni nostri, nell'incantevole cornice di una casa di città rinascimentale."
        ],
        "fr": [
          "Attention le musée Carnavalet - Histoire de Paris est actuellement fermé pour travaux. Réouverture prévue en 2021. \r\n\r\nUn voyage dans le temps, des origines de Paris à nos jours, dans le cadre enchanteur d'un hôtel particulier de la Renaissance."
        ],
        "es": [
          "Tenga en cuenta que el Museo Carnavalet - Historia de París está actualmente cerrado por reformas. Reapertura prevista en 2021\r\n\r\nUn viaje en el tiempo, desde los orígenes de París hasta la actualidad, en el encantador marco de una casa urbana del Renacimiento."
        ],
        "nl": [
          "Het Carnavalet Museum - Geschiedenis van Parijs is momenteel gesloten wegens renovatie. Heropening gepland in 2021\r\n\r\nEen reis door de tijd, van het ontstaan van Parijs tot nu, in het betoverende decor van een Renaissance herenhuis."
        ]
      }
    }
  ],
  "hasRepresentation": [
    {
      "@id": "https://data.datatourisme.fr/271a5a40-6c7b-3188-98bb-e782eed250ef",
      "ebucore:hasAnnotation": [
        {
          "@id": "https://data.datatourisme.fr/80a68113-a4f9-3452-aa9f-0f03ed1a7f8e",
          "ebucore:isCoveredBy": "CC BY-SA 4.0",
          "ebucore:title": {
            "fr": [
              "Carnavalet París 10"
            ]
          },
          "@type": [
            "ebucore:Annotation"
          ],
          "credits": [
            "Miguel Hermoso Cuesta (https://commons.wikimedia.org/wiki/User:MiguelHermoso)"
          ]
        }
      ],
      "ebucore:hasRelatedResource": [
        {
          "@id": "https://data.datatourisme.fr/ddf527ad-99fb-3265-be2a-88893b9fd18e",
          "ebucore:fileSize": [
            11922446
          ],
          "ebucore:hasMimeType": [
            {
              "@id": "kb:JPEG",
              "@type": [
                "ebucore:MimeType"
              ],
              "rdfs:comment": {
                "de": [
                  "JPEG-Bild"
                ],
                "pt": [
                  "Imagem JPEG"
                ],
                "en": [
                  "JPEG image file"
                ],
                "it": [
                  "Immagine JPEG"
                ],
                "fr": [
                  "Image JPEG"
                ],
                "nl": [
                  "JPEG-afbeelding"
                ],
                "es": [
                  "Imagen JPEG"
                ]
              },
              "rdfs:label": {
                "de": [
                  "image/jpeg"
                ],
                "pt": [
                  "image/jpeg"
                ],
                "en": [
                  "image/jpeg"
                ],
                "it": [
                  "image/jpeg"
                ],
                "fr": [
                  "image/jpeg"
                ],
                "nl": [
                  "image/jpeg"
                ],
                "es": [
                  "image/jpeg"
                ]
              }
            }
          ],
          "ebucore:height": 3456,
          "ebucore:locator": [
            "https://upload.wikimedia.org/wikipedia/commons/4/44/Carnavalet_Par%C3%ADs_10.JPG"
          ],
          "ebucore:width": 5184,
          "@type": [
            "ebucore:Resource"
          ]
        }
      ],
      "@type": [
        "ebucore:EditorialObject"
      ]
    }
  ],
  "hasTheme": [
    {
      "@id": "kb:Culture",
      "@type": [
        "CulturalTheme"
      ],
      "rdfs:label": {
        "de": [
          "Kultur"
        ],
        "pt": [
          "Cultura"
        ],
        "en": [
          "Culture"
        ],
        "it": [
          "Cultura"
        ],
        "fr": [
          "Culture"
        ],
        "nl": [
          "Cultuur"
        ],
        "es": [
          "Cultura"
        ]
      }
    }
  ],
  "hasTranslatedProperty": [
    {
      "@id": "https://data.datatourisme.fr/098200f3-765d-3776-af3d-f724ba404743",
      "dc:contributor": [
        "https://api.deepl.com/v2/translate"
      ],
      "rdf:language": [
        "de"
      ],
      "rdf:predicate": [
        {
          "@id": "rdfs:comment"
        }
      ]
    },
    {
      "@id": "https://data.datatourisme.fr/5b99f9a8-2acd-3819-aa52-1f8dfd0f8e51",
      "dc:contributor": [
        "https://api.deepl.com/v2/translate"
      ],
      "rdf:language": [
        "en"
      ],
      "rdf:predicate": [
        {
          "@id": "rdfs:comment"
        }
      ]
    },
    {
      "@id": "https://data.datatourisme.fr/8a49fa22-c067-3ddf-8354-ac5d040f361a",
      "dc:contributor": [
        "https://api.deepl.com/v2/translate"
      ],
      "rdf:language": [
        "it"
      ],
      "rdf:predicate": [
        {
          "@id": "rdfs:comment"
        }
      ]
    },
    {
      "@id": "https://data.datatourisme.fr/e7e3e7e9-32cd-3e90-a5a4-ed1a50497cdf",
      "dc:contributor": [
        "https://api.deepl.com/v2/translate"
      ],
      "rdf:language": [
        "nl"
      ],
      "rdf:predicate": [
        {
          "@id": "rdfs:comment"
        }
      ]
    },
    {
      "@id": "https://data.datatourisme.fr/fcf30d21-f664-37fe-a853-1336ef581e0d",
      "dc:contributor": [
        "https://api.deepl.com/v2/translate"
      ],
      "rdf:language": [
        "es"
      ],
      "rdf:predicate": [
        {
          "@id": "rdfs:comment"
        }
      ]
    }
  ],
  "isLocatedAt": [
    {
      "@id": "https://data.datatourisme.fr/433e91db-f734-3750-ac0e-e59f1c510147",
      "schema:address": [
        {
          "@id": "https://data.datatourisme.fr/c5164f10-521f-3cbd-b090-8646a49b73c2",
          "schema:addressLocality": "Paris 3e Arrondissement",
          "schema:postalCode": "75003",
          "schema:streetAddress": [
            "23 rue de Sévigné",
            "Hôtel Carnavalet"
          ],
          "@type": [
            "schema:PostalAddress",
            "PostalAddress"
          ],
          "hasAddressCity": {
            "@id": "kb:75103",
            "@type": [
              "City"
            ],
            "rdfs:label": {
              "de": [
                "Paris 3e Arrondissement"
              ],
              "pt": [
                "Paris 3e Arrondissement"
              ],
              "en": [
                "Paris 3e Arrondissement"
              ],
              "it": [
                "Paris 3e Arrondissement"
              ],
              "fr": [
                "Paris 3e Arrondissement"
              ],
              "nl": [
                "Paris 3e Arrondissement"
              ],
              "es": [
                "Paris 3e Arrondissement"
              ]
            },
            "insee": "75103",
            "isPartOfDepartment": {
              "@id": "kb:France1175",
              "@type": [
                "Department"
              ],
              "rdfs:label": {
                "de": [
                  "Paris"
                ],
                "pt": [
                  "Paris"
                ],
                "en": [
                  "Paris"
                ],
                "it": [
                  "Paris"
                ],
                "fr": [
                  "Paris"
                ],
                "nl": [
                  "Paris"
                ],
                "es": [
                  "Paris"
                ]
              },
              "insee": "75",
              "isPartOfRegion": {
                "@id": "kb:France11",
                "@type": [
                  "Region"
                ],
                "rdfs:label": {
                  "de": [
                    "Île-de-France"
                  ],
                  "pt": [
                    "Île-de-France"
                  ],
                  "en": [
                    "Île-de-France"
                  ],
                  "it": [
                    "Île-de-France"
                  ],
                  "fr": [
                    "Île-de-France"
                  ],
                  "nl": [
                    "Île-de-France"
                  ],
                  "es": [
                    "Île-de-France"
                  ]
                },
                "insee": "11",
                "isPartOfCountry": {
                  "@id": "kb:France",
                  "@type": [
                    "schema:Country"
                  ],
                  "rdfs:label": {
                    "de": [
                      "France",
                      "Frankreich"
                    ],
                    "pt": [
                      "França",
                      "France"
                    ],
                    "en": [
                      "France"
                    ],
                    "it": [
                      "France",
                      "Francia"
                    ],
                    "fr": [
                      "France"
                    ],
                    "nl": [
                      "France",
                      "Frankrijk"
                    ],
                    "es": [
                      "France",
                      "Francia"
                    ]
                  }
                }
              }
            }
          }
        }
      ],
      "schema:geo": {
        "@id": "https://data.datatourisme.fr/66180845-b4bb-34df-896d-abf9403e120a",
        "schema:latitude": "48.85712",
        "schema:longitude": "2.362411",
        "@type": [
          "schema:GeoCoordinates"
        ]
      },
      "schema:openingHoursSpecification": [
        {
          "@id": "https://data.datatourisme.fr/64a9470f-cb77-3162-b539-22f9f2a8ca07",
          "schema:closes": "18:00:00",
          "schema:opens": "10:00:00",
          "schema:validFrom": "2023-01-01T00:00:00",
          "schema:validThrough": "2023-12-31T23:59:59",
          "@type": [
            "schema:OpeningHoursSpecification"
          ],
          "additionalInformation": {
            "de": [
              "Freier Zugang zu den ständigen Sammlungen.\r\nFür den Besuch der ständigen Sammlungen des Musée Carnavalet - Histoire de Paris (zum Zeitpunkt der Wiedereröffnung) ist die Reservierung einer kostenlosen Eintrittskarte erforderlich\r\nDie Reservierung eines Zeitfensters für den Besuch von Ausstellungen ist obligatorisch.\r\n\r\nSchließung der Kassen um 17.15 Uhr"
            ],
            "en": [
              "Free access to the permanent collections.\r\nReservation of a free ticket is mandatory to visit the permanent collections of the Carnavalet Museum - History of Paris (at the time of reopening)\r\nReservation of a visit slot for the exhibitions is mandatory.\r\n\r\nTicket office closes at 5:15 pm"
            ],
            "it": [
              "Accesso gratuito alle collezioni permanenti.\r\nLa prenotazione di un biglietto gratuito è obbligatoria per visitare le collezioni permanenti del Museo Carnavalet? Histoire de Paris (al momento della riapertura)\r\nLa prenotazione di uno slot per la visita alle mostre è obbligatoria.\r\n\r\nLa biglietteria chiude alle 17.15"
            ],
            "fr": [
              "Accès gratuit dans les collections permanentes.\r\nLa réservation d’un billet gratuit est obligatoire pour visiter les collections permanentes du musée Carnavalet – Histoire de Paris (au moment de la réouverture). \r\nLa réservation d'un créneau de visite pour les expositions est obligatoire.\r\n\r\nFermeture des caisses à 17h15"
            ],
            "nl": [
              "Gratis toegang tot de permanente collecties.\r\nReservering van een gratis ticket is verplicht om de permanente collecties van het Museum Carnavalet - Geschiedenis van Parijs te bezoeken (bij heropening)\r\nReservering van een bezoek aan de tentoonstellingen is verplicht.\r\n\r\nDe kassa sluit om 17.15 uur"
            ],
            "es": [
              "Acceso gratuito a las colecciones permanentes.\r\nLa reserva de una entrada gratuita es obligatoria para visitar las colecciones permanentes del Museo Carnavalet ? Histoire de Paris (en el momento de la reapertura)\r\nEs obligatorio reservar una plaza para visitar las exposiciones.\r\n\r\nLa taquilla cierra a las 17:15"
            ]
          },
          "hasTranslatedProperty": [
            {
              "@id": "https://data.datatourisme.fr/1c4d8f19-8a16-374a-805b-3ac2e4f2adc7",
              "dc:contributor": [
                "https://api.deepl.com/v2/translate"
              ],
              "rdf:language": [
                "it"
              ],
              "rdf:predicate": [
                "additionalInformation"
              ]
            },
            {
              "@id": "https://data.datatourisme.fr/290e50c6-f288-3011-9dcb-d48e59587538",
              "dc:contributor": [
                "https://api.deepl.com/v2/translate"
              ],
              "rdf:language": [
                "en"
              ],
              "rdf:predicate": [
                "additionalInformation"
              ]
            },
            {
              "@id": "https://data.datatourisme.fr/47cded7c-0b5b-394d-8616-b435bee97e8a",
              "dc:contributor": [
                "https://api.deepl.com/v2/translate"
              ],
              "rdf:language": [
                "de"
              ],
              "rdf:predicate": [
                "additionalInformation"
              ]
            },
            {
              "@id": "https://data.datatourisme.fr/845ce6c8-0acc-3106-b168-2903586bd050",
              "dc:contributor": [
                "https://api.deepl.com/v2/translate"
              ],
              "rdf:language": [
                "es"
              ],
              "rdf:predicate": [
                "additionalInformation"
              ]
            },
            {
              "@id": "https://data.datatourisme.fr/e3332468-2b24-3b57-8806-c1bdf9b557fd",
              "dc:contributor": [
                "https://api.deepl.com/v2/translate"
              ],
              "rdf:language": [
                "nl"
              ],
              "rdf:predicate": [
                "additionalInformation"
              ]
            }
          ]
        }
      ],
      "@type": [
        "schema:Place",
        "Place"
      ]
    }
  ],
  "isOwnedBy": [
    {
      "@id": "https://data.datatourisme.fr/26ecd6f0-563c-356a-b0f9-ad3ec17effc4",
      "schema:email": [
        "bgeigle@visitparisregion.com",
        "hcaldo@visitparisregion.com",
        "mtanaskovic@visitparisregion.com"
      ],
      "schema:legalName": "Comité Régional du Tourisme Paris Ile de France",
      "@type": [
        "schema:Organization",
        "foaf:Agent",
        "Agent"
      ],
      "foaf:homepage": [
        "http://www.visitparisregion.com/"
      ]
    }
  ],
  "lastUpdate": "2023-08-02",
  "lastUpdateDatatourisme": "2023-10-02T05:53:31.687Z"
}