{
  "@id": "https://data.datatourisme.fr/13/7d0b5cbf-0008-3481-99cc-7ddebca92fc2",
  "dc:identifier": "4692762",
  "@type": [
    "schema:AmusementPark",
    "PlaceOfInterest",
    "PointOfInterest",
    "SportsAndLeisurePlace",
    "ThemePark"
  ],
  "rdfs:comment": {
    "de": [
      "Warum versuchen Sie es nicht mit einem kollaborativen virtuellen Erlebnis, bei dem Sie auf der Erde des Jahres 2217 auf einer Mission zur Rettung der menschlichen Rasse sind? Virtual Room bietet genau das im Herzen von Paris."
    ],
    "en": [
      "Why not try a collaborative virtual experiment to escape to the Earth of 2217 on a mission to save the human race. That's what Virtual Room in the heart of Paris has to offer. Come and get caught up in the game."
    ],
    "it": [
      "Perché non provare un'esperienza virtuale collaborativa per fuggire sulla Terra del 2217 per la durata di una missione: salvare la razza umana. Ecco cosa offre la Virtual Room nel cuore di Parigi: venite a giocare."
    ],
    "fr": [
      "Pourquoi ne pas tenter une expérience virtuelle collaborative pour vous évader sur la Terre de 2217 le temps d'une mission: sauver la race humaine. C'est ce que propose Virtual Room en plein cœur de Paris. venez vous prendre au jeu."
    ],
    "nl": [
      "Waarom probeer je niet een gezamenlijke virtuele ervaring om te ontsnappen naar de aarde van 2217 voor de duur van een missie: het menselijk ras redden. Dat is wat Virtual Room biedt in het hart van Parijs. Kom en neem deel aan het spel."
    ],
    "es": [
      "Por qué no probar una experiencia virtual colaborativa para escapar a la Tierra de 2217 durante una misión: salvar a la raza humana. Esto es lo que ofrece Virtual Room en el corazón de París. Ven a jugar."
    ]
  },
  "rdfs:label": {
    "fr": [
      "Virtual Room"
    ]
  },
  "hasBeenCreatedBy": {
    "@id": "https://data.datatourisme.fr/13/03e0704b-5690-32de-a186-1dc3ad3316c9",
    "dc:identifier": "1019",
    "schema:email": [
      "bgeigle@visitparisregion.com",
      "hcaldo@visitparisregion.com",
      "mtanaskovic@visitparisregion.com"
    ],
    "schema:legalName": "Choose Paris Region",
    "@type": [
      "schema:Organization",
      "foaf:Agent",
      "Agent"
    ],
    "foaf:homepage": [
      "http://www.visitparisregion.com/"
    ]
  },
  "hasBeenPublishedBy": [
    {
      "@id": "https://data.datatourisme.fr/8a9feb4b-2cbd-3d2c-b507-bd6c6776b23b",
      "schema:legalName": "Apidae Tourisme Scic SA - source : Apidae Tourisme",
      "@type": [
        "schema:Organization",
        "foaf:Agent",
        "Agent"
      ],
      "foaf:homepage": [
        "https://www.apidae-tourisme.com/"
      ]
    }
  ],
  "hasContact": [
    {
      "@id": "https://data.datatourisme.fr/4199f764-e5f1-3e53-a4cd-beb6cca57f55",
      "schema:telephone": [
        "+33 1 73 71 87 49"
      ],
      "@type": [
        "foaf:Agent",
        "Agent"
      ],
      "foaf:homepage": [
        "http://virtual-room.fr/"
      ]
    }
  ],
  "hasDescription": [
    {
      "@id": "https://data.datatourisme.fr/4260aa72-ecd5-3a23-909a-98fbabe08315",
      "@type": [
        "Description"
      ],
      "hasTranslatedProperty": [
        {
          "@id": "https://data.datatourisme.fr/2f0c3c10-a6ca-325c-ad93-085e91493f68",
          "dc:contributor": [
            "https://api.deepl.com/v2/translate"
          ],
          "rdf:language": [
            "de"
          ],
          "rdf:predicate": [
            "shortDescription"
          ]
        },
        {
          "@id": "https://data.datatourisme.fr/5aa95b1f-3aaf-3d13-8268-d1b333f9a009",
          "dc:contributor": [
            "https://api.deepl.com/v2/translate"
          ],
          "rdf:language": [
            "nl"
          ],
          "rdf:predicate": [
            "shortDescription"
          ]
        },
        {
          "@id": "https://data.datatourisme.fr/71ad11a2-f99b-33ce-a5be-fcc4a5728fca",
          "dc:contributor": [
            "https://api.deepl.com/v2/translate"
          ],
          "rdf:language": [
            "en"
          ],
          "rdf:predicate": [
            "shortDescription"
          ]
        },
        {
          "@id": "https://data.datatourisme.fr/cc173f3d-78e4-367b-a73b-f38e8a82a93d",
          "dc:contributor": [
            "https://api.deepl.com/v2/translate"
          ],
          "rdf:language": [
            "it"
          ],
          "rdf:predicate": [
            "shortDescription"
          ]
        },
        {
          "@id": "https://data.datatourisme.fr/eb164661-5a8a-365d-bb8f-3d586f5d5cab",
          "dc:contributor": [
            "https://api.deepl.com/v2/translate"
          ],
          "rdf:language": [
            "es"
          ],
          "rdf:predicate": [
            "shortDescription"
          ]
        }
      ],
      "shortDescription": {
        "de": [
          "Warum versuchen Sie es nicht mit einem kollaborativen virtuellen Erlebnis, bei dem Sie auf der Erde des Jahres 2217 auf einer Mission zur Rettung der menschlichen Rasse sind? Virtual Room bietet genau das im Herzen von Paris."
        ],
        "en": [
          "Why not try a collaborative virtual experiment to escape to the Earth of 2217 on a mission to save the human race. That's what Virtual Room in the heart of Paris has to offer. Come and get caught up in the game."
        ],
        "it": [
          "Perché non provare un'esperienza virtuale collaborativa per fuggire sulla Terra del 2217 per la durata di una missione: salvare la razza umana. Ecco cosa offre la Virtual Room nel cuore di Parigi: venite a giocare."
        ],
        "fr": [
          "Pourquoi ne pas tenter une expérience virtuelle collaborative pour vous évader sur la Terre de 2217 le temps d'une mission: sauver la race humaine. C'est ce que propose Virtual Room en plein cœur de Paris. venez vous prendre au jeu."
        ],
        "nl": [
          "Waarom probeer je niet een gezamenlijke virtuele ervaring om te ontsnappen naar de aarde van 2217 voor de duur van een missie: het menselijk ras redden. Dat is wat Virtual Room biedt in het hart van Parijs. Kom en neem deel aan het spel."
        ],
        "es": [
          "Por qué no probar una experiencia virtual colaborativa para escapar a la Tierra de 2217 durante una misión: salvar a la raza humana. Esto es lo que ofrece Virtual Room en el corazón de París. Ven a jugar."
        ]
      }
    }
  ],
  "hasTranslatedProperty": [
    {
      "@id": "https://data.datatourisme.fr/2b8e50f5-0ec6-3fa4-b182-12f1b2affb3e",
      "dc:contributor": [
        "https://api.deepl.com/v2/translate"
      ],
      "rdf:language": [
        "en"
      ],
      "rdf:predicate": [
        {
          "@id": "rdfs:comment"
        }
      ]
    },
    {
      "@id": "https://data.datatourisme.fr/80f777a7-3ade-3af4-958b-31836938838c",
      "dc:contributor": [
        "https://api.deepl.com/v2/translate"
      ],
      "rdf:language": [
        "it"
      ],
      "rdf:predicate": [
        {
          "@id": "rdfs:comment"
        }
      ]
    },
    {
      "@id": "https://data.datatourisme.fr/81aa4aca-35f6-3344-b32c-9a0cbc6eca94",
      "dc:contributor": [
        "https://api.deepl.com/v2/translate"
      ],
      "rdf:language": [
        "de"
      ],
      "rdf:predicate": [
        {
          "@id": "rdfs:comment"
        }
      ]
    },
    {
      "@id": "https://data.datatourisme.fr/b367c469-6e13-3e49-846c-d51fd6821b95",
      "dc:contributor": [
        "https://api.deepl.com/v2/translate"
      ],
      "rdf:language": [
        "nl"
      ],
      "rdf:predicate": [
        {
          "@id": "rdfs:comment"
        }
      ]
    },
    {
      "@id": "https://data.datatourisme.fr/d882519b-d0a5-3a2b-be60-ca2b0e811455",
      "dc:contributor": [
        "https://api.deepl.com/v2/translate"
      ],
      "rdf:language": [
        "es"
      ],
      "rdf:predicate": [
        {
          "@id": "rdfs:comment"
        }
      ]
    }
  ],
  "isLocatedAt": [
    {
      "@id": "https://data.datatourisme.fr/f7523028-a172-38c8-b729-90175872455a",
      "schema:address": [
        {
          "@id": "https://data.datatourisme.fr/1d86d9be-7c93-31bb-a4cb-86e0e21d947a",
          "schema:addressLocality": "Paris 3e Arrondissement",
          "schema:postalCode": "75003",
          "schema:streetAddress": [
            "93 Rue de Turenne"
          ],
          "@type": [
            "schema:PostalAddress",
            "PostalAddress"
          ],
          "hasAddressCity": {
            "@id": "kb:75103",
            "@type": [
              "City"
            ],
            "rdfs:label": {
              "de": [
                "Paris 3e Arrondissement"
              ],
              "pt": [
                "Paris 3e Arrondissement"
              ],
              "en": [
                "Paris 3e Arrondissement"
              ],
              "it": [
                "Paris 3e Arrondissement"
              ],
              "fr": [
                "Paris 3e Arrondissement"
              ],
              "nl": [
                "Paris 3e Arrondissement"
              ],
              "es": [
                "Paris 3e Arrondissement"
              ]
            },
            "insee": "75103",
            "isPartOfDepartment": {
              "@id": "kb:France1175",
              "@type": [
                "Department"
              ],
              "rdfs:label": {
                "de": [
                  "Paris"
                ],
                "pt": [
                  "Paris"
                ],
                "en": [
                  "Paris"
                ],
                "it": [
                  "Paris"
                ],
                "fr": [
                  "Paris"
                ],
                "nl": [
                  "Paris"
                ],
                "es": [
                  "Paris"
                ]
              },
              "insee": "75",
              "isPartOfRegion": {
                "@id": "kb:France11",
                "@type": [
                  "Region"
                ],
                "rdfs:label": {
                  "de": [
                    "Île-de-France"
                  ],
                  "pt": [
                    "Île-de-France"
                  ],
                  "en": [
                    "Île-de-France"
                  ],
                  "it": [
                    "Île-de-France"
                  ],
                  "fr": [
                    "Île-de-France"
                  ],
                  "nl": [
                    "Île-de-France"
                  ],
                  "es": [
                    "Île-de-France"
                  ]
                },
                "insee": "11",
                "isPartOfCountry": {
                  "@id": "kb:France",
                  "@type": [
                    "schema:Country"
                  ],
                  "rdfs:label": {
                    "de": [
                      "France",
                      "Frankreich"
                    ],
                    "pt": [
                      "França",
                      "France"
                    ],
                    "en": [
                      "France"
                    ],
                    "it": [
                      "France",
                      "Francia"
                    ],
                    "fr": [
                      "France"
                    ],
                    "nl": [
                      "France",
                      "Frankrijk"
                    ],
                    "es": [
                      "France",
                      "Francia"
                    ]
                  }
                }
              }
            }
          }
        }
      ],
      "schema:geo": {
        "@id": "https://data.datatourisme.fr/86b6628a-d83b-333e-bdd3-81176e3ae0bb",
        "schema:latitude": "48.860997",
        "schema:longitude": "2.364384",
        "@type": [
          "schema:GeoCoordinates"
        ]
      },
      "schema:openingHoursSpecification": [
        {
          "@id": "https://data.datatourisme.fr/0a2a2494-860c-393f-a301-c75177d0d1f3",
          "schema:closes": "21:00:00",
          "schema:opens": "10:00:00",
          "schema:validFrom": "2023-01-01T00:00:00",
          "schema:validThrough": "2023-12-31T23:59:59",
          "@type": [
            "schema:OpeningHoursSpecification"
          ]
        }
      ],
      "@type": [
        "schema:Place",
        "Place"
      ]
    }
  ],
  "isOwnedBy": [
    {
      "@id": "https://data.datatourisme.fr/26ecd6f0-563c-356a-b0f9-ad3ec17effc4",
      "schema:email": [
        "bgeigle@visitparisregion.com",
        "hcaldo@visitparisregion.com",
        "mtanaskovic@visitparisregion.com"
      ],
      "schema:legalName": "Comité Régional du Tourisme Paris Ile de France",
      "@type": [
        "schema:Organization",
        "foaf:Agent",
        "Agent"
      ],
      "foaf:homepage": [
        "http://www.visitparisregion.com/"
      ]
    }
  ],
  "lastUpdate": "2020-09-29",
  "lastUpdateDatatourisme": "2023-10-02T05:53:31.655Z",
  "offers": [
    {
      "@id": "https://data.datatourisme.fr/c1b9a7ce-2b62-32b4-96ec-72921256c4e3",
      "schema:priceSpecification": [
        {
          "@id": "https://data.datatourisme.fr/91bc2628-3789-324b-b422-c164ce9716b4",
          "schema:maxPrice": [
            "25"
          ],
          "schema:priceCurrency": "EUR",
          "@type": [
            "schema:PriceSpecification",
            "PriceSpecification"
          ],
          "appliesOnPeriod": [
            {
              "@id": "https://data.datatourisme.fr/134b755c-4075-31b4-827d-ae1bf4fed0de",
              "@type": [
                "Period"
              ],
              "endDate": "2017-12-31",
              "startDate": "2017-01-01"
            }
          ]
        }
      ],
      "@type": [
        "schema:Offer",
        "Offer"
      ]
    }
  ]
}