{
  "@id": "https://data.datatourisme.fr/13/f183f696-4fed-37da-b44b-339f1f253ee2",
  "dc:identifier": "6481403",
  "@type": [
    "olo:OrderedList",
    "CyclingTour",
    "PlaceOfInterest",
    "PointOfInterest",
    "SportsAndLeisurePlace",
    "Tour"
  ],
  "rdfs:comment": {
    "de": [
      "Erkunden Sie die unberührte Schönheit des Tals des Flusses Ay auf diesem Rundweg ab der ViaRhôna. Bewundern Sie die Weinterrassen und die atemberaubende Aussicht auf die Rhône und ihre Windungen. Entdecken Sie die App \"les échappées inspirées\""
    ],
    "en": [
      "Explore the unspoiled beauty of the Ay river valley with this loop starting from the ViaRhôna. Admire the terraced vineyards and its breathtaking views of the Rhône and its meanders. To discover on the application \"les échappées inspirées."
    ],
    "it": [
      "Esplorate la bellezza incontaminata della valle del fiume Ay con questo itinerario della ViaRhôna. Ammirate i vigneti terrazzati e le viste mozzafiato sul Rodano e i suoi meandri. Da scoprire sull'applicazione \"les échappées inspirées\""
    ],
    "fr": [
      "Explorez la beauté préservée de la vallée de la rivière d’Ay avec cette boucle au départ de la ViaRhôna. Admirez les vignobles en terrasse et ses vue imprenables sur le Rhône et ses méandres. A découvrir sur l'application \"les échappées inspirées\""
    ],
    "nl": [
      "Ontdek de ongerepte schoonheid van de vallei van de Ay met deze lus van de ViaRhôna. Bewonder de terrasvormige wijngaarden en het adembenemende uitzicht op de Rhône en zijn meanders. Te ontdekken op de applicatie \"les échappées inspirées"
    ],
    "es": [
      "Explore la belleza virgen del valle del río Ay con este bucle de la ViaRhôna. Admire los viñedos en terrazas y sus impresionantes vistas del Ródano y sus meandros. A descubrir en la aplicación \"les échappées inspirées"
    ]
  },
  "rdfs:label": {
    "fr": [
      "De la ViaRhôna au Val d’ay"
    ]
  },
  "hasBeenCreatedBy": {
    "@id": "https://data.datatourisme.fr/13/73278a4a-8696-3eeb-976a-8fd4c9ec6997",
    "dc:identifier": "113",
    "schema:email": [
      "d.sanial@dromardeche.fr",
      "j.bruyere@dromardeche.fr"
    ],
    "schema:legalName": "Office de Tourisme Porte de DrômArdèche",
    "@type": [
      "schema:Organization",
      "foaf:Agent",
      "Agent"
    ],
    "foaf:homepage": [
      "http://www.autour-du-palais-ideal.fr/"
    ]
  },
  "hasBeenPublishedBy": [
    {
      "@id": "https://data.datatourisme.fr/d48f2ccd-2357-3a8e-b949-cb8bf19a361f",
      "schema:legalName": "Agence d'Attractivité de la Drôme - source : Apidae Tourisme",
      "@type": [
        "schema:Organization",
        "foaf:Agent",
        "Agent"
      ],
      "foaf:homepage": [
        "https://www.apidae-tourisme.com/"
      ]
    }
  ],
  "hasContact": [
    {
      "@id": "https://data.datatourisme.fr/e4a61420-5736-3383-8b66-c11b58e648c9",
      "schema:email": [
        "porte@dromardeche.fr"
      ],
      "schema:telephone": [
        "+33 4 75 23 45 33"
      ],
      "@type": [
        "foaf:Agent",
        "Agent"
      ],
      "foaf:homepage": [
        "http://www.autour-du-palais-ideal.fr/"
      ]
    }
  ],
  "hasDescription": [
    {
      "@id": "https://data.datatourisme.fr/6d2ab020-91e2-3a11-9de9-0650698d0af3",
      "@type": [
        "Description"
      ],
      "hasTranslatedProperty": [
        {
          "@id": "https://data.datatourisme.fr/3cb4c141-1ec8-3504-8f99-2a6fbb2fdc96",
          "dc:contributor": [
            "https://api.deepl.com/v2/translate"
          ],
          "rdf:language": [
            "de"
          ],
          "rdf:predicate": [
            "shortDescription"
          ]
        },
        {
          "@id": "https://data.datatourisme.fr/6144c225-82c4-37c7-a99a-44623509269e",
          "dc:contributor": [
            "https://api.deepl.com/v2/translate"
          ],
          "rdf:language": [
            "es"
          ],
          "rdf:predicate": [
            "shortDescription"
          ]
        },
        {
          "@id": "https://data.datatourisme.fr/6c8b9d35-25cc-357b-bc26-34fd52b9bc1c",
          "dc:contributor": [
            "https://api.deepl.com/v2/translate"
          ],
          "rdf:language": [
            "it"
          ],
          "rdf:predicate": [
            "shortDescription"
          ]
        },
        {
          "@id": "https://data.datatourisme.fr/8af0ed6c-fe7e-3fbd-9e34-dad7e2c7cfb5",
          "dc:contributor": [
            "https://api.deepl.com/v2/translate"
          ],
          "rdf:language": [
            "nl"
          ],
          "rdf:predicate": [
            "shortDescription"
          ]
        }
      ],
      "shortDescription": {
        "de": [
          "Erkunden Sie die unberührte Schönheit des Tals des Flusses Ay auf diesem Rundweg ab der ViaRhôna. Bewundern Sie die Weinterrassen und die atemberaubende Aussicht auf die Rhône und ihre Windungen. Entdecken Sie die App \"les échappées inspirées\""
        ],
        "en": [
          "Explore the unspoiled beauty of the Ay river valley with this loop starting from the ViaRhôna. Admire the terraced vineyards and its breathtaking views of the Rhône and its meanders. To discover on the application \"les échappées inspirées."
        ],
        "it": [
          "Esplorate la bellezza incontaminata della valle del fiume Ay con questo itinerario della ViaRhôna. Ammirate i vigneti terrazzati e le viste mozzafiato sul Rodano e i suoi meandri. Da scoprire sull'applicazione \"les échappées inspirées\""
        ],
        "fr": [
          "Explorez la beauté préservée de la vallée de la rivière d’Ay avec cette boucle au départ de la ViaRhôna. Admirez les vignobles en terrasse et ses vue imprenables sur le Rhône et ses méandres. A découvrir sur l'application \"les échappées inspirées\""
        ],
        "nl": [
          "Ontdek de ongerepte schoonheid van de vallei van de Ay met deze lus van de ViaRhôna. Bewonder de terrasvormige wijngaarden en het adembenemende uitzicht op de Rhône en zijn meanders. Te ontdekken op de applicatie \"les échappées inspirées"
        ],
        "es": [
          "Explore la belleza virgen del valle del río Ay con este bucle de la ViaRhôna. Admire los viñedos en terrazas y sus impresionantes vistas del Ródano y sus meandros. A descubrir en la aplicación \"les échappées inspirées"
        ]
      }
    }
  ],
  "hasTheme": [
    {
      "@id": "kb:ATV",
      "@type": [
        "SportsTheme"
      ],
      "rdfs:label": {
        "de": [
          "MTB"
        ],
        "pt": [
          "Bicicleta-todo-o-terreno (BTT)"
        ],
        "en": [
          "Atv"
        ],
        "it": [
          "Mountain bike"
        ],
        "fr": [
          "Vtt"
        ],
        "nl": [
          "Mountainbike"
        ],
        "es": [
          "BTT"
        ]
      }
    },
    {
      "@id": "kb:Bike",
      "@type": [
        "SportsTheme"
      ],
      "rdfs:label": {
        "de": [
          "Fahrrad"
        ],
        "pt": [
          "Bicicleta"
        ],
        "en": [
          "Bike"
        ],
        "it": [
          "Bicicletta"
        ],
        "fr": [
          "Vélo"
        ],
        "nl": [
          "Fiets"
        ],
        "es": [
          "Bicicleta"
        ]
      }
    },
    {
      "@id": "kb:ElectricATV",
      "@type": [
        "SportsTheme"
      ],
      "rdfs:label": {
        "de": [
          "Elektro-Mountainbike"
        ],
        "pt": [
          "Bicicleta-todo-o-terreno (BTT) elétrica"
        ],
        "en": [
          "Electri atv"
        ],
        "it": [
          "Mountain bike elettrica"
        ],
        "fr": [
          "Vtt électrique"
        ],
        "nl": [
          "Elektrische mountainbike"
        ],
        "es": [
          "Bicicleta eléctrica de montaña"
        ]
      }
    }
  ],
  "hasTranslatedProperty": [
    {
      "@id": "https://data.datatourisme.fr/871d98b4-7d59-34d2-b322-a0865c7be698",
      "dc:contributor": [
        "https://api.deepl.com/v2/translate"
      ],
      "rdf:language": [
        "it"
      ],
      "rdf:predicate": [
        {
          "@id": "rdfs:comment"
        }
      ]
    },
    {
      "@id": "https://data.datatourisme.fr/c521c09a-66d9-38b0-abfe-cb88103b29ce",
      "dc:contributor": [
        "https://api.deepl.com/v2/translate"
      ],
      "rdf:language": [
        "de"
      ],
      "rdf:predicate": [
        {
          "@id": "rdfs:comment"
        }
      ]
    },
    {
      "@id": "https://data.datatourisme.fr/c8183966-7035-3c71-b35b-8862f34bed89",
      "dc:contributor": [
        "https://api.deepl.com/v2/translate"
      ],
      "rdf:language": [
        "es"
      ],
      "rdf:predicate": [
        {
          "@id": "rdfs:comment"
        }
      ]
    },
    {
      "@id": "https://data.datatourisme.fr/f092cb59-6d03-3f49-88d8-417eb4b32739",
      "dc:contributor": [
        "https://api.deepl.com/v2/translate"
      ],
      "rdf:language": [
        "nl"
      ],
      "rdf:predicate": [
        {
          "@id": "rdfs:comment"
        }
      ]
    }
  ],
  "isLocatedAt": [
    {
      "@id": "https://data.datatourisme.fr/84a9c3d0-b500-3077-9a13-0c663142c8ba",
      "schema:address": [
        {
          "@id": "https://data.datatourisme.fr/825f5892-98ca-39da-93e6-fdaadd8fb373",
          "schema:addressLocality": "Arras-sur-Rhône",
          "schema:postalCode": "07370",
          "schema:streetAddress": [
            "Place du marché"
          ],
          "@type": [
            "schema:PostalAddress",
            "PostalAddress"
          ],
          "hasAddressCity": {
            "@id": "kb:07015",
            "@type": [
              "City"
            ],
            "rdfs:label": {
              "de": [
                "Arras-sur-Rhône"
              ],
              "pt": [
                "Arras-sur-Rhône"
              ],
              "en": [
                "Arras-sur-Rhône"
              ],
              "it": [
                "Arras-sur-Rhône"
              ],
              "fr": [
                "Arras-sur-Rhône"
              ],
              "nl": [
                "Arras-sur-Rhône"
              ],
              "es": [
                "Arras-sur-Rhône"
              ]
            },
            "insee": "07015",
            "isPartOfDepartment": {
              "@id": "kb:France8407",
              "@type": [
                "Department"
              ],
              "rdfs:label": {
                "de": [
                  "Ardèche"
                ],
                "pt": [
                  "Ardèche"
                ],
                "en": [
                  "Ardèche"
                ],
                "it": [
                  "Ardèche"
                ],
                "fr": [
                  "Ardèche"
                ],
                "nl": [
                  "Ardèche"
                ],
                "es": [
                  "Ardèche"
                ]
              },
              "insee": "07",
              "isPartOfRegion": {
                "@id": "kb:France84",
                "@type": [
                  "Region"
                ],
                "rdfs:label": {
                  "de": [
                    "Auvergne-Rhône-Alpes"
                  ],
                  "pt": [
                    "Auvergne-Rhône-Alpes"
                  ],
                  "en": [
                    "Auvergne-Rhône-Alpes"
                  ],
                  "it": [
                    "Auvergne-Rhône-Alpes"
                  ],
                  "fr": [
                    "Auvergne-Rhône-Alpes"
                  ],
                  "nl": [
                    "Auvergne-Rhône-Alpes"
                  ],
                  "es": [
                    "Auvergne-Rhône-Alpes"
                  ]
                },
                "insee": "84",
                "isPartOfCountry": {
                  "@id": "kb:France",
                  "@type": [
                    "schema:Country"
                  ],
                  "rdfs:label": {
                    "de": [
                      "France",
                      "Frankreich"
                    ],
                    "pt": [
                      "França",
                      "France"
                    ],
                    "en": [
                      "France"
                    ],
                    "it": [
                      "France",
                      "Francia"
                    ],
                    "fr": [
                      "France"
                    ],
                    "nl": [
                      "France",
                      "Frankrijk"
                    ],
                    "es": [
                      "France",
                      "Francia"
                    ]
                  }
                }
              }
            }
          }
        }
      ],
      "schema:geo": {
        "@id": "https://data.datatourisme.fr/c0851c57-944d-34cc-abb7-fa2711ee075c",
        "schema:latitude": "45.144061",
        "schema:longitude": "4.808611",
        "@type": [
          "schema:GeoCoordinates"
        ]
      },
      "schema:openingHoursSpecification": [
        {
          "@id": "https://data.datatourisme.fr/f87e535a-636d-3343-ad63-8a03392e7511",
          "schema:validFrom": "2023-01-01T00:00:00",
          "schema:validThrough": "2023-12-31T23:59:59",
          "@type": [
            "schema:OpeningHoursSpecification"
          ]
        }
      ],
      "@type": [
        "schema:Place",
        "Place"
      ]
    }
  ],
  "isOwnedBy": [
    {
      "@id": "https://data.datatourisme.fr/c34130c6-4437-3624-9afb-3511a8692fba",
      "schema:email": [
        "d.sanial@dromardeche.fr",
        "j.bruyere@dromardeche.fr"
      ],
      "schema:legalName": "Office de Tourisme Porte de DrômArdèche",
      "@type": [
        "schema:Organization",
        "foaf:Agent",
        "Agent"
      ],
      "foaf:homepage": [
        "http://www.autour-du-palais-ideal.fr/"
      ]
    }
  ],
  "lastUpdate": "2023-04-28",
  "lastUpdateDatatourisme": "2023-04-29T05:39:58.218Z"
}