{
  "@id": "https://data.datatourisme.fr/13/13befc67-6d72-36e7-a6ed-b06466b10115",
  "dc:identifier": "6003154",
  "@type": [
    "olo:OrderedList",
    "CyclingTour",
    "PlaceOfInterest",
    "PointOfInterest",
    "RoadTour",
    "SportsAndLeisurePlace",
    "Tour"
  ],
  "rdfs:comment": {
    "de": [
      "Entdeckungstour durch das Kulturerbe, die für Erwachsene geeignet ist und für Kinder mit einer \"geheimnisvollen Untersuchung\" ergänzt wird. Mit dem Auto oder Fahrrad mit elektrischer Unterstützung zu machen. Unterstützung im Fremdenverkehrsamt erhältlich."
    ],
    "en": [
      "Heritage discovery tour adapted for adults and enhanced by a \"mystery investigation\" for children. To be done by car or electrically assisted bicycle. Support available at the Tourist Office."
    ],
    "it": [
      "Tour alla scoperta del patrimonio culturale adattato per gli adulti e arricchito da una \"indagine misteriosa\" per i bambini. Da fare in auto o in bicicletta a pedalata assistita. Assistenza disponibile presso l'Ufficio del Turismo."
    ],
    "fr": [
      "Circuit découverte du patrimoine adapté aux adultes et agrémenté d'une \"enquête mystérieuse\" pour les enfants. À faire en voiture ou vélo à assistance électrique. Support disponible à l'Office de Tourisme."
    ],
    "es": [
      "Recorrido de descubrimiento del patrimonio adaptado a los adultos y enriquecido con una \"investigación misteriosa\" para los niños. A realizar en coche o bicicleta con asistencia eléctrica. Ayuda disponible en la Oficina de Turismo."
    ],
    "nl": [
      "Erfgoedontdekkingstocht aangepast voor volwassenen en aangevuld met een \"mysterie-onderzoek\" voor kinderen. Te doen per auto of elektrisch ondersteunde fiets. Ondersteuning beschikbaar bij het toeristenbureau."
    ]
  },
  "rdfs:label": {
    "de": [
      "Heritage circuit"
    ],
    "ru": [
      "Heritage circuit"
    ],
    "en": [
      "Heritage circuit"
    ],
    "it": [
      "Heritage circuit"
    ],
    "fr": [
      "Circuit Patrimoine"
    ],
    "zh": [
      "Heritage circuit"
    ],
    "nl": [
      "Heritage circuit"
    ],
    "es": [
      "Heritage circuit"
    ]
  },
  "hasBeenCreatedBy": {
    "@id": "https://data.datatourisme.fr/13/274ad478-6c3a-3ca6-9fa0-97b85867d9a4",
    "dc:identifier": "204",
    "schema:email": [
      "accueil@paysdelamastre.fr",
      "contact@dolce-via.com",
      "direction@paysdelamastre.fr",
      "sebotlamastre@gmail.com",
      "thibaultmandonh@gmail.com"
    ],
    "schema:legalName": "Office de Tourisme du Pays de Lamastre",
    "@type": [
      "schema:Organization",
      "foaf:Agent",
      "Agent"
    ],
    "foaf:homepage": [
      "https://www.pays-lamastre-tourisme.com/fr"
    ]
  },
  "hasBeenPublishedBy": [
    {
      "@id": "https://data.datatourisme.fr/dbca899d-3f22-364b-b99d-40af1e917c58",
      "schema:legalName": "Agence de Développement Touristique de l'Ardèche - source : Apidae Tourisme",
      "@type": [
        "schema:Organization",
        "foaf:Agent",
        "Agent"
      ],
      "foaf:homepage": [
        "https://www.apidae-tourisme.com/"
      ]
    }
  ],
  "hasContact": [
    {
      "@id": "https://data.datatourisme.fr/1802e64f-6dec-3f8a-9acb-76d4cac9c064",
      "schema:email": [
        "accueil@paysdelamastre.fr"
      ],
      "schema:telephone": [
        "+33 4 75 06 48 99"
      ],
      "@type": [
        "foaf:Agent",
        "Agent"
      ],
      "foaf:homepage": [
        "https://www.pays-lamastre-tourisme.com/fr"
      ]
    }
  ],
  "hasDescription": [
    {
      "@id": "https://data.datatourisme.fr/39129b35-864b-3653-9c20-75e75b167343",
      "@type": [
        "Description"
      ],
      "hasTranslatedProperty": [
        {
          "@id": "https://data.datatourisme.fr/0ea5f977-3150-3e73-aaf4-723035f6b548",
          "dc:contributor": [
            "https://api.deepl.com/v2/translate"
          ],
          "rdf:language": [
            "es"
          ],
          "rdf:predicate": [
            "shortDescription"
          ]
        },
        {
          "@id": "https://data.datatourisme.fr/2c3517c5-0164-322e-8e51-c8c5bec55225",
          "dc:contributor": [
            "https://api.deepl.com/v2/translate"
          ],
          "rdf:language": [
            "it"
          ],
          "rdf:predicate": [
            "shortDescription"
          ]
        },
        {
          "@id": "https://data.datatourisme.fr/dfebc3ed-69c4-35f2-ab00-a86b2e44afc6",
          "dc:contributor": [
            "https://api.deepl.com/v2/translate"
          ],
          "rdf:language": [
            "de"
          ],
          "rdf:predicate": [
            "shortDescription"
          ]
        }
      ],
      "shortDescription": {
        "de": [
          "Entdeckungstour durch das Kulturerbe, die für Erwachsene geeignet ist und für Kinder mit einer \"geheimnisvollen Untersuchung\" ergänzt wird. Mit dem Auto oder Fahrrad mit elektrischer Unterstützung zu machen. Unterstützung im Fremdenverkehrsamt erhältlich."
        ],
        "en": [
          "Heritage discovery tour adapted for adults and enhanced by a \"mystery investigation\" for children. To be done by car or electrically assisted bicycle. Support available at the Tourist Office."
        ],
        "it": [
          "Tour alla scoperta del patrimonio culturale adattato per gli adulti e arricchito da una \"indagine misteriosa\" per i bambini. Da fare in auto o in bicicletta a pedalata assistita. Assistenza disponibile presso l'Ufficio del Turismo."
        ],
        "fr": [
          "Circuit découverte du patrimoine adapté aux adultes et agrémenté d'une \"enquête mystérieuse\" pour les enfants. À faire en voiture ou vélo à assistance électrique. Support disponible à l'Office de Tourisme."
        ],
        "es": [
          "Recorrido de descubrimiento del patrimonio adaptado a los adultos y enriquecido con una \"investigación misteriosa\" para los niños. A realizar en coche o bicicleta con asistencia eléctrica. Ayuda disponible en la Oficina de Turismo."
        ],
        "nl": [
          "Erfgoedontdekkingstocht aangepast voor volwassenen en aangevuld met een \"mysterie-onderzoek\" voor kinderen. Te doen per auto of elektrisch ondersteunde fiets. Ondersteuning beschikbaar bij het toeristenbureau."
        ]
      }
    }
  ],
  "hasTheme": [
    {
      "@id": "kb:Bike",
      "@type": [
        "SportsTheme"
      ],
      "rdfs:label": {
        "de": [
          "Fahrrad"
        ],
        "pt": [
          "Bicicleta"
        ],
        "en": [
          "Bike"
        ],
        "it": [
          "Bicicletta"
        ],
        "fr": [
          "Vélo"
        ],
        "nl": [
          "Fiets"
        ],
        "es": [
          "Bicicleta"
        ]
      }
    },
    {
      "@id": "kb:ElectricallyAssistedBicycle",
      "@type": [
        "SportsTheme"
      ],
      "rdfs:label": {
        "de": [
          "Ladestation für Elektrofahrräder"
        ],
        "pt": [
          "Bicicleta elétrica"
        ],
        "en": [
          "Electrically assisted bicycle"
        ],
        "it": [
          "Bicicletta a pedalata assistita"
        ],
        "fr": [
          "Vélo à assistance électrique, VAE"
        ],
        "nl": [
          "Elektrische fiets"
        ],
        "es": [
          "Bicicleta eléctrica, VAE"
        ]
      }
    }
  ],
  "hasTranslatedProperty": [
    {
      "@id": "https://data.datatourisme.fr/3b9d5e2e-3a5c-39f9-abf8-e6e97898fca3",
      "dc:contributor": [
        "https://api.deepl.com/v2/translate"
      ],
      "rdf:language": [
        "es"
      ],
      "rdf:predicate": [
        {
          "@id": "rdfs:comment"
        }
      ]
    },
    {
      "@id": "https://data.datatourisme.fr/5a85f0be-580e-3a4a-b400-6fd6c517423c",
      "dc:contributor": [
        "https://api.deepl.com/v2/translate"
      ],
      "rdf:language": [
        "it"
      ],
      "rdf:predicate": [
        {
          "@id": "rdfs:comment"
        }
      ]
    },
    {
      "@id": "https://data.datatourisme.fr/c08ba964-e852-37a1-a91d-8ec5cde0da35",
      "dc:contributor": [
        "https://api.deepl.com/v2/translate"
      ],
      "rdf:language": [
        "de"
      ],
      "rdf:predicate": [
        {
          "@id": "rdfs:comment"
        }
      ]
    }
  ],
  "isLocatedAt": [
    {
      "@id": "https://data.datatourisme.fr/90844a40-46c7-3df0-9c61-35dc5a918763",
      "schema:address": [
        {
          "@id": "https://data.datatourisme.fr/6dc3359e-6b94-3453-a8c9-e7a59f9ba8ce",
          "schema:addressLocality": "Lamastre",
          "schema:postalCode": "07270",
          "schema:streetAddress": [
            "22 avenue Boissy d'Anglas"
          ],
          "@type": [
            "schema:PostalAddress",
            "PostalAddress"
          ],
          "hasAddressCity": {
            "@id": "kb:07129",
            "@type": [
              "City"
            ],
            "rdfs:label": {
              "de": [
                "Lamastre"
              ],
              "pt": [
                "Lamastre"
              ],
              "en": [
                "Lamastre"
              ],
              "it": [
                "Lamastre"
              ],
              "fr": [
                "Lamastre"
              ],
              "nl": [
                "Lamastre"
              ],
              "es": [
                "Lamastre"
              ]
            },
            "insee": "07129",
            "isPartOfDepartment": {
              "@id": "kb:France8407",
              "@type": [
                "Department"
              ],
              "rdfs:label": {
                "de": [
                  "Ardèche"
                ],
                "pt": [
                  "Ardèche"
                ],
                "en": [
                  "Ardèche"
                ],
                "it": [
                  "Ardèche"
                ],
                "fr": [
                  "Ardèche"
                ],
                "nl": [
                  "Ardèche"
                ],
                "es": [
                  "Ardèche"
                ]
              },
              "insee": "07",
              "isPartOfRegion": {
                "@id": "kb:France84",
                "@type": [
                  "Region"
                ],
                "rdfs:label": {
                  "de": [
                    "Auvergne-Rhône-Alpes"
                  ],
                  "pt": [
                    "Auvergne-Rhône-Alpes"
                  ],
                  "en": [
                    "Auvergne-Rhône-Alpes"
                  ],
                  "it": [
                    "Auvergne-Rhône-Alpes"
                  ],
                  "fr": [
                    "Auvergne-Rhône-Alpes"
                  ],
                  "nl": [
                    "Auvergne-Rhône-Alpes"
                  ],
                  "es": [
                    "Auvergne-Rhône-Alpes"
                  ]
                },
                "insee": "84",
                "isPartOfCountry": {
                  "@id": "kb:France",
                  "@type": [
                    "schema:Country"
                  ],
                  "rdfs:label": {
                    "de": [
                      "France",
                      "Frankreich"
                    ],
                    "pt": [
                      "França",
                      "France"
                    ],
                    "en": [
                      "France"
                    ],
                    "it": [
                      "France",
                      "Francia"
                    ],
                    "fr": [
                      "France"
                    ],
                    "nl": [
                      "France",
                      "Frankrijk"
                    ],
                    "es": [
                      "France",
                      "Francia"
                    ]
                  }
                }
              }
            }
          }
        }
      ],
      "schema:geo": {
        "@id": "https://data.datatourisme.fr/8db8901c-c7cb-378e-9689-35d1ac94f06e",
        "schema:latitude": "44.987061",
        "schema:longitude": "4.581838",
        "@type": [
          "schema:GeoCoordinates"
        ]
      },
      "schema:openingHoursSpecification": [
        {
          "@id": "https://data.datatourisme.fr/f87e535a-636d-3343-ad63-8a03392e7511",
          "schema:validFrom": "2023-01-01T00:00:00",
          "schema:validThrough": "2023-12-31T23:59:59",
          "@type": [
            "schema:OpeningHoursSpecification"
          ]
        }
      ],
      "@type": [
        "schema:Place",
        "Place"
      ]
    }
  ],
  "isOwnedBy": [
    {
      "@id": "https://data.datatourisme.fr/b143f2cb-bdc8-3fb3-9370-9190e8161da3",
      "schema:email": [
        "accueil@paysdelamastre.fr",
        "contact@dolce-via.com",
        "direction@paysdelamastre.fr",
        "sebotlamastre@gmail.com",
        "thibaultmandonh@gmail.com"
      ],
      "schema:legalName": "Office de Tourisme du Pays de Lamastre",
      "@type": [
        "schema:Organization",
        "foaf:Agent",
        "Agent"
      ],
      "foaf:homepage": [
        "https://www.pays-lamastre-tourisme.com/fr"
      ]
    }
  ],
  "lastUpdate": "2023-02-14",
  "lastUpdateDatatourisme": "2023-02-25T06:40:30.045Z"
}