{
  "@id": "https://data.datatourisme.fr/13/0d8842dd-343c-3814-aaf4-9480ee7dc24c",
  "dc:identifier": "5361540",
  "@type": [
    "CulturalSite",
    "Farm",
    "PlaceOfInterest",
    "PointOfInterest",
    "SportsAndLeisurePlace",
    "TeachingFarm",
    "TechnicalHeritage"
  ],
  "rdfs:comment": {
    "de": [
      "Die Ferme de Paris liegt im Herzen des Bois de Vincennes und bietet zahlreiche Aktivitäten, bei denen die ganze Familie das Leben auf dem Bauernhof kennenlernen kann."
    ],
    "en": [
      "Located in the heart of the Bois de Vincennes, the Ferme de Paris offers you many activities to discover farm life with your family."
    ],
    "it": [
      "Situata nel cuore del Bois de Vincennes, la Fattoria di Parigi offre numerose attività per scoprire la vita in fattoria con la famiglia."
    ],
    "fr": [
      "Située en plein cœur du Bois de Vincennes, la Ferme de Paris vous propose de nombreuses activités pour découvrir la vie à la ferme en famille."
    ],
    "es": [
      "Situada en el corazón del Bois de Vincennes, la Granja de París ofrece muchas actividades para descubrir la vida en una granja con su familia."
    ],
    "nl": [
      "Gelegen in het hart van het Bois de Vincennes, biedt de Ferme de Paris vele activiteiten om met uw gezin het leven op een boerderij te ontdekken."
    ]
  },
  "rdfs:label": {
    "fr": [
      "Ferme de Paris"
    ]
  },
  "owl:sameAs": [
    "http://www.wikidata.org/entity/Q3451910"
  ],
  "hasBeenCreatedBy": {
    "@id": "https://data.datatourisme.fr/13/03e0704b-5690-32de-a186-1dc3ad3316c9",
    "dc:identifier": "1019",
    "schema:email": [
      "bgeigle@visitparisregion.com",
      "hcaldo@visitparisregion.com",
      "mtanaskovic@visitparisregion.com"
    ],
    "schema:legalName": "Choose Paris Region",
    "@type": [
      "schema:Organization",
      "foaf:Agent",
      "Agent"
    ],
    "foaf:homepage": [
      "http://www.visitparisregion.com/"
    ]
  },
  "hasBeenPublishedBy": [
    {
      "@id": "https://data.datatourisme.fr/8a9feb4b-2cbd-3d2c-b507-bd6c6776b23b",
      "schema:legalName": "Apidae Tourisme Scic SA - source : Apidae Tourisme",
      "@type": [
        "schema:Organization",
        "foaf:Agent",
        "Agent"
      ],
      "foaf:homepage": [
        "https://www.apidae-tourisme.com/"
      ]
    }
  ],
  "hasContact": [
    {
      "@id": "https://data.datatourisme.fr/3511b364-8a5c-3437-a2ea-3810a73d8f82",
      "schema:email": [
        "lafermedeparis@paris.fr"
      ],
      "schema:telephone": [
        "+33 3975"
      ],
      "@type": [
        "foaf:Agent",
        "Agent"
      ],
      "foaf:homepage": [
        "https://www.paris.fr/equipements/la-ferme-de-paris-6597"
      ]
    }
  ],
  "hasDescription": [
    {
      "@id": "https://data.datatourisme.fr/dea6f363-0092-30f2-89ac-b24a07e55462",
      "@type": [
        "Description"
      ],
      "hasTranslatedProperty": [
        {
          "@id": "https://data.datatourisme.fr/6ef5f622-41d8-3486-b4b9-688abebf8658",
          "dc:contributor": [
            "https://api.deepl.com/v2/translate"
          ],
          "rdf:language": [
            "de"
          ],
          "rdf:predicate": [
            "shortDescription"
          ]
        },
        {
          "@id": "https://data.datatourisme.fr/721e4f78-573d-3e31-b3f7-f90792b8ff52",
          "dc:contributor": [
            "https://api.deepl.com/v2/translate"
          ],
          "rdf:language": [
            "it"
          ],
          "rdf:predicate": [
            "shortDescription"
          ]
        },
        {
          "@id": "https://data.datatourisme.fr/ad0b2c69-f9c3-35ee-a608-d212a80311d3",
          "dc:contributor": [
            "https://api.deepl.com/v2/translate"
          ],
          "rdf:language": [
            "en"
          ],
          "rdf:predicate": [
            "shortDescription"
          ]
        },
        {
          "@id": "https://data.datatourisme.fr/d2a7bfee-5b9e-3afb-8a9e-edb6e7787676",
          "dc:contributor": [
            "https://api.deepl.com/v2/translate"
          ],
          "rdf:language": [
            "es"
          ],
          "rdf:predicate": [
            "shortDescription"
          ]
        },
        {
          "@id": "https://data.datatourisme.fr/f64d0fff-ee60-3a8d-9716-f5be7072589e",
          "dc:contributor": [
            "https://api.deepl.com/v2/translate"
          ],
          "rdf:language": [
            "nl"
          ],
          "rdf:predicate": [
            "shortDescription"
          ]
        }
      ],
      "shortDescription": {
        "de": [
          "Die Ferme de Paris liegt im Herzen des Bois de Vincennes und bietet zahlreiche Aktivitäten, bei denen die ganze Familie das Leben auf dem Bauernhof kennenlernen kann."
        ],
        "en": [
          "Located in the heart of the Bois de Vincennes, the Ferme de Paris offers you many activities to discover farm life with your family."
        ],
        "it": [
          "Situata nel cuore del Bois de Vincennes, la Fattoria di Parigi offre numerose attività per scoprire la vita in fattoria con la famiglia."
        ],
        "fr": [
          "Située en plein cœur du Bois de Vincennes, la Ferme de Paris vous propose de nombreuses activités pour découvrir la vie à la ferme en famille."
        ],
        "es": [
          "Situada en el corazón del Bois de Vincennes, la Granja de París ofrece muchas actividades para descubrir la vida en una granja con su familia."
        ],
        "nl": [
          "Gelegen in het hart van het Bois de Vincennes, biedt de Ferme de Paris vele activiteiten om met uw gezin het leven op een boerderij te ontdekken."
        ]
      }
    }
  ],
  "hasRepresentation": [
    {
      "@id": "https://data.datatourisme.fr/b77852a4-dd94-37d4-9cc8-1272e353a135",
      "ebucore:hasAnnotation": [
        {
          "@id": "https://data.datatourisme.fr/fa136d0e-edeb-3971-a3ac-7a96e546eecd",
          "ebucore:isCoveredBy": "CC BY 3.0",
          "ebucore:title": {
            "fr": [
              "P1030092 Paris VIII rue des Mathurins rwk"
            ]
          },
          "@type": [
            "ebucore:Annotation"
          ],
          "credits": [
            "Mbzt (https://commons.wikimedia.org/wiki/User:Mbzt)"
          ]
        }
      ],
      "ebucore:hasRelatedResource": [
        {
          "@id": "https://data.datatourisme.fr/fc6cc2ad-5edc-34e2-b191-d52e7a6339e3",
          "ebucore:fileSize": [
            1038196
          ],
          "ebucore:hasMimeType": [
            {
              "@id": "kb:JPEG",
              "@type": [
                "ebucore:MimeType"
              ],
              "rdfs:comment": {
                "de": [
                  "JPEG-Bild"
                ],
                "pt": [
                  "Imagem JPEG"
                ],
                "en": [
                  "JPEG image file"
                ],
                "it": [
                  "Immagine JPEG"
                ],
                "fr": [
                  "Image JPEG"
                ],
                "nl": [
                  "JPEG-afbeelding"
                ],
                "es": [
                  "Imagen JPEG"
                ]
              },
              "rdfs:label": {
                "de": [
                  "image/jpeg"
                ],
                "pt": [
                  "image/jpeg"
                ],
                "en": [
                  "image/jpeg"
                ],
                "it": [
                  "image/jpeg"
                ],
                "fr": [
                  "image/jpeg"
                ],
                "nl": [
                  "image/jpeg"
                ],
                "es": [
                  "image/jpeg"
                ]
              }
            }
          ],
          "ebucore:height": 1500,
          "ebucore:locator": [
            "https://upload.wikimedia.org/wikipedia/commons/3/36/P1030092_Paris_VIII_rue_des_Mathurins_rwk.JPG"
          ],
          "ebucore:width": 1429,
          "@type": [
            "ebucore:Resource"
          ]
        }
      ],
      "@type": [
        "ebucore:EditorialObject"
      ]
    }
  ],
  "hasTheme": [
    {
      "@id": "kb:Culture",
      "@type": [
        "CulturalTheme"
      ],
      "rdfs:label": {
        "de": [
          "Kultur"
        ],
        "pt": [
          "Cultura"
        ],
        "en": [
          "Culture"
        ],
        "it": [
          "Cultura"
        ],
        "fr": [
          "Culture"
        ],
        "nl": [
          "Cultuur"
        ],
        "es": [
          "Cultura"
        ]
      }
    }
  ],
  "hasTranslatedProperty": [
    {
      "@id": "https://data.datatourisme.fr/06128580-ebaa-3adf-898c-576006943c64",
      "dc:contributor": [
        "https://api.deepl.com/v2/translate"
      ],
      "rdf:language": [
        "en"
      ],
      "rdf:predicate": [
        {
          "@id": "rdfs:comment"
        }
      ]
    },
    {
      "@id": "https://data.datatourisme.fr/210adc63-bbb7-3a8b-8de2-27dad54c7cbf",
      "dc:contributor": [
        "https://api.deepl.com/v2/translate"
      ],
      "rdf:language": [
        "it"
      ],
      "rdf:predicate": [
        {
          "@id": "rdfs:comment"
        }
      ]
    },
    {
      "@id": "https://data.datatourisme.fr/5c3c6392-9e08-3a5d-ae00-0462c079ea30",
      "dc:contributor": [
        "https://api.deepl.com/v2/translate"
      ],
      "rdf:language": [
        "nl"
      ],
      "rdf:predicate": [
        {
          "@id": "rdfs:comment"
        }
      ]
    },
    {
      "@id": "https://data.datatourisme.fr/c6e724f8-1393-344f-81ba-7fe69520fb3a",
      "dc:contributor": [
        "https://api.deepl.com/v2/translate"
      ],
      "rdf:language": [
        "de"
      ],
      "rdf:predicate": [
        {
          "@id": "rdfs:comment"
        }
      ]
    },
    {
      "@id": "https://data.datatourisme.fr/e92d155f-bf4f-3c7a-8206-a7328f89b6bf",
      "dc:contributor": [
        "https://api.deepl.com/v2/translate"
      ],
      "rdf:language": [
        "es"
      ],
      "rdf:predicate": [
        {
          "@id": "rdfs:comment"
        }
      ]
    }
  ],
  "isLocatedAt": [
    {
      "@id": "https://data.datatourisme.fr/c02d522e-7ea4-33f9-838b-84051091594e",
      "schema:address": [
        {
          "@id": "https://data.datatourisme.fr/29c95fa6-3540-3599-8325-85f7c7f63a03",
          "schema:addressLocality": "Paris",
          "schema:postalCode": "75012",
          "schema:streetAddress": [
            "1 route du Pesage"
          ],
          "@type": [
            "schema:PostalAddress",
            "PostalAddress"
          ],
          "hasAddressCity": {
            "@id": "kb:75056",
            "@type": [
              "City"
            ],
            "rdfs:label": {
              "de": [
                "Paris"
              ],
              "pt": [
                "Paris"
              ],
              "en": [
                "Paris"
              ],
              "it": [
                "Paris"
              ],
              "fr": [
                "Paris"
              ],
              "nl": [
                "Paris"
              ],
              "es": [
                "Paris"
              ]
            },
            "insee": "75056",
            "isPartOfDepartment": {
              "@id": "kb:France1175",
              "@type": [
                "Department"
              ],
              "rdfs:label": {
                "de": [
                  "Paris"
                ],
                "pt": [
                  "Paris"
                ],
                "en": [
                  "Paris"
                ],
                "it": [
                  "Paris"
                ],
                "fr": [
                  "Paris"
                ],
                "nl": [
                  "Paris"
                ],
                "es": [
                  "Paris"
                ]
              },
              "insee": "75",
              "isPartOfRegion": {
                "@id": "kb:France11",
                "@type": [
                  "Region"
                ],
                "rdfs:label": {
                  "de": [
                    "Île-de-France"
                  ],
                  "pt": [
                    "Île-de-France"
                  ],
                  "en": [
                    "Île-de-France"
                  ],
                  "it": [
                    "Île-de-France"
                  ],
                  "fr": [
                    "Île-de-France"
                  ],
                  "nl": [
                    "Île-de-France"
                  ],
                  "es": [
                    "Île-de-France"
                  ]
                },
                "insee": "11",
                "isPartOfCountry": {
                  "@id": "kb:France",
                  "@type": [
                    "schema:Country"
                  ],
                  "rdfs:label": {
                    "de": [
                      "France",
                      "Frankreich"
                    ],
                    "pt": [
                      "França",
                      "France"
                    ],
                    "en": [
                      "France"
                    ],
                    "it": [
                      "France",
                      "Francia"
                    ],
                    "fr": [
                      "France"
                    ],
                    "nl": [
                      "France",
                      "Frankrijk"
                    ],
                    "es": [
                      "France",
                      "Francia"
                    ]
                  }
                }
              }
            }
          }
        }
      ],
      "schema:geo": {
        "@id": "https://data.datatourisme.fr/c0c03ab3-db17-33ca-b0c7-9c68f2471b8e",
        "schema:latitude": "48.822477",
        "schema:longitude": "2.444399",
        "@type": [
          "schema:GeoCoordinates"
        ]
      },
      "schema:openingHoursSpecification": [
        {
          "@id": "https://data.datatourisme.fr/058359c3-079a-3e99-aaec-3e6fac08f1b5",
          "schema:closes": "17:00:00",
          "schema:opens": "13:30:00",
          "schema:validFrom": "2023-11-01T00:00:00",
          "schema:validThrough": "2023-03-01T23:59:59",
          "@type": [
            "schema:OpeningHoursSpecification"
          ]
        },
        {
          "@id": "https://data.datatourisme.fr/26fc17c2-bf1f-33fe-92a7-491a5c00dee8",
          "schema:closes": "17:30:00",
          "schema:opens": "13:30:00",
          "schema:validFrom": "2023-10-01T00:00:00",
          "schema:validThrough": "2023-10-31T23:59:59",
          "@type": [
            "schema:OpeningHoursSpecification"
          ]
        },
        {
          "@id": "https://data.datatourisme.fr/58765b41-79ac-30c3-b9e6-fd535023ff9f",
          "schema:closes": "18:30:00",
          "schema:opens": "13:30:00",
          "schema:validFrom": "2023-04-01T00:00:00",
          "schema:validThrough": "2023-09-30T23:59:59",
          "@type": [
            "schema:OpeningHoursSpecification"
          ]
        },
        {
          "@id": "https://data.datatourisme.fr/63624565-ea62-3b2e-b21d-b3826165c794",
          "schema:closes": "17:30:00",
          "schema:opens": "13:30:00",
          "schema:validFrom": "2023-03-01T00:00:00",
          "schema:validThrough": "2023-03-31T23:59:59",
          "@type": [
            "schema:OpeningHoursSpecification"
          ]
        }
      ],
      "@type": [
        "schema:Place",
        "Place"
      ]
    }
  ],
  "isOwnedBy": [
    {
      "@id": "https://data.datatourisme.fr/3b8a790a-ebad-39c6-9a18-c5663001f469",
      "schema:email": [
        "bgeigle@visitparisregion.com",
        "hcaldo@visitparisregion.com",
        "mtanaskovic@visitparisregion.com"
      ],
      "schema:legalName": "Choose Paris Region",
      "@type": [
        "schema:Organization",
        "foaf:Agent",
        "Agent"
      ],
      "foaf:homepage": [
        "http://www.visitparisregion.com/"
      ]
    }
  ],
  "lastUpdate": "2021-11-19",
  "lastUpdateDatatourisme": "2023-10-02T05:53:31.734Z"
}