{
  "@id": "https://data.datatourisme.fr/13/5e30dfaf-62b5-395b-9e53-770c4baeff8d",
  "dc:identifier": "5148182",
  "@type": [
    "olo:OrderedList",
    "PlaceOfInterest",
    "PointOfInterest",
    "RoadTour",
    "SportsAndLeisurePlace",
    "Tour"
  ],
  "rdfs:comment": {
    "de": [
      "Machen Sie einen Tagesausflug mit dem Auto von Lamastre aus\r\nEntdecken Sie auf der Fahrt die Dörfer, die malerischen Kulissen des berühmten Doux-Tals oder die herrlichen Aussichtspunkte auf den Höhen des Pays de Lamastre."
    ],
    "en": [
      "Take a day trip by car, from Lamastre.\r\nAlong the way, discover the villages, the picturesque sceneries of the famous \"Doux Valley\", or the magnificent views of the heights of the Pays de Lamastre."
    ],
    "it": [
      "Fate una gita di un giorno in auto, partendo da Lamastre\r\nLungo il percorso, scoprite i villaggi, i pittoreschi paesaggi della famosa Valle del Doux e le magnifiche viste sulle alture della regione di Lamastre."
    ],
    "fr": [
      "Partez pour une journée de balade en voiture, au départ de Lamastre. \r\nDécouvrez au fil de la route les villages, les décors pittoresques de la célèbre Vallée du Doux, ou encore les magnifiques points de vue sur les hauteurs du Pays de Lamastre."
    ],
    "nl": [
      "Maak een dagtocht met de auto, vanaf Lamastre.\r\nOntdek onderweg de dorpen, de pittoreske landschappen van de beroemde \"Vallée du Doux\" of het prachtige uitzicht op de hoogten van het Pays de Lamastre."
    ],
    "es": [
      "Haga una excursión de un día en coche, partiendo de Lamastre\r\nA lo largo del camino, descubra los pueblos, el pintoresco paisaje del famoso Valle del Doux y las magníficas vistas de las alturas de la región de Lamastre."
    ]
  },
  "rdfs:label": {
    "en": [
      "Tourist car tour - The Valley of the Doux"
    ],
    "fr": [
      "Circuit touristique en voiture - La Vallée du Doux"
    ],
    "nl": [
      "Toeristische autorondleiding - De Vallei van de Doux"
    ]
  },
  "hasBeenCreatedBy": {
    "@id": "https://data.datatourisme.fr/13/274ad478-6c3a-3ca6-9fa0-97b85867d9a4",
    "dc:identifier": "204",
    "schema:email": [
      "accueil@paysdelamastre.fr",
      "contact@dolce-via.com",
      "direction@paysdelamastre.fr",
      "sebotlamastre@gmail.com",
      "thibaultmandonh@gmail.com"
    ],
    "schema:legalName": "Office de Tourisme du Pays de Lamastre",
    "@type": [
      "schema:Organization",
      "foaf:Agent",
      "Agent"
    ],
    "foaf:homepage": [
      "https://www.pays-lamastre-tourisme.com/fr"
    ]
  },
  "hasBeenPublishedBy": [
    {
      "@id": "https://data.datatourisme.fr/dbca899d-3f22-364b-b99d-40af1e917c58",
      "schema:legalName": "Agence de Développement Touristique de l'Ardèche - source : Apidae Tourisme",
      "@type": [
        "schema:Organization",
        "foaf:Agent",
        "Agent"
      ],
      "foaf:homepage": [
        "https://www.apidae-tourisme.com/"
      ]
    }
  ],
  "hasContact": [
    {
      "@id": "https://data.datatourisme.fr/1802e64f-6dec-3f8a-9acb-76d4cac9c064",
      "schema:email": [
        "accueil@paysdelamastre.fr"
      ],
      "schema:telephone": [
        "+33 4 75 06 48 99"
      ],
      "@type": [
        "foaf:Agent",
        "Agent"
      ],
      "foaf:homepage": [
        "https://www.pays-lamastre-tourisme.com/fr"
      ]
    }
  ],
  "hasDescription": [
    {
      "@id": "https://data.datatourisme.fr/df06a81b-5fc6-3f94-986a-cdb181b6b8d7",
      "@type": [
        "Description"
      ],
      "hasTranslatedProperty": [
        {
          "@id": "https://data.datatourisme.fr/535caca6-c278-3d92-bb7b-4c9b8b7670ea",
          "dc:contributor": [
            "https://api.deepl.com/v2/translate"
          ],
          "rdf:language": [
            "de"
          ],
          "rdf:predicate": [
            "shortDescription"
          ]
        },
        {
          "@id": "https://data.datatourisme.fr/580e7249-7be2-39af-bd5e-42690e07036f",
          "dc:contributor": [
            "https://api.deepl.com/v2/translate"
          ],
          "rdf:language": [
            "es"
          ],
          "rdf:predicate": [
            "shortDescription"
          ]
        },
        {
          "@id": "https://data.datatourisme.fr/ea2d887f-efb6-39f9-ac48-664c710d275c",
          "dc:contributor": [
            "https://api.deepl.com/v2/translate"
          ],
          "rdf:language": [
            "it"
          ],
          "rdf:predicate": [
            "shortDescription"
          ]
        }
      ],
      "shortDescription": {
        "de": [
          "Machen Sie einen Tagesausflug mit dem Auto von Lamastre aus\r\nEntdecken Sie auf der Fahrt die Dörfer, die malerischen Kulissen des berühmten Doux-Tals oder die herrlichen Aussichtspunkte auf den Höhen des Pays de Lamastre."
        ],
        "en": [
          "Take a day trip by car, from Lamastre.\r\nAlong the way, discover the villages, the picturesque sceneries of the famous \"Doux Valley\", or the magnificent views of the heights of the Pays de Lamastre."
        ],
        "it": [
          "Fate una gita di un giorno in auto, partendo da Lamastre\r\nLungo il percorso, scoprite i villaggi, i pittoreschi paesaggi della famosa Valle del Doux e le magnifiche viste sulle alture della regione di Lamastre."
        ],
        "fr": [
          "Partez pour une journée de balade en voiture, au départ de Lamastre. \r\nDécouvrez au fil de la route les villages, les décors pittoresques de la célèbre Vallée du Doux, ou encore les magnifiques points de vue sur les hauteurs du Pays de Lamastre."
        ],
        "nl": [
          "Maak een dagtocht met de auto, vanaf Lamastre.\r\nOntdek onderweg de dorpen, de pittoreske landschappen van de beroemde \"Vallée du Doux\" of het prachtige uitzicht op de hoogten van het Pays de Lamastre."
        ],
        "es": [
          "Haga una excursión de un día en coche, partiendo de Lamastre\r\nA lo largo del camino, descubra los pueblos, el pintoresco paisaje del famoso Valle del Doux y las magníficas vistas de las alturas de la región de Lamastre."
        ]
      }
    }
  ],
  "hasTranslatedProperty": [
    {
      "@id": "https://data.datatourisme.fr/b27f2351-0da6-3b11-85f7-d98c67a1cc28",
      "dc:contributor": [
        "https://api.deepl.com/v2/translate"
      ],
      "rdf:language": [
        "es"
      ],
      "rdf:predicate": [
        {
          "@id": "rdfs:comment"
        }
      ]
    },
    {
      "@id": "https://data.datatourisme.fr/e0f82e02-82f4-3735-a553-6f323013eb45",
      "dc:contributor": [
        "https://api.deepl.com/v2/translate"
      ],
      "rdf:language": [
        "it"
      ],
      "rdf:predicate": [
        {
          "@id": "rdfs:comment"
        }
      ]
    },
    {
      "@id": "https://data.datatourisme.fr/e8465c2d-f726-3a7b-a434-5fda5481934d",
      "dc:contributor": [
        "https://api.deepl.com/v2/translate"
      ],
      "rdf:language": [
        "de"
      ],
      "rdf:predicate": [
        {
          "@id": "rdfs:comment"
        }
      ]
    }
  ],
  "isLocatedAt": [
    {
      "@id": "https://data.datatourisme.fr/90844a40-46c7-3df0-9c61-35dc5a918763",
      "schema:address": [
        {
          "@id": "https://data.datatourisme.fr/6dc3359e-6b94-3453-a8c9-e7a59f9ba8ce",
          "schema:addressLocality": "Lamastre",
          "schema:postalCode": "07270",
          "schema:streetAddress": [
            "22 avenue Boissy d'Anglas"
          ],
          "@type": [
            "schema:PostalAddress",
            "PostalAddress"
          ],
          "hasAddressCity": {
            "@id": "kb:07129",
            "@type": [
              "City"
            ],
            "rdfs:label": {
              "de": [
                "Lamastre"
              ],
              "pt": [
                "Lamastre"
              ],
              "en": [
                "Lamastre"
              ],
              "it": [
                "Lamastre"
              ],
              "fr": [
                "Lamastre"
              ],
              "nl": [
                "Lamastre"
              ],
              "es": [
                "Lamastre"
              ]
            },
            "insee": "07129",
            "isPartOfDepartment": {
              "@id": "kb:France8407",
              "@type": [
                "Department"
              ],
              "rdfs:label": {
                "de": [
                  "Ardèche"
                ],
                "pt": [
                  "Ardèche"
                ],
                "en": [
                  "Ardèche"
                ],
                "it": [
                  "Ardèche"
                ],
                "fr": [
                  "Ardèche"
                ],
                "nl": [
                  "Ardèche"
                ],
                "es": [
                  "Ardèche"
                ]
              },
              "insee": "07",
              "isPartOfRegion": {
                "@id": "kb:France84",
                "@type": [
                  "Region"
                ],
                "rdfs:label": {
                  "de": [
                    "Auvergne-Rhône-Alpes"
                  ],
                  "pt": [
                    "Auvergne-Rhône-Alpes"
                  ],
                  "en": [
                    "Auvergne-Rhône-Alpes"
                  ],
                  "it": [
                    "Auvergne-Rhône-Alpes"
                  ],
                  "fr": [
                    "Auvergne-Rhône-Alpes"
                  ],
                  "nl": [
                    "Auvergne-Rhône-Alpes"
                  ],
                  "es": [
                    "Auvergne-Rhône-Alpes"
                  ]
                },
                "insee": "84",
                "isPartOfCountry": {
                  "@id": "kb:France",
                  "@type": [
                    "schema:Country"
                  ],
                  "rdfs:label": {
                    "de": [
                      "France",
                      "Frankreich"
                    ],
                    "pt": [
                      "França",
                      "France"
                    ],
                    "en": [
                      "France"
                    ],
                    "it": [
                      "France",
                      "Francia"
                    ],
                    "fr": [
                      "France"
                    ],
                    "nl": [
                      "France",
                      "Frankrijk"
                    ],
                    "es": [
                      "France",
                      "Francia"
                    ]
                  }
                }
              }
            }
          }
        }
      ],
      "schema:geo": {
        "@id": "https://data.datatourisme.fr/8db8901c-c7cb-378e-9689-35d1ac94f06e",
        "schema:latitude": "44.987061",
        "schema:longitude": "4.581838",
        "@type": [
          "schema:GeoCoordinates"
        ]
      },
      "schema:openingHoursSpecification": [
        {
          "@id": "https://data.datatourisme.fr/f87e535a-636d-3343-ad63-8a03392e7511",
          "schema:validFrom": "2023-01-01T00:00:00",
          "schema:validThrough": "2023-12-31T23:59:59",
          "@type": [
            "schema:OpeningHoursSpecification"
          ]
        }
      ],
      "@type": [
        "schema:Place",
        "Place"
      ]
    }
  ],
  "isOwnedBy": [
    {
      "@id": "https://data.datatourisme.fr/b143f2cb-bdc8-3fb3-9370-9190e8161da3",
      "schema:email": [
        "accueil@paysdelamastre.fr",
        "contact@dolce-via.com",
        "direction@paysdelamastre.fr",
        "sebotlamastre@gmail.com",
        "thibaultmandonh@gmail.com"
      ],
      "schema:legalName": "Office de Tourisme du Pays de Lamastre",
      "@type": [
        "schema:Organization",
        "foaf:Agent",
        "Agent"
      ],
      "foaf:homepage": [
        "https://www.pays-lamastre-tourisme.com/fr"
      ]
    }
  ],
  "lastUpdate": "2023-02-10",
  "lastUpdateDatatourisme": "2023-02-11T06:38:49.17Z"
}