{
  "@id": "https://data.datatourisme.fr/13/c338373d-4e43-38da-875b-5a2ab1888247",
  "dc:identifier": "6585142",
  "@type": [
    "schema:FoodEstablishment",
    "schema:Winery",
    "BistroOrWineBar",
    "FoodEstablishment",
    "PlaceOfInterest",
    "PointOfInterest",
    "SportsAndLeisurePlace"
  ],
  "rdfs:comment": {
    "de": [
      "Einen Cocktail im eigenen Garten schlürfen und dabei einen erhöhten Blick auf Paris genießen: Das Rooftop des Hotels Paradiso bietet Ihnen das Beste aus zwei Welten. Und für diejenigen, die noch mehr aus dem Alltag ausbrechen möchten, sind die Kinovorstellungen unter freiem Himmel genau das Richtige."
    ],
    "en": [
      "Sip a cocktail in your own garden while enjoying an elevated view of Paris: the Hôtel Paradiso rooftop offers you the best of both worlds. And for those who want to get away from it all even more, our open-air cinema sessions are just what you need."
    ],
    "it": [
      "Sorseggiare un cocktail nel vostro giardino e godere di una vista elevata su Parigi: il rooftop dell'Hôtel Paradiso vi offre il meglio di entrambi i mondi. E per chi vuole allontanarsi ancora di più da tutto, le sessioni di cinema all'aperto sono quello che fa per voi."
    ],
    "fr": [
      "Siroter un cocktail dans son jardin en profitant d’une vue surélevée de Paris : le rooftop de l’Hôtel Paradiso vous offre le meilleur de deux mondes. Et pour ceux qui souhaitent s’évader encore plus, les séances de ciné en plein air sont pour vous."
    ],
    "es": [
      "Saboree un cóctel en su jardín mientras disfruta de una vista elevada de París: la azotea del Hôtel Paradiso le ofrece lo mejor de ambos mundos. Y para los que quieran evadirse aún más, las sesiones de cine al aire libre son lo suyo."
    ],
    "nl": [
      "Nip van een cocktail in je tuin terwijl je geniet van een hoog uitzicht over Parijs: het dak van Hôtel Paradiso biedt je het beste van twee werelden. En voor wie er nog meer tussenuit wil, zijn er de openluchtbioscoopsessies."
    ]
  },
  "rdfs:label": {
    "fr": [
      "Rooftop de l'Hôtel Paradiso"
    ]
  },
  "hasBeenCreatedBy": {
    "@id": "https://data.datatourisme.fr/13/03e0704b-5690-32de-a186-1dc3ad3316c9",
    "dc:identifier": "1019",
    "schema:email": [
      "bgeigle@visitparisregion.com",
      "hcaldo@visitparisregion.com",
      "mtanaskovic@visitparisregion.com"
    ],
    "schema:legalName": "Choose Paris Region",
    "@type": [
      "schema:Organization",
      "foaf:Agent",
      "Agent"
    ],
    "foaf:homepage": [
      "http://www.visitparisregion.com/"
    ]
  },
  "hasBeenPublishedBy": [
    {
      "@id": "https://data.datatourisme.fr/8a9feb4b-2cbd-3d2c-b507-bd6c6776b23b",
      "schema:legalName": "Apidae Tourisme Scic SA - source : Apidae Tourisme",
      "@type": [
        "schema:Organization",
        "foaf:Agent",
        "Agent"
      ],
      "foaf:homepage": [
        "https://www.apidae-tourisme.com/"
      ]
    }
  ],
  "hasContact": [
    {
      "@id": "https://data.datatourisme.fr/ffc5a18d-4d6b-37ce-8fb6-d1c265c1ebd3",
      "schema:email": [
        "reservation@mk2hotelparadiso.com"
      ],
      "schema:telephone": [
        "+33 1 88 59 20 01"
      ],
      "@type": [
        "foaf:Agent",
        "Agent"
      ]
    }
  ],
  "hasDescription": [
    {
      "@id": "https://data.datatourisme.fr/0ca527d9-529c-32b4-bf6e-377085d886b5",
      "@type": [
        "Description"
      ],
      "hasTranslatedProperty": [
        {
          "@id": "https://data.datatourisme.fr/20655c7f-cd26-30a7-837d-16829008bb3c",
          "dc:contributor": [
            "https://api.deepl.com/v2/translate"
          ],
          "rdf:language": [
            "es"
          ],
          "rdf:predicate": [
            "shortDescription"
          ]
        },
        {
          "@id": "https://data.datatourisme.fr/a26cade5-e3c4-30b2-8634-8456de6e72d2",
          "dc:contributor": [
            "https://api.deepl.com/v2/translate"
          ],
          "rdf:language": [
            "en"
          ],
          "rdf:predicate": [
            "shortDescription"
          ]
        },
        {
          "@id": "https://data.datatourisme.fr/c05a7819-24ca-3308-80fe-35ea6bb824ec",
          "dc:contributor": [
            "https://api.deepl.com/v2/translate"
          ],
          "rdf:language": [
            "de"
          ],
          "rdf:predicate": [
            "shortDescription"
          ]
        },
        {
          "@id": "https://data.datatourisme.fr/eec0ed94-2f56-30ce-b3ba-0571b723d669",
          "dc:contributor": [
            "https://api.deepl.com/v2/translate"
          ],
          "rdf:language": [
            "it"
          ],
          "rdf:predicate": [
            "shortDescription"
          ]
        },
        {
          "@id": "https://data.datatourisme.fr/ef932f88-90a7-3c5d-b07f-3aecf376bd8e",
          "dc:contributor": [
            "https://api.deepl.com/v2/translate"
          ],
          "rdf:language": [
            "nl"
          ],
          "rdf:predicate": [
            "shortDescription"
          ]
        }
      ],
      "shortDescription": {
        "de": [
          "Einen Cocktail im eigenen Garten schlürfen und dabei einen erhöhten Blick auf Paris genießen: Das Rooftop des Hotels Paradiso bietet Ihnen das Beste aus zwei Welten. Und für diejenigen, die noch mehr aus dem Alltag ausbrechen möchten, sind die Kinovorstellungen unter freiem Himmel genau das Richtige."
        ],
        "en": [
          "Sip a cocktail in your own garden while enjoying an elevated view of Paris: the Hôtel Paradiso rooftop offers you the best of both worlds. And for those who want to get away from it all even more, our open-air cinema sessions are just what you need."
        ],
        "it": [
          "Sorseggiare un cocktail nel vostro giardino e godere di una vista elevata su Parigi: il rooftop dell'Hôtel Paradiso vi offre il meglio di entrambi i mondi. E per chi vuole allontanarsi ancora di più da tutto, le sessioni di cinema all'aperto sono quello che fa per voi."
        ],
        "fr": [
          "Siroter un cocktail dans son jardin en profitant d’une vue surélevée de Paris : le rooftop de l’Hôtel Paradiso vous offre le meilleur de deux mondes. Et pour ceux qui souhaitent s’évader encore plus, les séances de ciné en plein air sont pour vous."
        ],
        "es": [
          "Saboree un cóctel en su jardín mientras disfruta de una vista elevada de París: la azotea del Hôtel Paradiso le ofrece lo mejor de ambos mundos. Y para los que quieran evadirse aún más, las sesiones de cine al aire libre son lo suyo."
        ],
        "nl": [
          "Nip van een cocktail in je tuin terwijl je geniet van een hoog uitzicht over Parijs: het dak van Hôtel Paradiso biedt je het beste van twee werelden. En voor wie er nog meer tussenuit wil, zijn er de openluchtbioscoopsessies."
        ]
      }
    }
  ],
  "hasTranslatedProperty": [
    {
      "@id": "https://data.datatourisme.fr/0e92dde8-211e-3db7-ab02-d2c5e76ac748",
      "dc:contributor": [
        "https://api.deepl.com/v2/translate"
      ],
      "rdf:language": [
        "de"
      ],
      "rdf:predicate": [
        {
          "@id": "rdfs:comment"
        }
      ]
    },
    {
      "@id": "https://data.datatourisme.fr/211e3c39-b5d0-3098-b477-a658160ed6d5",
      "dc:contributor": [
        "https://api.deepl.com/v2/translate"
      ],
      "rdf:language": [
        "en"
      ],
      "rdf:predicate": [
        {
          "@id": "rdfs:comment"
        }
      ]
    },
    {
      "@id": "https://data.datatourisme.fr/36a86bc3-5f79-3402-b3a4-1d87a0b09462",
      "dc:contributor": [
        "https://api.deepl.com/v2/translate"
      ],
      "rdf:language": [
        "es"
      ],
      "rdf:predicate": [
        {
          "@id": "rdfs:comment"
        }
      ]
    },
    {
      "@id": "https://data.datatourisme.fr/4e93f3a0-faee-39ee-ac9a-5477eb52e70c",
      "dc:contributor": [
        "https://api.deepl.com/v2/translate"
      ],
      "rdf:language": [
        "it"
      ],
      "rdf:predicate": [
        {
          "@id": "rdfs:comment"
        }
      ]
    },
    {
      "@id": "https://data.datatourisme.fr/ce86b632-1147-38df-a68e-461c4f2e25de",
      "dc:contributor": [
        "https://api.deepl.com/v2/translate"
      ],
      "rdf:language": [
        "nl"
      ],
      "rdf:predicate": [
        {
          "@id": "rdfs:comment"
        }
      ]
    }
  ],
  "isLocatedAt": [
    {
      "@id": "https://data.datatourisme.fr/f5a519cd-2886-305b-9860-95b710589687",
      "schema:address": [
        {
          "@id": "https://data.datatourisme.fr/2e008792-0468-3de0-af00-f40421faee63",
          "schema:addressLocality": "Paris",
          "schema:postalCode": "75012",
          "schema:streetAddress": [
            "55 rue traversière"
          ],
          "@type": [
            "schema:PostalAddress",
            "PostalAddress"
          ],
          "hasAddressCity": {
            "@id": "kb:75056",
            "@type": [
              "City"
            ],
            "rdfs:label": {
              "de": [
                "Paris"
              ],
              "pt": [
                "Paris"
              ],
              "en": [
                "Paris"
              ],
              "it": [
                "Paris"
              ],
              "fr": [
                "Paris"
              ],
              "nl": [
                "Paris"
              ],
              "es": [
                "Paris"
              ]
            },
            "insee": "75056",
            "isPartOfDepartment": {
              "@id": "kb:France1175",
              "@type": [
                "Department"
              ],
              "rdfs:label": {
                "de": [
                  "Paris"
                ],
                "pt": [
                  "Paris"
                ],
                "en": [
                  "Paris"
                ],
                "it": [
                  "Paris"
                ],
                "fr": [
                  "Paris"
                ],
                "nl": [
                  "Paris"
                ],
                "es": [
                  "Paris"
                ]
              },
              "insee": "75",
              "isPartOfRegion": {
                "@id": "kb:France11",
                "@type": [
                  "Region"
                ],
                "rdfs:label": {
                  "de": [
                    "Île-de-France"
                  ],
                  "pt": [
                    "Île-de-France"
                  ],
                  "en": [
                    "Île-de-France"
                  ],
                  "it": [
                    "Île-de-France"
                  ],
                  "fr": [
                    "Île-de-France"
                  ],
                  "nl": [
                    "Île-de-France"
                  ],
                  "es": [
                    "Île-de-France"
                  ]
                },
                "insee": "11",
                "isPartOfCountry": {
                  "@id": "kb:France",
                  "@type": [
                    "schema:Country"
                  ],
                  "rdfs:label": {
                    "de": [
                      "France",
                      "Frankreich"
                    ],
                    "pt": [
                      "França",
                      "France"
                    ],
                    "en": [
                      "France"
                    ],
                    "it": [
                      "France",
                      "Francia"
                    ],
                    "fr": [
                      "France"
                    ],
                    "nl": [
                      "France",
                      "Frankrijk"
                    ],
                    "es": [
                      "France",
                      "Francia"
                    ]
                  }
                }
              }
            }
          }
        }
      ],
      "schema:geo": {
        "@id": "https://data.datatourisme.fr/d904a28c-9036-314c-9b1e-e408fd9bcbca",
        "schema:latitude": "48.848469",
        "schema:longitude": "2.374087",
        "@type": [
          "schema:GeoCoordinates"
        ]
      },
      "schema:openingHoursSpecification": [
        {
          "@id": "https://data.datatourisme.fr/1d9e0713-f248-348e-b603-5af5d6ef5382",
          "schema:closes": "23:30:00",
          "schema:opens": "16:00:00",
          "schema:validFrom": "2023-01-01T00:00:00",
          "schema:validThrough": "2023-12-31T23:59:59",
          "@type": [
            "schema:OpeningHoursSpecification"
          ],
          "additionalInformation": {
            "de": [
              "Geöffnet: Montag bis Donnerstag von 16:00 bis 23:30 Uhr und Freitag bis Sonntag von 14:00 bis 24:00 Uhr.\r\nAb September: Freitag bis Sonntag von 14:00 bis 22:00 Uhr geöffnet."
            ],
            "en": [
              "Open Monday to Thursday, 4pm to 11:30pm and Friday to Sunday, 2pm to midnight.\r\nFrom September: open Friday to Sunday, 2pm to 10pm."
            ],
            "it": [
              "Aperto dal lunedì al giovedì dalle 16.00 alle 23.30 e dal venerdì alla domenica dalle 14.00 alle 24.00.\r\nDa settembre: aperto da venerdì a domenica dalle 14.00 alle 22.00."
            ],
            "fr": [
              "Ouvert du lundi au jeudi de 16h à 23h30 et du vendredi au dimanche de 14h à minuit. \r\nÀ partir de septembre : ouvert du vendredi au dimanche de 14h à 22h."
            ],
            "nl": [
              "Geopend van maandag tot donderdag van 16.00 tot 23.30 uur en van vrijdag tot zondag van 14.00 tot middernacht.\r\nVanaf september: open van vrijdag tot zondag van 14.00 tot 22.00 uur."
            ],
            "es": [
              "Abierto de lunes a jueves de 16.00 a 23.30 h. y de viernes a domingo de 14.00 a 24.00 h.\r\nA partir de septiembre: abierto de viernes a domingo de 14:00 a 22:00."
            ]
          },
          "hasTranslatedProperty": [
            {
              "@id": "https://data.datatourisme.fr/00eefc1a-4cff-3e47-b237-aef98e68569a",
              "dc:contributor": [
                "https://api.deepl.com/v2/translate"
              ],
              "rdf:language": [
                "nl"
              ],
              "rdf:predicate": [
                "additionalInformation"
              ]
            },
            {
              "@id": "https://data.datatourisme.fr/68d2ccfc-7152-3ecc-a97f-0521c95a4dda",
              "dc:contributor": [
                "https://api.deepl.com/v2/translate"
              ],
              "rdf:language": [
                "de"
              ],
              "rdf:predicate": [
                "additionalInformation"
              ]
            },
            {
              "@id": "https://data.datatourisme.fr/752e59a6-45c7-3421-99c7-b76cc67787a0",
              "dc:contributor": [
                "https://api.deepl.com/v2/translate"
              ],
              "rdf:language": [
                "it"
              ],
              "rdf:predicate": [
                "additionalInformation"
              ]
            },
            {
              "@id": "https://data.datatourisme.fr/d5681a2a-a69d-3443-941c-f1b74e29c4f8",
              "dc:contributor": [
                "https://api.deepl.com/v2/translate"
              ],
              "rdf:language": [
                "es"
              ],
              "rdf:predicate": [
                "additionalInformation"
              ]
            },
            {
              "@id": "https://data.datatourisme.fr/f8f526fa-7eaa-3c87-a290-eae688c806a0",
              "dc:contributor": [
                "https://api.deepl.com/v2/translate"
              ],
              "rdf:language": [
                "en"
              ],
              "rdf:predicate": [
                "additionalInformation"
              ]
            }
          ]
        }
      ],
      "@type": [
        "schema:Place",
        "Place"
      ]
    }
  ],
  "isOwnedBy": [
    {
      "@id": "https://data.datatourisme.fr/3b8a790a-ebad-39c6-9a18-c5663001f469",
      "schema:email": [
        "bgeigle@visitparisregion.com",
        "hcaldo@visitparisregion.com",
        "mtanaskovic@visitparisregion.com"
      ],
      "schema:legalName": "Choose Paris Region",
      "@type": [
        "schema:Organization",
        "foaf:Agent",
        "Agent"
      ],
      "foaf:homepage": [
        "http://www.visitparisregion.com/"
      ]
    }
  ],
  "lastUpdate": "2023-06-28",
  "lastUpdateDatatourisme": "2023-10-02T05:53:31.708Z"
}