{
  "@id": "https://data.datatourisme.fr/13/214b96e6-a9f1-3dfd-a1b5-c4610f900c1c",
  "dc:identifier": "6376858",
  "@type": [
    "olo:OrderedList",
    "CyclingTour",
    "PlaceOfInterest",
    "PointOfInterest",
    "SportsAndLeisurePlace",
    "Tour"
  ],
  "rdfs:comment": {
    "de": [
      "Das Tal des Eyrieux, der sanfte Weg \"Dolce Via\", das Tal der Dunière, das Plateau von Vernoux, das mittelalterliche Dorf Chalencon? gönnen Sie sich eine Auszeit im Zentrum der Ardèche! Wunderschöne Landschaften, Panoramablicke und kulinarische Einkehrmöglichkeiten werden Sie begeistern!"
    ],
    "en": [
      "Eyrieux valley, \"Dolce Via\" soft way, Dunière valley, Vernoux plateau, medieval village of Chalencon? : offer yourself a beautiful escape in Centre Ardèche ! Magnificent landscapes, panoramic views and gourmet stops will amaze you!"
    ],
    "it": [
      "La valle dell'Eyrieux, la \"Dolce Via\", la valle della Dunière, l'altopiano di Vernoux, il borgo medievale di Chalencon? concedetevi una bella fuga nel Centre Ardèche! Paesaggi magnifici, viste panoramiche e soste gastronomiche vi stupiranno!"
    ],
    "fr": [
      "Vallée de l’Eyrieux, voie douce \"Dolce Via\", vallée de la Dunière, plateau de Vernoux, village médiéval de Chalencon… : offrez-vous une échappée belle en Centre Ardèche ! Magnifiques paysages, vues panoramiques et haltes gourmandes vont vous émerveiller !"
    ],
    "es": [
      "El valle de Eyrieux, la \"Dolce Via\", el valle de Dunière, la meseta de Vernoux, el pueblo medieval de Chalencon? regálese una hermosa escapada por el Centro de Ardèche ¡Magníficos paisajes, vistas panorámicas y paradas gastronómicas le sorprenderán!"
    ],
    "nl": [
      "De Eyrieux vallei, de \"Dolce Via\", de Dunière vallei, het Vernoux plateau, het middeleeuwse dorp Chalencon? trakteer uzelf op een prachtige ontsnapping in het Centre Ardèche! Prachtige landschappen, panoramische uitzichten en gastronomische stops zullen u verbazen!"
    ]
  },
  "rdfs:label": {
    "fr": [
      "De la Dolce Via au plateau de Vernoux"
    ]
  },
  "hasBeenCreatedBy": {
    "@id": "https://data.datatourisme.fr/13/26657d5f-f902-3d2a-befe-558796b99584",
    "dc:identifier": "96",
    "schema:email": [
      "ncharra@ardeche-guide.com"
    ],
    "schema:legalName": "Agence de Développement Touristique de l'Ardèche",
    "@type": [
      "schema:Organization",
      "foaf:Agent",
      "Agent"
    ],
    "foaf:homepage": [
      "https://www.ardeche-guide.com/"
    ]
  },
  "hasBeenPublishedBy": [
    {
      "@id": "https://data.datatourisme.fr/dbca899d-3f22-364b-b99d-40af1e917c58",
      "schema:legalName": "Agence de Développement Touristique de l'Ardèche - source : Apidae Tourisme",
      "@type": [
        "schema:Organization",
        "foaf:Agent",
        "Agent"
      ],
      "foaf:homepage": [
        "https://www.apidae-tourisme.com/"
      ]
    }
  ],
  "hasContact": [
    {
      "@id": "https://data.datatourisme.fr/3030385e-9779-3e7c-8411-0d536647b86b",
      "@type": [
        "foaf:Agent",
        "Agent"
      ],
      "foaf:homepage": [
        "https://www.ardeche-guide.com/experiences-emerveillantes/l-ardeche-velo"
      ]
    }
  ],
  "hasDescription": [
    {
      "@id": "https://data.datatourisme.fr/e769a0b1-20cb-32e9-814b-6053ecc96d0f",
      "@type": [
        "Description"
      ],
      "hasTranslatedProperty": [
        {
          "@id": "https://data.datatourisme.fr/0e6a1f97-8a84-3536-8c97-37a338498383",
          "dc:contributor": [
            "https://api.deepl.com/v2/translate"
          ],
          "rdf:language": [
            "en"
          ],
          "rdf:predicate": [
            "shortDescription"
          ]
        },
        {
          "@id": "https://data.datatourisme.fr/0ee03d3a-c90a-304c-9e93-91a5e908d267",
          "dc:contributor": [
            "https://api.deepl.com/v2/translate"
          ],
          "rdf:language": [
            "it"
          ],
          "rdf:predicate": [
            "shortDescription"
          ]
        },
        {
          "@id": "https://data.datatourisme.fr/2456e33b-00b0-3143-996c-d0e4cb320140",
          "dc:contributor": [
            "https://api.deepl.com/v2/translate"
          ],
          "rdf:language": [
            "de"
          ],
          "rdf:predicate": [
            "shortDescription"
          ]
        },
        {
          "@id": "https://data.datatourisme.fr/889eed21-7693-3f8e-86e3-44cd3c644646",
          "dc:contributor": [
            "https://api.deepl.com/v2/translate"
          ],
          "rdf:language": [
            "nl"
          ],
          "rdf:predicate": [
            "shortDescription"
          ]
        },
        {
          "@id": "https://data.datatourisme.fr/f256cdb2-0592-320b-8be2-c2742a6bfbc5",
          "dc:contributor": [
            "https://api.deepl.com/v2/translate"
          ],
          "rdf:language": [
            "es"
          ],
          "rdf:predicate": [
            "shortDescription"
          ]
        }
      ],
      "shortDescription": {
        "de": [
          "Das Tal des Eyrieux, der sanfte Weg \"Dolce Via\", das Tal der Dunière, das Plateau von Vernoux, das mittelalterliche Dorf Chalencon? gönnen Sie sich eine Auszeit im Zentrum der Ardèche! Wunderschöne Landschaften, Panoramablicke und kulinarische Einkehrmöglichkeiten werden Sie begeistern!"
        ],
        "en": [
          "Eyrieux valley, \"Dolce Via\" soft way, Dunière valley, Vernoux plateau, medieval village of Chalencon? : offer yourself a beautiful escape in Centre Ardèche ! Magnificent landscapes, panoramic views and gourmet stops will amaze you!"
        ],
        "it": [
          "La valle dell'Eyrieux, la \"Dolce Via\", la valle della Dunière, l'altopiano di Vernoux, il borgo medievale di Chalencon? concedetevi una bella fuga nel Centre Ardèche! Paesaggi magnifici, viste panoramiche e soste gastronomiche vi stupiranno!"
        ],
        "fr": [
          "Vallée de l’Eyrieux, voie douce \"Dolce Via\", vallée de la Dunière, plateau de Vernoux, village médiéval de Chalencon… : offrez-vous une échappée belle en Centre Ardèche ! Magnifiques paysages, vues panoramiques et haltes gourmandes vont vous émerveiller !"
        ],
        "es": [
          "El valle de Eyrieux, la \"Dolce Via\", el valle de Dunière, la meseta de Vernoux, el pueblo medieval de Chalencon? regálese una hermosa escapada por el Centro de Ardèche ¡Magníficos paisajes, vistas panorámicas y paradas gastronómicas le sorprenderán!"
        ],
        "nl": [
          "De Eyrieux vallei, de \"Dolce Via\", de Dunière vallei, het Vernoux plateau, het middeleeuwse dorp Chalencon? trakteer uzelf op een prachtige ontsnapping in het Centre Ardèche! Prachtige landschappen, panoramische uitzichten en gastronomische stops zullen u verbazen!"
        ]
      }
    }
  ],
  "hasTheme": [
    {
      "@id": "kb:Bike",
      "@type": [
        "SportsTheme"
      ],
      "rdfs:label": {
        "de": [
          "Fahrrad"
        ],
        "pt": [
          "Bicicleta"
        ],
        "en": [
          "Bike"
        ],
        "it": [
          "Bicicletta"
        ],
        "fr": [
          "Vélo"
        ],
        "nl": [
          "Fiets"
        ],
        "es": [
          "Bicicleta"
        ]
      }
    },
    {
      "@id": "kb:ElectricallyAssistedBicycle",
      "@type": [
        "SportsTheme"
      ],
      "rdfs:label": {
        "de": [
          "Ladestation für Elektrofahrräder"
        ],
        "pt": [
          "Bicicleta elétrica"
        ],
        "en": [
          "Electrically assisted bicycle"
        ],
        "it": [
          "Bicicletta a pedalata assistita"
        ],
        "fr": [
          "Vélo à assistance électrique, VAE"
        ],
        "nl": [
          "Elektrische fiets"
        ],
        "es": [
          "Bicicleta eléctrica, VAE"
        ]
      }
    }
  ],
  "hasTranslatedProperty": [
    {
      "@id": "https://data.datatourisme.fr/1b35d328-efbf-3fac-a9b3-08df95d72a8d",
      "dc:contributor": [
        "https://api.deepl.com/v2/translate"
      ],
      "rdf:language": [
        "it"
      ],
      "rdf:predicate": [
        {
          "@id": "rdfs:comment"
        }
      ]
    },
    {
      "@id": "https://data.datatourisme.fr/98656cc0-721c-32df-9df1-425f7736c35f",
      "dc:contributor": [
        "https://api.deepl.com/v2/translate"
      ],
      "rdf:language": [
        "de"
      ],
      "rdf:predicate": [
        {
          "@id": "rdfs:comment"
        }
      ]
    },
    {
      "@id": "https://data.datatourisme.fr/c51a4a5f-3f41-38cb-9d7f-422517527c19",
      "dc:contributor": [
        "https://api.deepl.com/v2/translate"
      ],
      "rdf:language": [
        "es"
      ],
      "rdf:predicate": [
        {
          "@id": "rdfs:comment"
        }
      ]
    },
    {
      "@id": "https://data.datatourisme.fr/db63b4e9-b801-3ff9-87d1-1a93f914ac39",
      "dc:contributor": [
        "https://api.deepl.com/v2/translate"
      ],
      "rdf:language": [
        "nl"
      ],
      "rdf:predicate": [
        {
          "@id": "rdfs:comment"
        }
      ]
    },
    {
      "@id": "https://data.datatourisme.fr/f707f5d9-1379-3e82-9425-d2de41a05a51",
      "dc:contributor": [
        "https://api.deepl.com/v2/translate"
      ],
      "rdf:language": [
        "en"
      ],
      "rdf:predicate": [
        {
          "@id": "rdfs:comment"
        }
      ]
    }
  ],
  "isLocatedAt": [
    {
      "@id": "https://data.datatourisme.fr/abaffd52-6a25-3d15-a32b-36f77d739d92",
      "schema:address": [
        {
          "@id": "https://data.datatourisme.fr/2d130a9d-da65-38e3-934e-cf834d696b2f",
          "schema:addressLocality": "Les Ollières-sur-Eyrieux",
          "schema:postalCode": "07360",
          "schema:streetAddress": [
            "La Chapelle"
          ],
          "@type": [
            "schema:PostalAddress",
            "PostalAddress"
          ],
          "hasAddressCity": {
            "@id": "kb:07167",
            "@type": [
              "City"
            ],
            "rdfs:label": {
              "de": [
                "Les Ollières-sur-Eyrieux"
              ],
              "pt": [
                "Les Ollières-sur-Eyrieux"
              ],
              "en": [
                "Les Ollières-sur-Eyrieux"
              ],
              "it": [
                "Les Ollières-sur-Eyrieux"
              ],
              "fr": [
                "Les Ollières-sur-Eyrieux"
              ],
              "nl": [
                "Les Ollières-sur-Eyrieux"
              ],
              "es": [
                "Les Ollières-sur-Eyrieux"
              ]
            },
            "insee": "07167",
            "isPartOfDepartment": {
              "@id": "kb:France8407",
              "@type": [
                "Department"
              ],
              "rdfs:label": {
                "de": [
                  "Ardèche"
                ],
                "pt": [
                  "Ardèche"
                ],
                "en": [
                  "Ardèche"
                ],
                "it": [
                  "Ardèche"
                ],
                "fr": [
                  "Ardèche"
                ],
                "nl": [
                  "Ardèche"
                ],
                "es": [
                  "Ardèche"
                ]
              },
              "insee": "07",
              "isPartOfRegion": {
                "@id": "kb:France84",
                "@type": [
                  "Region"
                ],
                "rdfs:label": {
                  "de": [
                    "Auvergne-Rhône-Alpes"
                  ],
                  "pt": [
                    "Auvergne-Rhône-Alpes"
                  ],
                  "en": [
                    "Auvergne-Rhône-Alpes"
                  ],
                  "it": [
                    "Auvergne-Rhône-Alpes"
                  ],
                  "fr": [
                    "Auvergne-Rhône-Alpes"
                  ],
                  "nl": [
                    "Auvergne-Rhône-Alpes"
                  ],
                  "es": [
                    "Auvergne-Rhône-Alpes"
                  ]
                },
                "insee": "84",
                "isPartOfCountry": {
                  "@id": "kb:France",
                  "@type": [
                    "schema:Country"
                  ],
                  "rdfs:label": {
                    "de": [
                      "France",
                      "Frankreich"
                    ],
                    "pt": [
                      "França",
                      "France"
                    ],
                    "en": [
                      "France"
                    ],
                    "it": [
                      "France",
                      "Francia"
                    ],
                    "fr": [
                      "France"
                    ],
                    "nl": [
                      "France",
                      "Frankrijk"
                    ],
                    "es": [
                      "France",
                      "Francia"
                    ]
                  }
                }
              }
            }
          }
        }
      ],
      "schema:geo": {
        "@id": "https://data.datatourisme.fr/7de4f3b6-fd36-361f-bf66-79f15d8f78b0",
        "schema:elevation": "200",
        "schema:latitude": "44.805468",
        "schema:longitude": "4.618562",
        "@type": [
          "schema:GeoCoordinates"
        ]
      },
      "schema:openingHoursSpecification": [
        {
          "@id": "https://data.datatourisme.fr/f87e535a-636d-3343-ad63-8a03392e7511",
          "schema:validFrom": "2023-01-01T00:00:00",
          "schema:validThrough": "2023-12-31T23:59:59",
          "@type": [
            "schema:OpeningHoursSpecification"
          ]
        }
      ],
      "@type": [
        "schema:Place",
        "Place"
      ]
    }
  ],
  "isOwnedBy": [
    {
      "@id": "https://data.datatourisme.fr/6ef576cd-2c5c-33d6-b250-09b105230dfc",
      "schema:email": [
        "ncharra@ardeche-guide.com"
      ],
      "schema:legalName": "Agence de Développement Touristique de l'Ardèche",
      "@type": [
        "schema:Organization",
        "foaf:Agent",
        "Agent"
      ],
      "foaf:homepage": [
        "https://www.ardeche-guide.com/"
      ]
    }
  ],
  "lastUpdate": "2023-09-06",
  "lastUpdateDatatourisme": "2023-09-07T05:43:11.087Z"
}