{
  "@id": "https://data.datatourisme.fr/47/5d70f306-f038-31db-a282-e52de2bc40f2",
  "dc:identifier": "PNARHA0070000068",
  "@type": [
    "schema:Landform",
    "NaturalHeritage",
    "PlaceOfInterest",
    "PointOfInterest"
  ],
  "rdfs:comment": {
    "en": [
      "A masterpiece of nature: a majestic underground cathedral, the Grotto offers pharaonic volumes with ceilings reaching 55m high, the equivalent of Niagara Falls. Enter this magical world where giant palm trees, crystal draperies and piles of plates grow... The delicate play of lights ends at a depth of 121m with a poetic show. The lift back up is quick and easy! To access the secret and preserved beauties of the Aven d'Orgnac, caving trips are also organised all year round. You can also discover the inaccessible parts of the cave thanks to virtual reality sessions. Prehistoric treasures Can you hear the whispering of the fire in the fireplace and the first notes of the flutes rising up? Take a guided or self-guided tour of the Cité de la Préhistoire and experience a new era! This museographic space crosses 350,000 years of human adventure around authentic thousand-year-old objects that belonged to our ancestors. Dig like a real archaeologist on our tactile tables, challenge the cave hyena with your eyes and, depending on the season, discover our prehistoric activities: fire, flint, dagger shooting. Breath of fresh air: Walking trail - free map at the reception desk, wooded gardens, picnic and play area, free shaded car park, local producers' shop, bookshop, souvenirs, snack bar, restaurant..."
    ],
    "fr": [
      "Chef d'oeuvre de la nature :Cathédrale souterraine majestueuse, la Grotte offre des volumes pharaoniques avec des plafonds atteignant 55m de hauteur, l'équivalent des chutes du Niagara. Entrez dans cet univers féerique où grandissent palmiers géants, draperies de cristal et autres piles d'assiettes... Le jeu de lumières délicat s'achève à 121m de profondeur avec un spectacle tout en poésie. La remontée en ascenseur est facile et rapide ! Pour accéder aux beautés secrètes et préservées de l'Aven d'Orgnac, des sorties spéléos sont aussi organisées toute l'année. Venez également découvrir les parties inaccessibles de la grotte grâce aux séances de réalité virtuelle. Trésors de préhistoire Entendez-vous le chuchotement du feu dans le foyer et les premières notes de flûtes qui s'élèvent ? En visite libre ou guidée, changez d'ère à la Cité de la Préhistoire ! Cet espace muséographique traverse 350 000 ans d'aventure humaine autour d'authentiques objets millénaires ayant appartenu à nos ancêtres. Fouillez comme un véritable archéologue sur nos tables tactiles, défiez du regard la hyène des cavernes et selon la saison, découvrez nos animations préhistoriques : feu, silex, tir de sagaies Bouffée d'air pur : Sentier pédestre - plan gratuit à l'accueil, jardins arborés, aire de pique-nique et de jeux, parking ombragé gratuit, boutique de producteurs locaux, librairie, souvenirs, snack, bar, restaurant ..."
    ]
  },
  "rdfs:label": {
    "fr": [
      "Aven d'Orgnac"
    ]
  },
  "owl:sameAs": [
    "http://www.wikidata.org/entity/Q790408"
  ],
  "availableLanguage": [
    "de",
    "en",
    "fr",
    "nl"
  ],
  "creationDate": "2022-05-20",
  "hasBeenCreatedBy": {
    "@id": "https://data.datatourisme.fr/4ab291f3-1c3e-38db-b462-38e48aa51d3b",
    "schema:legalName": "TOURISME GARD RHODANIEN",
    "@type": [
      "schema:Organization",
      "foaf:Agent",
      "Agent"
    ]
  },
  "hasBeenPublishedBy": [
    {
      "@id": "https://data.datatourisme.fr/e900ea22-f191-39f5-84c7-0f5355f1b3bf",
      "schema:address": [
        {
          "@id": "https://data.datatourisme.fr/1d2de731-15a4-3a06-9ac5-25caed1ceecc",
          "schema:addressLocality": "Nîmes",
          "schema:postOfficeBoxNumber": "122",
          "schema:postalCode": "30010",
          "schema:streetAddress": [
            "11 place du 8 mai"
          ],
          "@type": [
            "schema:PostalAddress",
            "PostalAddress"
          ],
          "cedex": "4",
          "hasAddressCity": {
            "@id": "kb:30189",
            "@type": [
              "City"
            ],
            "rdfs:label": {
              "de": [
                "Nîmes"
              ],
              "pt": [
                "Nîmes"
              ],
              "en": [
                "Nîmes"
              ],
              "it": [
                "Nîmes"
              ],
              "fr": [
                "Nîmes"
              ],
              "nl": [
                "Nîmes"
              ],
              "es": [
                "Nîmes"
              ]
            },
            "insee": "30189",
            "isPartOfDepartment": {
              "@id": "kb:France7630",
              "@type": [
                "Department"
              ],
              "rdfs:label": {
                "de": [
                  "Gard"
                ],
                "pt": [
                  "Gard"
                ],
                "en": [
                  "Gard"
                ],
                "it": [
                  "Gard"
                ],
                "fr": [
                  "Gard"
                ],
                "nl": [
                  "Gard"
                ],
                "es": [
                  "Gard"
                ]
              },
              "insee": "30",
              "isPartOfRegion": {
                "@id": "kb:France76",
                "@type": [
                  "Region"
                ],
                "rdfs:label": {
                  "de": [
                    "Occitanie"
                  ],
                  "pt": [
                    "Occitanie"
                  ],
                  "en": [
                    "Occitanie"
                  ],
                  "it": [
                    "Occitanie"
                  ],
                  "fr": [
                    "Occitanie"
                  ],
                  "nl": [
                    "Occitanie"
                  ],
                  "es": [
                    "Occitanie"
                  ]
                },
                "insee": "76",
                "isPartOfCountry": {
                  "@id": "kb:France",
                  "@type": [
                    "schema:Country"
                  ],
                  "rdfs:label": {
                    "de": [
                      "France",
                      "Frankreich"
                    ],
                    "pt": [
                      "França",
                      "France"
                    ],
                    "en": [
                      "France"
                    ],
                    "it": [
                      "France",
                      "Francia"
                    ],
                    "fr": [
                      "France"
                    ],
                    "nl": [
                      "France",
                      "Frankrijk"
                    ],
                    "es": [
                      "France",
                      "Francia"
                    ]
                  }
                }
              }
            }
          }
        }
      ],
      "schema:email": [
        "contact@tourismegard.com"
      ],
      "schema:legalName": "Gard Tourisme",
      "schema:logo": "https://www.tourismegard.com/Portals/2/Market-place/Le portail des pros du tourisme du Gard_fichiers/logo-Gard-Tourisme.jpg",
      "schema:telephone": [
        "+33 4 66 36 96 30"
      ],
      "@type": [
        "schema:Organization",
        "foaf:Agent",
        "foaf:Organization",
        "Agent",
        "Organisation"
      ],
      "rdfs:comment": {
        "de": [
          "Gard Tourismus"
        ],
        "en": [
          "Gard Tourism"
        ],
        "it": [
          "Gard Turismo"
        ],
        "fr": [
          "Gard Tourisme"
        ],
        "es": [
          "Turismo de Gard"
        ],
        "nl": [
          "Gard Toerisme"
        ]
      },
      "foaf:homepage": [
        "https://www.tourismegard.com/"
      ],
      "apeNaf": "7990Z",
      "hasTranslatedProperty": [
        {
          "@id": "https://data.datatourisme.fr/6e2e57cb-dba1-37c3-8000-0795f52d1c28",
          "dc:contributor": [
            "https://api.deepl.com/v2/translate"
          ],
          "rdf:language": [
            "it"
          ],
          "rdf:predicate": [
            {
              "@id": "rdfs:comment"
            }
          ]
        },
        {
          "@id": "https://data.datatourisme.fr/756d0049-954d-384c-8d4a-6357b6d226b7",
          "dc:contributor": [
            "https://api.deepl.com/v2/translate"
          ],
          "rdf:language": [
            "es"
          ],
          "rdf:predicate": [
            {
              "@id": "rdfs:comment"
            }
          ]
        },
        {
          "@id": "https://data.datatourisme.fr/9b2fcd16-220a-3ecf-b96a-e6efc8d223a1",
          "dc:contributor": [
            "https://api.deepl.com/v2/translate"
          ],
          "rdf:language": [
            "nl"
          ],
          "rdf:predicate": [
            {
              "@id": "rdfs:comment"
            }
          ]
        },
        {
          "@id": "https://data.datatourisme.fr/c0fecbf7-3206-3319-8afe-379170f142db",
          "dc:contributor": [
            "https://api.deepl.com/v2/translate"
          ],
          "rdf:language": [
            "en"
          ],
          "rdf:predicate": [
            {
              "@id": "rdfs:comment"
            }
          ]
        },
        {
          "@id": "https://data.datatourisme.fr/c96fa991-8ce9-3d45-a221-150b48979e66",
          "dc:contributor": [
            "https://api.deepl.com/v2/translate"
          ],
          "rdf:language": [
            "de"
          ],
          "rdf:predicate": [
            {
              "@id": "rdfs:comment"
            }
          ]
        }
      ],
      "siret": "30427598500030"
    }
  ],
  "hasContact": [
    {
      "@id": "https://data.datatourisme.fr/ff00659f-76de-38cf-bf4a-5c3ae09607a8",
      "schema:address": [
        {
          "@id": "https://data.datatourisme.fr/010c8f3d-2a54-3c32-8265-fb4b76ad483b",
          "schema:postalCode": "07150",
          "@type": [
            "schema:PostalAddress"
          ]
        }
      ],
      "schema:email": [
        "infos@orgnac.com"
      ],
      "schema:telephone": [
        "+33 4 75 38 65 10"
      ],
      "@type": [
        "foaf:Agent",
        "Agent"
      ],
      "foaf:homepage": [
        "http://www.orgnac.com/"
      ]
    }
  ],
  "hasDescription": [
    {
      "@id": "https://data.datatourisme.fr/04893811-96c4-3137-a795-6c514cb1928a",
      "dc:description": {
        "en": [
          "A masterpiece of nature: a majestic underground cathedral, the Grotto offers pharaonic volumes with ceilings reaching 55m high, the equivalent of Niagara Falls. Enter this magical world where giant palm trees, crystal draperies and piles of plates grow... The delicate play of lights ends at a depth of 121m with a poetic show. The ascent by lift is quick and easy!\nTo access the secret and preserved beauties of the Aven d'Orgnac, caving trips are also organised all year round.\nYou can also discover the inaccessible parts of the cave thanks to virtual reality sessions.\nPrehistoric treasuresDo you hear the whisper of the fire in the fireplace and the first notes of flutes? Whether you take a guided or self-guided tour, change era at the Cité de la Préhistoire, a museum that presents 350,000 years of human adventure through authentic thousand-year-old objects that belonged to our ancestors. Dig like a real archaeologist on our tactile tables, challenge the cave hyena with your eyes and, depending on the season, discover our prehistoric activities: fire, flint, dagger shooting\nBreath of fresh air: walking trail - free map at the reception, gardens with trees, picnic and play area, free shady parking, local producers' shop, bookshop, souvenirs, snack bar, restaurant..."
        ],
        "fr": [
          "Chef d'oeuvre de la nature :Cathédrale souterraine majestueuse, la Grotte offre des volumes pharaoniques avec des plafonds atteignant 55m de hauteur, l'équivalent des chutes du Niagara. Entrez dans cet univers féerique où grandissent palmiers géants, draperies de cristal et autres piles d'assiettes... Le jeu de lumières délicat s'achève à 121m de profondeur avec un spectacle tout en poésie. La remontée en ascenseur est facile et rapide !\nPour accéder aux beautés secrètes et préservées de l'Aven d'Orgnac, des sorties spéléos sont aussi organisées toute l'année.\nVenez également découvrir les parties inaccessibles de la grotte grâce aux séances de réalité virtuelle.\nTrésors de préhistoireEntendez-vous le chuchotement du feu dans le foyer et les premières notes de flûtes qui s'élèvent ? En visite libre ou guidée, changez d'ère à la Cité de la Préhistoire !Cet espace muséographique traverse 350 000 ans d'aventure humaine autour d'authentiques objets millénaires ayant appartenu à nos ancêtres. Fouillez comme un véritable archéologue sur nos tables tactiles, défiez du regard la hyène des cavernes et selon la saison, découvrez nos animations préhistoriques : feu, silex, tir de sagaies\nBouffée d'air pur :Sentier pédestre - plan gratuit à l'accueil, jardins arborés, aire de pique-nique et de jeux, parking ombragé gratuit, boutique de producteurs locaux, librairie, souvenirs, snack, bar, restaurant ..."
        ]
      },
      "@type": [
        "Description"
      ],
      "hasTranslatedProperty": [
        {
          "@id": "https://data.datatourisme.fr/6118da0a-bba2-3ee5-a58c-8e1e68bcc42e",
          "dc:contributor": [
            "https://api.deepl.com/v2/translate"
          ],
          "rdf:language": [
            "en"
          ],
          "rdf:predicate": [
            {
              "@id": "dc:description"
            }
          ]
        },
        {
          "@id": "https://data.datatourisme.fr/f4c03c86-81aa-3d3e-8b3e-2777785fa8a7",
          "dc:contributor": [
            "https://api.deepl.com/v2/translate"
          ],
          "rdf:language": [
            "en"
          ],
          "rdf:predicate": [
            "shortDescription"
          ]
        }
      ],
      "shortDescription": {
        "en": [
          "A masterpiece of nature: a majestic underground cathedral, the Grotto offers pharaonic volumes with ceilings reaching 55m high, the equivalent of Niagara Falls. Enter this magical world where giant palm trees, crystal draperies and piles of plates grow... The delicate play of lights ends at a depth of 121m with a poetic show. The lift back up is quick and easy! To access the secret and preserved beauties of the Aven d'Orgnac, caving trips are also organised all year round. You can also discover the inaccessible parts of the cave thanks to virtual reality sessions. Prehistoric treasures Can you hear the whispering of the fire in the fireplace and the first notes of the flutes rising up? Take a guided or self-guided tour of the Cité de la Préhistoire and experience a new era! This museographic space crosses 350,000 years of human adventure around authentic thousand-year-old objects that belonged to our ancestors. Dig like a real archaeologist on our tactile tables, challenge the cave hyena with your eyes and, depending on the season, discover our prehistoric activities: fire, flint, dagger shooting. Breath of fresh air: Walking trail - free map at the reception desk, wooded gardens, picnic and play area, free shaded car park, local producers' shop, bookshop, souvenirs, snack bar, restaurant..."
        ],
        "fr": [
          "Chef d'oeuvre de la nature :Cathédrale souterraine majestueuse, la Grotte offre des volumes pharaoniques avec des plafonds atteignant 55m de hauteur, l'équivalent des chutes du Niagara. Entrez dans cet univers féerique où grandissent palmiers géants, draperies de cristal et autres piles d'assiettes... Le jeu de lumières délicat s'achève à 121m de profondeur avec un spectacle tout en poésie. La remontée en ascenseur est facile et rapide ! Pour accéder aux beautés secrètes et préservées de l'Aven d'Orgnac, des sorties spéléos sont aussi organisées toute l'année. Venez également découvrir les parties inaccessibles de la grotte grâce aux séances de réalité virtuelle. Trésors de préhistoire Entendez-vous le chuchotement du feu dans le foyer et les premières notes de flûtes qui s'élèvent ? En visite libre ou guidée, changez d'ère à la Cité de la Préhistoire ! Cet espace muséographique traverse 350 000 ans d'aventure humaine autour d'authentiques objets millénaires ayant appartenu à nos ancêtres. Fouillez comme un véritable archéologue sur nos tables tactiles, défiez du regard la hyène des cavernes et selon la saison, découvrez nos animations préhistoriques : feu, silex, tir de sagaies Bouffée d'air pur : Sentier pédestre - plan gratuit à l'accueil, jardins arborés, aire de pique-nique et de jeux, parking ombragé gratuit, boutique de producteurs locaux, librairie, souvenirs, snack, bar, restaurant ..."
        ]
      }
    }
  ],
  "hasFeature": [
    {
      "@id": "https://data.datatourisme.fr/27437e3b-5e0b-395d-a123-19229c88a996",
      "@type": [
        "schema:PropertyValue",
        "FeatureSpecification"
      ],
      "charged": true,
      "internetAccess": false
    }
  ],
  "hasMainRepresentation": [
    {
      "@id": "https://data.datatourisme.fr/86e76aa6-cd1e-3856-b430-3a8674b1e7f9",
      "ebucore:hasAnnotation": [
        {
          "@id": "https://data.datatourisme.fr/eae52e30-0483-341b-b870-cd846fc9da61",
          "ebucore:isCoveredBy": "Droits gérés",
          "ebucore:title": {
            "fr": [
              "Aven d'Orgnac"
            ]
          },
          "@type": [
            "ebucore:Annotation"
          ],
          "credits": [
            "Droits gérés"
          ]
        }
      ],
      "ebucore:hasRelatedResource": [
        {
          "@id": "https://data.datatourisme.fr/a4f0074c-9fef-3829-8aa5-e9d715962897",
          "ebucore:locator": [
            "http://cnstlltn.com/1024x768/4848f3ea-41cf-4ced-b13f-687c7842968f/orgnac-visite-guidee-grotte1-3f28c3b88e.jpg"
          ],
          "@type": [
            "ebucore:Resource"
          ]
        }
      ],
      "@type": [
        "ebucore:EditorialObject"
      ]
    }
  ],
  "hasRepresentation": [
    {
      "@id": "https://data.datatourisme.fr/5296d2db-bd9d-3988-88d8-748c50c4c2c8",
      "ebucore:hasAnnotation": [
        {
          "@id": "https://data.datatourisme.fr/f324fb6c-9e69-392e-ae08-62c37ec38d20",
          "ebucore:isCoveredBy": "CC BY-SA 4.0",
          "ebucore:title": {
            "fr": [
              "00 0184 Aven d´Ornac - Cevennen"
            ]
          },
          "@type": [
            "ebucore:Annotation"
          ],
          "credits": [
            "W. Bulach (https://commons.wikimedia.org/wiki/User:W._Bulach)"
          ]
        }
      ],
      "ebucore:hasRelatedResource": [
        {
          "@id": "https://data.datatourisme.fr/be41f790-b5b6-34fc-8528-311ec586cf41",
          "ebucore:fileSize": [
            9941527
          ],
          "ebucore:hasMimeType": [
            {
              "@id": "kb:JPEG",
              "@type": [
                "ebucore:MimeType"
              ],
              "rdfs:comment": {
                "de": [
                  "JPEG-Bild"
                ],
                "pt": [
                  "Imagem JPEG"
                ],
                "en": [
                  "JPEG image file"
                ],
                "it": [
                  "Immagine JPEG"
                ],
                "fr": [
                  "Image JPEG"
                ],
                "nl": [
                  "JPEG-afbeelding"
                ],
                "es": [
                  "Imagen JPEG"
                ]
              },
              "rdfs:label": {
                "de": [
                  "image/jpeg"
                ],
                "pt": [
                  "image/jpeg"
                ],
                "en": [
                  "image/jpeg"
                ],
                "it": [
                  "image/jpeg"
                ],
                "fr": [
                  "image/jpeg"
                ],
                "nl": [
                  "image/jpeg"
                ],
                "es": [
                  "image/jpeg"
                ]
              }
            }
          ],
          "ebucore:height": 2400,
          "ebucore:locator": [
            "https://upload.wikimedia.org/wikipedia/commons/f/f1/00_0184_Aven_d%C2%B4Ornac_-_Cevennen.jpg"
          ],
          "ebucore:width": 3600,
          "@type": [
            "ebucore:Resource"
          ]
        }
      ],
      "@type": [
        "ebucore:EditorialObject"
      ]
    },
    {
      "@id": "https://data.datatourisme.fr/758baa32-5cf2-3333-b0c2-853d78866767",
      "ebucore:hasAnnotation": [
        {
          "@id": "https://data.datatourisme.fr/a19b332a-2b28-3aef-af8b-e700b00ccf1e",
          "ebucore:isCoveredBy": "CC BY-SA 3.0",
          "ebucore:title": {
            "fr": [
              "Aven Orgnac salle sup"
            ]
          },
          "@type": [
            "ebucore:Annotation"
          ],
          "credits": [
            "Benh LIEU SONG (https://commons.wikimedia.org/wiki/User:Benh)"
          ]
        }
      ],
      "ebucore:hasRelatedResource": [
        {
          "@id": "https://data.datatourisme.fr/02880e25-f9f5-39db-b43a-d273d11f96b8",
          "ebucore:fileSize": [
            5059882
          ],
          "ebucore:hasMimeType": [
            {
              "@id": "kb:JPEG",
              "@type": [
                "ebucore:MimeType"
              ],
              "rdfs:comment": {
                "de": [
                  "JPEG-Bild"
                ],
                "pt": [
                  "Imagem JPEG"
                ],
                "en": [
                  "JPEG image file"
                ],
                "it": [
                  "Immagine JPEG"
                ],
                "fr": [
                  "Image JPEG"
                ],
                "nl": [
                  "JPEG-afbeelding"
                ],
                "es": [
                  "Imagen JPEG"
                ]
              },
              "rdfs:label": {
                "de": [
                  "image/jpeg"
                ],
                "pt": [
                  "image/jpeg"
                ],
                "en": [
                  "image/jpeg"
                ],
                "it": [
                  "image/jpeg"
                ],
                "fr": [
                  "image/jpeg"
                ],
                "nl": [
                  "image/jpeg"
                ],
                "es": [
                  "image/jpeg"
                ]
              }
            }
          ],
          "ebucore:height": 2592,
          "ebucore:locator": [
            "https://upload.wikimedia.org/wikipedia/commons/e/ed/Aven_Orgnac_salle_sup.jpeg"
          ],
          "ebucore:width": 3888,
          "@type": [
            "ebucore:Resource"
          ]
        }
      ],
      "@type": [
        "ebucore:EditorialObject"
      ]
    },
    {
      "@id": "https://data.datatourisme.fr/81fbd7e2-e1ee-3a8e-91b9-6767505e1134",
      "ebucore:hasAnnotation": [
        {
          "@id": "https://data.datatourisme.fr/30f543c3-48d0-3fe7-9804-ba65755f3206",
          "ebucore:isCoveredBy": "CC BY-SA 4.0",
          "ebucore:title": {
            "fr": [
              "00 0200 Aven d´Ornac - Cévennes, Frankreich"
            ]
          },
          "@type": [
            "ebucore:Annotation"
          ],
          "credits": [
            "W. Bulach (https://commons.wikimedia.org/wiki/User:W._Bulach)"
          ]
        }
      ],
      "ebucore:hasRelatedResource": [
        {
          "@id": "https://data.datatourisme.fr/df1323e7-0f66-390a-a621-4dbca6c440f5",
          "ebucore:fileSize": [
            7615907
          ],
          "ebucore:hasMimeType": [
            {
              "@id": "kb:JPEG",
              "@type": [
                "ebucore:MimeType"
              ],
              "rdfs:comment": {
                "de": [
                  "JPEG-Bild"
                ],
                "pt": [
                  "Imagem JPEG"
                ],
                "en": [
                  "JPEG image file"
                ],
                "it": [
                  "Immagine JPEG"
                ],
                "fr": [
                  "Image JPEG"
                ],
                "nl": [
                  "JPEG-afbeelding"
                ],
                "es": [
                  "Imagen JPEG"
                ]
              },
              "rdfs:label": {
                "de": [
                  "image/jpeg"
                ],
                "pt": [
                  "image/jpeg"
                ],
                "en": [
                  "image/jpeg"
                ],
                "it": [
                  "image/jpeg"
                ],
                "fr": [
                  "image/jpeg"
                ],
                "nl": [
                  "image/jpeg"
                ],
                "es": [
                  "image/jpeg"
                ]
              }
            }
          ],
          "ebucore:height": 2400,
          "ebucore:locator": [
            "https://upload.wikimedia.org/wikipedia/commons/f/f3/00_0200_Aven_d%C2%B4Ornac_-_C%C3%A9vennes%2C_Frankreich.jpg"
          ],
          "ebucore:width": 3600,
          "@type": [
            "ebucore:Resource"
          ]
        }
      ],
      "@type": [
        "ebucore:EditorialObject"
      ]
    },
    {
      "@id": "https://data.datatourisme.fr/86e76aa6-cd1e-3856-b430-3a8674b1e7f9",
      "ebucore:hasAnnotation": [
        {
          "@id": "https://data.datatourisme.fr/eae52e30-0483-341b-b870-cd846fc9da61",
          "ebucore:isCoveredBy": "Droits gérés",
          "ebucore:title": {
            "fr": [
              "Aven d'Orgnac"
            ]
          },
          "@type": [
            "ebucore:Annotation"
          ],
          "credits": [
            "Droits gérés"
          ]
        }
      ],
      "ebucore:hasRelatedResource": [
        {
          "@id": "https://data.datatourisme.fr/a4f0074c-9fef-3829-8aa5-e9d715962897",
          "ebucore:locator": [
            "http://cnstlltn.com/1024x768/4848f3ea-41cf-4ced-b13f-687c7842968f/orgnac-visite-guidee-grotte1-3f28c3b88e.jpg"
          ],
          "@type": [
            "ebucore:Resource"
          ]
        }
      ],
      "@type": [
        "ebucore:EditorialObject"
      ]
    }
  ],
  "hasTranslatedProperty": [
    {
      "@id": "https://data.datatourisme.fr/0ba05fd0-175c-32de-97c8-eed9f49685c0",
      "dc:contributor": [
        "https://api.deepl.com/v2/translate"
      ],
      "rdf:language": [
        "en"
      ],
      "rdf:predicate": [
        {
          "@id": "rdfs:comment"
        }
      ]
    }
  ],
  "isLocatedAt": [
    {
      "@id": "https://data.datatourisme.fr/e27947be-910a-3d4e-aff4-2696e8fcd986",
      "schema:address": [
        {
          "@id": "https://data.datatourisme.fr/fe8d8775-e05b-3940-8d48-af25a4ba1459",
          "schema:addressLocality": "Orgnac-l'Aven",
          "schema:postalCode": "07150",
          "schema:streetAddress": [
            "Grand Site de l'Aven d'Orgnac",
            "Place de Joly"
          ],
          "@type": [
            "schema:PostalAddress",
            "PostalAddress"
          ],
          "hasAddressCity": {
            "@id": "kb:07168",
            "@type": [
              "City"
            ],
            "rdfs:label": {
              "de": [
                "Orgnac-l'Aven"
              ],
              "pt": [
                "Orgnac-l'Aven"
              ],
              "en": [
                "Orgnac-l'Aven"
              ],
              "it": [
                "Orgnac-l'Aven"
              ],
              "fr": [
                "Orgnac-l'Aven"
              ],
              "nl": [
                "Orgnac-l'Aven"
              ],
              "es": [
                "Orgnac-l'Aven"
              ]
            },
            "insee": "07168",
            "isPartOfDepartment": {
              "@id": "kb:France8407",
              "@type": [
                "Department"
              ],
              "rdfs:label": {
                "de": [
                  "Ardèche"
                ],
                "pt": [
                  "Ardèche"
                ],
                "en": [
                  "Ardèche"
                ],
                "it": [
                  "Ardèche"
                ],
                "fr": [
                  "Ardèche"
                ],
                "nl": [
                  "Ardèche"
                ],
                "es": [
                  "Ardèche"
                ]
              },
              "insee": "07",
              "isPartOfRegion": {
                "@id": "kb:France84",
                "@type": [
                  "Region"
                ],
                "rdfs:label": {
                  "de": [
                    "Auvergne-Rhône-Alpes"
                  ],
                  "pt": [
                    "Auvergne-Rhône-Alpes"
                  ],
                  "en": [
                    "Auvergne-Rhône-Alpes"
                  ],
                  "it": [
                    "Auvergne-Rhône-Alpes"
                  ],
                  "fr": [
                    "Auvergne-Rhône-Alpes"
                  ],
                  "nl": [
                    "Auvergne-Rhône-Alpes"
                  ],
                  "es": [
                    "Auvergne-Rhône-Alpes"
                  ]
                },
                "insee": "84",
                "isPartOfCountry": {
                  "@id": "kb:France",
                  "@type": [
                    "schema:Country"
                  ],
                  "rdfs:label": {
                    "de": [
                      "France",
                      "Frankreich"
                    ],
                    "pt": [
                      "França",
                      "France"
                    ],
                    "en": [
                      "France"
                    ],
                    "it": [
                      "France",
                      "Francia"
                    ],
                    "fr": [
                      "France"
                    ],
                    "nl": [
                      "France",
                      "Frankrijk"
                    ],
                    "es": [
                      "France",
                      "Francia"
                    ]
                  }
                }
              }
            }
          }
        }
      ],
      "schema:geo": {
        "@id": "https://data.datatourisme.fr/06068431-00e6-3959-a6b6-c74346950e9d",
        "schema:elevation": "0",
        "schema:latitude": "44.31895",
        "schema:longitude": "4.413417",
        "@type": [
          "schema:GeoCoordinates"
        ]
      },
      "schema:openingHoursSpecification": [
        {
          "@id": "https://data.datatourisme.fr/43fa96ed-a6c3-3821-96e4-b6970b2bd329",
          "schema:validFrom": "2020-02-01T00:00:00",
          "schema:validThrough": "2020-11-15T00:00:00",
          "@type": [
            "schema:OpeningHoursSpecification"
          ]
        }
      ],
      "@type": [
        "schema:Place",
        "Place"
      ],
      "airConditioning": false,
      "altInsee": [
        "07168"
      ],
      "internetAccess": false,
      "noSmoking": false,
      "petsAllowed": true
    }
  ],
  "isOwnedBy": [
    {
      "@id": "https://data.datatourisme.fr/698dd9ea-089d-3ea0-8a1b-b63faf2c39d6",
      "schema:legalName": "Gard Tourisme",
      "@type": [
        "schema:Organization",
        "foaf:Agent",
        "Agent"
      ]
    }
  ],
  "lastUpdate": "2022-05-20",
  "lastUpdateDatatourisme": "2022-06-13T20:14:38.217Z",
  "offers": [
    {
      "@id": "https://data.datatourisme.fr/fa066fdc-88bb-3b78-9182-40c894ecf137",
      "schema:acceptedPaymentMethod": [
        {
          "@id": "kb:HolidayVouchers",
          "@type": [
            "schema:PaymentMethod"
          ],
          "rdfs:label": {
            "de": [
              "Urlaubsschecks"
            ],
            "pt": [
              "Vales de férias"
            ],
            "en": [
              "Holiday vouchers"
            ],
            "it": [
              "Buoni vacanza"
            ],
            "fr": [
              "Chèques vacances"
            ],
            "nl": [
              "Vakantiecheques"
            ],
            "es": [
              "Cheques de vacaciones"
            ]
          }
        }
      ],
      "schema:priceSpecification": [
        {
          "@id": "https://data.datatourisme.fr/c4ae6b5d-158d-3a21-bbd0-f54919c13067",
          "schema:price": "14.5",
          "@type": [
            "schema:PriceSpecification"
          ]
        }
      ],
      "@type": [
        "schema:Offer",
        "Offer"
      ]
    }
  ],
  "reducedMobilityAccess": true
}