[
  {
    "label": "Circuit Etapes Savoureuses ardéchoises",
    "lastUpdateDatatourisme": "2023-02-01T18:07:35.618Z",
    "file": "0/02/13-022e6234-4c65-3e23-9938-f31ac9ec9bbb.json"
  },
  {
    "label": "Circuit VAE : Le plateau intermédiaire",
    "lastUpdateDatatourisme": "2023-02-15T06:38:06.948Z",
    "file": "0/03/13-03bfa605-66e2-3a37-8fba-a2ce9cfc1802.json"
  },
  {
    "label": "Circuit moto sur le balcon du Rhône",
    "lastUpdateDatatourisme": "2023-02-01T18:07:36.106Z",
    "file": "0/06/13-06dd8eb8-ee9b-3464-96fb-06a7eac3bfd9.json"
  },
  {
    "label": "Gorges de l'Ay",
    "lastUpdateDatatourisme": "2023-02-01T18:07:36.15Z",
    "file": "0/07/13-07da625d-725f-3d78-9af4-576f397c6e82.json"
  },
  {
    "label": "Les rives de l'Ozon",
    "lastUpdateDatatourisme": "2023-06-01T05:41:13.98Z",
    "file": "0/0a/13-0a2bba82-905b-3034-a43e-29ad7ecffba6.json"
  },
  {
    "label": "Circuit moto vers le Mont Gerbier de Jonc",
    "lastUpdateDatatourisme": "2023-02-01T18:07:35.808Z",
    "file": "0/0a/13-0aa961bc-f007-3b94-bdbb-6708e40d4d4b.json"
  },
  {
    "label": "Via Ardèche - tronçon cyclable Lalevade-Labégude",
    "lastUpdateDatatourisme": "2023-08-10T05:41:58.657Z",
    "file": "0/0b/13-0b4d0784-3a34-3c05-b5d4-78e9785165ab.json"
  },
  {
    "label": "Circuit gourmand le long du Rhône",
    "lastUpdateDatatourisme": "2023-02-01T18:07:35.823Z",
    "file": "0/0d/13-0d1aaae9-6f87-3440-91de-3877df36b2dc.json"
  },
  {
    "label": "Circuit Patrimoine",
    "lastUpdateDatatourisme": "2023-02-25T06:40:30.045Z",
    "file": "1/13/13-13befc67-6d72-36e7-a6ed-b06466b10115.json"
  },
  {
    "label": "De la rivière d'Ay au Rhône",
    "lastUpdateDatatourisme": "2023-05-13T05:39:31.044Z",
    "file": "1/16/13-163306dc-486d-31f1-8b57-f6c2a44533ff.json"
  },
  {
    "label": "La colline de Revirand",
    "lastUpdateDatatourisme": "2023-09-13T05:53:47.755Z",
    "file": "1/17/13-170753df-b61c-3afa-9bfe-62aaa028619d.json"
  },
  {
    "label": "Circuit voiture entre Vivarais et Vallée du Rhône",
    "lastUpdateDatatourisme": "2023-02-01T18:07:35.657Z",
    "file": "1/17/13-171744f2-552b-3152-be3b-5746109390ad.json"
  },
  {
    "label": "Circuit voiture d’Annonay vers Villevocance",
    "lastUpdateDatatourisme": "2023-02-23T06:39:42.737Z",
    "file": "1/17/13-178c704d-6789-32f2-a5c6-db6618e8e58a.json"
  },
  {
    "label": "Boucle de randonnée \"Saint Etienne de Valoux\"",
    "lastUpdateDatatourisme": "2023-02-10T06:39:19.872Z",
    "file": "1/1d/13-1d47e1fa-00cf-3293-a360-97e0fb28ab52.json"
  },
  {
    "label": "Les Terrasses",
    "lastUpdateDatatourisme": "2023-06-01T05:41:13.893Z",
    "file": "1/1e/13-1e2ecf8d-cf79-3b5e-b2f9-8547c66b6b89.json"
  },
  {
    "label": "De la Dolce Via au plateau de Vernoux",
    "lastUpdateDatatourisme": "2023-09-07T05:43:11.087Z",
    "file": "2/21/13-214b96e6-a9f1-3dfd-a1b5-c4610f900c1c.json"
  },
  {
    "label": "Circuit moto vers Lamastre et Saint-Agrève",
    "lastUpdateDatatourisme": "2023-02-01T18:07:35.666Z",
    "file": "2/26/13-265783e2-7f61-376a-b2d2-c2b4bbc0c1a5.json"
  },
  {
    "label": "Circuit VAE : L'Ardéchoise - Le Doux",
    "lastUpdateDatatourisme": "2023-02-08T06:39:48.928Z",
    "file": "2/27/13-274b03b0-3e2f-3cb7-9a45-3f016fe79c4e.json"
  },
  {
    "label": "La côte de Champagne",
    "lastUpdateDatatourisme": "2023-06-01T05:41:13.893Z",
    "file": "2/2a/13-2a1b7eb0-1a18-3cbc-8f2f-01c6bff63f2d.json"
  },
  {
    "label": "Lacs et volcans en montagne ardéchoise",
    "lastUpdateDatatourisme": "2023-02-01T18:07:35.697Z",
    "file": "2/2a/13-2a6e83fb-3f45-376b-a602-d4bcd078e36d.json"
  },
  {
    "label": "Route touristique \"Découverte de la Châtaigne\"",
    "lastUpdateDatatourisme": "2023-08-02T05:48:10.019Z",
    "file": "2/2a/13-2a773745-5873-3247-8c97-de21b6549f75.json"
  },
  {
    "label": "Du Rhône aux coteaux du saint joseph",
    "lastUpdateDatatourisme": "2023-05-24T05:51:09.206Z",
    "file": "3/34/13-34704d08-4502-391f-bc80-a806e7958b02.json"
  },
  {
    "label": "Circuit moto \"La montagnarde\"",
    "lastUpdateDatatourisme": "2023-09-06T05:48:27.942Z",
    "file": "3/38/13-38311237-097c-33d0-8c8c-33c3459ea833.json"
  },
  {
    "label": "Table d'orientation de la Tour d'Arras",
    "lastUpdateDatatourisme": "2023-02-01T18:07:35.94Z",
    "file": "4/41/13-41e50711-8b96-36dc-85f1-b7d1080a50aa.json"
  },
  {
    "label": "Le Château de Rochebonne",
    "lastUpdateDatatourisme": "2023-09-16T05:52:56.025Z",
    "file": "4/46/13-4600fee3-fb8a-3e6d-88ff-53967a0c5be3.json"
  },
  {
    "label": "Circuit moto \"la belle Ardèche verte\"",
    "lastUpdateDatatourisme": "2023-09-06T05:48:27.955Z",
    "file": "4/48/13-48caf6f6-9c05-3d05-8ca7-08d7965a4f31.json"
  },
  {
    "label": "Les berges du fleuve",
    "lastUpdateDatatourisme": "2023-04-27T06:07:37.924Z",
    "file": "4/4d/13-4d0db1df-2566-3329-80e6-59516488dad2.json"
  },
  {
    "label": "Circuit voiture autour du patrimoine Ardèche Grand Air",
    "lastUpdateDatatourisme": "2023-02-01T18:07:36.179Z",
    "file": "5/50/13-50986711-5389-3292-bba9-606abde0e9f8.json"
  },
  {
    "label": "L'Ardèche, un patrimoine bâti exceptionnel",
    "lastUpdateDatatourisme": "2023-02-01T18:07:35.935Z",
    "file": "5/50/13-50dc4852-02be-37d7-b383-0e1c6e6ffc27.json"
  },
  {
    "label": "Circuit VAE : La Dolce Via",
    "lastUpdateDatatourisme": "2023-02-08T06:39:48.941Z",
    "file": "5/51/13-51769c0a-eff8-35a0-9f94-f44c4b5ae610.json"
  },
  {
    "label": "La terrasse du Rhône",
    "lastUpdateDatatourisme": "2023-02-10T06:39:19.92Z",
    "file": "5/52/13-52e225df-d103-3184-963e-10630900b777.json"
  },
  {
    "label": "La Panoramique",
    "lastUpdateDatatourisme": "2023-08-18T05:41:49.619Z",
    "file": "5/59/13-5924f96b-196c-3222-adee-4b7efd67b74b.json"
  },
  {
    "label": "Circuit Terroir",
    "lastUpdateDatatourisme": "2023-02-09T06:39:55.603Z",
    "file": "5/59/13-59995e53-412b-3281-abf4-1967937f3f65.json"
  },
  {
    "label": "Circuit VAE : Le circuit des cols",
    "lastUpdateDatatourisme": "2023-02-08T06:39:48.929Z",
    "file": "5/59/13-59f8efbe-b0e1-3833-ac77-e1a55348c9aa.json"
  },
  {
    "label": "Circuit touristique en voiture - La Vallée du Doux",
    "lastUpdateDatatourisme": "2023-02-11T06:38:49.17Z",
    "file": "5/5e/13-5e30dfaf-62b5-395b-9e53-770c4baeff8d.json"
  },
  {
    "label": "Les rives de l'Ozon",
    "lastUpdateDatatourisme": "2023-04-29T05:39:58.237Z",
    "file": "6/60/13-6032d43d-ef99-3798-b74f-e7c38d1f5a8f.json"
  },
  {
    "label": "Le sentier des vignes",
    "lastUpdateDatatourisme": "2023-05-16T05:41:57.896Z",
    "file": "6/61/13-61b66fe0-3c6e-3bc1-9992-71e17fa53753.json"
  },
  {
    "label": "Le Belvédère aux croix",
    "lastUpdateDatatourisme": "2023-02-10T06:39:19.8Z",
    "file": "6/63/13-63a262fd-89e4-3227-ab09-7e887a6784de.json"
  },
  {
    "label": "Saint Bosc",
    "lastUpdateDatatourisme": "2023-06-01T05:41:13.962Z",
    "file": "6/66/13-6682f4d4-ebad-3bae-ad8d-24a2b22d3a13.json"
  },
  {
    "label": "Circuit moto \"Du Coiron aux Gorges de l’Ardèche\"",
    "lastUpdateDatatourisme": "2023-09-06T05:48:27.939Z",
    "file": "6/68/13-685330e6-a8e0-3a62-a6d7-7378efce4d3a.json"
  },
  {
    "label": "Au coeur de la Vallée du Torrenson",
    "lastUpdateDatatourisme": "2023-04-27T06:07:37.968Z",
    "file": "6/6d/13-6d01ff98-3d6f-32a6-bd8c-9153f5388c20.json"
  },
  {
    "label": "Circuit Terroir",
    "lastUpdateDatatourisme": "2023-02-11T06:38:49.061Z",
    "file": "7/72/13-72583d0e-4bca-341c-8df8-c5265e34af5b.json"
  },
  {
    "label": "Parcours permanent d'orientation",
    "lastUpdateDatatourisme": "2023-02-10T06:39:19.916Z",
    "file": "7/79/13-79dfafb7-dd4a-30d5-9cfc-c7fd3074bd0b.json"
  },
  {
    "label": "Parcours historique",
    "lastUpdateDatatourisme": "2023-02-10T06:39:19.845Z",
    "file": "7/7a/13-7a3cb4bb-f715-3ab5-babd-629c08a7ca7f.json"
  },
  {
    "label": "Circuit moto vers la forêt de Taillard",
    "lastUpdateDatatourisme": "2023-04-17T05:39:15.279Z",
    "file": "7/7f/13-7f3a162e-82c9-35ca-9ead-8a3b8d37dc81.json"
  },
  {
    "label": "La vallée secrète de l'Eyrieux",
    "lastUpdateDatatourisme": "2023-03-03T06:39:45.523Z",
    "file": "7/7f/13-7fef7a30-0454-370e-b727-3d3c8e41eca9.json"
  },
  {
    "label": "Le Montbard",
    "lastUpdateDatatourisme": "2023-04-29T05:39:58.25Z",
    "file": "8/82/13-82281237-dc2f-35b6-8650-0d8fd47b5e0c.json"
  },
  {
    "label": "Le grand huit",
    "lastUpdateDatatourisme": "2023-02-10T06:39:19.913Z",
    "file": "8/82/13-82e6e240-941e-31f4-aa0f-f96db0793243.json"
  },
  {
    "label": "Le Montbard",
    "lastUpdateDatatourisme": "2023-06-01T05:41:13.967Z",
    "file": "8/8c/13-8c69e3d5-24b9-37fb-a4eb-302bb71858a0.json"
  },
  {
    "label": "Vallée de la Cance",
    "lastUpdateDatatourisme": "2023-04-29T05:39:58.32Z",
    "file": "8/8c/13-8cd06aa7-195a-36ea-add8-089aa29315e1.json"
  },
  {
    "label": "Circuit VAE : La descente de Saint Régis",
    "lastUpdateDatatourisme": "2023-02-08T06:39:49.035Z",
    "file": "8/8d/13-8dd3e3bb-6fa6-30b9-99fe-b9443d684b6d.json"
  },
  {
    "label": "Via Fluvia - Annonay - Via Rhôna",
    "lastUpdateDatatourisme": "2023-02-15T06:38:07.03Z",
    "file": "8/8f/13-8f4802ea-f528-3afd-9733-6325d3931091.json"
  },
  {
    "label": "Entre Vignes et Vallons",
    "lastUpdateDatatourisme": "2023-09-16T05:52:56.005Z",
    "file": "9/90/13-90e448e6-7c00-3201-8cf3-30f13dddeb39.json"
  },
  {
    "label": "Circuit VAE : Vignes suspendues",
    "lastUpdateDatatourisme": "2023-02-08T06:39:49.159Z",
    "file": "9/98/13-98f33b19-2a83-3952-990e-26d62a900c4e.json"
  },
  {
    "label": "Circuit VAE : La vallée du Doux",
    "lastUpdateDatatourisme": "2023-02-08T06:39:48.891Z",
    "file": "9/9a/13-9a447cb3-3543-3629-8e29-5d6af5c20036.json"
  },
  {
    "label": "Les berges du fleuve",
    "lastUpdateDatatourisme": "2023-02-10T06:39:19.858Z",
    "file": "9/9a/13-9a8d0294-a2c8-39cb-8423-c7c18990d581.json"
  },
  {
    "label": "Chemin de Croix du Montbard",
    "lastUpdateDatatourisme": "2023-02-01T18:07:36.104Z",
    "file": "9/9e/13-9e56f08f-f7b8-3b35-ae53-148e99f7d8f1.json"
  },
  {
    "label": "Circuit moto \"Sucs et Tanargue\"",
    "lastUpdateDatatourisme": "2023-09-06T05:48:28.013Z",
    "file": "a/ad/13-ad45185d-565a-3f46-aec5-9a71919725cd.json"
  },
  {
    "label": "Circuit VAE : Le fleuve roi",
    "lastUpdateDatatourisme": "2023-02-08T06:39:49.099Z",
    "file": "b/b2/13-b284cc84-3709-3b53-82ea-647587bbf7bb.json"
  },
  {
    "label": "Route touristique du Coiron",
    "lastUpdateDatatourisme": "2023-02-01T18:07:36.077Z",
    "file": "b/b5/13-b5e918ab-5ab2-3cbe-993e-66fa38c0fd31.json"
  },
  {
    "label": "Circuit Nature",
    "lastUpdateDatatourisme": "2023-04-14T05:54:42.284Z",
    "file": "b/bc/13-bc1ded66-32a4-3db9-abb3-8ebf89f87d19.json"
  },
  {
    "label": "Circuit VAE : Entre Doux et Duzon",
    "lastUpdateDatatourisme": "2023-02-08T06:39:49.044Z",
    "file": "b/bc/13-bcfb9baf-1276-3593-a87c-46315304e94c.json"
  },
  {
    "label": "Circuit VAE : Entre Daronne et Doux",
    "lastUpdateDatatourisme": "2023-02-08T06:39:48.997Z",
    "file": "c/c0/13-c0f342f8-abfb-34e6-a061-b8bcebda931e.json"
  },
  {
    "label": "Le sentier des vignes",
    "lastUpdateDatatourisme": "2023-02-10T06:39:19.971Z",
    "file": "c/ce/13-ce06a695-60c9-3c72-a70f-75d3367fa7fa.json"
  },
  {
    "label": "La chapelle de Verlieux",
    "lastUpdateDatatourisme": "2023-06-01T05:41:13.952Z",
    "file": "d/d0/13-d0a05849-5e04-3828-aa62-38a7caf5c94e.json"
  },
  {
    "label": "Circuit voiture montagneux en Ardèche Verte",
    "lastUpdateDatatourisme": "2023-02-01T18:07:36.132Z",
    "file": "d/d2/13-d2f1dd7a-825e-3b8e-b785-363e6bd91dbc.json"
  },
  {
    "label": "Circuit voiture entre vignes et coteaux",
    "lastUpdateDatatourisme": "2023-02-01T18:07:35.576Z",
    "file": "d/df/13-df7e3b8f-524c-3fc1-8ed2-0498ab896719.json"
  },
  {
    "label": "Route touristique \"Au cœur des vallées cévenoles\"",
    "lastUpdateDatatourisme": "2023-08-02T05:48:09.969Z",
    "file": "e/ea/13-ea502ebc-29ec-35bb-b72a-f6265713de99.json"
  },
  {
    "label": "Circuit Gorges, patrimoine et Préhistoire",
    "lastUpdateDatatourisme": "2023-02-01T18:07:36.136Z",
    "file": "e/eb/13-eb52c8f9-6c0e-352f-af04-6bd3405b4f93.json"
  },
  {
    "label": "La vallée du Torrenson",
    "lastUpdateDatatourisme": "2023-06-01T05:41:13.883Z",
    "file": "e/eb/13-eba69a5c-c88d-3e64-9650-fb67db355474.json"
  },
  {
    "label": "Circuit VAE : Entre Duzon et Ormèze",
    "lastUpdateDatatourisme": "2023-02-08T06:39:49.11Z",
    "file": "e/ef/13-ef2f5174-27ab-3521-8581-8b9e06710e40.json"
  },
  {
    "label": "Route panoramique",
    "lastUpdateDatatourisme": "2023-02-01T18:07:35.564Z",
    "file": "f/f0/13-f01e2b80-fd84-3b2b-805d-e98852649a02.json"
  },
  {
    "label": "Olives et vins en Cévenne Ardéchoise",
    "lastUpdateDatatourisme": "2023-03-03T06:39:45.573Z",
    "file": "f/f0/13-f0f5528f-ce1e-309f-a0e1-d88c6c575d31.json"
  },
  {
    "label": "De la ViaRhôna au Val d’ay",
    "lastUpdateDatatourisme": "2023-04-29T05:39:58.218Z",
    "file": "f/f1/13-f183f696-4fed-37da-b44b-339f1f253ee2.json"
  },
  {
    "label": "Base de loisirs aquatique Eyrium",
    "lastUpdateDatatourisme": "2023-09-20T05:51:01.739Z",
    "file": "f/f2/13-f2e66300-b2c9-3a24-9b32-fc402f2bbb47.json"
  },
  {
    "label": "Circuit Emerveillés par l'Ardèche",
    "lastUpdateDatatourisme": "2023-02-24T06:40:40.305Z",
    "file": "f/f3/13-f3cb7d65-3b18-355f-8e6e-65153bfabd6b.json"
  },
  {
    "label": "De la Payre à Saint-Vincent-de-Barrès",
    "lastUpdateDatatourisme": "2023-09-16T05:52:55.967Z",
    "file": "f/f3/13-f3e9cedb-56a4-3317-b0af-75bdc5b94266.json"
  },
  {
    "label": "Route touristique des Gorges de l'Ardèche",
    "lastUpdateDatatourisme": "2023-02-01T18:07:36.118Z",
    "file": "f/f5/13-f5a05c19-630b-352f-bfb3-e434a0a175ea.json"
  },
  {
    "label": "Boucle de randonnée \"Gorges de l'Ay de Sarras à Ardoix\"",
    "lastUpdateDatatourisme": "2023-02-10T06:39:19.897Z",
    "file": "f/f6/13-f6444f92-dd68-3e62-bad9-6fdb24f427c5.json"
  },
  {
    "label": "Circuit entre Lavandes et Gorges de l'Ardèche",
    "lastUpdateDatatourisme": "2023-02-01T18:07:35.941Z",
    "file": "f/f6/13-f67bcb98-e8b6-3079-895b-0c8c15a11859.json"
  },
  {
    "label": "La châtaigne, reine du Parc Naturel des Monts d'Ardèche",
    "lastUpdateDatatourisme": "2023-02-01T18:07:35.699Z",
    "file": "f/f8/13-f81d7cfb-be7d-3807-961b-afaf6ea177e6.json"
  },
  {
    "label": "Circuit VAE : L'église de Vion",
    "lastUpdateDatatourisme": "2023-02-08T06:39:49.145Z",
    "file": "f/fa/13-faa5782f-467b-317a-a917-c85e7e5ee29a.json"
  },
  {
    "label": "Circuit moto vers le pays de Jean Ferrat",
    "lastUpdateDatatourisme": "2023-04-17T05:39:15.344Z",
    "file": "f/fb/13-fba89a0a-9c81-3a25-9d05-9ac861a142cc.json"
  },
  {
    "label": "Aven Grotte Forestière",
    "lastUpdateDatatourisme": "2022-06-13T20:14:38.22Z",
    "file": "1/18/47-185b2ba0-acf9-37eb-bca8-50e7997097ee.json"
  },
  {
    "label": "Grotte de la Madeleine",
    "lastUpdateDatatourisme": "2022-06-13T20:14:38.226Z",
    "file": "2/28/47-286a92da-3b33-34a1-b500-83f66a91e547.json"
  },
  {
    "label": "Grand site de l'aven d'orgnac grotte et musée de la préhistoire",
    "lastUpdateDatatourisme": "2022-06-13T20:14:38.22Z",
    "file": "2/2a/47-2a39cc20-bb09-3605-87e9-d5040046a5e6.json"
  },
  {
    "label": "Le Pont Cassé",
    "lastUpdateDatatourisme": "2022-06-13T20:14:38.228Z",
    "file": "3/36/47-36c61363-e692-3dce-b540-e013cdf8814d.json"
  },
  {
    "label": "Aven d'Orgnac",
    "lastUpdateDatatourisme": "2022-06-13T20:14:38.217Z",
    "file": "5/5d/47-5d70f306-f038-31db-a282-e52de2bc40f2.json"
  },
  {
    "label": "Grotte de Saint-Marcel",
    "lastUpdateDatatourisme": "2022-06-13T20:14:38.225Z",
    "file": "6/62/47-62aa7f30-3b33-39f5-a885-a837c724745b.json"
  },
  {
    "label": "Aven Marzal",
    "lastUpdateDatatourisme": "2022-06-13T20:14:38.223Z",
    "file": "8/86/47-86298b23-ac5d-3ab8-8a3b-c94c2c688390.json"
  }
]
