{
  "@id": "https://data.datatourisme.fr/13/52e225df-d103-3184-963e-10630900b777",
  "dc:identifier": "153856",
  "@type": [
    "olo:OrderedList",
    "PlaceOfInterest",
    "PointOfInterest",
    "SportsAndLeisurePlace",
    "Tour",
    "WalkingTour"
  ],
  "rdfs:comment": {
    "de": [
      "Spaziergang an den Hängen der Rhône."
    ],
    "en": [
      "Stroll on the slopes of the Rhone."
    ],
    "it": [
      "Passeggiate sulle colline del Rodano."
    ],
    "fr": [
      "Balade sur les coteaux du Rhône."
    ],
    "nl": [
      "Wandelen op de hellingen van de Rhône."
    ],
    "es": [
      "Pasee por las laderas del Ródano."
    ]
  },
  "rdfs:label": {
    "fr": [
      "La terrasse du Rhône"
    ]
  },
  "hasBeenCreatedBy": {
    "@id": "https://data.datatourisme.fr/13/73278a4a-8696-3eeb-976a-8fd4c9ec6997",
    "dc:identifier": "113",
    "schema:email": [
      "d.sanial@dromardeche.fr",
      "j.bruyere@dromardeche.fr"
    ],
    "schema:legalName": "Office de Tourisme Porte de DrômArdèche",
    "@type": [
      "schema:Organization",
      "foaf:Agent",
      "Agent"
    ],
    "foaf:homepage": [
      "http://www.autour-du-palais-ideal.fr/"
    ]
  },
  "hasBeenPublishedBy": [
    {
      "@id": "https://data.datatourisme.fr/d48f2ccd-2357-3a8e-b949-cb8bf19a361f",
      "schema:legalName": "Agence d'Attractivité de la Drôme - source : Apidae Tourisme",
      "@type": [
        "schema:Organization",
        "foaf:Agent",
        "Agent"
      ],
      "foaf:homepage": [
        "https://www.apidae-tourisme.com/"
      ]
    }
  ],
  "hasContact": [
    {
      "@id": "https://data.datatourisme.fr/e4a61420-5736-3383-8b66-c11b58e648c9",
      "schema:email": [
        "porte@dromardeche.fr"
      ],
      "schema:telephone": [
        "+33 4 75 23 45 33"
      ],
      "@type": [
        "foaf:Agent",
        "Agent"
      ],
      "foaf:homepage": [
        "http://www.autour-du-palais-ideal.fr/"
      ]
    }
  ],
  "hasDescription": [
    {
      "@id": "https://data.datatourisme.fr/9d04bf27-7d84-39ac-9940-3ac318ba982f",
      "@type": [
        "Description"
      ],
      "hasTranslatedProperty": [
        {
          "@id": "https://data.datatourisme.fr/12d1272a-c8e9-348d-8bc9-4ca9a2f1f13c",
          "dc:contributor": [
            "https://api.deepl.com/v2/translate"
          ],
          "rdf:language": [
            "es"
          ],
          "rdf:predicate": [
            "shortDescription"
          ]
        },
        {
          "@id": "https://data.datatourisme.fr/a419e311-4358-355e-9045-923250e05688",
          "dc:contributor": [
            "https://api.deepl.com/v2/translate"
          ],
          "rdf:language": [
            "it"
          ],
          "rdf:predicate": [
            "shortDescription"
          ]
        },
        {
          "@id": "https://data.datatourisme.fr/b5cde03f-ad4c-35f4-ba27-a1b99137943d",
          "dc:contributor": [
            "https://api.deepl.com/v2/translate"
          ],
          "rdf:language": [
            "en"
          ],
          "rdf:predicate": [
            "shortDescription"
          ]
        },
        {
          "@id": "https://data.datatourisme.fr/dc5efcb7-5cd6-3eb7-8561-d53bb027e646",
          "dc:contributor": [
            "https://api.deepl.com/v2/translate"
          ],
          "rdf:language": [
            "nl"
          ],
          "rdf:predicate": [
            "shortDescription"
          ]
        },
        {
          "@id": "https://data.datatourisme.fr/f1ca65e8-986c-373f-bdfb-585aec525fda",
          "dc:contributor": [
            "https://api.deepl.com/v2/translate"
          ],
          "rdf:language": [
            "de"
          ],
          "rdf:predicate": [
            "shortDescription"
          ]
        }
      ],
      "shortDescription": {
        "de": [
          "Spaziergang an den Hängen der Rhône."
        ],
        "en": [
          "Stroll on the slopes of the Rhone."
        ],
        "it": [
          "Passeggiate sulle colline del Rodano."
        ],
        "fr": [
          "Balade sur les coteaux du Rhône."
        ],
        "nl": [
          "Wandelen op de hellingen van de Rhône."
        ],
        "es": [
          "Pasee por las laderas del Ródano."
        ]
      }
    }
  ],
  "hasTheme": [
    {
      "@id": "kb:Hiking",
      "@type": [
        "SportsTheme"
      ],
      "rdfs:label": {
        "de": [
          "Wanderung"
        ],
        "pt": [
          "Caminhada"
        ],
        "en": [
          "Hiking"
        ],
        "it": [
          "Escursione"
        ],
        "fr": [
          "Randonnée"
        ],
        "nl": [
          "Wandelen"
        ],
        "es": [
          "Senderismo"
        ]
      }
    },
    {
      "@id": "kb:Pedestrian",
      "@type": [
        "SportsTheme"
      ],
      "rdfs:label": {
        "de": [
          "Zu Fuß"
        ],
        "pt": [
          "Pedestre"
        ],
        "en": [
          "Pedestrian"
        ],
        "it": [
          "A piedi"
        ],
        "fr": [
          "Pédestre"
        ],
        "nl": [
          "Voetgangers"
        ],
        "es": [
          "Peatón"
        ]
      }
    },
    {
      "@id": "kb:Running",
      "@type": [
        "SportsTheme"
      ],
      "rdfs:label": {
        "de": [
          "Laufen"
        ],
        "pt": [
          "Corrida a pé"
        ],
        "en": [
          "Running"
        ],
        "it": [
          "Corsa a piedi"
        ],
        "fr": [
          "Course à pied"
        ],
        "nl": [
          "Hardlopen"
        ],
        "es": [
          "Carrera a pie"
        ]
      }
    }
  ],
  "hasTranslatedProperty": [
    {
      "@id": "https://data.datatourisme.fr/05939679-bdb0-3da5-87d0-9ec40cf2a6c1",
      "dc:contributor": [
        "https://api.deepl.com/v2/translate"
      ],
      "rdf:language": [
        "es"
      ],
      "rdf:predicate": [
        {
          "@id": "rdfs:comment"
        }
      ]
    },
    {
      "@id": "https://data.datatourisme.fr/1c59c613-282f-3c9f-8dad-aa846eccc449",
      "dc:contributor": [
        "https://api.deepl.com/v2/translate"
      ],
      "rdf:language": [
        "de"
      ],
      "rdf:predicate": [
        {
          "@id": "rdfs:comment"
        }
      ]
    },
    {
      "@id": "https://data.datatourisme.fr/9842c9cc-7edf-3c04-b04e-729dd9eedf16",
      "dc:contributor": [
        "https://api.deepl.com/v2/translate"
      ],
      "rdf:language": [
        "nl"
      ],
      "rdf:predicate": [
        {
          "@id": "rdfs:comment"
        }
      ]
    },
    {
      "@id": "https://data.datatourisme.fr/b93e53aa-d76b-30a7-9a81-e8660abdc785",
      "dc:contributor": [
        "https://api.deepl.com/v2/translate"
      ],
      "rdf:language": [
        "en"
      ],
      "rdf:predicate": [
        {
          "@id": "rdfs:comment"
        }
      ]
    },
    {
      "@id": "https://data.datatourisme.fr/e5557582-63aa-3f4d-a091-bed0bcdf55be",
      "dc:contributor": [
        "https://api.deepl.com/v2/translate"
      ],
      "rdf:language": [
        "it"
      ],
      "rdf:predicate": [
        {
          "@id": "rdfs:comment"
        }
      ]
    }
  ],
  "isLocatedAt": [
    {
      "@id": "https://data.datatourisme.fr/163070c1-2a24-328a-8e02-d194bac8703f",
      "schema:address": [
        {
          "@id": "https://data.datatourisme.fr/dc3615dc-8218-3595-a49b-1bac3c3a5899",
          "schema:addressLocality": "Andance",
          "schema:postalCode": "07340",
          "schema:streetAddress": [
            "Place maxime Chantier"
          ],
          "@type": [
            "schema:PostalAddress",
            "PostalAddress"
          ],
          "hasAddressCity": {
            "@id": "kb:07009",
            "@type": [
              "City"
            ],
            "rdfs:label": {
              "de": [
                "Andance"
              ],
              "pt": [
                "Andance"
              ],
              "en": [
                "Andance"
              ],
              "it": [
                "Andance"
              ],
              "fr": [
                "Andance"
              ],
              "nl": [
                "Andance"
              ],
              "es": [
                "Andance"
              ]
            },
            "insee": "07009",
            "isPartOfDepartment": {
              "@id": "kb:France8407",
              "@type": [
                "Department"
              ],
              "rdfs:label": {
                "de": [
                  "Ardèche"
                ],
                "pt": [
                  "Ardèche"
                ],
                "en": [
                  "Ardèche"
                ],
                "it": [
                  "Ardèche"
                ],
                "fr": [
                  "Ardèche"
                ],
                "nl": [
                  "Ardèche"
                ],
                "es": [
                  "Ardèche"
                ]
              },
              "insee": "07",
              "isPartOfRegion": {
                "@id": "kb:France84",
                "@type": [
                  "Region"
                ],
                "rdfs:label": {
                  "de": [
                    "Auvergne-Rhône-Alpes"
                  ],
                  "pt": [
                    "Auvergne-Rhône-Alpes"
                  ],
                  "en": [
                    "Auvergne-Rhône-Alpes"
                  ],
                  "it": [
                    "Auvergne-Rhône-Alpes"
                  ],
                  "fr": [
                    "Auvergne-Rhône-Alpes"
                  ],
                  "nl": [
                    "Auvergne-Rhône-Alpes"
                  ],
                  "es": [
                    "Auvergne-Rhône-Alpes"
                  ]
                },
                "insee": "84",
                "isPartOfCountry": {
                  "@id": "kb:France",
                  "@type": [
                    "schema:Country"
                  ],
                  "rdfs:label": {
                    "de": [
                      "France",
                      "Frankreich"
                    ],
                    "pt": [
                      "França",
                      "France"
                    ],
                    "en": [
                      "France"
                    ],
                    "it": [
                      "France",
                      "Francia"
                    ],
                    "fr": [
                      "France"
                    ],
                    "nl": [
                      "France",
                      "Frankrijk"
                    ],
                    "es": [
                      "France",
                      "Francia"
                    ]
                  }
                }
              }
            }
          }
        }
      ],
      "schema:geo": {
        "@id": "https://data.datatourisme.fr/77c13ef9-7d14-34ea-9748-136b096cbd2f",
        "schema:latitude": "45.240539",
        "schema:longitude": "4.800339",
        "@type": [
          "schema:GeoCoordinates"
        ]
      },
      "schema:openingHoursSpecification": [
        {
          "@id": "https://data.datatourisme.fr/f87e535a-636d-3343-ad63-8a03392e7511",
          "schema:validFrom": "2023-01-01T00:00:00",
          "schema:validThrough": "2023-12-31T23:59:59",
          "@type": [
            "schema:OpeningHoursSpecification"
          ]
        }
      ],
      "@type": [
        "schema:Place",
        "Place"
      ]
    }
  ],
  "isOwnedBy": [
    {
      "@id": "https://data.datatourisme.fr/c34130c6-4437-3624-9afb-3511a8692fba",
      "schema:email": [
        "d.sanial@dromardeche.fr",
        "j.bruyere@dromardeche.fr"
      ],
      "schema:legalName": "Office de Tourisme Porte de DrômArdèche",
      "@type": [
        "schema:Organization",
        "foaf:Agent",
        "Agent"
      ],
      "foaf:homepage": [
        "http://www.autour-du-palais-ideal.fr/"
      ]
    }
  ],
  "lastUpdate": "2022-07-15",
  "lastUpdateDatatourisme": "2023-02-10T06:39:19.92Z"
}