{
  "@id": "https://data.datatourisme.fr/13/b3913f62-ddfb-351c-ba78-053bc5ee97dc",
  "dc:identifier": "6033011",
  "@type": [
    "schema:Accommodation",
    "schema:Hotel",
    "schema:LodgingBusiness",
    "Accommodation",
    "Hotel",
    "HotelTrade",
    "PlaceOfInterest",
    "PointOfInterest"
  ],
  "rdfs:comment": {
    "de": [
      "Eine unglaubliche Aussicht auf das Trocadero-Viertel"
    ],
    "en": [
      "An incredible view of the Trocadero district"
    ],
    "it": [
      "Un'incredibile vista sul quartiere del Trocadero"
    ],
    "fr": [
      "Une vue incroyable sur le quartier du Trocadéro"
    ],
    "es": [
      "Una increíble vista del barrio de Trocadero"
    ],
    "nl": [
      "Een ongelooflijk uitzicht op de wijk Trocadero"
    ]
  },
  "rdfs:label": {
    "fr": [
      "Canopy by Hilton Paris Trocadero"
    ]
  },
  "hasBeenCreatedBy": {
    "@id": "https://data.datatourisme.fr/13/03e0704b-5690-32de-a186-1dc3ad3316c9",
    "dc:identifier": "1019",
    "schema:email": [
      "bgeigle@visitparisregion.com",
      "hcaldo@visitparisregion.com",
      "mtanaskovic@visitparisregion.com"
    ],
    "schema:legalName": "Choose Paris Region",
    "@type": [
      "schema:Organization",
      "foaf:Agent",
      "Agent"
    ],
    "foaf:homepage": [
      "http://www.visitparisregion.com/"
    ]
  },
  "hasBeenPublishedBy": [
    {
      "@id": "https://data.datatourisme.fr/8a9feb4b-2cbd-3d2c-b507-bd6c6776b23b",
      "schema:legalName": "Apidae Tourisme Scic SA - source : Apidae Tourisme",
      "@type": [
        "schema:Organization",
        "foaf:Agent",
        "Agent"
      ],
      "foaf:homepage": [
        "https://www.apidae-tourisme.com/"
      ]
    }
  ],
  "hasContact": [
    {
      "@id": "https://data.datatourisme.fr/352fb939-4c7c-3315-8fe4-56cb4c94c4ee",
      "schema:email": [
        "parpy_hotel@hilton.com"
      ],
      "schema:telephone": [
        "+33 1 45 50 50 70"
      ],
      "@type": [
        "foaf:Agent",
        "Agent"
      ],
      "foaf:homepage": [
        "https://www.hiltonhotels.com/fr_FR/canopy-by-hilton/"
      ]
    }
  ],
  "hasDescription": [
    {
      "@id": "https://data.datatourisme.fr/d33e45cd-9c64-3131-908b-9cbdae49e1d3",
      "@type": [
        "Description"
      ],
      "hasTranslatedProperty": [
        {
          "@id": "https://data.datatourisme.fr/2348816f-252c-3f17-bc52-049999eb5b7f",
          "dc:contributor": [
            "https://api.deepl.com/v2/translate"
          ],
          "rdf:language": [
            "it"
          ],
          "rdf:predicate": [
            "shortDescription"
          ]
        },
        {
          "@id": "https://data.datatourisme.fr/485e3876-e487-35f9-a3c6-da2e01cb411c",
          "dc:contributor": [
            "https://api.deepl.com/v2/translate"
          ],
          "rdf:language": [
            "nl"
          ],
          "rdf:predicate": [
            "shortDescription"
          ]
        },
        {
          "@id": "https://data.datatourisme.fr/9750bc29-c282-32e3-8c53-fdb8262e21c9",
          "dc:contributor": [
            "https://api.deepl.com/v2/translate"
          ],
          "rdf:language": [
            "de"
          ],
          "rdf:predicate": [
            "shortDescription"
          ]
        },
        {
          "@id": "https://data.datatourisme.fr/c67a8e58-c9a1-3dde-8033-6a1cede77882",
          "dc:contributor": [
            "https://api.deepl.com/v2/translate"
          ],
          "rdf:language": [
            "es"
          ],
          "rdf:predicate": [
            "shortDescription"
          ]
        },
        {
          "@id": "https://data.datatourisme.fr/d4fa30b6-693b-3950-af9b-9c020884c470",
          "dc:contributor": [
            "https://api.deepl.com/v2/translate"
          ],
          "rdf:language": [
            "en"
          ],
          "rdf:predicate": [
            "shortDescription"
          ]
        }
      ],
      "shortDescription": {
        "de": [
          "Eine unglaubliche Aussicht auf das Trocadero-Viertel"
        ],
        "en": [
          "An incredible view of the Trocadero district"
        ],
        "it": [
          "Un'incredibile vista sul quartiere del Trocadero"
        ],
        "fr": [
          "Une vue incroyable sur le quartier du Trocadéro"
        ],
        "es": [
          "Una increíble vista del barrio de Trocadero"
        ],
        "nl": [
          "Een ongelooflijk uitzicht op de wijk Trocadero"
        ]
      }
    }
  ],
  "hasTranslatedProperty": [
    {
      "@id": "https://data.datatourisme.fr/0dbf9ffc-06c1-3117-86df-1dcb2382c26c",
      "dc:contributor": [
        "https://api.deepl.com/v2/translate"
      ],
      "rdf:language": [
        "de"
      ],
      "rdf:predicate": [
        {
          "@id": "rdfs:comment"
        }
      ]
    },
    {
      "@id": "https://data.datatourisme.fr/0ed4fe35-0a3c-36ca-b4e7-49b82558d88c",
      "dc:contributor": [
        "https://api.deepl.com/v2/translate"
      ],
      "rdf:language": [
        "nl"
      ],
      "rdf:predicate": [
        {
          "@id": "rdfs:comment"
        }
      ]
    },
    {
      "@id": "https://data.datatourisme.fr/1d995e3a-a98a-34fb-9cd6-f43dd6a942f0",
      "dc:contributor": [
        "https://api.deepl.com/v2/translate"
      ],
      "rdf:language": [
        "es"
      ],
      "rdf:predicate": [
        {
          "@id": "rdfs:comment"
        }
      ]
    },
    {
      "@id": "https://data.datatourisme.fr/6c93953c-1432-365d-bf7a-65f967c88473",
      "dc:contributor": [
        "https://api.deepl.com/v2/translate"
      ],
      "rdf:language": [
        "it"
      ],
      "rdf:predicate": [
        {
          "@id": "rdfs:comment"
        }
      ]
    },
    {
      "@id": "https://data.datatourisme.fr/abc53393-fb5a-335f-bb7a-4e6cee88fe6c",
      "dc:contributor": [
        "https://api.deepl.com/v2/translate"
      ],
      "rdf:language": [
        "en"
      ],
      "rdf:predicate": [
        {
          "@id": "rdfs:comment"
        }
      ]
    }
  ],
  "isLocatedAt": [
    {
      "@id": "https://data.datatourisme.fr/cd6e87d6-398f-3af1-b4f0-5c06f762aa4a",
      "schema:address": [
        {
          "@id": "https://data.datatourisme.fr/ef68c2c0-2e4c-3041-8958-edb56206af5e",
          "schema:addressLocality": "Paris 16e Arrondissement",
          "schema:postalCode": "75016",
          "schema:streetAddress": [
            "16 Avenue d'Eylau"
          ],
          "@type": [
            "schema:PostalAddress",
            "PostalAddress"
          ],
          "hasAddressCity": {
            "@id": "kb:75116",
            "@type": [
              "City"
            ],
            "rdfs:label": {
              "de": [
                "Paris 16e Arrondissement"
              ],
              "pt": [
                "Paris 16e Arrondissement"
              ],
              "en": [
                "Paris 16e Arrondissement"
              ],
              "it": [
                "Paris 16e Arrondissement"
              ],
              "fr": [
                "Paris 16e Arrondissement"
              ],
              "nl": [
                "Paris 16e Arrondissement"
              ],
              "es": [
                "Paris 16e Arrondissement"
              ]
            },
            "insee": "75116",
            "isPartOfDepartment": {
              "@id": "kb:France1175",
              "@type": [
                "Department"
              ],
              "rdfs:label": {
                "de": [
                  "Paris"
                ],
                "pt": [
                  "Paris"
                ],
                "en": [
                  "Paris"
                ],
                "it": [
                  "Paris"
                ],
                "fr": [
                  "Paris"
                ],
                "nl": [
                  "Paris"
                ],
                "es": [
                  "Paris"
                ]
              },
              "insee": "75",
              "isPartOfRegion": {
                "@id": "kb:France11",
                "@type": [
                  "Region"
                ],
                "rdfs:label": {
                  "de": [
                    "Île-de-France"
                  ],
                  "pt": [
                    "Île-de-France"
                  ],
                  "en": [
                    "Île-de-France"
                  ],
                  "it": [
                    "Île-de-France"
                  ],
                  "fr": [
                    "Île-de-France"
                  ],
                  "nl": [
                    "Île-de-France"
                  ],
                  "es": [
                    "Île-de-France"
                  ]
                },
                "insee": "11",
                "isPartOfCountry": {
                  "@id": "kb:France",
                  "@type": [
                    "schema:Country"
                  ],
                  "rdfs:label": {
                    "de": [
                      "France",
                      "Frankreich"
                    ],
                    "pt": [
                      "França",
                      "France"
                    ],
                    "en": [
                      "France"
                    ],
                    "it": [
                      "France",
                      "Francia"
                    ],
                    "fr": [
                      "France"
                    ],
                    "nl": [
                      "France",
                      "Frankrijk"
                    ],
                    "es": [
                      "France",
                      "Francia"
                    ]
                  }
                }
              }
            }
          }
        }
      ],
      "schema:geo": {
        "@id": "https://data.datatourisme.fr/9daa0381-015f-3ff7-80e0-25d0c4edb748",
        "schema:latitude": "48.864438",
        "schema:longitude": "2.285065",
        "@type": [
          "schema:GeoCoordinates"
        ]
      },
      "schema:openingHoursSpecification": [
        {
          "@id": "https://data.datatourisme.fr/45becea4-a8d7-31e8-9862-8433539fddd5",
          "schema:validFrom": "2023-01-01T00:00:00",
          "schema:validThrough": "2023-12-31T23:59:59",
          "@type": [
            "schema:OpeningHoursSpecification"
          ],
          "additionalInformation": {
            "de": [
              "Check-in: 15 Uhr\r\nCheck-out: 12 Uhr\r\n\r\nFür weitere Informationen wenden Sie sich an das Front Office"
            ],
            "en": [
              "Check-in : 3pm\r\nCheck-out : 12h\r\n\r\nFor more information, please contact the Front Office"
            ],
            "it": [
              "Check-in: ore 15:00\r\nCheck-out: 12.00\r\n\r\nPer ulteriori informazioni, contattare il Front Office"
            ],
            "fr": [
              "Check-in : 15h\r\nCheck-out : 12h\r\n\r\nPour plus d'informations, voir avec le Front Office"
            ],
            "es": [
              "Registro de entrada: 15:00 horas\r\nSalida: 12 horas\r\n\r\nPara más información, póngase en contacto con la Oficina de Atención al Público"
            ],
            "nl": [
              "Inchecken: 15.00 uur\r\nCheck-out: 12 uur\r\n\r\nVoor meer informatie kunt u contact opnemen met de Front Office"
            ]
          },
          "hasTranslatedProperty": [
            {
              "@id": "https://data.datatourisme.fr/98b7568d-b67c-32bc-999b-2dac4fed6269",
              "dc:contributor": [
                "https://api.deepl.com/v2/translate"
              ],
              "rdf:language": [
                "nl"
              ],
              "rdf:predicate": [
                "additionalInformation"
              ]
            },
            {
              "@id": "https://data.datatourisme.fr/98f36a08-d618-3321-83fd-d152eb861caf",
              "dc:contributor": [
                "https://api.deepl.com/v2/translate"
              ],
              "rdf:language": [
                "en"
              ],
              "rdf:predicate": [
                "additionalInformation"
              ]
            },
            {
              "@id": "https://data.datatourisme.fr/994362e4-3881-3391-8d33-8a94adcf0403",
              "dc:contributor": [
                "https://api.deepl.com/v2/translate"
              ],
              "rdf:language": [
                "es"
              ],
              "rdf:predicate": [
                "additionalInformation"
              ]
            },
            {
              "@id": "https://data.datatourisme.fr/b363cce1-1b01-31c7-84ab-af2d0b5fca6f",
              "dc:contributor": [
                "https://api.deepl.com/v2/translate"
              ],
              "rdf:language": [
                "it"
              ],
              "rdf:predicate": [
                "additionalInformation"
              ]
            },
            {
              "@id": "https://data.datatourisme.fr/ca160f60-79b4-3571-8de6-24fa069976ec",
              "dc:contributor": [
                "https://api.deepl.com/v2/translate"
              ],
              "rdf:language": [
                "de"
              ],
              "rdf:predicate": [
                "additionalInformation"
              ]
            }
          ]
        }
      ],
      "@type": [
        "schema:Place",
        "Place"
      ]
    }
  ],
  "isOwnedBy": [
    {
      "@id": "https://data.datatourisme.fr/3b8a790a-ebad-39c6-9a18-c5663001f469",
      "schema:email": [
        "bgeigle@visitparisregion.com",
        "hcaldo@visitparisregion.com",
        "mtanaskovic@visitparisregion.com"
      ],
      "schema:legalName": "Choose Paris Region",
      "@type": [
        "schema:Organization",
        "foaf:Agent",
        "Agent"
      ],
      "foaf:homepage": [
        "http://www.visitparisregion.com/"
      ]
    }
  ],
  "lastUpdate": "2022-06-02",
  "lastUpdateDatatourisme": "2023-10-02T05:53:31.802Z"
}