{
  "@id": "https://data.datatourisme.fr/13/d0a05849-5e04-3828-aa62-38a7caf5c94e",
  "dc:identifier": "120959",
  "@type": [
    "olo:OrderedList",
    "PlaceOfInterest",
    "PointOfInterest",
    "SportsAndLeisurePlace",
    "Tour",
    "WalkingTour"
  ],
  "rdfs:comment": {
    "de": [
      "Bei diesem Spaziergang können Sie sich inmitten der Natur zwischen Weinbergen und einem bewaldeten Tal befinden und die Kapelle von Verlieux entdecken. Entdecken Sie ihn im Reiseführer, der im Tourismusbüro erhältlich ist, und in der App \"les échappées inspirées\"."
    ],
    "en": [
      "This walk allows you to be in the middle of nature between vineyards and wooded valley to discover the Chapel of Verlieux. To be discovered in the guidebook on sale at the tourist office and the application \"échappées inspirées\"."
    ],
    "it": [
      "Questa passeggiata permette di immergersi nella natura tra vigneti e vallate boscose per scoprire la Cappella di Verlieux. Da scoprire nella guida in vendita presso l'ufficio turistico e nell'applicazione \"échappées inspirées\"."
    ],
    "fr": [
      "Cette balade vous permet d'être en pleine nature entre vignes et vallée boisée à la découverte de la Chapelle de Verlieux. A découvrir dans le guide en vente à l'office de tourisme et l'application les \"échappées inspirées\"."
    ],
    "nl": [
      "Tijdens deze wandeling bevindt u zich midden in de natuur tussen de wijngaarden en de beboste vallei om de kapel van Verlieux te ontdekken. Te ontdekken in de gids die te koop is bij het toeristenbureau en de applicatie \"échappées inspirées\"."
    ],
    "es": [
      "Este paseo le permite situarse en plena naturaleza entre viñedos y valle boscoso para descubrir la Capilla de Verlieux. A descubrir en la guía a la venta en la oficina de turismo y en la aplicación \"échappées inspirées\"."
    ]
  },
  "rdfs:label": {
    "en": [
      "\"Peyraud, Verlieux Chapel\" hiking trail"
    ],
    "fr": [
      "La chapelle de Verlieux"
    ]
  },
  "hasBeenCreatedBy": {
    "@id": "https://data.datatourisme.fr/13/73278a4a-8696-3eeb-976a-8fd4c9ec6997",
    "dc:identifier": "113",
    "schema:email": [
      "d.sanial@dromardeche.fr",
      "j.bruyere@dromardeche.fr"
    ],
    "schema:legalName": "Office de Tourisme Porte de DrômArdèche",
    "@type": [
      "schema:Organization",
      "foaf:Agent",
      "Agent"
    ],
    "foaf:homepage": [
      "http://www.autour-du-palais-ideal.fr/"
    ]
  },
  "hasBeenPublishedBy": [
    {
      "@id": "https://data.datatourisme.fr/d48f2ccd-2357-3a8e-b949-cb8bf19a361f",
      "schema:legalName": "Agence d'Attractivité de la Drôme - source : Apidae Tourisme",
      "@type": [
        "schema:Organization",
        "foaf:Agent",
        "Agent"
      ],
      "foaf:homepage": [
        "https://www.apidae-tourisme.com/"
      ]
    }
  ],
  "hasContact": [
    {
      "@id": "https://data.datatourisme.fr/e4a61420-5736-3383-8b66-c11b58e648c9",
      "schema:email": [
        "porte@dromardeche.fr"
      ],
      "schema:telephone": [
        "+33 4 75 23 45 33"
      ],
      "@type": [
        "foaf:Agent",
        "Agent"
      ],
      "foaf:homepage": [
        "http://www.autour-du-palais-ideal.fr/"
      ]
    }
  ],
  "hasDescription": [
    {
      "@id": "https://data.datatourisme.fr/a5b428f3-fd4c-3fa4-ac2b-d80b19f57209",
      "@type": [
        "Description"
      ],
      "hasTranslatedProperty": [
        {
          "@id": "https://data.datatourisme.fr/89e6e80e-d906-395c-bf81-6b98fd8d8fb9",
          "dc:contributor": [
            "https://api.deepl.com/v2/translate"
          ],
          "rdf:language": [
            "nl"
          ],
          "rdf:predicate": [
            "shortDescription"
          ]
        },
        {
          "@id": "https://data.datatourisme.fr/a47be122-9163-399e-b5a8-10ab1528dbcf",
          "dc:contributor": [
            "https://api.deepl.com/v2/translate"
          ],
          "rdf:language": [
            "it"
          ],
          "rdf:predicate": [
            "shortDescription"
          ]
        },
        {
          "@id": "https://data.datatourisme.fr/b90025f6-a05d-36d8-97e9-e3b184940021",
          "dc:contributor": [
            "https://api.deepl.com/v2/translate"
          ],
          "rdf:language": [
            "de"
          ],
          "rdf:predicate": [
            "shortDescription"
          ]
        },
        {
          "@id": "https://data.datatourisme.fr/f0ff9d12-5546-3741-b893-305db480c83d",
          "dc:contributor": [
            "https://api.deepl.com/v2/translate"
          ],
          "rdf:language": [
            "es"
          ],
          "rdf:predicate": [
            "shortDescription"
          ]
        }
      ],
      "shortDescription": {
        "de": [
          "Bei diesem Spaziergang können Sie sich inmitten der Natur zwischen Weinbergen und einem bewaldeten Tal befinden und die Kapelle von Verlieux entdecken. Entdecken Sie ihn im Reiseführer, der im Tourismusbüro erhältlich ist, und in der App \"les échappées inspirées\"."
        ],
        "en": [
          "This walk allows you to be in the middle of nature between vineyards and wooded valley to discover the Chapel of Verlieux. To be discovered in the guidebook on sale at the tourist office and the application \"échappées inspirées\"."
        ],
        "it": [
          "Questa passeggiata permette di immergersi nella natura tra vigneti e vallate boscose per scoprire la Cappella di Verlieux. Da scoprire nella guida in vendita presso l'ufficio turistico e nell'applicazione \"échappées inspirées\"."
        ],
        "fr": [
          "Cette balade vous permet d'être en pleine nature entre vignes et vallée boisée à la découverte de la Chapelle de Verlieux. A découvrir dans le guide en vente à l'office de tourisme et l'application les \"échappées inspirées\"."
        ],
        "nl": [
          "Tijdens deze wandeling bevindt u zich midden in de natuur tussen de wijngaarden en de beboste vallei om de kapel van Verlieux te ontdekken. Te ontdekken in de gids die te koop is bij het toeristenbureau en de applicatie \"échappées inspirées\"."
        ],
        "es": [
          "Este paseo le permite situarse en plena naturaleza entre viñedos y valle boscoso para descubrir la Capilla de Verlieux. A descubrir en la guía a la venta en la oficina de turismo y en la aplicación \"échappées inspirées\"."
        ]
      }
    }
  ],
  "hasTheme": [
    {
      "@id": "kb:Hiking",
      "@type": [
        "SportsTheme"
      ],
      "rdfs:label": {
        "de": [
          "Wanderung"
        ],
        "pt": [
          "Caminhada"
        ],
        "en": [
          "Hiking"
        ],
        "it": [
          "Escursione"
        ],
        "fr": [
          "Randonnée"
        ],
        "nl": [
          "Wandelen"
        ],
        "es": [
          "Senderismo"
        ]
      }
    },
    {
      "@id": "kb:Pedestrian",
      "@type": [
        "SportsTheme"
      ],
      "rdfs:label": {
        "de": [
          "Zu Fuß"
        ],
        "pt": [
          "Pedestre"
        ],
        "en": [
          "Pedestrian"
        ],
        "it": [
          "A piedi"
        ],
        "fr": [
          "Pédestre"
        ],
        "nl": [
          "Voetgangers"
        ],
        "es": [
          "Peatón"
        ]
      }
    },
    {
      "@id": "kb:Running",
      "@type": [
        "SportsTheme"
      ],
      "rdfs:label": {
        "de": [
          "Laufen"
        ],
        "pt": [
          "Corrida a pé"
        ],
        "en": [
          "Running"
        ],
        "it": [
          "Corsa a piedi"
        ],
        "fr": [
          "Course à pied"
        ],
        "nl": [
          "Hardlopen"
        ],
        "es": [
          "Carrera a pie"
        ]
      }
    }
  ],
  "hasTranslatedProperty": [
    {
      "@id": "https://data.datatourisme.fr/544be219-7adc-310a-8cb4-a809b1bda8b5",
      "dc:contributor": [
        "https://api.deepl.com/v2/translate"
      ],
      "rdf:language": [
        "es"
      ],
      "rdf:predicate": [
        {
          "@id": "rdfs:comment"
        }
      ]
    },
    {
      "@id": "https://data.datatourisme.fr/55657674-5579-39c9-b8d0-e80adb100760",
      "dc:contributor": [
        "https://api.deepl.com/v2/translate"
      ],
      "rdf:language": [
        "de"
      ],
      "rdf:predicate": [
        {
          "@id": "rdfs:comment"
        }
      ]
    },
    {
      "@id": "https://data.datatourisme.fr/8030d286-7d0e-3b2f-8bc8-374403e2aaa0",
      "dc:contributor": [
        "https://api.deepl.com/v2/translate"
      ],
      "rdf:language": [
        "it"
      ],
      "rdf:predicate": [
        {
          "@id": "rdfs:comment"
        }
      ]
    },
    {
      "@id": "https://data.datatourisme.fr/e7cba921-4351-32dc-b0d1-16188e952b0b",
      "dc:contributor": [
        "https://api.deepl.com/v2/translate"
      ],
      "rdf:language": [
        "nl"
      ],
      "rdf:predicate": [
        {
          "@id": "rdfs:comment"
        }
      ]
    }
  ],
  "isLocatedAt": [
    {
      "@id": "https://data.datatourisme.fr/5f3d5286-c774-3df5-a79e-6aa27a08b3b6",
      "schema:address": [
        {
          "@id": "https://data.datatourisme.fr/c9d26c66-88a7-315a-af1a-f592c226c8ee",
          "schema:addressLocality": "Peyraud",
          "schema:postalCode": "07340",
          "schema:streetAddress": [
            "Salle polyvalente"
          ],
          "@type": [
            "schema:PostalAddress",
            "PostalAddress"
          ],
          "hasAddressCity": {
            "@id": "kb:07174",
            "@type": [
              "City"
            ],
            "rdfs:label": {
              "de": [
                "Peyraud"
              ],
              "pt": [
                "Peyraud"
              ],
              "en": [
                "Peyraud"
              ],
              "it": [
                "Peyraud"
              ],
              "fr": [
                "Peyraud"
              ],
              "nl": [
                "Peyraud"
              ],
              "es": [
                "Peyraud"
              ]
            },
            "insee": "07174",
            "isPartOfDepartment": {
              "@id": "kb:France8407",
              "@type": [
                "Department"
              ],
              "rdfs:label": {
                "de": [
                  "Ardèche"
                ],
                "pt": [
                  "Ardèche"
                ],
                "en": [
                  "Ardèche"
                ],
                "it": [
                  "Ardèche"
                ],
                "fr": [
                  "Ardèche"
                ],
                "nl": [
                  "Ardèche"
                ],
                "es": [
                  "Ardèche"
                ]
              },
              "insee": "07",
              "isPartOfRegion": {
                "@id": "kb:France84",
                "@type": [
                  "Region"
                ],
                "rdfs:label": {
                  "de": [
                    "Auvergne-Rhône-Alpes"
                  ],
                  "pt": [
                    "Auvergne-Rhône-Alpes"
                  ],
                  "en": [
                    "Auvergne-Rhône-Alpes"
                  ],
                  "it": [
                    "Auvergne-Rhône-Alpes"
                  ],
                  "fr": [
                    "Auvergne-Rhône-Alpes"
                  ],
                  "nl": [
                    "Auvergne-Rhône-Alpes"
                  ],
                  "es": [
                    "Auvergne-Rhône-Alpes"
                  ]
                },
                "insee": "84",
                "isPartOfCountry": {
                  "@id": "kb:France",
                  "@type": [
                    "schema:Country"
                  ],
                  "rdfs:label": {
                    "de": [
                      "France",
                      "Frankreich"
                    ],
                    "pt": [
                      "França",
                      "France"
                    ],
                    "en": [
                      "France"
                    ],
                    "it": [
                      "France",
                      "Francia"
                    ],
                    "fr": [
                      "France"
                    ],
                    "nl": [
                      "France",
                      "Frankrijk"
                    ],
                    "es": [
                      "France",
                      "Francia"
                    ]
                  }
                }
              }
            }
          }
        }
      ],
      "schema:geo": {
        "@id": "https://data.datatourisme.fr/81c062f2-312d-3be5-a9c4-4daa2854906a",
        "schema:latitude": "45.30266",
        "schema:longitude": "4.78784",
        "@type": [
          "schema:GeoCoordinates"
        ]
      },
      "schema:openingHoursSpecification": [
        {
          "@id": "https://data.datatourisme.fr/f87e535a-636d-3343-ad63-8a03392e7511",
          "schema:validFrom": "2023-01-01T00:00:00",
          "schema:validThrough": "2023-12-31T23:59:59",
          "@type": [
            "schema:OpeningHoursSpecification"
          ]
        }
      ],
      "@type": [
        "schema:Place",
        "Place"
      ]
    }
  ],
  "isOwnedBy": [
    {
      "@id": "https://data.datatourisme.fr/c34130c6-4437-3624-9afb-3511a8692fba",
      "schema:email": [
        "d.sanial@dromardeche.fr",
        "j.bruyere@dromardeche.fr"
      ],
      "schema:legalName": "Office de Tourisme Porte de DrômArdèche",
      "@type": [
        "schema:Organization",
        "foaf:Agent",
        "Agent"
      ],
      "foaf:homepage": [
        "http://www.autour-du-palais-ideal.fr/"
      ]
    }
  ],
  "lastUpdate": "2022-11-03",
  "lastUpdateDatatourisme": "2023-02-10T06:39:19.801Z"
}