{
  "@id": "https://data.datatourisme.fr/13/6d01ff98-3d6f-32a6-bd8c-9153f5388c20",
  "dc:identifier": "6465581",
  "@type": [
    "olo:OrderedList",
    "CyclingTour",
    "PlaceOfInterest",
    "PointOfInterest",
    "SportsAndLeisurePlace",
    "Tour"
  ],
  "rdfs:comment": {
    "de": [
      "Dieser malerische Spaziergang lädt Sie dazu ein, das Tal des Torrenson zwischen den beiden charmanten Dörfern Saint-Etienne de Valoux und Thorrenc zu durchwandern.\r\nEntdecken Sie ihn in der App \"les échappées inspées\" (Die inspirierten Fluchten)."
    ],
    "en": [
      "This picturesque walk invites you to explore the Torrenson valley between the two charming villages of Saint Etienne de Valoux and Thorrenc.\r\nTo be discovered in the \"inspired escapes\" application."
    ],
    "it": [
      "Questa pittoresca passeggiata invita a esplorare la valle di Torrenson tra i due incantevoli villaggi di Saint Etienne de Valoux e Thorrenc.\r\nDa scoprire nell'applicazione \"Fughe ispirate\"."
    ],
    "fr": [
      "Cette promenade pittoresque vous invite à parcourir la vallée du Torrenson entre les deux charmants villages de Saint- Etienne de Valoux et de Thorrenc.\r\nA découvrir dans l'application les \"échappées inspirées\"."
    ],
    "es": [
      "Este pintoresco paseo le invita a explorar el valle de Torrenson, entre los dos encantadores pueblos de Saint Etienne de Valoux y Thorrenc.\r\nA descubrir en la aplicación \"escapadas inspiradas\"."
    ],
    "nl": [
      "Deze schilderachtige wandeling nodigt u uit om de vallei van Torrenson te verkennen tussen de twee charmante dorpjes Saint Etienne de Valoux en Thorrenc.\r\nTe ontdekken in de applicatie \"geïnspireerde ontsnappingen\"."
    ]
  },
  "rdfs:label": {
    "fr": [
      "Au coeur de la Vallée du Torrenson"
    ]
  },
  "hasBeenCreatedBy": {
    "@id": "https://data.datatourisme.fr/13/73278a4a-8696-3eeb-976a-8fd4c9ec6997",
    "dc:identifier": "113",
    "schema:email": [
      "d.sanial@dromardeche.fr",
      "j.bruyere@dromardeche.fr"
    ],
    "schema:legalName": "Office de Tourisme Porte de DrômArdèche",
    "@type": [
      "schema:Organization",
      "foaf:Agent",
      "Agent"
    ],
    "foaf:homepage": [
      "http://www.autour-du-palais-ideal.fr/"
    ]
  },
  "hasBeenPublishedBy": [
    {
      "@id": "https://data.datatourisme.fr/d48f2ccd-2357-3a8e-b949-cb8bf19a361f",
      "schema:legalName": "Agence d'Attractivité de la Drôme - source : Apidae Tourisme",
      "@type": [
        "schema:Organization",
        "foaf:Agent",
        "Agent"
      ],
      "foaf:homepage": [
        "https://www.apidae-tourisme.com/"
      ]
    }
  ],
  "hasContact": [
    {
      "@id": "https://data.datatourisme.fr/e4a61420-5736-3383-8b66-c11b58e648c9",
      "schema:email": [
        "porte@dromardeche.fr"
      ],
      "schema:telephone": [
        "+33 4 75 23 45 33"
      ],
      "@type": [
        "foaf:Agent",
        "Agent"
      ],
      "foaf:homepage": [
        "http://www.autour-du-palais-ideal.fr/"
      ]
    }
  ],
  "hasDescription": [
    {
      "@id": "https://data.datatourisme.fr/d345cc7a-2191-3606-8cf0-e4e7e3a48cde",
      "@type": [
        "Description"
      ],
      "hasTranslatedProperty": [
        {
          "@id": "https://data.datatourisme.fr/80b2205a-4706-316c-b11c-c7a1dccb77e3",
          "dc:contributor": [
            "https://api.deepl.com/v2/translate"
          ],
          "rdf:language": [
            "es"
          ],
          "rdf:predicate": [
            "shortDescription"
          ]
        },
        {
          "@id": "https://data.datatourisme.fr/858d1d2c-5f52-35c1-ad25-e0e9c810dc5b",
          "dc:contributor": [
            "https://api.deepl.com/v2/translate"
          ],
          "rdf:language": [
            "de"
          ],
          "rdf:predicate": [
            "shortDescription"
          ]
        },
        {
          "@id": "https://data.datatourisme.fr/989b176a-27cb-32ee-85a0-b602efa7c3de",
          "dc:contributor": [
            "https://api.deepl.com/v2/translate"
          ],
          "rdf:language": [
            "nl"
          ],
          "rdf:predicate": [
            "shortDescription"
          ]
        },
        {
          "@id": "https://data.datatourisme.fr/fb8ced07-4bfc-37a6-8bd0-ee00309bca16",
          "dc:contributor": [
            "https://api.deepl.com/v2/translate"
          ],
          "rdf:language": [
            "it"
          ],
          "rdf:predicate": [
            "shortDescription"
          ]
        }
      ],
      "shortDescription": {
        "de": [
          "Dieser malerische Spaziergang lädt Sie dazu ein, das Tal des Torrenson zwischen den beiden charmanten Dörfern Saint-Etienne de Valoux und Thorrenc zu durchwandern.\r\nEntdecken Sie ihn in der App \"les échappées inspées\" (Die inspirierten Fluchten)."
        ],
        "en": [
          "This picturesque walk invites you to explore the Torrenson valley between the two charming villages of Saint Etienne de Valoux and Thorrenc.\r\nTo be discovered in the \"inspired escapes\" application."
        ],
        "it": [
          "Questa pittoresca passeggiata invita a esplorare la valle di Torrenson tra i due incantevoli villaggi di Saint Etienne de Valoux e Thorrenc.\r\nDa scoprire nell'applicazione \"Fughe ispirate\"."
        ],
        "fr": [
          "Cette promenade pittoresque vous invite à parcourir la vallée du Torrenson entre les deux charmants villages de Saint- Etienne de Valoux et de Thorrenc.\r\nA découvrir dans l'application les \"échappées inspirées\"."
        ],
        "es": [
          "Este pintoresco paseo le invita a explorar el valle de Torrenson, entre los dos encantadores pueblos de Saint Etienne de Valoux y Thorrenc.\r\nA descubrir en la aplicación \"escapadas inspiradas\"."
        ],
        "nl": [
          "Deze schilderachtige wandeling nodigt u uit om de vallei van Torrenson te verkennen tussen de twee charmante dorpjes Saint Etienne de Valoux en Thorrenc.\r\nTe ontdekken in de applicatie \"geïnspireerde ontsnappingen\"."
        ]
      }
    }
  ],
  "hasTheme": [
    {
      "@id": "kb:ATV",
      "@type": [
        "SportsTheme"
      ],
      "rdfs:label": {
        "de": [
          "MTB"
        ],
        "pt": [
          "Bicicleta-todo-o-terreno (BTT)"
        ],
        "en": [
          "Atv"
        ],
        "it": [
          "Mountain bike"
        ],
        "fr": [
          "Vtt"
        ],
        "nl": [
          "Mountainbike"
        ],
        "es": [
          "BTT"
        ]
      }
    },
    {
      "@id": "kb:Bike",
      "@type": [
        "SportsTheme"
      ],
      "rdfs:label": {
        "de": [
          "Fahrrad"
        ],
        "pt": [
          "Bicicleta"
        ],
        "en": [
          "Bike"
        ],
        "it": [
          "Bicicletta"
        ],
        "fr": [
          "Vélo"
        ],
        "nl": [
          "Fiets"
        ],
        "es": [
          "Bicicleta"
        ]
      }
    },
    {
      "@id": "kb:ElectricATV",
      "@type": [
        "SportsTheme"
      ],
      "rdfs:label": {
        "de": [
          "Elektro-Mountainbike"
        ],
        "pt": [
          "Bicicleta-todo-o-terreno (BTT) elétrica"
        ],
        "en": [
          "Electri atv"
        ],
        "it": [
          "Mountain bike elettrica"
        ],
        "fr": [
          "Vtt électrique"
        ],
        "nl": [
          "Elektrische mountainbike"
        ],
        "es": [
          "Bicicleta eléctrica de montaña"
        ]
      }
    }
  ],
  "hasTranslatedProperty": [
    {
      "@id": "https://data.datatourisme.fr/4af78727-19dd-3a3b-8128-06e0b841f3ed",
      "dc:contributor": [
        "https://api.deepl.com/v2/translate"
      ],
      "rdf:language": [
        "it"
      ],
      "rdf:predicate": [
        {
          "@id": "rdfs:comment"
        }
      ]
    },
    {
      "@id": "https://data.datatourisme.fr/64a27abc-a894-38a8-b96a-2713c2b89be6",
      "dc:contributor": [
        "https://api.deepl.com/v2/translate"
      ],
      "rdf:language": [
        "de"
      ],
      "rdf:predicate": [
        {
          "@id": "rdfs:comment"
        }
      ]
    },
    {
      "@id": "https://data.datatourisme.fr/aa6b9724-9c07-39e0-8537-43d7720c9be6",
      "dc:contributor": [
        "https://api.deepl.com/v2/translate"
      ],
      "rdf:language": [
        "es"
      ],
      "rdf:predicate": [
        {
          "@id": "rdfs:comment"
        }
      ]
    },
    {
      "@id": "https://data.datatourisme.fr/cf97be70-b0fa-3e5c-82bd-9d8254bb67f3",
      "dc:contributor": [
        "https://api.deepl.com/v2/translate"
      ],
      "rdf:language": [
        "nl"
      ],
      "rdf:predicate": [
        {
          "@id": "rdfs:comment"
        }
      ]
    }
  ],
  "isLocatedAt": [
    {
      "@id": "https://data.datatourisme.fr/e10b2f9f-bebc-306f-989e-b33f55377989",
      "schema:address": [
        {
          "@id": "https://data.datatourisme.fr/6eefcb7c-8034-3dbc-9daf-9f93bbd2a50b",
          "schema:addressLocality": "Saint-Étienne-de-Valoux",
          "schema:postalCode": "07340",
          "schema:streetAddress": [
            "Place de l'église"
          ],
          "@type": [
            "schema:PostalAddress",
            "PostalAddress"
          ],
          "hasAddressCity": {
            "@id": "kb:07234",
            "@type": [
              "City"
            ],
            "rdfs:label": {
              "de": [
                "Saint-Étienne-de-Valoux"
              ],
              "pt": [
                "Saint-Étienne-de-Valoux"
              ],
              "en": [
                "Saint-Étienne-de-Valoux"
              ],
              "it": [
                "Saint-Étienne-de-Valoux"
              ],
              "fr": [
                "Saint-Étienne-de-Valoux"
              ],
              "nl": [
                "Saint-Étienne-de-Valoux"
              ],
              "es": [
                "Saint-Étienne-de-Valoux"
              ]
            },
            "insee": "07234",
            "isPartOfDepartment": {
              "@id": "kb:France8407",
              "@type": [
                "Department"
              ],
              "rdfs:label": {
                "de": [
                  "Ardèche"
                ],
                "pt": [
                  "Ardèche"
                ],
                "en": [
                  "Ardèche"
                ],
                "it": [
                  "Ardèche"
                ],
                "fr": [
                  "Ardèche"
                ],
                "nl": [
                  "Ardèche"
                ],
                "es": [
                  "Ardèche"
                ]
              },
              "insee": "07",
              "isPartOfRegion": {
                "@id": "kb:France84",
                "@type": [
                  "Region"
                ],
                "rdfs:label": {
                  "de": [
                    "Auvergne-Rhône-Alpes"
                  ],
                  "pt": [
                    "Auvergne-Rhône-Alpes"
                  ],
                  "en": [
                    "Auvergne-Rhône-Alpes"
                  ],
                  "it": [
                    "Auvergne-Rhône-Alpes"
                  ],
                  "fr": [
                    "Auvergne-Rhône-Alpes"
                  ],
                  "nl": [
                    "Auvergne-Rhône-Alpes"
                  ],
                  "es": [
                    "Auvergne-Rhône-Alpes"
                  ]
                },
                "insee": "84",
                "isPartOfCountry": {
                  "@id": "kb:France",
                  "@type": [
                    "schema:Country"
                  ],
                  "rdfs:label": {
                    "de": [
                      "France",
                      "Frankreich"
                    ],
                    "pt": [
                      "França",
                      "France"
                    ],
                    "en": [
                      "France"
                    ],
                    "it": [
                      "France",
                      "Francia"
                    ],
                    "fr": [
                      "France"
                    ],
                    "nl": [
                      "France",
                      "Frankrijk"
                    ],
                    "es": [
                      "France",
                      "Francia"
                    ]
                  }
                }
              }
            }
          }
        }
      ],
      "schema:geo": {
        "@id": "https://data.datatourisme.fr/b8c8590e-6845-3f9c-9d5f-d2330ad8ac8d",
        "schema:latitude": "45.245872",
        "schema:longitude": "4.780383",
        "@type": [
          "schema:GeoCoordinates"
        ]
      },
      "schema:openingHoursSpecification": [
        {
          "@id": "https://data.datatourisme.fr/f87e535a-636d-3343-ad63-8a03392e7511",
          "schema:validFrom": "2023-01-01T00:00:00",
          "schema:validThrough": "2023-12-31T23:59:59",
          "@type": [
            "schema:OpeningHoursSpecification"
          ]
        }
      ],
      "@type": [
        "schema:Place",
        "Place"
      ]
    }
  ],
  "isOwnedBy": [
    {
      "@id": "https://data.datatourisme.fr/c34130c6-4437-3624-9afb-3511a8692fba",
      "schema:email": [
        "d.sanial@dromardeche.fr",
        "j.bruyere@dromardeche.fr"
      ],
      "schema:legalName": "Office de Tourisme Porte de DrômArdèche",
      "@type": [
        "schema:Organization",
        "foaf:Agent",
        "Agent"
      ],
      "foaf:homepage": [
        "http://www.autour-du-palais-ideal.fr/"
      ]
    }
  ],
  "lastUpdate": "2023-04-26",
  "lastUpdateDatatourisme": "2023-04-27T06:07:37.968Z"
}