{
  "@id": "https://data.datatourisme.fr/13/163306dc-486d-31f1-8b57-f6c2a44533ff",
  "dc:identifier": "6526921",
  "@type": [
    "olo:OrderedList",
    "CyclingTour",
    "PlaceOfInterest",
    "PointOfInterest",
    "SportsAndLeisurePlace",
    "Tour"
  ],
  "rdfs:comment": {
    "de": [
      "Bewundern Sie den Fluss Rivière d'Ay und genießen Sie weite Horizonte auf dem Plateau und Panoramablicke auf die Hänge des Saint Joseph. Zu finden auf der App \"les échappées inspirées\"."
    ],
    "en": [
      "Admire the Ay River and enjoy the vast horizons on the plateau and the panoramic views of the Saint Joseph hillsides. To be found on the application \"les échappées inspirées\"."
    ],
    "it": [
      "Ammirate il fiume d'Ay e godetevi i vasti orizzonti dell'altopiano e le viste panoramiche delle colline di Saint Joseph. Da trovare sull'applicazione \"les échappées inspirées\"."
    ],
    "fr": [
      "Admirez la Rivière d'Ay et profitez de vastes horizons sur le plateau et des vues panoramiques sur les coteaux du Saint Joseph. A retrouver sur l'application \"les échappées inspirées\"."
    ],
    "nl": [
      "Bewonder de Rivière d'Ay en geniet van de uitgestrekte horizonten op het plateau en de panoramische uitzichten op de hellingen van Saint Joseph. Te vinden op de applicatie \"les échappées inspirées\"."
    ],
    "es": [
      "Admire el río d'Ay y disfrute de los vastos horizontes de la meseta y de las vistas panorámicas de las laderas de Saint Joseph. Se encuentra en la aplicación \"les échappées inspirées\"."
    ]
  },
  "rdfs:label": {
    "en": [
      "From the Ay river to the Rhône"
    ],
    "fr": [
      "De la rivière d'Ay au Rhône"
    ]
  },
  "hasBeenCreatedBy": {
    "@id": "https://data.datatourisme.fr/13/73278a4a-8696-3eeb-976a-8fd4c9ec6997",
    "dc:identifier": "113",
    "schema:email": [
      "d.sanial@dromardeche.fr",
      "j.bruyere@dromardeche.fr"
    ],
    "schema:legalName": "Office de Tourisme Porte de DrômArdèche",
    "@type": [
      "schema:Organization",
      "foaf:Agent",
      "Agent"
    ],
    "foaf:homepage": [
      "http://www.autour-du-palais-ideal.fr/"
    ]
  },
  "hasBeenPublishedBy": [
    {
      "@id": "https://data.datatourisme.fr/d48f2ccd-2357-3a8e-b949-cb8bf19a361f",
      "schema:legalName": "Agence d'Attractivité de la Drôme - source : Apidae Tourisme",
      "@type": [
        "schema:Organization",
        "foaf:Agent",
        "Agent"
      ],
      "foaf:homepage": [
        "https://www.apidae-tourisme.com/"
      ]
    }
  ],
  "hasContact": [
    {
      "@id": "https://data.datatourisme.fr/055e0a47-f4a9-371f-bec5-c4f56507c129",
      "schema:telephone": [
        "+33 4 75 23 45 33"
      ],
      "@type": [
        "foaf:Agent",
        "Agent"
      ],
      "foaf:homepage": [
        "http://www.autour-du-palais-ideal.fr/"
      ]
    }
  ],
  "hasDescription": [
    {
      "@id": "https://data.datatourisme.fr/173db7fa-b0d7-32f2-84f0-f99d8b4b577b",
      "@type": [
        "Description"
      ],
      "hasTranslatedProperty": [
        {
          "@id": "https://data.datatourisme.fr/15e58788-4490-3374-8a5d-6e94a0eb9344",
          "dc:contributor": [
            "https://api.deepl.com/v2/translate"
          ],
          "rdf:language": [
            "it"
          ],
          "rdf:predicate": [
            "shortDescription"
          ]
        },
        {
          "@id": "https://data.datatourisme.fr/954f9942-1170-3e95-aba1-2228a0439ade",
          "dc:contributor": [
            "https://api.deepl.com/v2/translate"
          ],
          "rdf:language": [
            "nl"
          ],
          "rdf:predicate": [
            "shortDescription"
          ]
        },
        {
          "@id": "https://data.datatourisme.fr/dba17857-f699-3417-9a62-04ad56f87141",
          "dc:contributor": [
            "https://api.deepl.com/v2/translate"
          ],
          "rdf:language": [
            "es"
          ],
          "rdf:predicate": [
            "shortDescription"
          ]
        },
        {
          "@id": "https://data.datatourisme.fr/e069bade-7f6e-3c78-bd1b-5aed771fd478",
          "dc:contributor": [
            "https://api.deepl.com/v2/translate"
          ],
          "rdf:language": [
            "de"
          ],
          "rdf:predicate": [
            "shortDescription"
          ]
        }
      ],
      "shortDescription": {
        "de": [
          "Bewundern Sie den Fluss Rivière d'Ay und genießen Sie weite Horizonte auf dem Plateau und Panoramablicke auf die Hänge des Saint Joseph. Zu finden auf der App \"les échappées inspirées\"."
        ],
        "en": [
          "Admire the Ay River and enjoy the vast horizons on the plateau and the panoramic views of the Saint Joseph hillsides. To be found on the application \"les échappées inspirées\"."
        ],
        "it": [
          "Ammirate il fiume d'Ay e godetevi i vasti orizzonti dell'altopiano e le viste panoramiche delle colline di Saint Joseph. Da trovare sull'applicazione \"les échappées inspirées\"."
        ],
        "fr": [
          "Admirez la Rivière d'Ay et profitez de vastes horizons sur le plateau et des vues panoramiques sur les coteaux du Saint Joseph. A retrouver sur l'application \"les échappées inspirées\"."
        ],
        "nl": [
          "Bewonder de Rivière d'Ay en geniet van de uitgestrekte horizonten op het plateau en de panoramische uitzichten op de hellingen van Saint Joseph. Te vinden op de applicatie \"les échappées inspirées\"."
        ],
        "es": [
          "Admire el río d'Ay y disfrute de los vastos horizontes de la meseta y de las vistas panorámicas de las laderas de Saint Joseph. Se encuentra en la aplicación \"les échappées inspirées\"."
        ]
      }
    }
  ],
  "hasTheme": [
    {
      "@id": "kb:ATV",
      "@type": [
        "SportsTheme"
      ],
      "rdfs:label": {
        "de": [
          "MTB"
        ],
        "pt": [
          "Bicicleta-todo-o-terreno (BTT)"
        ],
        "en": [
          "Atv"
        ],
        "it": [
          "Mountain bike"
        ],
        "fr": [
          "Vtt"
        ],
        "nl": [
          "Mountainbike"
        ],
        "es": [
          "BTT"
        ]
      }
    },
    {
      "@id": "kb:Bike",
      "@type": [
        "SportsTheme"
      ],
      "rdfs:label": {
        "de": [
          "Fahrrad"
        ],
        "pt": [
          "Bicicleta"
        ],
        "en": [
          "Bike"
        ],
        "it": [
          "Bicicletta"
        ],
        "fr": [
          "Vélo"
        ],
        "nl": [
          "Fiets"
        ],
        "es": [
          "Bicicleta"
        ]
      }
    },
    {
      "@id": "kb:ElectricATV",
      "@type": [
        "SportsTheme"
      ],
      "rdfs:label": {
        "de": [
          "Elektro-Mountainbike"
        ],
        "pt": [
          "Bicicleta-todo-o-terreno (BTT) elétrica"
        ],
        "en": [
          "Electri atv"
        ],
        "it": [
          "Mountain bike elettrica"
        ],
        "fr": [
          "Vtt électrique"
        ],
        "nl": [
          "Elektrische mountainbike"
        ],
        "es": [
          "Bicicleta eléctrica de montaña"
        ]
      }
    }
  ],
  "hasTranslatedProperty": [
    {
      "@id": "https://data.datatourisme.fr/4e259d9d-7a4d-3124-905a-2ce670a7ebea",
      "dc:contributor": [
        "https://api.deepl.com/v2/translate"
      ],
      "rdf:language": [
        "nl"
      ],
      "rdf:predicate": [
        {
          "@id": "rdfs:comment"
        }
      ]
    },
    {
      "@id": "https://data.datatourisme.fr/5baf4cb0-998d-3312-b607-7cab64bfe915",
      "dc:contributor": [
        "https://api.deepl.com/v2/translate"
      ],
      "rdf:language": [
        "es"
      ],
      "rdf:predicate": [
        {
          "@id": "rdfs:comment"
        }
      ]
    },
    {
      "@id": "https://data.datatourisme.fr/a3212b37-c4b8-327e-a2e1-1b42e7227307",
      "dc:contributor": [
        "https://api.deepl.com/v2/translate"
      ],
      "rdf:language": [
        "it"
      ],
      "rdf:predicate": [
        {
          "@id": "rdfs:comment"
        }
      ]
    },
    {
      "@id": "https://data.datatourisme.fr/fdd79a98-a8c6-3d0f-ad9b-bb5ef64ec8a0",
      "dc:contributor": [
        "https://api.deepl.com/v2/translate"
      ],
      "rdf:language": [
        "de"
      ],
      "rdf:predicate": [
        {
          "@id": "rdfs:comment"
        }
      ]
    }
  ],
  "isLocatedAt": [
    {
      "@id": "https://data.datatourisme.fr/4f6d9170-5b70-3428-8ae7-a9a48a12fbb4",
      "schema:address": [
        {
          "@id": "https://data.datatourisme.fr/3444d7ce-84ff-345f-8522-56c3fb433535",
          "schema:addressLocality": "Sarras",
          "schema:postalCode": "07370",
          "schema:streetAddress": [
            "Place Jean moulin"
          ],
          "@type": [
            "schema:PostalAddress",
            "PostalAddress"
          ],
          "hasAddressCity": {
            "@id": "kb:07308",
            "@type": [
              "City"
            ],
            "rdfs:label": {
              "de": [
                "Sarras"
              ],
              "pt": [
                "Sarras"
              ],
              "en": [
                "Sarras"
              ],
              "it": [
                "Sarras"
              ],
              "fr": [
                "Sarras"
              ],
              "nl": [
                "Sarras"
              ],
              "es": [
                "Sarras"
              ]
            },
            "insee": "07308",
            "isPartOfDepartment": {
              "@id": "kb:France8407",
              "@type": [
                "Department"
              ],
              "rdfs:label": {
                "de": [
                  "Ardèche"
                ],
                "pt": [
                  "Ardèche"
                ],
                "en": [
                  "Ardèche"
                ],
                "it": [
                  "Ardèche"
                ],
                "fr": [
                  "Ardèche"
                ],
                "nl": [
                  "Ardèche"
                ],
                "es": [
                  "Ardèche"
                ]
              },
              "insee": "07",
              "isPartOfRegion": {
                "@id": "kb:France84",
                "@type": [
                  "Region"
                ],
                "rdfs:label": {
                  "de": [
                    "Auvergne-Rhône-Alpes"
                  ],
                  "pt": [
                    "Auvergne-Rhône-Alpes"
                  ],
                  "en": [
                    "Auvergne-Rhône-Alpes"
                  ],
                  "it": [
                    "Auvergne-Rhône-Alpes"
                  ],
                  "fr": [
                    "Auvergne-Rhône-Alpes"
                  ],
                  "nl": [
                    "Auvergne-Rhône-Alpes"
                  ],
                  "es": [
                    "Auvergne-Rhône-Alpes"
                  ]
                },
                "insee": "84",
                "isPartOfCountry": {
                  "@id": "kb:France",
                  "@type": [
                    "schema:Country"
                  ],
                  "rdfs:label": {
                    "de": [
                      "France",
                      "Frankreich"
                    ],
                    "pt": [
                      "França",
                      "France"
                    ],
                    "en": [
                      "France"
                    ],
                    "it": [
                      "France",
                      "Francia"
                    ],
                    "fr": [
                      "France"
                    ],
                    "nl": [
                      "France",
                      "Frankrijk"
                    ],
                    "es": [
                      "France",
                      "Francia"
                    ]
                  }
                }
              }
            }
          }
        }
      ],
      "schema:geo": {
        "@id": "https://data.datatourisme.fr/304130a7-45c2-3e19-97fe-981f36e8bbe1",
        "schema:latitude": "45.187356",
        "schema:longitude": "4.799836",
        "@type": [
          "schema:GeoCoordinates"
        ]
      },
      "schema:openingHoursSpecification": [
        {
          "@id": "https://data.datatourisme.fr/f87e535a-636d-3343-ad63-8a03392e7511",
          "schema:validFrom": "2023-01-01T00:00:00",
          "schema:validThrough": "2023-12-31T23:59:59",
          "@type": [
            "schema:OpeningHoursSpecification"
          ]
        }
      ],
      "@type": [
        "schema:Place",
        "Place"
      ]
    }
  ],
  "isOwnedBy": [
    {
      "@id": "https://data.datatourisme.fr/c34130c6-4437-3624-9afb-3511a8692fba",
      "schema:email": [
        "d.sanial@dromardeche.fr",
        "j.bruyere@dromardeche.fr"
      ],
      "schema:legalName": "Office de Tourisme Porte de DrômArdèche",
      "@type": [
        "schema:Organization",
        "foaf:Agent",
        "Agent"
      ],
      "foaf:homepage": [
        "http://www.autour-du-palais-ideal.fr/"
      ]
    }
  ],
  "lastUpdate": "2023-05-12",
  "lastUpdateDatatourisme": "2023-05-13T05:39:31.044Z"
}