{
  "@id": "https://data.datatourisme.fr/19/5dba1f1b-5da3-3acf-a685-1f3b4661da28",
  "dc:identifier": "33683fe9-7774-1d08-b983-577fb5fa0c28",
  "@type": [
    "schema:LocalBusiness",
    "schema:Museum",
    "CulturalSite",
    "Museum",
    "PlaceOfInterest",
    "PointOfInterest"
  ],
  "rdfs:label": {
    "fr": [
      "Phono Museum Paris"
    ]
  },
  "hasBeenCreatedBy": {
    "@id": "https://data.datatourisme.fr/73f9361b-7fdb-3a8c-8c11-182ef0152392",
    "schema:email": [
      "opendata@parisinfo.com"
    ],
    "schema:legalName": "Office de Tourisme de Paris",
    "@type": [
      "schema:Organization",
      "foaf:Agent",
      "Agent"
    ],
    "foaf:homepage": [
      "https://www.parisinfo.com/"
    ]
  },
  "hasBeenPublishedBy": [
    {
      "@id": "https://data.datatourisme.fr/73f9361b-7fdb-3a8c-8c11-182ef0152392",
      "schema:email": [
        "opendata@parisinfo.com"
      ],
      "schema:legalName": "Office de Tourisme de Paris",
      "@type": [
        "schema:Organization",
        "foaf:Agent",
        "Agent"
      ],
      "foaf:homepage": [
        "https://www.parisinfo.com/"
      ]
    }
  ],
  "hasContact": [
    {
      "@id": "https://data.datatourisme.fr/b8e810b6-f232-3ad3-82ca-b65d14d455c3",
      "schema:email": [
        "phonomp@gmail.com"
      ],
      "schema:telephone": [
        "+33 6 80 61 59 37"
      ],
      "@type": [
        "foaf:Agent",
        "Agent"
      ],
      "foaf:homepage": [
        "http://phonomuseum.fr/"
      ]
    }
  ],
  "isLocatedAt": [
    {
      "@id": "https://data.datatourisme.fr/9f8ffa55-2134-30ab-a9af-91ca29aa199b",
      "schema:address": [
        {
          "@id": "https://data.datatourisme.fr/3231aa40-9785-33ec-bd21-8fbb8114dd29",
          "schema:addressLocality": "Paris",
          "schema:postalCode": "75009",
          "schema:streetAddress": [
            "53 boulevard de Rochechouart"
          ],
          "@type": [
            "schema:PostalAddress",
            "PostalAddress"
          ],
          "hasAddressCity": {
            "@id": "kb:75056",
            "@type": [
              "City"
            ],
            "rdfs:label": {
              "de": [
                "Paris"
              ],
              "pt": [
                "Paris"
              ],
              "en": [
                "Paris"
              ],
              "it": [
                "Paris"
              ],
              "fr": [
                "Paris"
              ],
              "nl": [
                "Paris"
              ],
              "es": [
                "Paris"
              ]
            },
            "insee": "75056",
            "isPartOfDepartment": {
              "@id": "kb:France1175",
              "@type": [
                "Department"
              ],
              "rdfs:label": {
                "de": [
                  "Paris"
                ],
                "pt": [
                  "Paris"
                ],
                "en": [
                  "Paris"
                ],
                "it": [
                  "Paris"
                ],
                "fr": [
                  "Paris"
                ],
                "nl": [
                  "Paris"
                ],
                "es": [
                  "Paris"
                ]
              },
              "insee": "75",
              "isPartOfRegion": {
                "@id": "kb:France11",
                "@type": [
                  "Region"
                ],
                "rdfs:label": {
                  "de": [
                    "Île-de-France"
                  ],
                  "pt": [
                    "Île-de-France"
                  ],
                  "en": [
                    "Île-de-France"
                  ],
                  "it": [
                    "Île-de-France"
                  ],
                  "fr": [
                    "Île-de-France"
                  ],
                  "nl": [
                    "Île-de-France"
                  ],
                  "es": [
                    "Île-de-France"
                  ]
                },
                "insee": "11",
                "isPartOfCountry": {
                  "@id": "kb:France",
                  "@type": [
                    "schema:Country"
                  ],
                  "rdfs:label": {
                    "de": [
                      "France",
                      "Frankreich"
                    ],
                    "pt": [
                      "França",
                      "France"
                    ],
                    "en": [
                      "France"
                    ],
                    "it": [
                      "France",
                      "Francia"
                    ],
                    "fr": [
                      "France"
                    ],
                    "nl": [
                      "France",
                      "Frankrijk"
                    ],
                    "es": [
                      "France",
                      "Francia"
                    ]
                  }
                }
              }
            }
          }
        }
      ],
      "schema:geo": {
        "@id": "https://data.datatourisme.fr/ec9473b2-dcef-383b-a41d-55b0be0b1ca6",
        "schema:latitude": "48.88205689999999",
        "schema:longitude": "2.3413645000000542",
        "@type": [
          "schema:GeoCoordinates"
        ]
      },
      "schema:openingHoursSpecification": [
        {
          "@id": "https://data.datatourisme.fr/b9bea63a-d875-3ca7-88ca-f7b2f4408ebc",
          "@type": [
            "schema:OpeningHoursSpecification"
          ],
          "additionalInformation": {
            "de": [
              "Freitag und Sonntag, 10:00-18:00 Uhr. An anderen Tagen nach Vereinbarung, 9-18 Uhr."
            ],
            "en": [
              "Friday and Sunday, 10am-6pm. Other days by appointment, from 9am to 6pm."
            ],
            "it": [
              "Venerdì e domenica, dalle 10.00 alle 18.00. Altri giorni su appuntamento, dalle 9.00 alle 18.00."
            ],
            "fr": [
              "Vendredi et dimanche, 10h-18h. Les autres jours sur rendez-vous, de 9h à 18h."
            ],
            "nl": [
              "Vrijdag en zondag, 10-18 uur. Andere dagen op afspraak, van 9 tot 18 uur."
            ],
            "es": [
              "Viernes y domingo, de 10.00 a 18.00 h. Otros días con cita previa, de 9.00 a 18.00 horas."
            ]
          },
          "hasTranslatedProperty": [
            {
              "@id": "https://data.datatourisme.fr/3230c9c2-0aad-34dd-9ead-81bded7227e5",
              "dc:contributor": [
                "https://api.deepl.com/v2/translate"
              ],
              "rdf:language": [
                "es"
              ],
              "rdf:predicate": [
                "additionalInformation"
              ]
            },
            {
              "@id": "https://data.datatourisme.fr/576b5ea0-8f91-3fca-8feb-b2cb720c5b5b",
              "dc:contributor": [
                "https://api.deepl.com/v2/translate"
              ],
              "rdf:language": [
                "nl"
              ],
              "rdf:predicate": [
                "additionalInformation"
              ]
            },
            {
              "@id": "https://data.datatourisme.fr/b8b921b0-4d27-3a68-b730-4a2bdde1b3c2",
              "dc:contributor": [
                "https://api.deepl.com/v2/translate"
              ],
              "rdf:language": [
                "it"
              ],
              "rdf:predicate": [
                "additionalInformation"
              ]
            },
            {
              "@id": "https://data.datatourisme.fr/d25963a7-6d50-36f1-a62f-069d2dcc382f",
              "dc:contributor": [
                "https://api.deepl.com/v2/translate"
              ],
              "rdf:language": [
                "de"
              ],
              "rdf:predicate": [
                "additionalInformation"
              ]
            },
            {
              "@id": "https://data.datatourisme.fr/f8e1441e-5de9-337a-aad7-d368d29c1a80",
              "dc:contributor": [
                "https://api.deepl.com/v2/translate"
              ],
              "rdf:language": [
                "en"
              ],
              "rdf:predicate": [
                "additionalInformation"
              ]
            }
          ]
        }
      ],
      "@type": [
        "schema:Place",
        "Place"
      ]
    }
  ],
  "lastUpdate": "2023-06-30",
  "lastUpdateDatatourisme": "2023-10-12T16:59:40.001Z"
}