{
  "@id": "https://data.datatourisme.fr/19/52b71c2f-1ce4-3099-989b-3490324d3f20",
  "dc:identifier": "2cc78b46-f5e3-e5a9-c016-501ba354a21c",
  "@type": [
    "schema:LocalBusiness",
    "schema:Museum",
    "CulturalSite",
    "Museum",
    "PlaceOfInterest",
    "PointOfInterest"
  ],
  "rdfs:comment": {
    "de": [
      "Das Jacquemart-André-Museum ist das Ergebnis zweier Liebesgeschichten: die des Ehepaars Édouard André und Nélie Jacquemart und die ihrer Liebe zur Kunst. Ihr ganzes Leben widmeten sie der Sammlung von Gemälden, Skulpturen, Möbeln, Schmuck und Wandteppichen In ihrem majestätischen Herrenhaus aus dem 19. Jahrhundert werden diese Schätze gesammelt. Jahrhundert. Die wechselnden Ausstellungen ziehen jedes Jahr zahlreiche Besucher an."
    ],
    "en": [
      "The Jacquemart-André Museum is the fruit of two love stories: that of the couple Édouard André and Nélie Jacquemart, and that of their love for the arts. Their entire life was devoted to collecting master paintings, sculptures, furniture, jewellery and tapestries... And it is in their majestic 19th century mansion that these treasures are gathered. Its temporary exhibitions attract many visitors each year."
    ],
    "it": [
      "Il Museo Jacquemart-André è il frutto di due storie d'amore: quella della coppia Édouard André e Nélie Jacquemart e quella delle arti. Tutta la loro vita è stata dedicata al collezionismo di dipinti, sculture, mobili, gioielli e arazzi Ed è nella loro maestosa dimora del XIX secolo che questi tesori vengono raccolti. Le sue mostre temporanee attirano ogni anno molti visitatori."
    ],
    "fr": [
      "Le musée Jacquemart-André est le fruit de deux histoires d’amour : celle du couple Édouard André et Nélie Jacquemart, et celle qu'ils entretiennent avec les arts. Leur vie entière est consacrée à la collection de peintures de maîtres, de sculptures, de mobilier, de joaillerie, de tapisseries… Et c’est dans leur majestueux hôtel particulier du XIXe siècle que sont rassemblés ces trésors. Ses expositions temporaires attirent chaque année de nombreux visiteurs."
    ],
    "nl": [
      "Het Jacquemart-André Museum is de vrucht van twee liefdesverhalen: dat van het echtpaar Édouard André en Nélie Jacquemart, en dat van de kunst. Hun hele leven was gewijd aan het verzamelen van meesterlijke schilderijen, beeldhouwwerken, meubels, juwelen en wandtapijten En het is in hun majestueuze 19e eeuwse herenhuis dat deze schatten worden verzameld. De tijdelijke tentoonstellingen trekken jaarlijks vele bezoekers."
    ],
    "es": [
      "El Museo Jacquemart-André es fruto de dos historias de amor: la de la pareja Édouard André y Nélie Jacquemart, y la de las artes. Toda su vida se dedicó a coleccionar pinturas, esculturas, muebles, joyas y tapices de maestros Y es en su majestuosa mansión del siglo XIX donde se reúnen estos tesoros. Sus exposiciones temporales atraen a muchos visitantes cada año."
    ]
  },
  "rdfs:label": {
    "fr": [
      "Musée Jacquemart-André"
    ]
  },
  "owl:sameAs": [
    "http://www.wikidata.org/entity/Q1165526"
  ],
  "hasBeenCreatedBy": {
    "@id": "https://data.datatourisme.fr/73f9361b-7fdb-3a8c-8c11-182ef0152392",
    "schema:email": [
      "opendata@parisinfo.com"
    ],
    "schema:legalName": "Office de Tourisme de Paris",
    "@type": [
      "schema:Organization",
      "foaf:Agent",
      "Agent"
    ],
    "foaf:homepage": [
      "https://www.parisinfo.com/"
    ]
  },
  "hasBeenPublishedBy": [
    {
      "@id": "https://data.datatourisme.fr/73f9361b-7fdb-3a8c-8c11-182ef0152392",
      "schema:email": [
        "opendata@parisinfo.com"
      ],
      "schema:legalName": "Office de Tourisme de Paris",
      "@type": [
        "schema:Organization",
        "foaf:Agent",
        "Agent"
      ],
      "foaf:homepage": [
        "https://www.parisinfo.com/"
      ]
    }
  ],
  "hasContact": [
    {
      "@id": "https://data.datatourisme.fr/94f6223a-dc7c-3c94-9584-aa2e4fc07ae5",
      "schema:email": [
        "message@musee-jacquemart-andre.com"
      ],
      "schema:telephone": [
        "+33 1 45 62 11 59"
      ],
      "@type": [
        "foaf:Agent",
        "Agent"
      ],
      "foaf:homepage": [
        "https://www.musee-jacquemart-andre.com/"
      ]
    }
  ],
  "hasDescription": [
    {
      "@id": "https://data.datatourisme.fr/472ba9d6-aaf9-3c30-9a08-b53812604c0c",
      "dc:description": {
        "de": [
          "Das Jacquemart-André-Museum ist das Ergebnis zweier Liebesgeschichten: die des Ehepaars Édouard André und Nélie Jacquemart und die ihrer Liebe zur Kunst. Ihr ganzes Leben widmeten sie der Sammlung von Gemälden, Skulpturen, Möbeln, Schmuck und Wandteppichen In ihrem majestätischen Herrenhaus aus dem 19. Jahrhundert werden diese Schätze gesammelt. Jahrhundert. Die wechselnden Ausstellungen ziehen jedes Jahr zahlreiche Besucher an."
        ],
        "en": [
          "The Jacquemart-André Museum is the fruit of two love stories: that of the couple Édouard André and Nélie Jacquemart, and that of their love for the arts. Their entire life was devoted to collecting master paintings, sculptures, furniture, jewellery and tapestries... And it is in their majestic 19th century mansion that these treasures are gathered. Its temporary exhibitions attract many visitors each year."
        ],
        "it": [
          "Il Museo Jacquemart-André è il frutto di due storie d'amore: quella della coppia Édouard André e Nélie Jacquemart e quella delle arti. Tutta la loro vita è stata dedicata al collezionismo di dipinti, sculture, mobili, gioielli e arazzi Ed è nella loro maestosa dimora del XIX secolo che questi tesori vengono raccolti. Le sue mostre temporanee attirano ogni anno molti visitatori."
        ],
        "fr": [
          "Le musée Jacquemart-André est le fruit de deux histoires d’amour : celle du couple Édouard André et Nélie Jacquemart, et celle qu'ils entretiennent avec les arts. Leur vie entière est consacrée à la collection de peintures de maîtres, de sculptures, de mobilier, de joaillerie, de tapisseries… Et c’est dans leur majestueux hôtel particulier du XIXe siècle que sont rassemblés ces trésors. Ses expositions temporaires attirent chaque année de nombreux visiteurs."
        ],
        "nl": [
          "Het Jacquemart-André Museum is de vrucht van twee liefdesverhalen: dat van het echtpaar Édouard André en Nélie Jacquemart, en dat van de kunst. Hun hele leven was gewijd aan het verzamelen van meesterlijke schilderijen, beeldhouwwerken, meubels, juwelen en wandtapijten En het is in hun majestueuze 19e eeuwse herenhuis dat deze schatten worden verzameld. De tijdelijke tentoonstellingen trekken jaarlijks vele bezoekers."
        ],
        "es": [
          "El Museo Jacquemart-André es fruto de dos historias de amor: la de la pareja Édouard André y Nélie Jacquemart, y la de las artes. Toda su vida se dedicó a coleccionar pinturas, esculturas, muebles, joyas y tapices de maestros Y es en su majestuosa mansión del siglo XIX donde se reúnen estos tesoros. Sus exposiciones temporales atraen a muchos visitantes cada año."
        ]
      },
      "@type": [
        "Description"
      ],
      "hasTranslatedProperty": [
        {
          "@id": "https://data.datatourisme.fr/05a1e312-8bf9-3d8b-bb8f-39164b001255",
          "dc:contributor": [
            "https://api.deepl.com/v2/translate"
          ],
          "rdf:language": [
            "de"
          ],
          "rdf:predicate": [
            {
              "@id": "dc:description"
            }
          ]
        },
        {
          "@id": "https://data.datatourisme.fr/1930637d-4816-3eab-a294-32b270d5f807",
          "dc:contributor": [
            "https://api.deepl.com/v2/translate"
          ],
          "rdf:language": [
            "de"
          ],
          "rdf:predicate": [
            "shortDescription"
          ]
        },
        {
          "@id": "https://data.datatourisme.fr/1e4badc3-ece4-384f-896c-f472c826eb1c",
          "dc:contributor": [
            "https://api.deepl.com/v2/translate"
          ],
          "rdf:language": [
            "it"
          ],
          "rdf:predicate": [
            "shortDescription"
          ]
        },
        {
          "@id": "https://data.datatourisme.fr/36f86539-16c6-3cf3-afe7-15b13e89fc3f",
          "dc:contributor": [
            "https://api.deepl.com/v2/translate"
          ],
          "rdf:language": [
            "en"
          ],
          "rdf:predicate": [
            {
              "@id": "dc:description"
            }
          ]
        },
        {
          "@id": "https://data.datatourisme.fr/3fd51621-aec8-3c57-a899-0025df473b20",
          "dc:contributor": [
            "https://api.deepl.com/v2/translate"
          ],
          "rdf:language": [
            "nl"
          ],
          "rdf:predicate": [
            "shortDescription"
          ]
        },
        {
          "@id": "https://data.datatourisme.fr/513761ba-2e7e-37ed-9040-9d72663bded7",
          "dc:contributor": [
            "https://api.deepl.com/v2/translate"
          ],
          "rdf:language": [
            "en"
          ],
          "rdf:predicate": [
            "shortDescription"
          ]
        },
        {
          "@id": "https://data.datatourisme.fr/62baa890-707e-36b1-87a0-55653051dc6d",
          "dc:contributor": [
            "https://api.deepl.com/v2/translate"
          ],
          "rdf:language": [
            "es"
          ],
          "rdf:predicate": [
            {
              "@id": "dc:description"
            }
          ]
        },
        {
          "@id": "https://data.datatourisme.fr/7f9db57f-7ba5-3036-bc76-3c0ba16e5fb2",
          "dc:contributor": [
            "https://api.deepl.com/v2/translate"
          ],
          "rdf:language": [
            "es"
          ],
          "rdf:predicate": [
            "shortDescription"
          ]
        },
        {
          "@id": "https://data.datatourisme.fr/b71b1d18-92e7-3052-8d01-eeec0511d4a7",
          "dc:contributor": [
            "https://api.deepl.com/v2/translate"
          ],
          "rdf:language": [
            "nl"
          ],
          "rdf:predicate": [
            {
              "@id": "dc:description"
            }
          ]
        },
        {
          "@id": "https://data.datatourisme.fr/fe8d2021-af00-37a6-bc9e-a056ea18b7f2",
          "dc:contributor": [
            "https://api.deepl.com/v2/translate"
          ],
          "rdf:language": [
            "it"
          ],
          "rdf:predicate": [
            {
              "@id": "dc:description"
            }
          ]
        }
      ],
      "shortDescription": {
        "de": [
          "Das Jacquemart-André-Museum ist das Ergebnis zweier Liebesgeschichten: die des Ehepaars Édouard André und Nélie Jacquemart und die ihrer Liebe zur Kunst. Ihr ganzes Leben widmeten sie der Sammlung von Gemälden, Skulpturen, Möbeln, Schmuck und Wandteppichen In ihrem majestätischen Herrenhaus aus dem 19. Jahrhundert werden diese Schätze gesammelt. Jahrhundert. Die wechselnden Ausstellungen ziehen jedes Jahr zahlreiche Besucher an."
        ],
        "en": [
          "The Jacquemart-André Museum is the fruit of two love stories: that of the couple Édouard André and Nélie Jacquemart, and that of their love for the arts. Their entire life was devoted to collecting master paintings, sculptures, furniture, jewellery and tapestries... And it is in their majestic 19th century mansion that these treasures are gathered. Its temporary exhibitions attract many visitors each year."
        ],
        "it": [
          "Il Museo Jacquemart-André è il frutto di due storie d'amore: quella della coppia Édouard André e Nélie Jacquemart e quella delle arti. Tutta la loro vita è stata dedicata al collezionismo di dipinti, sculture, mobili, gioielli e arazzi Ed è nella loro maestosa dimora del XIX secolo che questi tesori vengono raccolti. Le sue mostre temporanee attirano ogni anno molti visitatori."
        ],
        "fr": [
          "Le musée Jacquemart-André est le fruit de deux histoires d’amour : celle du couple Édouard André et Nélie Jacquemart, et celle qu'ils entretiennent avec les arts. Leur vie entière est consacrée à la collection de peintures de maîtres, de sculptures, de mobilier, de joaillerie, de tapisseries… Et c’est dans leur majestueux hôtel particulier du XIXe siècle que sont rassemblés ces trésors. Ses expositions temporaires attirent chaque année de nombreux visiteurs."
        ],
        "nl": [
          "Het Jacquemart-André Museum is de vrucht van twee liefdesverhalen: dat van het echtpaar Édouard André en Nélie Jacquemart, en dat van de kunst. Hun hele leven was gewijd aan het verzamelen van meesterlijke schilderijen, beeldhouwwerken, meubels, juwelen en wandtapijten En het is in hun majestueuze 19e eeuwse herenhuis dat deze schatten worden verzameld. De tijdelijke tentoonstellingen trekken jaarlijks vele bezoekers."
        ],
        "es": [
          "El Museo Jacquemart-André es fruto de dos historias de amor: la de la pareja Édouard André y Nélie Jacquemart, y la de las artes. Toda su vida se dedicó a coleccionar pinturas, esculturas, muebles, joyas y tapices de maestros Y es en su majestuosa mansión del siglo XIX donde se reúnen estos tesoros. Sus exposiciones temporales atraen a muchos visitantes cada año."
        ]
      }
    }
  ],
  "hasRepresentation": [
    {
      "@id": "https://data.datatourisme.fr/4b5ce78f-53ae-3005-b91b-d92bb2d95078"
    },
    {
      "@id": "https://data.datatourisme.fr/84e2a33f-2ee7-3da0-a44b-55fa73418c1f"
    }
  ],
  "hasTranslatedProperty": [
    {
      "@id": "https://data.datatourisme.fr/4de88d3e-f9ca-3c17-817d-51c9cbde8926",
      "dc:contributor": [
        "https://api.deepl.com/v2/translate"
      ],
      "rdf:language": [
        "es"
      ],
      "rdf:predicate": [
        {
          "@id": "rdfs:comment"
        }
      ]
    },
    {
      "@id": "https://data.datatourisme.fr/88827e2d-c379-3636-9921-4fa632e0dcbf",
      "dc:contributor": [
        "https://api.deepl.com/v2/translate"
      ],
      "rdf:language": [
        "it"
      ],
      "rdf:predicate": [
        {
          "@id": "rdfs:comment"
        }
      ]
    },
    {
      "@id": "https://data.datatourisme.fr/a9fd7638-0ac6-31fd-b3c9-ec9c684050af",
      "dc:contributor": [
        "https://api.deepl.com/v2/translate"
      ],
      "rdf:language": [
        "de"
      ],
      "rdf:predicate": [
        {
          "@id": "rdfs:comment"
        }
      ]
    },
    {
      "@id": "https://data.datatourisme.fr/d8d6b56d-854f-394a-a76a-4c08503631de",
      "dc:contributor": [
        "https://api.deepl.com/v2/translate"
      ],
      "rdf:language": [
        "nl"
      ],
      "rdf:predicate": [
        {
          "@id": "rdfs:comment"
        }
      ]
    },
    {
      "@id": "https://data.datatourisme.fr/ffad2e81-1268-352f-bde3-78179126e4fa",
      "dc:contributor": [
        "https://api.deepl.com/v2/translate"
      ],
      "rdf:language": [
        "en"
      ],
      "rdf:predicate": [
        {
          "@id": "rdfs:comment"
        }
      ]
    }
  ],
  "isLocatedAt": [
    {
      "@id": "https://data.datatourisme.fr/ea39357a-5cc3-37c1-b6df-a6de8da47c35",
      "schema:address": [
        {
          "@id": "https://data.datatourisme.fr/8ec6b6ad-0441-3911-a5e0-0c35b26593bd",
          "schema:addressLocality": "Paris",
          "schema:postalCode": "75008",
          "schema:streetAddress": [
            "158 boulevard Haussmann"
          ],
          "@type": [
            "schema:PostalAddress",
            "PostalAddress"
          ],
          "hasAddressCity": {
            "@id": "kb:75056",
            "@type": [
              "City"
            ],
            "rdfs:label": {
              "de": [
                "Paris"
              ],
              "pt": [
                "Paris"
              ],
              "en": [
                "Paris"
              ],
              "it": [
                "Paris"
              ],
              "fr": [
                "Paris"
              ],
              "nl": [
                "Paris"
              ],
              "es": [
                "Paris"
              ]
            },
            "insee": "75056",
            "isPartOfDepartment": {
              "@id": "kb:France1175",
              "@type": [
                "Department"
              ],
              "rdfs:label": {
                "de": [
                  "Paris"
                ],
                "pt": [
                  "Paris"
                ],
                "en": [
                  "Paris"
                ],
                "it": [
                  "Paris"
                ],
                "fr": [
                  "Paris"
                ],
                "nl": [
                  "Paris"
                ],
                "es": [
                  "Paris"
                ]
              },
              "insee": "75",
              "isPartOfRegion": {
                "@id": "kb:France11",
                "@type": [
                  "Region"
                ],
                "rdfs:label": {
                  "de": [
                    "Île-de-France"
                  ],
                  "pt": [
                    "Île-de-France"
                  ],
                  "en": [
                    "Île-de-France"
                  ],
                  "it": [
                    "Île-de-France"
                  ],
                  "fr": [
                    "Île-de-France"
                  ],
                  "nl": [
                    "Île-de-France"
                  ],
                  "es": [
                    "Île-de-France"
                  ]
                },
                "insee": "11",
                "isPartOfCountry": {
                  "@id": "kb:France",
                  "@type": [
                    "schema:Country"
                  ],
                  "rdfs:label": {
                    "de": [
                      "France",
                      "Frankreich"
                    ],
                    "pt": [
                      "França",
                      "France"
                    ],
                    "en": [
                      "France"
                    ],
                    "it": [
                      "France",
                      "Francia"
                    ],
                    "fr": [
                      "France"
                    ],
                    "nl": [
                      "France",
                      "Frankrijk"
                    ],
                    "es": [
                      "France",
                      "Francia"
                    ]
                  }
                }
              }
            }
          }
        }
      ],
      "schema:geo": {
        "@id": "https://data.datatourisme.fr/9cedecfd-b09c-3ed7-ae9e-28ca7997f589",
        "schema:latitude": "48.8750259",
        "schema:longitude": "2.3107324000000062",
        "@type": [
          "schema:GeoCoordinates"
        ]
      },
      "schema:openingHoursSpecification": [
        {
          "@id": "https://data.datatourisme.fr/d557a7b3-8b13-3cca-97f9-b10c15cc2247",
          "@type": [
            "schema:OpeningHoursSpecification"
          ],
          "additionalInformation": {
            "de": [
              "Täglich, 10-18 Uhr."
            ],
            "en": [
              "Every day, 10am-6pm."
            ],
            "it": [
              "Tutti i giorni, dalle 10 alle 18."
            ],
            "fr": [
              "Tous les jours, 10h-18h."
            ],
            "es": [
              "Todos los días, de 10.00 a 18.00 h."
            ],
            "nl": [
              "Elke dag, van 10 tot 18 uur."
            ]
          },
          "hasTranslatedProperty": [
            {
              "@id": "https://data.datatourisme.fr/1d479c67-f3e3-3181-9788-5889d6a4eb1f",
              "dc:contributor": [
                "https://api.deepl.com/v2/translate"
              ],
              "rdf:language": [
                "es"
              ],
              "rdf:predicate": [
                "additionalInformation"
              ]
            },
            {
              "@id": "https://data.datatourisme.fr/483cba1a-212c-34c1-96a4-03dca0c57726",
              "dc:contributor": [
                "https://api.deepl.com/v2/translate"
              ],
              "rdf:language": [
                "nl"
              ],
              "rdf:predicate": [
                "additionalInformation"
              ]
            },
            {
              "@id": "https://data.datatourisme.fr/7980adba-30b0-3bfe-a122-64930155a4b9",
              "dc:contributor": [
                "https://api.deepl.com/v2/translate"
              ],
              "rdf:language": [
                "en"
              ],
              "rdf:predicate": [
                "additionalInformation"
              ]
            },
            {
              "@id": "https://data.datatourisme.fr/8e54b754-d7af-36fe-a346-0300333bc69b",
              "dc:contributor": [
                "https://api.deepl.com/v2/translate"
              ],
              "rdf:language": [
                "it"
              ],
              "rdf:predicate": [
                "additionalInformation"
              ]
            },
            {
              "@id": "https://data.datatourisme.fr/bfd65dce-f40d-3a72-a623-8423be8172c3",
              "dc:contributor": [
                "https://api.deepl.com/v2/translate"
              ],
              "rdf:language": [
                "de"
              ],
              "rdf:predicate": [
                "additionalInformation"
              ]
            }
          ]
        }
      ],
      "@type": [
        "schema:Place",
        "Place"
      ]
    }
  ],
  "lastUpdate": "2023-06-30",
  "lastUpdateDatatourisme": "2023-10-12T16:59:40.001Z"
}