{
  "@id": "https://data.datatourisme.fr/13/89327e81-a836-385f-98b6-1ee8b7691341",
  "dc:identifier": "5386725",
  "@type": [
    "schema:LocalBusiness",
    "schema:Product",
    "EquipmentRental",
    "EquipmentRentalShop",
    "PlaceOfInterest",
    "PointOfInterest",
    "Product",
    "Rental",
    "ServiceProvider",
    "Store"
  ],
  "rdfs:comment": {
    "de": [
      "Mieten Sie ein Ruderboot, um auf dem Lac Daumesnil im Bois de Vincennes zu fahren."
    ],
    "en": [
      "Rent a boat to sail on the Daumesnil lake in the Bois de Vincennes."
    ],
    "it": [
      "Noleggiate una barca per navigare sul lago Daumesnil nel Bois de Vincennes."
    ],
    "fr": [
      "Louez une barque pour naviguer sur le lac Daumesnil dans le bois de Vincennes."
    ],
    "nl": [
      "Huur een boot om te varen op het meer van Daumesnil in het Bois de Vincennes."
    ],
    "es": [
      "Alquile un barco para navegar por el lago de Daumesnil en el Bois de Vincennes."
    ]
  },
  "rdfs:label": {
    "de": [
      "Ruder Verleih am Daumesnilsee"
    ],
    "en": [
      "Boat rental on Lake Daumesnil"
    ],
    "fr": [
      "Location de barques sur le lac Daumesnil"
    ],
    "es": [
      "Alquiler de barco en el lago Daumesnil"
    ]
  },
  "hasBeenCreatedBy": {
    "@id": "https://data.datatourisme.fr/13/a3545bd7-9d31-39a7-ad3a-78690adf73fc",
    "dc:identifier": "1857",
    "schema:email": [
      "alexandra.picot@pemb.fr",
      "apicot@vincennes.fr",
      "aurore.joris@pemb.fr",
      "cabarnou@vincennes.fr",
      "christine.abarnou@pemb.fr",
      "geoffroy.regnauld@pemb.fr",
      "luana.ladouceur@pemb.fr"
    ],
    "schema:legalName": "Etablissement Public territorial Paris Est Marne et Bois",
    "@type": [
      "schema:Organization",
      "foaf:Agent",
      "Agent"
    ],
    "foaf:homepage": [
      "http://www.vincennes-tourisme.fr/"
    ]
  },
  "hasBeenPublishedBy": [
    {
      "@id": "https://data.datatourisme.fr/8a9feb4b-2cbd-3d2c-b507-bd6c6776b23b",
      "schema:legalName": "Apidae Tourisme Scic SA - source : Apidae Tourisme",
      "@type": [
        "schema:Organization",
        "foaf:Agent",
        "Agent"
      ],
      "foaf:homepage": [
        "https://www.apidae-tourisme.com/"
      ]
    }
  ],
  "hasContact": [
    {
      "@id": "https://data.datatourisme.fr/447826e8-24d1-316e-9931-5f500fe1c91a",
      "schema:email": [
        "barquesdaumesnil@yahoo.fr"
      ],
      "schema:telephone": [
        "+33 1 43 28 19 20"
      ],
      "@type": [
        "foaf:Agent",
        "Agent"
      ],
      "foaf:homepage": [
        "https://barques.org/"
      ]
    }
  ],
  "hasDescription": [
    {
      "@id": "https://data.datatourisme.fr/7a2186e5-a54f-32df-85d7-95d8765ed9d5",
      "@type": [
        "Description"
      ],
      "hasTranslatedProperty": [
        {
          "@id": "https://data.datatourisme.fr/8093b622-33d0-3300-827b-01aaeed28758",
          "dc:contributor": [
            "https://api.deepl.com/v2/translate"
          ],
          "rdf:language": [
            "de"
          ],
          "rdf:predicate": [
            "shortDescription"
          ]
        },
        {
          "@id": "https://data.datatourisme.fr/a7efaf0e-d620-32ef-b116-747d60d03584",
          "dc:contributor": [
            "https://api.deepl.com/v2/translate"
          ],
          "rdf:language": [
            "it"
          ],
          "rdf:predicate": [
            "shortDescription"
          ]
        },
        {
          "@id": "https://data.datatourisme.fr/b11a2a3f-b053-36c0-a7be-e660b077cd36",
          "dc:contributor": [
            "https://api.deepl.com/v2/translate"
          ],
          "rdf:language": [
            "nl"
          ],
          "rdf:predicate": [
            "shortDescription"
          ]
        },
        {
          "@id": "https://data.datatourisme.fr/bc096981-7134-3343-a9f1-96ec3a95d428",
          "dc:contributor": [
            "https://api.deepl.com/v2/translate"
          ],
          "rdf:language": [
            "en"
          ],
          "rdf:predicate": [
            "shortDescription"
          ]
        },
        {
          "@id": "https://data.datatourisme.fr/e443684d-c16f-390c-a9fd-64cdc6447a96",
          "dc:contributor": [
            "https://api.deepl.com/v2/translate"
          ],
          "rdf:language": [
            "es"
          ],
          "rdf:predicate": [
            "shortDescription"
          ]
        }
      ],
      "shortDescription": {
        "de": [
          "Mieten Sie ein Ruderboot, um auf dem Lac Daumesnil im Bois de Vincennes zu fahren."
        ],
        "en": [
          "Rent a boat to sail on the Daumesnil lake in the Bois de Vincennes."
        ],
        "it": [
          "Noleggiate una barca per navigare sul lago Daumesnil nel Bois de Vincennes."
        ],
        "fr": [
          "Louez une barque pour naviguer sur le lac Daumesnil dans le bois de Vincennes."
        ],
        "nl": [
          "Huur een boot om te varen op het meer van Daumesnil in het Bois de Vincennes."
        ],
        "es": [
          "Alquile un barco para navegar por el lago de Daumesnil en el Bois de Vincennes."
        ]
      }
    }
  ],
  "hasTranslatedProperty": [
    {
      "@id": "https://data.datatourisme.fr/2fdb69a0-7d0e-3060-8b38-a0b5795fad2b",
      "dc:contributor": [
        "https://api.deepl.com/v2/translate"
      ],
      "rdf:language": [
        "de"
      ],
      "rdf:predicate": [
        {
          "@id": "rdfs:comment"
        }
      ]
    },
    {
      "@id": "https://data.datatourisme.fr/32feaba1-1402-3e11-8b27-31b044245fd8",
      "dc:contributor": [
        "https://api.deepl.com/v2/translate"
      ],
      "rdf:language": [
        "en"
      ],
      "rdf:predicate": [
        {
          "@id": "rdfs:comment"
        }
      ]
    },
    {
      "@id": "https://data.datatourisme.fr/3cab29da-a38b-3fdc-ae9b-3dc63d151521",
      "dc:contributor": [
        "https://api.deepl.com/v2/translate"
      ],
      "rdf:language": [
        "es"
      ],
      "rdf:predicate": [
        {
          "@id": "rdfs:comment"
        }
      ]
    },
    {
      "@id": "https://data.datatourisme.fr/61b751b0-6a98-3716-b2cc-3868c39f3941",
      "dc:contributor": [
        "https://api.deepl.com/v2/translate"
      ],
      "rdf:language": [
        "it"
      ],
      "rdf:predicate": [
        {
          "@id": "rdfs:comment"
        }
      ]
    },
    {
      "@id": "https://data.datatourisme.fr/ac0a38b8-9ad7-351f-b3fb-da8decc54966",
      "dc:contributor": [
        "https://api.deepl.com/v2/translate"
      ],
      "rdf:language": [
        "nl"
      ],
      "rdf:predicate": [
        {
          "@id": "rdfs:comment"
        }
      ]
    }
  ],
  "isLocatedAt": [
    {
      "@id": "https://data.datatourisme.fr/5fe48207-fdcc-349f-9834-9cd9f954e449",
      "schema:address": [
        {
          "@id": "https://data.datatourisme.fr/14036ef6-37be-3ce5-8b66-6543e52198f9",
          "schema:addressLocality": "Paris",
          "schema:postalCode": "75012",
          "schema:streetAddress": [
            "Route de ceinture du lac"
          ],
          "@type": [
            "schema:PostalAddress",
            "PostalAddress"
          ],
          "hasAddressCity": {
            "@id": "kb:75056",
            "@type": [
              "City"
            ],
            "rdfs:label": {
              "de": [
                "Paris"
              ],
              "pt": [
                "Paris"
              ],
              "en": [
                "Paris"
              ],
              "it": [
                "Paris"
              ],
              "fr": [
                "Paris"
              ],
              "nl": [
                "Paris"
              ],
              "es": [
                "Paris"
              ]
            },
            "insee": "75056",
            "isPartOfDepartment": {
              "@id": "kb:France1175",
              "@type": [
                "Department"
              ],
              "rdfs:label": {
                "de": [
                  "Paris"
                ],
                "pt": [
                  "Paris"
                ],
                "en": [
                  "Paris"
                ],
                "it": [
                  "Paris"
                ],
                "fr": [
                  "Paris"
                ],
                "nl": [
                  "Paris"
                ],
                "es": [
                  "Paris"
                ]
              },
              "insee": "75",
              "isPartOfRegion": {
                "@id": "kb:France11",
                "@type": [
                  "Region"
                ],
                "rdfs:label": {
                  "de": [
                    "Île-de-France"
                  ],
                  "pt": [
                    "Île-de-France"
                  ],
                  "en": [
                    "Île-de-France"
                  ],
                  "it": [
                    "Île-de-France"
                  ],
                  "fr": [
                    "Île-de-France"
                  ],
                  "nl": [
                    "Île-de-France"
                  ],
                  "es": [
                    "Île-de-France"
                  ]
                },
                "insee": "11",
                "isPartOfCountry": {
                  "@id": "kb:France",
                  "@type": [
                    "schema:Country"
                  ],
                  "rdfs:label": {
                    "de": [
                      "France",
                      "Frankreich"
                    ],
                    "pt": [
                      "França",
                      "France"
                    ],
                    "en": [
                      "France"
                    ],
                    "it": [
                      "France",
                      "Francia"
                    ],
                    "fr": [
                      "France"
                    ],
                    "nl": [
                      "France",
                      "Frankrijk"
                    ],
                    "es": [
                      "France",
                      "Francia"
                    ]
                  }
                }
              }
            }
          }
        }
      ],
      "schema:geo": {
        "@id": "https://data.datatourisme.fr/113dbd07-75e0-3b7f-88e6-4449218b8c31",
        "schema:latitude": "48.832937",
        "schema:longitude": "2.409396",
        "@type": [
          "schema:GeoCoordinates"
        ]
      },
      "schema:openingHoursSpecification": [
        {
          "@id": "https://data.datatourisme.fr/9f98faff-a7b5-3edf-bb0e-2371024e8b0b",
          "schema:closes": "19:00:00",
          "schema:opens": "10:00:00",
          "schema:validFrom": "2023-02-15T00:00:00",
          "schema:validThrough": "2023-11-15T23:59:59",
          "@type": [
            "schema:OpeningHoursSpecification"
          ],
          "additionalInformation": {
            "de": [
              "Letzte Abfahrt 1 Stunde vor Einbruch der Dunkelheit."
            ],
            "en": [
              "Last departures 1 hour before nightfall."
            ],
            "it": [
              "Ultime partenze 1 ora prima del tramonto."
            ],
            "fr": [
              "Derniers départs 1 heure avant la tombée de la nuit."
            ],
            "es": [
              "Últimas salidas 1 hora antes del anochecer."
            ],
            "nl": [
              "Laatste vertrek 1 uur voor het vallen van de avond."
            ]
          },
          "hasTranslatedProperty": [
            {
              "@id": "https://data.datatourisme.fr/19af68fd-9dbe-3351-b266-3be1c4249d9a",
              "dc:contributor": [
                "https://api.deepl.com/v2/translate"
              ],
              "rdf:language": [
                "nl"
              ],
              "rdf:predicate": [
                "additionalInformation"
              ]
            },
            {
              "@id": "https://data.datatourisme.fr/62524cd4-b1da-3b4a-906c-39c20e97f9ab",
              "dc:contributor": [
                "https://api.deepl.com/v2/translate"
              ],
              "rdf:language": [
                "en"
              ],
              "rdf:predicate": [
                "additionalInformation"
              ]
            },
            {
              "@id": "https://data.datatourisme.fr/9bedf3e7-f243-35ec-a455-c3f2ce9df256",
              "dc:contributor": [
                "https://api.deepl.com/v2/translate"
              ],
              "rdf:language": [
                "es"
              ],
              "rdf:predicate": [
                "additionalInformation"
              ]
            },
            {
              "@id": "https://data.datatourisme.fr/bff8fa59-829a-34a0-9b77-0ff85bc1e205",
              "dc:contributor": [
                "https://api.deepl.com/v2/translate"
              ],
              "rdf:language": [
                "de"
              ],
              "rdf:predicate": [
                "additionalInformation"
              ]
            },
            {
              "@id": "https://data.datatourisme.fr/fa3c5914-2042-379f-9e26-46dc3c10c284",
              "dc:contributor": [
                "https://api.deepl.com/v2/translate"
              ],
              "rdf:language": [
                "it"
              ],
              "rdf:predicate": [
                "additionalInformation"
              ]
            }
          ]
        }
      ],
      "@type": [
        "schema:Place",
        "Place"
      ]
    }
  ],
  "isOwnedBy": [
    {
      "@id": "https://data.datatourisme.fr/dc4b7ce9-bde7-3965-ae07-9c9f14057735",
      "schema:email": [
        "alexandra.picot@pemb.fr",
        "apicot@vincennes.fr",
        "aurore.joris@pemb.fr",
        "cabarnou@vincennes.fr",
        "christine.abarnou@pemb.fr",
        "geoffroy.regnauld@pemb.fr",
        "luana.ladouceur@pemb.fr"
      ],
      "schema:legalName": "Etablissement Public territorial Paris Est Marne et Bois",
      "@type": [
        "schema:Organization",
        "foaf:Agent",
        "Agent"
      ],
      "foaf:homepage": [
        "http://www.vincennes-tourisme.fr/"
      ]
    }
  ],
  "lastUpdate": "2023-09-29",
  "lastUpdateDatatourisme": "2023-10-02T05:53:31.687Z"
}