{
  "@id": "https://data.datatourisme.fr/13/89a8c79a-f3e5-380c-b6da-959fe22a78cd",
  "dc:identifier": "679747",
  "@type": [
    "schema:Accommodation",
    "schema:Hotel",
    "schema:LodgingBusiness",
    "Accommodation",
    "Hotel",
    "HotelTrade",
    "PlaceOfInterest",
    "PointOfInterest"
  ],
  "rdfs:comment": {
    "de": [
      "Ein Hotel der ersten Kategorie vor den Toren von Paris und in der Nähe der großen Sehenswürdigkeiten von Seine Saint-Denis..."
    ],
    "en": [
      "The Ibis Styles Paris Saint-Ouen welcomes you in a modern setting away from the city center. The restaurant, with its pleasant covered terrace, is available to customers t enable them to enjoy the atmosphere of the riverbanks."
    ],
    "it": [
      "Un hotel di prima categoria alla periferia di Parigi, vicino alle principali attrazioni di Seine Saint-Denis..."
    ],
    "fr": [
      "Un hôtel de 1ère catégorie aux portes de Paris et proche des grands centres d’intérêt de la Seine Saint-Denis..."
    ],
    "es": [
      "Un hotel de primera categoría a las puertas de París y cerca de los puntos de interés de Seine-Saint-Denis..."
    ],
    "nl": [
      "Een hotel uit de 1e categorie aan de rand van Parijs en dicht bij de belangrijkste bezienswaardigheden van Seine Saint-Denis..."
    ]
  },
  "rdfs:label": {
    "fr": [
      "Novotel Suite Paris Porte De La Chapelle"
    ]
  },
  "hasBeenCreatedBy": {
    "@id": "https://data.datatourisme.fr/13/298923c8-1900-35e9-9288-b430794814c4",
    "dc:identifier": "1015",
    "schema:email": [
      "jt.charbonnier@plainecommunetourisme.com",
      "s.vallier@plainecommunetourisme.com",
      "webmarketer@plainecommunetourisme.com"
    ],
    "schema:legalName": "Office de Tourisme Plaine commune grand Paris",
    "@type": [
      "schema:Organization",
      "foaf:Agent",
      "Agent"
    ],
    "foaf:homepage": [
      "https://www.tourisme-plainecommune-paris.com/"
    ]
  },
  "hasBeenPublishedBy": [
    {
      "@id": "https://data.datatourisme.fr/8a9feb4b-2cbd-3d2c-b507-bd6c6776b23b",
      "schema:legalName": "Apidae Tourisme Scic SA - source : Apidae Tourisme",
      "@type": [
        "schema:Organization",
        "foaf:Agent",
        "Agent"
      ],
      "foaf:homepage": [
        "https://www.apidae-tourisme.com/"
      ]
    }
  ],
  "hasContact": [
    {
      "@id": "https://data.datatourisme.fr/c37f4c99-1b57-3fa9-8e1f-8a75224c68dc",
      "schema:email": [
        "h4983@accor.com"
      ],
      "schema:telephone": [
        "+33 1 49 46 39 39"
      ],
      "@type": [
        "foaf:Agent",
        "Agent"
      ],
      "foaf:homepage": [
        "http://www.novotel.com/"
      ]
    }
  ],
  "hasDescription": [
    {
      "@id": "https://data.datatourisme.fr/73388e2c-3d43-304b-9044-818c091e4d5a",
      "@type": [
        "Description"
      ],
      "hasTranslatedProperty": [
        {
          "@id": "https://data.datatourisme.fr/43ecb92b-b416-3b61-8325-ff1a14cddf0a",
          "dc:contributor": [
            "https://api.deepl.com/v2/translate"
          ],
          "rdf:language": [
            "de"
          ],
          "rdf:predicate": [
            "shortDescription"
          ]
        },
        {
          "@id": "https://data.datatourisme.fr/4e44845d-85cf-3acc-8628-10201aa7315b",
          "dc:contributor": [
            "https://api.deepl.com/v2/translate"
          ],
          "rdf:language": [
            "it"
          ],
          "rdf:predicate": [
            "shortDescription"
          ]
        },
        {
          "@id": "https://data.datatourisme.fr/511ead90-31e8-3af0-8d0d-c4bae5f4eacc",
          "dc:contributor": [
            "https://api.deepl.com/v2/translate"
          ],
          "rdf:language": [
            "nl"
          ],
          "rdf:predicate": [
            "shortDescription"
          ]
        }
      ],
      "shortDescription": {
        "de": [
          "Ein Hotel der ersten Kategorie vor den Toren von Paris und in der Nähe der großen Sehenswürdigkeiten von Seine Saint-Denis..."
        ],
        "en": [
          "The Ibis Styles Paris Saint-Ouen welcomes you in a modern setting away from the city center. The restaurant, with its pleasant covered terrace, is available to customers t enable them to enjoy the atmosphere of the riverbanks."
        ],
        "it": [
          "Un hotel di prima categoria alla periferia di Parigi, vicino alle principali attrazioni di Seine Saint-Denis..."
        ],
        "fr": [
          "Un hôtel de 1ère catégorie aux portes de Paris et proche des grands centres d’intérêt de la Seine Saint-Denis..."
        ],
        "es": [
          "Un hotel de primera categoría a las puertas de París y cerca de los puntos de interés de Seine-Saint-Denis..."
        ],
        "nl": [
          "Een hotel uit de 1e categorie aan de rand van Parijs en dicht bij de belangrijkste bezienswaardigheden van Seine Saint-Denis..."
        ]
      }
    }
  ],
  "hasTranslatedProperty": [
    {
      "@id": "https://data.datatourisme.fr/1e7f2661-cc32-38ac-98b6-51c258bd1649",
      "dc:contributor": [
        "https://api.deepl.com/v2/translate"
      ],
      "rdf:language": [
        "de"
      ],
      "rdf:predicate": [
        {
          "@id": "rdfs:comment"
        }
      ]
    },
    {
      "@id": "https://data.datatourisme.fr/9dfcacff-6b87-3791-afba-91d80d1528aa",
      "dc:contributor": [
        "https://api.deepl.com/v2/translate"
      ],
      "rdf:language": [
        "nl"
      ],
      "rdf:predicate": [
        {
          "@id": "rdfs:comment"
        }
      ]
    },
    {
      "@id": "https://data.datatourisme.fr/c8c8f68a-63cf-32da-823e-fc58e61fa0cc",
      "dc:contributor": [
        "https://api.deepl.com/v2/translate"
      ],
      "rdf:language": [
        "it"
      ],
      "rdf:predicate": [
        {
          "@id": "rdfs:comment"
        }
      ]
    }
  ],
  "isLocatedAt": [
    {
      "@id": "https://data.datatourisme.fr/90ca55a8-c979-3884-986d-96b6a070347a",
      "schema:address": [
        {
          "@id": "https://data.datatourisme.fr/39704407-54b6-3d9d-bf8e-be601ef8d882",
          "schema:addressLocality": "Paris",
          "schema:postalCode": "75018",
          "schema:streetAddress": [
            "1 impasse Marteau"
          ],
          "@type": [
            "schema:PostalAddress",
            "PostalAddress"
          ],
          "hasAddressCity": {
            "@id": "kb:75056",
            "@type": [
              "City"
            ],
            "rdfs:label": {
              "de": [
                "Paris"
              ],
              "pt": [
                "Paris"
              ],
              "en": [
                "Paris"
              ],
              "it": [
                "Paris"
              ],
              "fr": [
                "Paris"
              ],
              "nl": [
                "Paris"
              ],
              "es": [
                "Paris"
              ]
            },
            "insee": "75056",
            "isPartOfDepartment": {
              "@id": "kb:France1175",
              "@type": [
                "Department"
              ],
              "rdfs:label": {
                "de": [
                  "Paris"
                ],
                "pt": [
                  "Paris"
                ],
                "en": [
                  "Paris"
                ],
                "it": [
                  "Paris"
                ],
                "fr": [
                  "Paris"
                ],
                "nl": [
                  "Paris"
                ],
                "es": [
                  "Paris"
                ]
              },
              "insee": "75",
              "isPartOfRegion": {
                "@id": "kb:France11",
                "@type": [
                  "Region"
                ],
                "rdfs:label": {
                  "de": [
                    "Île-de-France"
                  ],
                  "pt": [
                    "Île-de-France"
                  ],
                  "en": [
                    "Île-de-France"
                  ],
                  "it": [
                    "Île-de-France"
                  ],
                  "fr": [
                    "Île-de-France"
                  ],
                  "nl": [
                    "Île-de-France"
                  ],
                  "es": [
                    "Île-de-France"
                  ]
                },
                "insee": "11",
                "isPartOfCountry": {
                  "@id": "kb:France",
                  "@type": [
                    "schema:Country"
                  ],
                  "rdfs:label": {
                    "de": [
                      "France",
                      "Frankreich"
                    ],
                    "pt": [
                      "França",
                      "France"
                    ],
                    "en": [
                      "France"
                    ],
                    "it": [
                      "France",
                      "Francia"
                    ],
                    "fr": [
                      "France"
                    ],
                    "nl": [
                      "France",
                      "Frankrijk"
                    ],
                    "es": [
                      "France",
                      "Francia"
                    ]
                  }
                }
              }
            }
          }
        }
      ],
      "schema:geo": {
        "@id": "https://data.datatourisme.fr/a3e09e6f-3d04-3d0e-816a-573b12657a6a",
        "schema:latitude": "48.901755",
        "schema:longitude": "2.359628",
        "@type": [
          "schema:GeoCoordinates"
        ]
      },
      "schema:openingHoursSpecification": [
        {
          "@id": "https://data.datatourisme.fr/f87e535a-636d-3343-ad63-8a03392e7511",
          "schema:validFrom": "2023-01-01T00:00:00",
          "schema:validThrough": "2023-12-31T23:59:59",
          "@type": [
            "schema:OpeningHoursSpecification"
          ]
        }
      ],
      "@type": [
        "schema:Place",
        "Place"
      ]
    }
  ],
  "isOwnedBy": [
    {
      "@id": "https://data.datatourisme.fr/0d295593-2e92-3cc3-8700-156dfc8eed88",
      "schema:email": [
        "jt.charbonnier@plainecommunetourisme.com",
        "s.vallier@plainecommunetourisme.com",
        "webmarketer@plainecommunetourisme.com"
      ],
      "schema:legalName": "Office de Tourisme Plaine commune grand Paris",
      "@type": [
        "schema:Organization",
        "foaf:Agent",
        "Agent"
      ],
      "foaf:homepage": [
        "https://www.tourisme-plainecommune-paris.com/"
      ]
    }
  ],
  "lastUpdate": "2023-06-27",
  "lastUpdateDatatourisme": "2023-10-02T05:53:31.691Z",
  "offers": [
    {
      "@id": "https://data.datatourisme.fr/aee2fca9-82eb-3085-b8f2-b0f5cda35b57",
      "schema:priceSpecification": [
        {
          "@id": "https://data.datatourisme.fr/ea47b1d0-c2cf-392b-a8d6-43eaf40f8c34",
          "schema:maxPrice": [
            "255",
            "275",
            "295"
          ],
          "schema:minPrice": [
            "130",
            "15",
            "150",
            "170"
          ],
          "schema:priceCurrency": "EUR",
          "@type": [
            "schema:PriceSpecification",
            "PriceSpecification"
          ],
          "appliesOnPeriod": [
            {
              "@id": "https://data.datatourisme.fr/134b755c-4075-31b4-827d-ae1bf4fed0de",
              "@type": [
                "Period"
              ],
              "endDate": "2017-12-31",
              "startDate": "2017-01-01"
            }
          ]
        }
      ],
      "@type": [
        "schema:Offer",
        "Offer"
      ]
    }
  ]
}