{
  "@id": "https://data.datatourisme.fr/13/0077b763-c14e-3fc0-b541-02bdcffccbc7",
  "dc:identifier": "6019005",
  "@type": [
    "schema:NightClub",
    "NightClub",
    "PlaceOfInterest",
    "PointOfInterest",
    "SportsAndLeisurePlace"
  ],
  "rdfs:comment": {
    "de": [
      "Im Herzen des Marais, eine queer-feministische Bar mit einem eklektischen Programm! Ein Ort, an dem gegen alle Diskriminierungen gekämpft wird und der schrecklich engagiert ist!"
    ],
    "en": [
      "In the heart of the Marais, a feminist queer bar with an eclectic program! A place to fight against all discriminations and terribly committed!"
    ],
    "it": [
      "Nel cuore del Marais, un bar queer femminista con un programma eclettico! Un luogo dove lottare contro tutte le discriminazioni e terribilmente impegnato!"
    ],
    "fr": [
      "Au cœur du marais, un bar queer féministe à la programmation éclectique ! Lieu de lutte contre toutes les discriminations et terriblement engagé !"
    ],
    "nl": [
      "In het hart van de Marais, een queer feministische bar met een eclectisch programma! Een plek om te strijden tegen alle discriminaties en vreselijk geëngageerd!"
    ],
    "es": [
      "En el corazón del Marais, un bar feminista queer con una programación ecléctica ¡Un lugar para luchar contra todas las discriminaciones y terriblemente comprometido!"
    ]
  },
  "rdfs:label": {
    "fr": [
      "La Mutinerie"
    ]
  },
  "hasBeenCreatedBy": {
    "@id": "https://data.datatourisme.fr/13/03e0704b-5690-32de-a186-1dc3ad3316c9",
    "dc:identifier": "1019",
    "schema:email": [
      "bgeigle@visitparisregion.com",
      "hcaldo@visitparisregion.com",
      "mtanaskovic@visitparisregion.com"
    ],
    "schema:legalName": "Choose Paris Region",
    "@type": [
      "schema:Organization",
      "foaf:Agent",
      "Agent"
    ],
    "foaf:homepage": [
      "http://www.visitparisregion.com/"
    ]
  },
  "hasBeenPublishedBy": [
    {
      "@id": "https://data.datatourisme.fr/8a9feb4b-2cbd-3d2c-b507-bd6c6776b23b",
      "schema:legalName": "Apidae Tourisme Scic SA - source : Apidae Tourisme",
      "@type": [
        "schema:Organization",
        "foaf:Agent",
        "Agent"
      ],
      "foaf:homepage": [
        "https://www.apidae-tourisme.com/"
      ]
    }
  ],
  "hasContact": [
    {
      "@id": "https://data.datatourisme.fr/6bcb350f-498d-391c-a7d8-ce9506d31936",
      "schema:email": [
        "contact@lamutinerie.eu"
      ],
      "schema:telephone": [
        "+33 1 42 72 70 59"
      ],
      "@type": [
        "foaf:Agent",
        "Agent"
      ],
      "foaf:homepage": [
        "https://www.lamutinerie.eu/"
      ]
    }
  ],
  "hasDescription": [
    {
      "@id": "https://data.datatourisme.fr/dbf82738-130f-35e2-9545-1c7cd24894f1",
      "@type": [
        "Description"
      ],
      "hasTranslatedProperty": [
        {
          "@id": "https://data.datatourisme.fr/685681c8-fee3-3b16-be79-2c1a5ac3bb5c",
          "dc:contributor": [
            "https://api.deepl.com/v2/translate"
          ],
          "rdf:language": [
            "es"
          ],
          "rdf:predicate": [
            "shortDescription"
          ]
        },
        {
          "@id": "https://data.datatourisme.fr/8b4f5ff8-b69d-3b60-a9fd-6a86b428a2d8",
          "dc:contributor": [
            "https://api.deepl.com/v2/translate"
          ],
          "rdf:language": [
            "en"
          ],
          "rdf:predicate": [
            "shortDescription"
          ]
        },
        {
          "@id": "https://data.datatourisme.fr/ad020d08-ae4a-3919-b1f8-173fc7b595d6",
          "dc:contributor": [
            "https://api.deepl.com/v2/translate"
          ],
          "rdf:language": [
            "it"
          ],
          "rdf:predicate": [
            "shortDescription"
          ]
        },
        {
          "@id": "https://data.datatourisme.fr/b886c202-27e5-3077-ba89-bca48f0a43ca",
          "dc:contributor": [
            "https://api.deepl.com/v2/translate"
          ],
          "rdf:language": [
            "nl"
          ],
          "rdf:predicate": [
            "shortDescription"
          ]
        },
        {
          "@id": "https://data.datatourisme.fr/e582bf1b-7bf5-32f0-b203-e8eb1c5ce499",
          "dc:contributor": [
            "https://api.deepl.com/v2/translate"
          ],
          "rdf:language": [
            "de"
          ],
          "rdf:predicate": [
            "shortDescription"
          ]
        }
      ],
      "shortDescription": {
        "de": [
          "Im Herzen des Marais, eine queer-feministische Bar mit einem eklektischen Programm! Ein Ort, an dem gegen alle Diskriminierungen gekämpft wird und der schrecklich engagiert ist!"
        ],
        "en": [
          "In the heart of the Marais, a feminist queer bar with an eclectic program! A place to fight against all discriminations and terribly committed!"
        ],
        "it": [
          "Nel cuore del Marais, un bar queer femminista con un programma eclettico! Un luogo dove lottare contro tutte le discriminazioni e terribilmente impegnato!"
        ],
        "fr": [
          "Au cœur du marais, un bar queer féministe à la programmation éclectique ! Lieu de lutte contre toutes les discriminations et terriblement engagé !"
        ],
        "nl": [
          "In het hart van de Marais, een queer feministische bar met een eclectisch programma! Een plek om te strijden tegen alle discriminaties en vreselijk geëngageerd!"
        ],
        "es": [
          "En el corazón del Marais, un bar feminista queer con una programación ecléctica ¡Un lugar para luchar contra todas las discriminaciones y terriblemente comprometido!"
        ]
      }
    }
  ],
  "hasTranslatedProperty": [
    {
      "@id": "https://data.datatourisme.fr/024f9f23-d769-354c-ab75-d94f0579fbfa",
      "dc:contributor": [
        "https://api.deepl.com/v2/translate"
      ],
      "rdf:language": [
        "it"
      ],
      "rdf:predicate": [
        {
          "@id": "rdfs:comment"
        }
      ]
    },
    {
      "@id": "https://data.datatourisme.fr/30314ad6-6cbd-382b-a156-ed11301f20ff",
      "dc:contributor": [
        "https://api.deepl.com/v2/translate"
      ],
      "rdf:language": [
        "en"
      ],
      "rdf:predicate": [
        {
          "@id": "rdfs:comment"
        }
      ]
    },
    {
      "@id": "https://data.datatourisme.fr/4301d29d-f5d5-35d4-a70c-d75a3ea70407",
      "dc:contributor": [
        "https://api.deepl.com/v2/translate"
      ],
      "rdf:language": [
        "de"
      ],
      "rdf:predicate": [
        {
          "@id": "rdfs:comment"
        }
      ]
    },
    {
      "@id": "https://data.datatourisme.fr/e91a9346-f5ef-3fd1-9407-7dbba2466638",
      "dc:contributor": [
        "https://api.deepl.com/v2/translate"
      ],
      "rdf:language": [
        "nl"
      ],
      "rdf:predicate": [
        {
          "@id": "rdfs:comment"
        }
      ]
    },
    {
      "@id": "https://data.datatourisme.fr/fd0756dc-5b4b-38a8-aa72-f65899aa0099",
      "dc:contributor": [
        "https://api.deepl.com/v2/translate"
      ],
      "rdf:language": [
        "es"
      ],
      "rdf:predicate": [
        {
          "@id": "rdfs:comment"
        }
      ]
    }
  ],
  "isLocatedAt": [
    {
      "@id": "https://data.datatourisme.fr/44747748-9b56-3037-bec0-fc2160d6c5fd",
      "schema:address": [
        {
          "@id": "https://data.datatourisme.fr/6a510c99-287d-3cd7-aacd-8ae529cc9e58",
          "schema:addressLocality": "Paris 3e Arrondissement",
          "schema:postalCode": "75003",
          "schema:streetAddress": [
            "176-178 Rue Saint-Martin"
          ],
          "@type": [
            "schema:PostalAddress",
            "PostalAddress"
          ],
          "hasAddressCity": {
            "@id": "kb:75103",
            "@type": [
              "City"
            ],
            "rdfs:label": {
              "de": [
                "Paris 3e Arrondissement"
              ],
              "pt": [
                "Paris 3e Arrondissement"
              ],
              "en": [
                "Paris 3e Arrondissement"
              ],
              "it": [
                "Paris 3e Arrondissement"
              ],
              "fr": [
                "Paris 3e Arrondissement"
              ],
              "nl": [
                "Paris 3e Arrondissement"
              ],
              "es": [
                "Paris 3e Arrondissement"
              ]
            },
            "insee": "75103",
            "isPartOfDepartment": {
              "@id": "kb:France1175",
              "@type": [
                "Department"
              ],
              "rdfs:label": {
                "de": [
                  "Paris"
                ],
                "pt": [
                  "Paris"
                ],
                "en": [
                  "Paris"
                ],
                "it": [
                  "Paris"
                ],
                "fr": [
                  "Paris"
                ],
                "nl": [
                  "Paris"
                ],
                "es": [
                  "Paris"
                ]
              },
              "insee": "75",
              "isPartOfRegion": {
                "@id": "kb:France11",
                "@type": [
                  "Region"
                ],
                "rdfs:label": {
                  "de": [
                    "Île-de-France"
                  ],
                  "pt": [
                    "Île-de-France"
                  ],
                  "en": [
                    "Île-de-France"
                  ],
                  "it": [
                    "Île-de-France"
                  ],
                  "fr": [
                    "Île-de-France"
                  ],
                  "nl": [
                    "Île-de-France"
                  ],
                  "es": [
                    "Île-de-France"
                  ]
                },
                "insee": "11",
                "isPartOfCountry": {
                  "@id": "kb:France",
                  "@type": [
                    "schema:Country"
                  ],
                  "rdfs:label": {
                    "de": [
                      "France",
                      "Frankreich"
                    ],
                    "pt": [
                      "França",
                      "France"
                    ],
                    "en": [
                      "France"
                    ],
                    "it": [
                      "France",
                      "Francia"
                    ],
                    "fr": [
                      "France"
                    ],
                    "nl": [
                      "France",
                      "Frankrijk"
                    ],
                    "es": [
                      "France",
                      "Francia"
                    ]
                  }
                }
              }
            }
          }
        }
      ],
      "schema:geo": {
        "@id": "https://data.datatourisme.fr/db3a2314-a4cb-33ef-8b54-40b0cf63784c",
        "schema:latitude": "48.862549",
        "schema:longitude": "2.352239",
        "@type": [
          "schema:GeoCoordinates"
        ]
      },
      "schema:openingHoursSpecification": [
        {
          "@id": "https://data.datatourisme.fr/eef6f459-b3ed-3721-b896-3e3c4fb80fef",
          "schema:closes": "01:30:00",
          "schema:opens": "17:00:00",
          "schema:validFrom": "2023-01-01T00:00:00",
          "schema:validThrough": "2023-12-31T23:59:59",
          "@type": [
            "schema:OpeningHoursSpecification"
          ]
        }
      ],
      "@type": [
        "schema:Place",
        "Place"
      ]
    }
  ],
  "isOwnedBy": [
    {
      "@id": "https://data.datatourisme.fr/26ecd6f0-563c-356a-b0f9-ad3ec17effc4",
      "schema:email": [
        "bgeigle@visitparisregion.com",
        "hcaldo@visitparisregion.com",
        "mtanaskovic@visitparisregion.com"
      ],
      "schema:legalName": "Comité Régional du Tourisme Paris Ile de France",
      "@type": [
        "schema:Organization",
        "foaf:Agent",
        "Agent"
      ],
      "foaf:homepage": [
        "http://www.visitparisregion.com/"
      ]
    }
  ],
  "lastUpdate": "2023-08-02",
  "lastUpdateDatatourisme": "2023-10-02T05:53:31.682Z"
}