{
  "@id": "https://data.datatourisme.fr/13/9a447cb3-3543-3629-8e29-5d6af5c20036",
  "dc:identifier": "5173507",
  "@type": [
    "olo:OrderedList",
    "CyclingTour",
    "PlaceOfInterest",
    "PointOfInterest",
    "SportsAndLeisurePlace",
    "Tour"
  ],
  "rdfs:comment": {
    "de": [
      "Die Gorges du Doux sind atemberaubend und wir bieten Ihnen die Möglichkeit, sie zweimal zum Preis von einem zu entdecken. Hinauf mit dem authentischen Dampfzug der Ardèche und hinunter mit dem Fahrrad auf den malerischen Straßen der Ardèche."
    ],
    "en": [
      "Get on board the Mastrou, a genuine steam train, and follow the Doux Valley\r\nuphill to Lamastre then, all the way back, downhill to Tournon-sur-Rhône."
    ],
    "it": [
      "Le Gole del Doux sono mozzafiato e vi suggeriamo di scoprirle due volte al prezzo di una. In salita, a bordo dell'autentico treno a vapore dell'Ardèche, e in discesa, in bicicletta, sulle pittoresche strade dell'Ardèche."
    ],
    "fr": [
      "Les Gorges du Doux sont époustouflantes, et nous vous proposons de les découvrir deux fois pour le prix d'une. A la montée, à bord de l'authentique train à vapeur de l'Ardèche, et à la descente, en vélo, sur les pittoresques routes ardéchoises."
    ],
    "es": [
      "Las Gargantas del Doux son impresionantes, y le sugerimos que las descubra dos veces por el precio de una. Al subir, a bordo del auténtico tren de vapor de Ardèche, y al bajar, en bicicleta, por las pintorescas carreteras de Ardèche."
    ],
    "nl": [
      "De Doux Gorges zijn adembenemend, en wij stellen voor dat u ze twee keer ontdekt voor de prijs van één. Op de heenweg, aan boord van de authentieke stoomtrein van de Ardèche, en op de terugweg, per fiets, over de schilderachtige wegen van de Ardèche."
    ]
  },
  "rdfs:label": {
    "en": [
      "E bike Tour : The Doux valley by train and bike"
    ],
    "fr": [
      "Circuit VAE : La vallée du Doux"
    ]
  },
  "hasBeenCreatedBy": {
    "@id": "https://data.datatourisme.fr/13/185c29dc-2432-3934-ae37-7cfda20e414c",
    "dc:identifier": "627",
    "schema:email": [
      "a.ferrel@ah-tourisme.com",
      "d.mathieu@ah-tourisme.com",
      "s.monneron@ah-tourisme.com"
    ],
    "schema:legalName": "Ardèche Hermitage Tourisme",
    "@type": [
      "schema:Organization",
      "foaf:Agent",
      "Agent"
    ],
    "foaf:homepage": [
      "http://ardeche-hermitage.com/"
    ]
  },
  "hasBeenPublishedBy": [
    {
      "@id": "https://data.datatourisme.fr/dbca899d-3f22-364b-b99d-40af1e917c58",
      "schema:legalName": "Agence de Développement Touristique de l'Ardèche - source : Apidae Tourisme",
      "@type": [
        "schema:Organization",
        "foaf:Agent",
        "Agent"
      ],
      "foaf:homepage": [
        "https://www.apidae-tourisme.com/"
      ]
    }
  ],
  "hasContact": [
    {
      "@id": "https://data.datatourisme.fr/eb8a97ad-6dfa-33b4-9889-3bacb2c55ccf",
      "schema:email": [
        "info@ah-tourisme.com"
      ],
      "schema:telephone": [
        "+33 4 75 08 10 23"
      ],
      "@type": [
        "foaf:Agent",
        "Agent"
      ],
      "foaf:homepage": [
        "https://rando-ardeche-hermitage.fr/velo-a-assistance-electrique/la-vallee-du-doux/"
      ]
    }
  ],
  "hasDescription": [
    {
      "@id": "https://data.datatourisme.fr/c0f80d24-c5ad-3e50-a65d-fc6ac96025ab",
      "@type": [
        "Description"
      ],
      "hasTranslatedProperty": [
        {
          "@id": "https://data.datatourisme.fr/54359840-4475-379d-ae95-923488fcefea",
          "dc:contributor": [
            "https://api.deepl.com/v2/translate"
          ],
          "rdf:language": [
            "nl"
          ],
          "rdf:predicate": [
            "shortDescription"
          ]
        },
        {
          "@id": "https://data.datatourisme.fr/708bdf97-21b2-3aa3-a112-f5844a56a663",
          "dc:contributor": [
            "https://api.deepl.com/v2/translate"
          ],
          "rdf:language": [
            "es"
          ],
          "rdf:predicate": [
            "shortDescription"
          ]
        },
        {
          "@id": "https://data.datatourisme.fr/7473333d-7551-3bd0-b5d8-9842c2ba1ac5",
          "dc:contributor": [
            "https://api.deepl.com/v2/translate"
          ],
          "rdf:language": [
            "it"
          ],
          "rdf:predicate": [
            "shortDescription"
          ]
        },
        {
          "@id": "https://data.datatourisme.fr/fb72c578-c94a-38ef-b72a-8167c297c30b",
          "dc:contributor": [
            "https://api.deepl.com/v2/translate"
          ],
          "rdf:language": [
            "de"
          ],
          "rdf:predicate": [
            "shortDescription"
          ]
        }
      ],
      "shortDescription": {
        "de": [
          "Die Gorges du Doux sind atemberaubend und wir bieten Ihnen die Möglichkeit, sie zweimal zum Preis von einem zu entdecken. Hinauf mit dem authentischen Dampfzug der Ardèche und hinunter mit dem Fahrrad auf den malerischen Straßen der Ardèche."
        ],
        "en": [
          "Get on board the Mastrou, a genuine steam train, and follow the Doux Valley\r\nuphill to Lamastre then, all the way back, downhill to Tournon-sur-Rhône."
        ],
        "it": [
          "Le Gole del Doux sono mozzafiato e vi suggeriamo di scoprirle due volte al prezzo di una. In salita, a bordo dell'autentico treno a vapore dell'Ardèche, e in discesa, in bicicletta, sulle pittoresche strade dell'Ardèche."
        ],
        "fr": [
          "Les Gorges du Doux sont époustouflantes, et nous vous proposons de les découvrir deux fois pour le prix d'une. A la montée, à bord de l'authentique train à vapeur de l'Ardèche, et à la descente, en vélo, sur les pittoresques routes ardéchoises."
        ],
        "es": [
          "Las Gargantas del Doux son impresionantes, y le sugerimos que las descubra dos veces por el precio de una. Al subir, a bordo del auténtico tren de vapor de Ardèche, y al bajar, en bicicleta, por las pintorescas carreteras de Ardèche."
        ],
        "nl": [
          "De Doux Gorges zijn adembenemend, en wij stellen voor dat u ze twee keer ontdekt voor de prijs van één. Op de heenweg, aan boord van de authentieke stoomtrein van de Ardèche, en op de terugweg, per fiets, over de schilderachtige wegen van de Ardèche."
        ]
      }
    }
  ],
  "hasTheme": [
    {
      "@id": "kb:Bike",
      "@type": [
        "SportsTheme"
      ],
      "rdfs:label": {
        "de": [
          "Fahrrad"
        ],
        "pt": [
          "Bicicleta"
        ],
        "en": [
          "Bike"
        ],
        "it": [
          "Bicicletta"
        ],
        "fr": [
          "Vélo"
        ],
        "nl": [
          "Fiets"
        ],
        "es": [
          "Bicicleta"
        ]
      }
    },
    {
      "@id": "kb:ElectricallyAssistedBicycle",
      "@type": [
        "SportsTheme"
      ],
      "rdfs:label": {
        "de": [
          "Ladestation für Elektrofahrräder"
        ],
        "pt": [
          "Bicicleta elétrica"
        ],
        "en": [
          "Electrically assisted bicycle"
        ],
        "it": [
          "Bicicletta a pedalata assistita"
        ],
        "fr": [
          "Vélo à assistance électrique, VAE"
        ],
        "nl": [
          "Elektrische fiets"
        ],
        "es": [
          "Bicicleta eléctrica, VAE"
        ]
      }
    }
  ],
  "hasTranslatedProperty": [
    {
      "@id": "https://data.datatourisme.fr/2ec3da4c-a700-34be-9fcc-46c1c8f4f521",
      "dc:contributor": [
        "https://api.deepl.com/v2/translate"
      ],
      "rdf:language": [
        "es"
      ],
      "rdf:predicate": [
        {
          "@id": "rdfs:comment"
        }
      ]
    },
    {
      "@id": "https://data.datatourisme.fr/51e67679-2197-31fb-be71-d67d3efc3980",
      "dc:contributor": [
        "https://api.deepl.com/v2/translate"
      ],
      "rdf:language": [
        "it"
      ],
      "rdf:predicate": [
        {
          "@id": "rdfs:comment"
        }
      ]
    },
    {
      "@id": "https://data.datatourisme.fr/b92b0ca0-9951-375f-902e-6bafa7d38f8a",
      "dc:contributor": [
        "https://api.deepl.com/v2/translate"
      ],
      "rdf:language": [
        "de"
      ],
      "rdf:predicate": [
        {
          "@id": "rdfs:comment"
        }
      ]
    },
    {
      "@id": "https://data.datatourisme.fr/d816c34a-c09e-3d56-b550-80034a37f346",
      "dc:contributor": [
        "https://api.deepl.com/v2/translate"
      ],
      "rdf:language": [
        "nl"
      ],
      "rdf:predicate": [
        {
          "@id": "rdfs:comment"
        }
      ]
    }
  ],
  "isLocatedAt": [
    {
      "@id": "https://data.datatourisme.fr/ca8fe057-d51a-37c7-aced-8085f3feffba",
      "schema:address": [
        {
          "@id": "https://data.datatourisme.fr/a528b340-f91a-30a4-bee1-ece0c52d758b",
          "schema:addressLocality": "Saint-Jean-de-Muzols",
          "schema:postalCode": "07300",
          "schema:streetAddress": [
            "Gare du train de l'Ardèche"
          ],
          "@type": [
            "schema:PostalAddress",
            "PostalAddress"
          ],
          "hasAddressCity": {
            "@id": "kb:07245",
            "@type": [
              "City"
            ],
            "rdfs:label": {
              "de": [
                "Saint-Jean-de-Muzols"
              ],
              "pt": [
                "Saint-Jean-de-Muzols"
              ],
              "en": [
                "Saint-Jean-de-Muzols"
              ],
              "it": [
                "Saint-Jean-de-Muzols"
              ],
              "fr": [
                "Saint-Jean-de-Muzols"
              ],
              "nl": [
                "Saint-Jean-de-Muzols"
              ],
              "es": [
                "Saint-Jean-de-Muzols"
              ]
            },
            "insee": "07245",
            "isPartOfDepartment": {
              "@id": "kb:France8407",
              "@type": [
                "Department"
              ],
              "rdfs:label": {
                "de": [
                  "Ardèche"
                ],
                "pt": [
                  "Ardèche"
                ],
                "en": [
                  "Ardèche"
                ],
                "it": [
                  "Ardèche"
                ],
                "fr": [
                  "Ardèche"
                ],
                "nl": [
                  "Ardèche"
                ],
                "es": [
                  "Ardèche"
                ]
              },
              "insee": "07",
              "isPartOfRegion": {
                "@id": "kb:France84",
                "@type": [
                  "Region"
                ],
                "rdfs:label": {
                  "de": [
                    "Auvergne-Rhône-Alpes"
                  ],
                  "pt": [
                    "Auvergne-Rhône-Alpes"
                  ],
                  "en": [
                    "Auvergne-Rhône-Alpes"
                  ],
                  "it": [
                    "Auvergne-Rhône-Alpes"
                  ],
                  "fr": [
                    "Auvergne-Rhône-Alpes"
                  ],
                  "nl": [
                    "Auvergne-Rhône-Alpes"
                  ],
                  "es": [
                    "Auvergne-Rhône-Alpes"
                  ]
                },
                "insee": "84",
                "isPartOfCountry": {
                  "@id": "kb:France",
                  "@type": [
                    "schema:Country"
                  ],
                  "rdfs:label": {
                    "de": [
                      "France",
                      "Frankreich"
                    ],
                    "pt": [
                      "França",
                      "France"
                    ],
                    "en": [
                      "France"
                    ],
                    "it": [
                      "France",
                      "Francia"
                    ],
                    "fr": [
                      "France"
                    ],
                    "nl": [
                      "France",
                      "Frankrijk"
                    ],
                    "es": [
                      "France",
                      "Francia"
                    ]
                  }
                }
              }
            }
          }
        }
      ],
      "schema:geo": {
        "@id": "https://data.datatourisme.fr/ea829cc4-6636-3635-920a-67a56315f2b8",
        "schema:elevation": "400",
        "schema:latitude": "45.067521",
        "schema:longitude": "4.788343",
        "@type": [
          "schema:GeoCoordinates"
        ]
      },
      "schema:openingHoursSpecification": [
        {
          "@id": "https://data.datatourisme.fr/5787876e-22ec-3057-a9d3-6c918e6c0b89",
          "schema:validFrom": "2023-01-01T00:00:00",
          "schema:validThrough": "2023-12-31T23:59:59",
          "@type": [
            "schema:OpeningHoursSpecification"
          ],
          "additionalInformation": {
            "de": [
              "Beste Jahreszeit: Mai bis Oktober"
            ],
            "en": [
              "Best season: May to October"
            ],
            "it": [
              "Stagione migliore: da maggio a ottobre"
            ],
            "fr": [
              "Meilleure saison : mai à octobre"
            ],
            "es": [
              "Mejor temporada: de mayo a octubre"
            ],
            "nl": [
              "Beste seizoen: mei tot oktober"
            ]
          },
          "hasTranslatedProperty": [
            {
              "@id": "https://data.datatourisme.fr/1bc6082f-4a2e-3773-a23e-a752b6f3db61",
              "dc:contributor": [
                "https://api.deepl.com/v2/translate"
              ],
              "rdf:language": [
                "es"
              ],
              "rdf:predicate": [
                "additionalInformation"
              ]
            },
            {
              "@id": "https://data.datatourisme.fr/4e1be5bf-f861-3984-8521-5070c3872a87",
              "dc:contributor": [
                "https://api.deepl.com/v2/translate"
              ],
              "rdf:language": [
                "nl"
              ],
              "rdf:predicate": [
                "additionalInformation"
              ]
            },
            {
              "@id": "https://data.datatourisme.fr/6f18b3c1-965c-3bd0-8f0a-6748bd61b60f",
              "dc:contributor": [
                "https://api.deepl.com/v2/translate"
              ],
              "rdf:language": [
                "it"
              ],
              "rdf:predicate": [
                "additionalInformation"
              ]
            },
            {
              "@id": "https://data.datatourisme.fr/a48de503-b7c8-37ac-afdf-abb6917c09e4",
              "dc:contributor": [
                "https://api.deepl.com/v2/translate"
              ],
              "rdf:language": [
                "en"
              ],
              "rdf:predicate": [
                "additionalInformation"
              ]
            },
            {
              "@id": "https://data.datatourisme.fr/dacb4638-c2a1-36af-a1c1-c9e27c292cfa",
              "dc:contributor": [
                "https://api.deepl.com/v2/translate"
              ],
              "rdf:language": [
                "de"
              ],
              "rdf:predicate": [
                "additionalInformation"
              ]
            }
          ]
        }
      ],
      "@type": [
        "schema:Place",
        "Place"
      ]
    }
  ],
  "isOwnedBy": [
    {
      "@id": "https://data.datatourisme.fr/e485229f-e26b-3c2e-8f16-ebf98c03d1e5",
      "schema:email": [
        "a.ferrel@ah-tourisme.com",
        "d.mathieu@ah-tourisme.com",
        "s.monneron@ah-tourisme.com"
      ],
      "schema:legalName": "Ardèche Hermitage Tourisme",
      "@type": [
        "schema:Organization",
        "foaf:Agent",
        "Agent"
      ],
      "foaf:homepage": [
        "http://ardeche-hermitage.com/"
      ]
    }
  ],
  "lastUpdate": "2022-03-03",
  "lastUpdateDatatourisme": "2023-02-08T06:39:48.891Z"
}