{
  "@id": "https://data.datatourisme.fr/13/9a8d0294-a2c8-39cb-8423-c7c18990d581",
  "dc:identifier": "120960",
  "@type": [
    "olo:OrderedList",
    "PlaceOfInterest",
    "PointOfInterest",
    "SportsAndLeisurePlace",
    "Tour",
    "WalkingTour"
  ],
  "rdfs:comment": {
    "de": [
      "Wissen Sie, was der Vulkan oder der Mauersegler ist? Diese leichte Wanderung ist ideal, um Ihre Neugierde auf die lokale Flora und Fauna sowie die Geschichte des Rhône-Flusses zu wecken. Diese Wanderung finden Sie in unserer App \"les échappées inspirées\"."
    ],
    "en": [
      "Do you know what the Vulcan or black swift is? This easy walk is ideal to stimulate your curiosity about the local fauna and flora as well as the history of the river Rhône. You can find this walk in our application \"les échappées inspirées\"."
    ],
    "it": [
      "Sapete cos'è il Vulcan o il rondone nero? Questa facile passeggiata è ideale per stimolare la curiosità sulla fauna e la flora locali e sulla storia del fiume Rodano. Potete trovare questa passeggiata nella nostra applicazione \"les échappées inspirées\"."
    ],
    "fr": [
      "Savez-vous ce qu'est le Vulcain ou le martinet noir ? Ce parcours facile est idéal pour égayer votre curiosité sur la faune et la flore locales ainsi que sur l’histoire du fleuve Rhône. Balade à retrouver dans notre application \"les échappées inspirées\"."
    ],
    "es": [
      "¿Sabes qué es el Vulcano o vencejo negro? Este sencillo paseo es ideal para estimular su curiosidad por la fauna y la flora locales, así como por la historia del río Ródano. Puede encontrar este paseo en nuestra aplicación \"les échappées inspirées\"."
    ],
    "nl": [
      "Weet je wat de Vulcan of zwarte gierzwaluw is? Deze gemakkelijke wandeling is ideaal om uw nieuwsgierigheid naar de plaatselijke fauna en flora en de geschiedenis van de Rhône te prikkelen. U kunt deze wandeling vinden in onze applicatie \"les échappées inspirées\"."
    ]
  },
  "rdfs:label": {
    "en": [
      "Rambling circuit \"En passant par Champagne\""
    ],
    "fr": [
      "Les berges du fleuve"
    ]
  },
  "hasBeenCreatedBy": {
    "@id": "https://data.datatourisme.fr/13/73278a4a-8696-3eeb-976a-8fd4c9ec6997",
    "dc:identifier": "113",
    "schema:email": [
      "d.sanial@dromardeche.fr",
      "j.bruyere@dromardeche.fr"
    ],
    "schema:legalName": "Office de Tourisme Porte de DrômArdèche",
    "@type": [
      "schema:Organization",
      "foaf:Agent",
      "Agent"
    ],
    "foaf:homepage": [
      "http://www.autour-du-palais-ideal.fr/"
    ]
  },
  "hasBeenPublishedBy": [
    {
      "@id": "https://data.datatourisme.fr/d48f2ccd-2357-3a8e-b949-cb8bf19a361f",
      "schema:legalName": "Agence d'Attractivité de la Drôme - source : Apidae Tourisme",
      "@type": [
        "schema:Organization",
        "foaf:Agent",
        "Agent"
      ],
      "foaf:homepage": [
        "https://www.apidae-tourisme.com/"
      ]
    }
  ],
  "hasContact": [
    {
      "@id": "https://data.datatourisme.fr/055e0a47-f4a9-371f-bec5-c4f56507c129",
      "schema:telephone": [
        "+33 4 75 23 45 33"
      ],
      "@type": [
        "foaf:Agent",
        "Agent"
      ],
      "foaf:homepage": [
        "http://www.autour-du-palais-ideal.fr/"
      ]
    }
  ],
  "hasDescription": [
    {
      "@id": "https://data.datatourisme.fr/51d94058-c1f1-35c7-8050-9f147d735270",
      "@type": [
        "Description"
      ],
      "hasTranslatedProperty": [
        {
          "@id": "https://data.datatourisme.fr/8ed8fe26-845d-3aa7-97eb-6719f9f51576",
          "dc:contributor": [
            "https://api.deepl.com/v2/translate"
          ],
          "rdf:language": [
            "es"
          ],
          "rdf:predicate": [
            "shortDescription"
          ]
        },
        {
          "@id": "https://data.datatourisme.fr/a5a45e15-29cb-33d6-b7f0-dddbfadf2144",
          "dc:contributor": [
            "https://api.deepl.com/v2/translate"
          ],
          "rdf:language": [
            "de"
          ],
          "rdf:predicate": [
            "shortDescription"
          ]
        },
        {
          "@id": "https://data.datatourisme.fr/bf90a396-ac3d-364b-bbfc-c7fd491a2111",
          "dc:contributor": [
            "https://api.deepl.com/v2/translate"
          ],
          "rdf:language": [
            "it"
          ],
          "rdf:predicate": [
            "shortDescription"
          ]
        },
        {
          "@id": "https://data.datatourisme.fr/cf6753da-8eb0-3667-9ff1-cf0873b526c6",
          "dc:contributor": [
            "https://api.deepl.com/v2/translate"
          ],
          "rdf:language": [
            "nl"
          ],
          "rdf:predicate": [
            "shortDescription"
          ]
        }
      ],
      "shortDescription": {
        "de": [
          "Wissen Sie, was der Vulkan oder der Mauersegler ist? Diese leichte Wanderung ist ideal, um Ihre Neugierde auf die lokale Flora und Fauna sowie die Geschichte des Rhône-Flusses zu wecken. Diese Wanderung finden Sie in unserer App \"les échappées inspirées\"."
        ],
        "en": [
          "Do you know what the Vulcan or black swift is? This easy walk is ideal to stimulate your curiosity about the local fauna and flora as well as the history of the river Rhône. You can find this walk in our application \"les échappées inspirées\"."
        ],
        "it": [
          "Sapete cos'è il Vulcan o il rondone nero? Questa facile passeggiata è ideale per stimolare la curiosità sulla fauna e la flora locali e sulla storia del fiume Rodano. Potete trovare questa passeggiata nella nostra applicazione \"les échappées inspirées\"."
        ],
        "fr": [
          "Savez-vous ce qu'est le Vulcain ou le martinet noir ? Ce parcours facile est idéal pour égayer votre curiosité sur la faune et la flore locales ainsi que sur l’histoire du fleuve Rhône. Balade à retrouver dans notre application \"les échappées inspirées\"."
        ],
        "es": [
          "¿Sabes qué es el Vulcano o vencejo negro? Este sencillo paseo es ideal para estimular su curiosidad por la fauna y la flora locales, así como por la historia del río Ródano. Puede encontrar este paseo en nuestra aplicación \"les échappées inspirées\"."
        ],
        "nl": [
          "Weet je wat de Vulcan of zwarte gierzwaluw is? Deze gemakkelijke wandeling is ideaal om uw nieuwsgierigheid naar de plaatselijke fauna en flora en de geschiedenis van de Rhône te prikkelen. U kunt deze wandeling vinden in onze applicatie \"les échappées inspirées\"."
        ]
      }
    }
  ],
  "hasTheme": [
    {
      "@id": "kb:Hiking",
      "@type": [
        "SportsTheme"
      ],
      "rdfs:label": {
        "de": [
          "Wanderung"
        ],
        "pt": [
          "Caminhada"
        ],
        "en": [
          "Hiking"
        ],
        "it": [
          "Escursione"
        ],
        "fr": [
          "Randonnée"
        ],
        "nl": [
          "Wandelen"
        ],
        "es": [
          "Senderismo"
        ]
      }
    },
    {
      "@id": "kb:Pedestrian",
      "@type": [
        "SportsTheme"
      ],
      "rdfs:label": {
        "de": [
          "Zu Fuß"
        ],
        "pt": [
          "Pedestre"
        ],
        "en": [
          "Pedestrian"
        ],
        "it": [
          "A piedi"
        ],
        "fr": [
          "Pédestre"
        ],
        "nl": [
          "Voetgangers"
        ],
        "es": [
          "Peatón"
        ]
      }
    },
    {
      "@id": "kb:Running",
      "@type": [
        "SportsTheme"
      ],
      "rdfs:label": {
        "de": [
          "Laufen"
        ],
        "pt": [
          "Corrida a pé"
        ],
        "en": [
          "Running"
        ],
        "it": [
          "Corsa a piedi"
        ],
        "fr": [
          "Course à pied"
        ],
        "nl": [
          "Hardlopen"
        ],
        "es": [
          "Carrera a pie"
        ]
      }
    }
  ],
  "hasTranslatedProperty": [
    {
      "@id": "https://data.datatourisme.fr/2727c440-45d5-36d4-8990-eef08c2e257b",
      "dc:contributor": [
        "https://api.deepl.com/v2/translate"
      ],
      "rdf:language": [
        "nl"
      ],
      "rdf:predicate": [
        {
          "@id": "rdfs:comment"
        }
      ]
    },
    {
      "@id": "https://data.datatourisme.fr/7b2d058a-6079-3598-bc1c-90507906ef34",
      "dc:contributor": [
        "https://api.deepl.com/v2/translate"
      ],
      "rdf:language": [
        "es"
      ],
      "rdf:predicate": [
        {
          "@id": "rdfs:comment"
        }
      ]
    },
    {
      "@id": "https://data.datatourisme.fr/9988fb25-1dce-3f45-9575-c0c2548d5427",
      "dc:contributor": [
        "https://api.deepl.com/v2/translate"
      ],
      "rdf:language": [
        "it"
      ],
      "rdf:predicate": [
        {
          "@id": "rdfs:comment"
        }
      ]
    },
    {
      "@id": "https://data.datatourisme.fr/cb85ae48-5b70-3fbb-b4ea-b73fd32ad6ed",
      "dc:contributor": [
        "https://api.deepl.com/v2/translate"
      ],
      "rdf:language": [
        "de"
      ],
      "rdf:predicate": [
        {
          "@id": "rdfs:comment"
        }
      ]
    }
  ],
  "isLocatedAt": [
    {
      "@id": "https://data.datatourisme.fr/611a8e3c-c592-3174-916b-a75ae2e90e7f",
      "schema:address": [
        {
          "@id": "https://data.datatourisme.fr/9eec2d28-1484-334c-b257-33461fd74f9c",
          "schema:addressLocality": "Champagne",
          "schema:postalCode": "07340",
          "schema:streetAddress": [
            "Cour des Champenois"
          ],
          "@type": [
            "schema:PostalAddress",
            "PostalAddress"
          ],
          "hasAddressCity": {
            "@id": "kb:07051",
            "@type": [
              "City"
            ],
            "rdfs:label": {
              "de": [
                "Champagne"
              ],
              "pt": [
                "Champagne"
              ],
              "en": [
                "Champagne"
              ],
              "it": [
                "Champagne"
              ],
              "fr": [
                "Champagne"
              ],
              "nl": [
                "Champagne"
              ],
              "es": [
                "Champagne"
              ]
            },
            "insee": "07051",
            "isPartOfDepartment": {
              "@id": "kb:France8407",
              "@type": [
                "Department"
              ],
              "rdfs:label": {
                "de": [
                  "Ardèche"
                ],
                "pt": [
                  "Ardèche"
                ],
                "en": [
                  "Ardèche"
                ],
                "it": [
                  "Ardèche"
                ],
                "fr": [
                  "Ardèche"
                ],
                "nl": [
                  "Ardèche"
                ],
                "es": [
                  "Ardèche"
                ]
              },
              "insee": "07",
              "isPartOfRegion": {
                "@id": "kb:France84",
                "@type": [
                  "Region"
                ],
                "rdfs:label": {
                  "de": [
                    "Auvergne-Rhône-Alpes"
                  ],
                  "pt": [
                    "Auvergne-Rhône-Alpes"
                  ],
                  "en": [
                    "Auvergne-Rhône-Alpes"
                  ],
                  "it": [
                    "Auvergne-Rhône-Alpes"
                  ],
                  "fr": [
                    "Auvergne-Rhône-Alpes"
                  ],
                  "nl": [
                    "Auvergne-Rhône-Alpes"
                  ],
                  "es": [
                    "Auvergne-Rhône-Alpes"
                  ]
                },
                "insee": "84",
                "isPartOfCountry": {
                  "@id": "kb:France",
                  "@type": [
                    "schema:Country"
                  ],
                  "rdfs:label": {
                    "de": [
                      "France",
                      "Frankreich"
                    ],
                    "pt": [
                      "França",
                      "France"
                    ],
                    "en": [
                      "France"
                    ],
                    "it": [
                      "France",
                      "Francia"
                    ],
                    "fr": [
                      "France"
                    ],
                    "nl": [
                      "France",
                      "Frankrijk"
                    ],
                    "es": [
                      "France",
                      "Francia"
                    ]
                  }
                }
              }
            }
          }
        }
      ],
      "schema:geo": {
        "@id": "https://data.datatourisme.fr/5810cfee-1e04-35e0-8d61-50ad29035a5d",
        "schema:latitude": "45.27199",
        "schema:longitude": "4.801472",
        "@type": [
          "schema:GeoCoordinates"
        ]
      },
      "schema:openingHoursSpecification": [
        {
          "@id": "https://data.datatourisme.fr/f87e535a-636d-3343-ad63-8a03392e7511",
          "schema:validFrom": "2023-01-01T00:00:00",
          "schema:validThrough": "2023-12-31T23:59:59",
          "@type": [
            "schema:OpeningHoursSpecification"
          ]
        }
      ],
      "@type": [
        "schema:Place",
        "Place"
      ]
    }
  ],
  "isOwnedBy": [
    {
      "@id": "https://data.datatourisme.fr/c34130c6-4437-3624-9afb-3511a8692fba",
      "schema:email": [
        "d.sanial@dromardeche.fr",
        "j.bruyere@dromardeche.fr"
      ],
      "schema:legalName": "Office de Tourisme Porte de DrômArdèche",
      "@type": [
        "schema:Organization",
        "foaf:Agent",
        "Agent"
      ],
      "foaf:homepage": [
        "http://www.autour-du-palais-ideal.fr/"
      ]
    }
  ],
  "lastUpdate": "2022-09-05",
  "lastUpdateDatatourisme": "2023-02-10T06:39:19.858Z"
}