{
  "@id": "https://data.datatourisme.fr/13/a059550d-0815-3e76-a95e-9f2feb54ad1d",
  "dc:identifier": "6032559",
  "@type": [
    "schema:Accommodation",
    "schema:Hotel",
    "schema:LodgingBusiness",
    "Accommodation",
    "Hotel",
    "HotelTrade",
    "PlaceOfInterest",
    "PointOfInterest"
  ],
  "rdfs:comment": {
    "de": [
      "Dieses Hotel mit 430 Zimmern liegt am linken Ufer von Paris, am Fuße der Eisernen Dame"
    ],
    "en": [
      "This 430-room hotel is located on the left bank of Paris, at the foot of the Dame de Fer"
    ],
    "it": [
      "Questo hotel di 430 camere si trova sulla riva sinistra di Parigi, ai piedi della Dame de Fer"
    ],
    "fr": [
      "Cet hôtel de 430 chambres se situe sur la rive gauche de Paris, au pied de la Dame de Fer"
    ],
    "es": [
      "Este hotel de 430 habitaciones está situado en la orilla izquierda de París, a los pies de la Dama de Fer"
    ],
    "nl": [
      "Dit hotel met 430 kamers ligt op de linkeroever van Parijs, aan de voet van de Dame de Fer"
    ]
  },
  "rdfs:label": {
    "fr": [
      "Pullman Paris Tour Eiffel"
    ]
  },
  "hasBeenCreatedBy": {
    "@id": "https://data.datatourisme.fr/13/03e0704b-5690-32de-a186-1dc3ad3316c9",
    "dc:identifier": "1019",
    "schema:email": [
      "bgeigle@visitparisregion.com",
      "hcaldo@visitparisregion.com",
      "mtanaskovic@visitparisregion.com"
    ],
    "schema:legalName": "Choose Paris Region",
    "@type": [
      "schema:Organization",
      "foaf:Agent",
      "Agent"
    ],
    "foaf:homepage": [
      "http://www.visitparisregion.com/"
    ]
  },
  "hasBeenPublishedBy": [
    {
      "@id": "https://data.datatourisme.fr/8a9feb4b-2cbd-3d2c-b507-bd6c6776b23b",
      "schema:legalName": "Apidae Tourisme Scic SA - source : Apidae Tourisme",
      "@type": [
        "schema:Organization",
        "foaf:Agent",
        "Agent"
      ],
      "foaf:homepage": [
        "https://www.apidae-tourisme.com/"
      ]
    }
  ],
  "hasContact": [
    {
      "@id": "https://data.datatourisme.fr/82bf11aa-b33d-3620-b52f-84c53c7fc13b",
      "schema:email": [
        "h7229@accor.com"
      ],
      "schema:telephone": [
        "+33 1 44 38 56 00"
      ],
      "@type": [
        "foaf:Agent",
        "Agent"
      ]
    }
  ],
  "hasDescription": [
    {
      "@id": "https://data.datatourisme.fr/e35019c2-c0bb-3138-bb31-c1c1e33e237e",
      "@type": [
        "Description"
      ],
      "hasTranslatedProperty": [
        {
          "@id": "https://data.datatourisme.fr/2b02d281-4342-3e69-a42d-3bdea55a6098",
          "dc:contributor": [
            "https://api.deepl.com/v2/translate"
          ],
          "rdf:language": [
            "en"
          ],
          "rdf:predicate": [
            "shortDescription"
          ]
        },
        {
          "@id": "https://data.datatourisme.fr/b7ef7f34-fa62-307c-aedd-004d045e5f71",
          "dc:contributor": [
            "https://api.deepl.com/v2/translate"
          ],
          "rdf:language": [
            "es"
          ],
          "rdf:predicate": [
            "shortDescription"
          ]
        },
        {
          "@id": "https://data.datatourisme.fr/c5cbbbe8-d405-39bc-92d1-76f1a358986d",
          "dc:contributor": [
            "https://api.deepl.com/v2/translate"
          ],
          "rdf:language": [
            "it"
          ],
          "rdf:predicate": [
            "shortDescription"
          ]
        },
        {
          "@id": "https://data.datatourisme.fr/d8912fb5-50ac-3fb6-8939-a3880b9f6038",
          "dc:contributor": [
            "https://api.deepl.com/v2/translate"
          ],
          "rdf:language": [
            "de"
          ],
          "rdf:predicate": [
            "shortDescription"
          ]
        },
        {
          "@id": "https://data.datatourisme.fr/f95d5b1e-3517-372e-8f7f-049d2c6f97a7",
          "dc:contributor": [
            "https://api.deepl.com/v2/translate"
          ],
          "rdf:language": [
            "nl"
          ],
          "rdf:predicate": [
            "shortDescription"
          ]
        }
      ],
      "shortDescription": {
        "de": [
          "Dieses Hotel mit 430 Zimmern liegt am linken Ufer von Paris, am Fuße der Eisernen Dame"
        ],
        "en": [
          "This 430-room hotel is located on the left bank of Paris, at the foot of the Dame de Fer"
        ],
        "it": [
          "Questo hotel di 430 camere si trova sulla riva sinistra di Parigi, ai piedi della Dame de Fer"
        ],
        "fr": [
          "Cet hôtel de 430 chambres se situe sur la rive gauche de Paris, au pied de la Dame de Fer"
        ],
        "es": [
          "Este hotel de 430 habitaciones está situado en la orilla izquierda de París, a los pies de la Dama de Fer"
        ],
        "nl": [
          "Dit hotel met 430 kamers ligt op de linkeroever van Parijs, aan de voet van de Dame de Fer"
        ]
      }
    }
  ],
  "hasTranslatedProperty": [
    {
      "@id": "https://data.datatourisme.fr/2c328716-7b21-330f-8da2-2d236a889e18",
      "dc:contributor": [
        "https://api.deepl.com/v2/translate"
      ],
      "rdf:language": [
        "en"
      ],
      "rdf:predicate": [
        {
          "@id": "rdfs:comment"
        }
      ]
    },
    {
      "@id": "https://data.datatourisme.fr/89e77ce9-ee64-3cdd-bfe4-4e3f92204712",
      "dc:contributor": [
        "https://api.deepl.com/v2/translate"
      ],
      "rdf:language": [
        "nl"
      ],
      "rdf:predicate": [
        {
          "@id": "rdfs:comment"
        }
      ]
    },
    {
      "@id": "https://data.datatourisme.fr/a36eeb03-7841-384c-a48e-6c63bdb38d18",
      "dc:contributor": [
        "https://api.deepl.com/v2/translate"
      ],
      "rdf:language": [
        "de"
      ],
      "rdf:predicate": [
        {
          "@id": "rdfs:comment"
        }
      ]
    },
    {
      "@id": "https://data.datatourisme.fr/aff6953a-fe4e-3562-9b62-bfdb3b04743d",
      "dc:contributor": [
        "https://api.deepl.com/v2/translate"
      ],
      "rdf:language": [
        "es"
      ],
      "rdf:predicate": [
        {
          "@id": "rdfs:comment"
        }
      ]
    },
    {
      "@id": "https://data.datatourisme.fr/e976b2bc-8f45-390f-8b6c-5b66bb57b4db",
      "dc:contributor": [
        "https://api.deepl.com/v2/translate"
      ],
      "rdf:language": [
        "it"
      ],
      "rdf:predicate": [
        {
          "@id": "rdfs:comment"
        }
      ]
    }
  ],
  "isLocatedAt": [
    {
      "@id": "https://data.datatourisme.fr/442cae9a-697a-3c29-94d4-4e683088611b",
      "schema:address": [
        {
          "@id": "https://data.datatourisme.fr/7ea37658-9fa0-3f75-896c-88f229d0f4a9",
          "schema:addressLocality": "Paris 15e Arrondissement",
          "schema:postalCode": "75015",
          "schema:streetAddress": [
            "18 avenue de Suffren",
            "Entrée au 22 rue Jean Rey"
          ],
          "@type": [
            "schema:PostalAddress",
            "PostalAddress"
          ],
          "hasAddressCity": {
            "@id": "kb:75115",
            "@type": [
              "City"
            ],
            "rdfs:label": {
              "de": [
                "Paris 15e Arrondissement"
              ],
              "pt": [
                "Paris 15e Arrondissement"
              ],
              "en": [
                "Paris 15e Arrondissement"
              ],
              "it": [
                "Paris 15e Arrondissement"
              ],
              "fr": [
                "Paris 15e Arrondissement"
              ],
              "nl": [
                "Paris 15e Arrondissement"
              ],
              "es": [
                "Paris 15e Arrondissement"
              ]
            },
            "insee": "75115",
            "isPartOfDepartment": {
              "@id": "kb:France1175",
              "@type": [
                "Department"
              ],
              "rdfs:label": {
                "de": [
                  "Paris"
                ],
                "pt": [
                  "Paris"
                ],
                "en": [
                  "Paris"
                ],
                "it": [
                  "Paris"
                ],
                "fr": [
                  "Paris"
                ],
                "nl": [
                  "Paris"
                ],
                "es": [
                  "Paris"
                ]
              },
              "insee": "75",
              "isPartOfRegion": {
                "@id": "kb:France11",
                "@type": [
                  "Region"
                ],
                "rdfs:label": {
                  "de": [
                    "Île-de-France"
                  ],
                  "pt": [
                    "Île-de-France"
                  ],
                  "en": [
                    "Île-de-France"
                  ],
                  "it": [
                    "Île-de-France"
                  ],
                  "fr": [
                    "Île-de-France"
                  ],
                  "nl": [
                    "Île-de-France"
                  ],
                  "es": [
                    "Île-de-France"
                  ]
                },
                "insee": "11",
                "isPartOfCountry": {
                  "@id": "kb:France",
                  "@type": [
                    "schema:Country"
                  ],
                  "rdfs:label": {
                    "de": [
                      "France",
                      "Frankreich"
                    ],
                    "pt": [
                      "França",
                      "France"
                    ],
                    "en": [
                      "France"
                    ],
                    "it": [
                      "France",
                      "Francia"
                    ],
                    "fr": [
                      "France"
                    ],
                    "nl": [
                      "France",
                      "Frankrijk"
                    ],
                    "es": [
                      "France",
                      "Francia"
                    ]
                  }
                }
              }
            }
          }
        }
      ],
      "schema:geo": {
        "@id": "https://data.datatourisme.fr/c6ce116a-e18f-32ed-b8a8-03f22edc02b5",
        "schema:latitude": "48.85567",
        "schema:longitude": "2.292869",
        "@type": [
          "schema:GeoCoordinates"
        ]
      },
      "schema:openingHoursSpecification": [
        {
          "@id": "https://data.datatourisme.fr/3b9eab08-2d6a-31e1-9c9e-6af27c28e3f2",
          "schema:validFrom": "2023-01-01T00:00:00",
          "schema:validThrough": "2023-12-31T23:59:59",
          "@type": [
            "schema:OpeningHoursSpecification"
          ],
          "additionalInformation": {
            "de": [
              "Check-in bis 15.00 Uhr\r\nCheck-out bis 11:00 Uhr"
            ],
            "en": [
              "Check-in from 15:00\r\nCheck-out until 11:00 am"
            ],
            "it": [
              "Check-in dalle 15:00\r\nCheck-out fino alle 11:00"
            ],
            "fr": [
              "Check-in à partir de 15h00\r\nCheck-out jusqu'à 11h00"
            ],
            "es": [
              "Registro de entrada a partir de las 15:00\r\nSalida hasta las 11:00 horas"
            ],
            "nl": [
              "Check-in vanaf 15:00\r\nCheck-out tot 11:00 uur"
            ]
          },
          "hasTranslatedProperty": [
            {
              "@id": "https://data.datatourisme.fr/53349121-908d-306b-9ec3-e079e817af98",
              "dc:contributor": [
                "https://api.deepl.com/v2/translate"
              ],
              "rdf:language": [
                "es"
              ],
              "rdf:predicate": [
                "additionalInformation"
              ]
            },
            {
              "@id": "https://data.datatourisme.fr/b6c499fc-ede1-362a-8cec-4b10409eae3b",
              "dc:contributor": [
                "https://api.deepl.com/v2/translate"
              ],
              "rdf:language": [
                "en"
              ],
              "rdf:predicate": [
                "additionalInformation"
              ]
            },
            {
              "@id": "https://data.datatourisme.fr/dd232463-fe99-303e-bcde-11fe3223e5ac",
              "dc:contributor": [
                "https://api.deepl.com/v2/translate"
              ],
              "rdf:language": [
                "de"
              ],
              "rdf:predicate": [
                "additionalInformation"
              ]
            },
            {
              "@id": "https://data.datatourisme.fr/f1de02cf-eba4-3824-9d14-cbc539415f10",
              "dc:contributor": [
                "https://api.deepl.com/v2/translate"
              ],
              "rdf:language": [
                "it"
              ],
              "rdf:predicate": [
                "additionalInformation"
              ]
            },
            {
              "@id": "https://data.datatourisme.fr/fa76192a-e5c9-3e8e-876d-2a42abaf5987",
              "dc:contributor": [
                "https://api.deepl.com/v2/translate"
              ],
              "rdf:language": [
                "nl"
              ],
              "rdf:predicate": [
                "additionalInformation"
              ]
            }
          ]
        }
      ],
      "@type": [
        "schema:Place",
        "Place"
      ]
    }
  ],
  "isOwnedBy": [
    {
      "@id": "https://data.datatourisme.fr/26ecd6f0-563c-356a-b0f9-ad3ec17effc4",
      "schema:email": [
        "bgeigle@visitparisregion.com",
        "hcaldo@visitparisregion.com",
        "mtanaskovic@visitparisregion.com"
      ],
      "schema:legalName": "Comité Régional du Tourisme Paris Ile de France",
      "@type": [
        "schema:Organization",
        "foaf:Agent",
        "Agent"
      ],
      "foaf:homepage": [
        "http://www.visitparisregion.com/"
      ]
    }
  ],
  "lastUpdate": "2022-02-11",
  "lastUpdateDatatourisme": "2023-10-02T05:53:31.67Z"
}