{
  "@id": "https://data.datatourisme.fr/13/3d232d40-7c9b-382b-b5e8-dac1fe39bfa4",
  "dc:identifier": "781940",
  "@type": [
    "schema:Park",
    "CulturalSite",
    "ParkAndGarden",
    "PlaceOfInterest",
    "PointOfInterest"
  ],
  "rdfs:comment": {
    "de": [
      "Seit 1878 empfängt Sie der Parc Montsouris auf seinen 15 Hektar Fläche zu entspannenden Momenten an der frischen Luft."
    ],
    "en": [
      "Since 1878 the Parc Montsouris welcomes you in its 15 hectares for moments of relaxation in the open air."
    ],
    "it": [
      "Dal 1878, il Parc Montsouris vi accoglie nei suoi 15 ettari per momenti di relax all'aria aperta."
    ],
    "fr": [
      "Depuis 1878 le Parc Montsouris vous accueille dans ses 15 hectares pour des moments de détente au grand air."
    ],
    "nl": [
      "Sinds 1878 ontvangt het Parc Montsouris u op zijn 15 hectare voor momenten van ontspanning in de open lucht."
    ],
    "es": [
      "Desde 1878, el Parque Montsouris le da la bienvenida a sus 15 hectáreas para disfrutar de momentos de relax al aire libre."
    ]
  },
  "rdfs:label": {
    "fr": [
      "Parc Montsouris"
    ]
  },
  "owl:sameAs": [
    "http://www.wikidata.org/entity/Q1538929"
  ],
  "hasBeenCreatedBy": {
    "@id": "https://data.datatourisme.fr/13/03e0704b-5690-32de-a186-1dc3ad3316c9",
    "dc:identifier": "1019",
    "schema:email": [
      "bgeigle@visitparisregion.com",
      "hcaldo@visitparisregion.com",
      "mtanaskovic@visitparisregion.com"
    ],
    "schema:legalName": "Choose Paris Region",
    "@type": [
      "schema:Organization",
      "foaf:Agent",
      "Agent"
    ],
    "foaf:homepage": [
      "http://www.visitparisregion.com/"
    ]
  },
  "hasBeenPublishedBy": [
    {
      "@id": "https://data.datatourisme.fr/8a9feb4b-2cbd-3d2c-b507-bd6c6776b23b",
      "schema:legalName": "Apidae Tourisme Scic SA - source : Apidae Tourisme",
      "@type": [
        "schema:Organization",
        "foaf:Agent",
        "Agent"
      ],
      "foaf:homepage": [
        "https://www.apidae-tourisme.com/"
      ]
    }
  ],
  "hasContact": [
    {
      "@id": "https://data.datatourisme.fr/8c1a9770-7b1f-371b-8e5d-4682e8188d47",
      "@type": [
        "foaf:Agent",
        "Agent"
      ],
      "foaf:homepage": [
        "https://www.paris.fr/equipements/parc-montsouris-1810"
      ]
    }
  ],
  "hasDescription": [
    {
      "@id": "https://data.datatourisme.fr/54920381-8e7f-3c37-b557-95a17d869dbd",
      "@type": [
        "Description"
      ],
      "hasTranslatedProperty": [
        {
          "@id": "https://data.datatourisme.fr/02429e5e-f6d1-3c48-8cdc-9f674a957ff9",
          "dc:contributor": [
            "https://api.deepl.com/v2/translate"
          ],
          "rdf:language": [
            "nl"
          ],
          "rdf:predicate": [
            "shortDescription"
          ]
        },
        {
          "@id": "https://data.datatourisme.fr/64654aae-d5c9-308e-b452-34e26d04a02b",
          "dc:contributor": [
            "https://api.deepl.com/v2/translate"
          ],
          "rdf:language": [
            "es"
          ],
          "rdf:predicate": [
            "shortDescription"
          ]
        },
        {
          "@id": "https://data.datatourisme.fr/646a92bb-4f15-3edb-84aa-6a3be9351240",
          "dc:contributor": [
            "https://api.deepl.com/v2/translate"
          ],
          "rdf:language": [
            "it"
          ],
          "rdf:predicate": [
            "shortDescription"
          ]
        },
        {
          "@id": "https://data.datatourisme.fr/cdad2425-27f7-3ab2-a223-42625982ec47",
          "dc:contributor": [
            "https://api.deepl.com/v2/translate"
          ],
          "rdf:language": [
            "en"
          ],
          "rdf:predicate": [
            "shortDescription"
          ]
        },
        {
          "@id": "https://data.datatourisme.fr/db89a8b1-2a45-3017-bf6e-f03fbc6b90f9",
          "dc:contributor": [
            "https://api.deepl.com/v2/translate"
          ],
          "rdf:language": [
            "de"
          ],
          "rdf:predicate": [
            "shortDescription"
          ]
        }
      ],
      "shortDescription": {
        "de": [
          "Seit 1878 empfängt Sie der Parc Montsouris auf seinen 15 Hektar Fläche zu entspannenden Momenten an der frischen Luft."
        ],
        "en": [
          "Since 1878 the Parc Montsouris welcomes you in its 15 hectares for moments of relaxation in the open air."
        ],
        "it": [
          "Dal 1878, il Parc Montsouris vi accoglie nei suoi 15 ettari per momenti di relax all'aria aperta."
        ],
        "fr": [
          "Depuis 1878 le Parc Montsouris vous accueille dans ses 15 hectares pour des moments de détente au grand air."
        ],
        "nl": [
          "Sinds 1878 ontvangt het Parc Montsouris u op zijn 15 hectare voor momenten van ontspanning in de open lucht."
        ],
        "es": [
          "Desde 1878, el Parque Montsouris le da la bienvenida a sus 15 hectáreas para disfrutar de momentos de relax al aire libre."
        ]
      }
    }
  ],
  "hasRepresentation": [
    {
      "@id": "https://data.datatourisme.fr/2ab8ddf4-caa0-3319-81ce-1094e3bd0242",
      "ebucore:hasAnnotation": [
        {
          "@id": "https://data.datatourisme.fr/57af025f-7792-31aa-a266-bf8557a98fce",
          "ebucore:isCoveredBy": "CC BY 2.0",
          "ebucore:title": {
            "fr": [
              "Parc Montsouris @ Paris (29860614110)"
            ]
          },
          "@type": [
            "ebucore:Annotation"
          ],
          "credits": [
            "<a rel=\"nofollow\" class=\"external text\" href=\"https://www.flickr.com/people/22539273@N00\">Guilhem Vellut</a> from Paris, France"
          ]
        }
      ],
      "ebucore:hasRelatedResource": [
        {
          "@id": "https://data.datatourisme.fr/3272588b-2bbe-3f21-bc14-134b0d9a56fa",
          "ebucore:fileSize": [
            9221967
          ],
          "ebucore:hasMimeType": [
            {
              "@id": "kb:JPEG",
              "@type": [
                "ebucore:MimeType"
              ],
              "rdfs:comment": {
                "de": [
                  "JPEG-Bild"
                ],
                "pt": [
                  "Imagem JPEG"
                ],
                "en": [
                  "JPEG image file"
                ],
                "it": [
                  "Immagine JPEG"
                ],
                "fr": [
                  "Image JPEG"
                ],
                "nl": [
                  "JPEG-afbeelding"
                ],
                "es": [
                  "Imagen JPEG"
                ]
              },
              "rdfs:label": {
                "de": [
                  "image/jpeg"
                ],
                "pt": [
                  "image/jpeg"
                ],
                "en": [
                  "image/jpeg"
                ],
                "it": [
                  "image/jpeg"
                ],
                "fr": [
                  "image/jpeg"
                ],
                "nl": [
                  "image/jpeg"
                ],
                "es": [
                  "image/jpeg"
                ]
              }
            }
          ],
          "ebucore:height": 3648,
          "ebucore:locator": [
            "https://upload.wikimedia.org/wikipedia/commons/e/e4/Parc_Montsouris_%40_Paris_%2829860614110%29.jpg"
          ],
          "ebucore:width": 5472,
          "@type": [
            "ebucore:Resource"
          ]
        }
      ],
      "@type": [
        "ebucore:EditorialObject"
      ]
    }
  ],
  "hasTheme": [
    {
      "@id": "kb:Culture",
      "@type": [
        "CulturalTheme"
      ],
      "rdfs:label": {
        "de": [
          "Kultur"
        ],
        "pt": [
          "Cultura"
        ],
        "en": [
          "Culture"
        ],
        "it": [
          "Cultura"
        ],
        "fr": [
          "Culture"
        ],
        "nl": [
          "Cultuur"
        ],
        "es": [
          "Cultura"
        ]
      }
    }
  ],
  "hasTranslatedProperty": [
    {
      "@id": "https://data.datatourisme.fr/1f15a44d-e658-3ab7-8ae4-0840dc786a37",
      "dc:contributor": [
        "https://api.deepl.com/v2/translate"
      ],
      "rdf:language": [
        "es"
      ],
      "rdf:predicate": [
        {
          "@id": "rdfs:comment"
        }
      ]
    },
    {
      "@id": "https://data.datatourisme.fr/206bee21-0d7e-38a4-9258-e4ece306d243",
      "dc:contributor": [
        "https://api.deepl.com/v2/translate"
      ],
      "rdf:language": [
        "en"
      ],
      "rdf:predicate": [
        {
          "@id": "rdfs:comment"
        }
      ]
    },
    {
      "@id": "https://data.datatourisme.fr/7144712e-1081-33ca-8bb9-0f72a0f35632",
      "dc:contributor": [
        "https://api.deepl.com/v2/translate"
      ],
      "rdf:language": [
        "de"
      ],
      "rdf:predicate": [
        {
          "@id": "rdfs:comment"
        }
      ]
    },
    {
      "@id": "https://data.datatourisme.fr/8952bcdd-4972-3b95-a22a-22dbcc5e895d",
      "dc:contributor": [
        "https://api.deepl.com/v2/translate"
      ],
      "rdf:language": [
        "it"
      ],
      "rdf:predicate": [
        {
          "@id": "rdfs:comment"
        }
      ]
    },
    {
      "@id": "https://data.datatourisme.fr/d1da95d2-3d1d-3558-9b36-7181841e814a",
      "dc:contributor": [
        "https://api.deepl.com/v2/translate"
      ],
      "rdf:language": [
        "nl"
      ],
      "rdf:predicate": [
        {
          "@id": "rdfs:comment"
        }
      ]
    }
  ],
  "isLocatedAt": [
    {
      "@id": "https://data.datatourisme.fr/06b4d44f-16c4-3d10-8abe-392abadaf80c",
      "schema:address": [
        {
          "@id": "https://data.datatourisme.fr/e308785c-25d4-3bd7-8389-c88c694afbe4",
          "schema:addressLocality": "Paris 14e Arrondissement",
          "schema:postalCode": "75014",
          "schema:streetAddress": [
            "2 rue Gazan"
          ],
          "@type": [
            "schema:PostalAddress",
            "PostalAddress"
          ],
          "hasAddressCity": {
            "@id": "kb:75114",
            "@type": [
              "City"
            ],
            "rdfs:label": {
              "de": [
                "Paris 14e Arrondissement"
              ],
              "pt": [
                "Paris 14e Arrondissement"
              ],
              "en": [
                "Paris 14e Arrondissement"
              ],
              "it": [
                "Paris 14e Arrondissement"
              ],
              "fr": [
                "Paris 14e Arrondissement"
              ],
              "nl": [
                "Paris 14e Arrondissement"
              ],
              "es": [
                "Paris 14e Arrondissement"
              ]
            },
            "insee": "75114",
            "isPartOfDepartment": {
              "@id": "kb:France1175",
              "@type": [
                "Department"
              ],
              "rdfs:label": {
                "de": [
                  "Paris"
                ],
                "pt": [
                  "Paris"
                ],
                "en": [
                  "Paris"
                ],
                "it": [
                  "Paris"
                ],
                "fr": [
                  "Paris"
                ],
                "nl": [
                  "Paris"
                ],
                "es": [
                  "Paris"
                ]
              },
              "insee": "75",
              "isPartOfRegion": {
                "@id": "kb:France11",
                "@type": [
                  "Region"
                ],
                "rdfs:label": {
                  "de": [
                    "Île-de-France"
                  ],
                  "pt": [
                    "Île-de-France"
                  ],
                  "en": [
                    "Île-de-France"
                  ],
                  "it": [
                    "Île-de-France"
                  ],
                  "fr": [
                    "Île-de-France"
                  ],
                  "nl": [
                    "Île-de-France"
                  ],
                  "es": [
                    "Île-de-France"
                  ]
                },
                "insee": "11",
                "isPartOfCountry": {
                  "@id": "kb:France",
                  "@type": [
                    "schema:Country"
                  ],
                  "rdfs:label": {
                    "de": [
                      "France",
                      "Frankreich"
                    ],
                    "pt": [
                      "França",
                      "France"
                    ],
                    "en": [
                      "France"
                    ],
                    "it": [
                      "France",
                      "Francia"
                    ],
                    "fr": [
                      "France"
                    ],
                    "nl": [
                      "France",
                      "Frankrijk"
                    ],
                    "es": [
                      "France",
                      "Francia"
                    ]
                  }
                }
              }
            }
          }
        }
      ],
      "schema:geo": {
        "@id": "https://data.datatourisme.fr/24fbe65d-910c-366b-a4af-bad07fcd0926",
        "schema:latitude": "48.824201",
        "schema:longitude": "2.339832",
        "@type": [
          "schema:GeoCoordinates"
        ]
      },
      "schema:openingHoursSpecification": [
        {
          "@id": "https://data.datatourisme.fr/0c881cb3-6b14-3369-8c30-afbc8c7c94fb",
          "schema:closes": "21:30:00",
          "schema:opens": "07:00:00",
          "schema:validFrom": "2023-05-01T00:00:00",
          "schema:validThrough": "2023-08-31T23:59:59",
          "@type": [
            "schema:OpeningHoursSpecification"
          ]
        },
        {
          "@id": "https://data.datatourisme.fr/56d6e19f-26c5-35d3-8a27-d57e6676e69d",
          "schema:closes": "20:30:00",
          "schema:opens": "07:00:00",
          "schema:validFrom": "2023-09-01T00:00:00",
          "schema:validThrough": "2023-09-30T23:59:59",
          "@type": [
            "schema:OpeningHoursSpecification"
          ]
        },
        {
          "@id": "https://data.datatourisme.fr/a9bedc0a-c74e-3466-a543-e614ce2d04a7",
          "schema:closes": "17:45:00",
          "schema:opens": "07:00:00",
          "schema:validFrom": "2023-10-25T00:00:00",
          "schema:validThrough": "2023-02-28T23:59:59",
          "@type": [
            "schema:OpeningHoursSpecification"
          ]
        },
        {
          "@id": "https://data.datatourisme.fr/bed8d360-ea90-3dcc-86d4-5d964d5ceb1a",
          "schema:closes": "19:30:00",
          "schema:opens": "07:00:00",
          "schema:validFrom": "2023-10-01T00:00:00",
          "schema:validThrough": "2023-10-24T23:59:59",
          "@type": [
            "schema:OpeningHoursSpecification"
          ]
        }
      ],
      "@type": [
        "schema:Place",
        "Place"
      ]
    }
  ],
  "isOwnedBy": [
    {
      "@id": "https://data.datatourisme.fr/26ecd6f0-563c-356a-b0f9-ad3ec17effc4",
      "schema:email": [
        "bgeigle@visitparisregion.com",
        "hcaldo@visitparisregion.com",
        "mtanaskovic@visitparisregion.com"
      ],
      "schema:legalName": "Comité Régional du Tourisme Paris Ile de France",
      "@type": [
        "schema:Organization",
        "foaf:Agent",
        "Agent"
      ],
      "foaf:homepage": [
        "http://www.visitparisregion.com/"
      ]
    }
  ],
  "lastUpdate": "2021-11-03",
  "lastUpdateDatatourisme": "2023-10-02T05:53:31.766Z"
}