{
  "@id": "https://data.datatourisme.fr/13/6b235925-7dcf-3fb3-8919-1661518010bd",
  "dc:identifier": "820205",
  "@type": [
    "schema:Park",
    "CulturalSite",
    "ParkAndGarden",
    "PlaceOfInterest",
    "PointOfInterest"
  ],
  "rdfs:comment": {
    "de": [
      "600 m² städtischer Gemüsegarten in unmittelbarer Nähe des Eiffelturms - das gibt es wirklich!\r\nFinden Sie dieses Obst und Gemüse auf den Tellern der Brasserie Frame wieder."
    ],
    "en": [
      "600 m² of urban vegetable garden just a stone's throw from the Eiffel Tower - it exists!\r\nFind these fruits and vegetables in the plates of the Frame brewery."
    ],
    "it": [
      "600 m² di orto urbano a due passi dalla Torre Eiffel: esiste!\r\nTrovate questa frutta e verdura nei piatti della birreria Frame."
    ],
    "fr": [
      "600 m² de potager urbain à deux pas de la Tour Eiffel ça existe ! \r\nRetrouvez ces fruits et légumes dans les assiettes de la brasserie Frame."
    ],
    "nl": [
      "600 m² stadsmoestuin op een steenworp afstand van de Eiffeltoren - het bestaat!\r\nVind deze groenten en fruit in de borden van de Frame brouwerij."
    ],
    "es": [
      "600 m² de huerto urbano a un paso de la Torre Eiffel - ¡existe!\r\nEncuentre estas frutas y verduras en los platos de la cervecería Frame."
    ]
  },
  "rdfs:label": {
    "fr": [
      "Le potager de Frame"
    ]
  },
  "hasBeenCreatedBy": {
    "@id": "https://data.datatourisme.fr/13/03e0704b-5690-32de-a186-1dc3ad3316c9",
    "dc:identifier": "1019",
    "schema:email": [
      "bgeigle@visitparisregion.com",
      "hcaldo@visitparisregion.com",
      "mtanaskovic@visitparisregion.com"
    ],
    "schema:legalName": "Choose Paris Region",
    "@type": [
      "schema:Organization",
      "foaf:Agent",
      "Agent"
    ],
    "foaf:homepage": [
      "http://www.visitparisregion.com/"
    ]
  },
  "hasBeenPublishedBy": [
    {
      "@id": "https://data.datatourisme.fr/8a9feb4b-2cbd-3d2c-b507-bd6c6776b23b",
      "schema:legalName": "Apidae Tourisme Scic SA - source : Apidae Tourisme",
      "@type": [
        "schema:Organization",
        "foaf:Agent",
        "Agent"
      ],
      "foaf:homepage": [
        "https://www.apidae-tourisme.com/"
      ]
    }
  ],
  "hasContact": [
    {
      "@id": "https://data.datatourisme.fr/1dc08313-7099-3b80-bec2-85c82835f381",
      "schema:email": [
        "info@framebrasserie.fr"
      ],
      "schema:telephone": [
        "+33 1 44 38 57 77"
      ],
      "@type": [
        "foaf:Agent",
        "Agent"
      ],
      "foaf:homepage": [
        "http://frame-brasserie.zenchef.com/"
      ]
    }
  ],
  "hasDescription": [
    {
      "@id": "https://data.datatourisme.fr/bfe1dd79-6fe9-336f-bf04-7656d23d26e1",
      "@type": [
        "Description"
      ],
      "hasTranslatedProperty": [
        {
          "@id": "https://data.datatourisme.fr/20d0fcd5-aafd-336d-8013-eb8e8ec572f3",
          "dc:contributor": [
            "https://api.deepl.com/v2/translate"
          ],
          "rdf:language": [
            "it"
          ],
          "rdf:predicate": [
            "shortDescription"
          ]
        },
        {
          "@id": "https://data.datatourisme.fr/2b2da131-8ede-39ca-8b44-7ee78902bb9d",
          "dc:contributor": [
            "https://api.deepl.com/v2/translate"
          ],
          "rdf:language": [
            "nl"
          ],
          "rdf:predicate": [
            "shortDescription"
          ]
        },
        {
          "@id": "https://data.datatourisme.fr/3bd2a1c1-cafc-347e-bf86-95be78e7cbf9",
          "dc:contributor": [
            "https://api.deepl.com/v2/translate"
          ],
          "rdf:language": [
            "es"
          ],
          "rdf:predicate": [
            "shortDescription"
          ]
        },
        {
          "@id": "https://data.datatourisme.fr/d159c59a-b09a-31cf-a936-a1efae757485",
          "dc:contributor": [
            "https://api.deepl.com/v2/translate"
          ],
          "rdf:language": [
            "en"
          ],
          "rdf:predicate": [
            "shortDescription"
          ]
        },
        {
          "@id": "https://data.datatourisme.fr/fce959e7-144a-313c-8238-e0d9c3b9a88f",
          "dc:contributor": [
            "https://api.deepl.com/v2/translate"
          ],
          "rdf:language": [
            "de"
          ],
          "rdf:predicate": [
            "shortDescription"
          ]
        }
      ],
      "shortDescription": {
        "de": [
          "600 m² städtischer Gemüsegarten in unmittelbarer Nähe des Eiffelturms - das gibt es wirklich!\r\nFinden Sie dieses Obst und Gemüse auf den Tellern der Brasserie Frame wieder."
        ],
        "en": [
          "600 m² of urban vegetable garden just a stone's throw from the Eiffel Tower - it exists!\r\nFind these fruits and vegetables in the plates of the Frame brewery."
        ],
        "it": [
          "600 m² di orto urbano a due passi dalla Torre Eiffel: esiste!\r\nTrovate questa frutta e verdura nei piatti della birreria Frame."
        ],
        "fr": [
          "600 m² de potager urbain à deux pas de la Tour Eiffel ça existe ! \r\nRetrouvez ces fruits et légumes dans les assiettes de la brasserie Frame."
        ],
        "nl": [
          "600 m² stadsmoestuin op een steenworp afstand van de Eiffeltoren - het bestaat!\r\nVind deze groenten en fruit in de borden van de Frame brouwerij."
        ],
        "es": [
          "600 m² de huerto urbano a un paso de la Torre Eiffel - ¡existe!\r\nEncuentre estas frutas y verduras en los platos de la cervecería Frame."
        ]
      }
    }
  ],
  "hasTheme": [
    {
      "@id": "kb:Culture",
      "@type": [
        "CulturalTheme"
      ],
      "rdfs:label": {
        "de": [
          "Kultur"
        ],
        "pt": [
          "Cultura"
        ],
        "en": [
          "Culture"
        ],
        "it": [
          "Cultura"
        ],
        "fr": [
          "Culture"
        ],
        "nl": [
          "Cultuur"
        ],
        "es": [
          "Cultura"
        ]
      }
    }
  ],
  "hasTranslatedProperty": [
    {
      "@id": "https://data.datatourisme.fr/5d080932-952b-31bd-8202-f7c9bfbb13f0",
      "dc:contributor": [
        "https://api.deepl.com/v2/translate"
      ],
      "rdf:language": [
        "nl"
      ],
      "rdf:predicate": [
        {
          "@id": "rdfs:comment"
        }
      ]
    },
    {
      "@id": "https://data.datatourisme.fr/9448e531-cf82-38f4-a89c-d186fadd2d29",
      "dc:contributor": [
        "https://api.deepl.com/v2/translate"
      ],
      "rdf:language": [
        "de"
      ],
      "rdf:predicate": [
        {
          "@id": "rdfs:comment"
        }
      ]
    },
    {
      "@id": "https://data.datatourisme.fr/9518f9c3-d67b-3564-a256-f1f2fbbac10c",
      "dc:contributor": [
        "https://api.deepl.com/v2/translate"
      ],
      "rdf:language": [
        "it"
      ],
      "rdf:predicate": [
        {
          "@id": "rdfs:comment"
        }
      ]
    },
    {
      "@id": "https://data.datatourisme.fr/9d2a58d8-d4f2-390e-a7e6-4c3e864b9945",
      "dc:contributor": [
        "https://api.deepl.com/v2/translate"
      ],
      "rdf:language": [
        "en"
      ],
      "rdf:predicate": [
        {
          "@id": "rdfs:comment"
        }
      ]
    },
    {
      "@id": "https://data.datatourisme.fr/e1116817-9eaa-3fd5-965e-c648bc86c54e",
      "dc:contributor": [
        "https://api.deepl.com/v2/translate"
      ],
      "rdf:language": [
        "es"
      ],
      "rdf:predicate": [
        {
          "@id": "rdfs:comment"
        }
      ]
    }
  ],
  "isLocatedAt": [
    {
      "@id": "https://data.datatourisme.fr/0fb983b6-91ec-3b0d-9dab-9667a022a1ed",
      "schema:address": [
        {
          "@id": "https://data.datatourisme.fr/d9ab7f9f-844c-3b3d-8306-72c16ce9b563",
          "schema:addressLocality": "Paris 15e Arrondissement",
          "schema:postalCode": "75015",
          "schema:streetAddress": [
            "28 rue Jean Rey"
          ],
          "@type": [
            "schema:PostalAddress",
            "PostalAddress"
          ],
          "hasAddressCity": {
            "@id": "kb:75115",
            "@type": [
              "City"
            ],
            "rdfs:label": {
              "de": [
                "Paris 15e Arrondissement"
              ],
              "pt": [
                "Paris 15e Arrondissement"
              ],
              "en": [
                "Paris 15e Arrondissement"
              ],
              "it": [
                "Paris 15e Arrondissement"
              ],
              "fr": [
                "Paris 15e Arrondissement"
              ],
              "nl": [
                "Paris 15e Arrondissement"
              ],
              "es": [
                "Paris 15e Arrondissement"
              ]
            },
            "insee": "75115",
            "isPartOfDepartment": {
              "@id": "kb:France1175",
              "@type": [
                "Department"
              ],
              "rdfs:label": {
                "de": [
                  "Paris"
                ],
                "pt": [
                  "Paris"
                ],
                "en": [
                  "Paris"
                ],
                "it": [
                  "Paris"
                ],
                "fr": [
                  "Paris"
                ],
                "nl": [
                  "Paris"
                ],
                "es": [
                  "Paris"
                ]
              },
              "insee": "75",
              "isPartOfRegion": {
                "@id": "kb:France11",
                "@type": [
                  "Region"
                ],
                "rdfs:label": {
                  "de": [
                    "Île-de-France"
                  ],
                  "pt": [
                    "Île-de-France"
                  ],
                  "en": [
                    "Île-de-France"
                  ],
                  "it": [
                    "Île-de-France"
                  ],
                  "fr": [
                    "Île-de-France"
                  ],
                  "nl": [
                    "Île-de-France"
                  ],
                  "es": [
                    "Île-de-France"
                  ]
                },
                "insee": "11",
                "isPartOfCountry": {
                  "@id": "kb:France",
                  "@type": [
                    "schema:Country"
                  ],
                  "rdfs:label": {
                    "de": [
                      "France",
                      "Frankreich"
                    ],
                    "pt": [
                      "França",
                      "France"
                    ],
                    "en": [
                      "France"
                    ],
                    "it": [
                      "France",
                      "Francia"
                    ],
                    "fr": [
                      "France"
                    ],
                    "nl": [
                      "France",
                      "Frankrijk"
                    ],
                    "es": [
                      "France",
                      "Francia"
                    ]
                  }
                }
              }
            }
          }
        }
      ],
      "schema:geo": {
        "@id": "https://data.datatourisme.fr/37707527-b779-3288-893a-071bde6dc8d4",
        "schema:latitude": "48.855986",
        "schema:longitude": "2.292931",
        "@type": [
          "schema:GeoCoordinates"
        ]
      },
      "schema:openingHoursSpecification": [
        {
          "@id": "https://data.datatourisme.fr/6b5a0454-6aeb-3092-9134-0297d613626c",
          "schema:closes": "01:00:00",
          "schema:opens": "08:00:00",
          "schema:validFrom": "2023-01-01T00:00:00",
          "schema:validThrough": "2023-12-31T23:59:59",
          "@type": [
            "schema:OpeningHoursSpecification"
          ]
        }
      ],
      "@type": [
        "schema:Place",
        "Place"
      ]
    }
  ],
  "isOwnedBy": [
    {
      "@id": "https://data.datatourisme.fr/26ecd6f0-563c-356a-b0f9-ad3ec17effc4",
      "schema:email": [
        "bgeigle@visitparisregion.com",
        "hcaldo@visitparisregion.com",
        "mtanaskovic@visitparisregion.com"
      ],
      "schema:legalName": "Comité Régional du Tourisme Paris Ile de France",
      "@type": [
        "schema:Organization",
        "foaf:Agent",
        "Agent"
      ],
      "foaf:homepage": [
        "http://www.visitparisregion.com/"
      ]
    }
  ],
  "lastUpdate": "2020-09-28",
  "lastUpdateDatatourisme": "2023-10-17T05:52:15.679Z"
}