{
  "@id": "https://data.datatourisme.fr/13/04f7d9b5-81b4-34b3-80e9-9be36a819553",
  "dc:identifier": "5167994",
  "@type": [
    "schema:LocalBusiness",
    "schema:Museum",
    "CulturalSite",
    "Museum",
    "PlaceOfInterest",
    "PointOfInterest"
  ],
  "rdfs:comment": {
    "de": [
      "Mit ihrem reichhaltigen und abwechslungsreichen Programm steigt die GCA Gallery in die Reihe der Vorzeigefiguren auf, die die Street Art in Paris und ganz Frankreich zum Strahlen bringen."
    ],
    "en": [
      "With its rich and varied program, the GCA Gallery has become one of the leading figures in street art in Paris and throughout France."
    ],
    "it": [
      "Con il suo programma ricco e variegato, la GCA Gallery è diventata una delle figure di spicco della street art a Parigi e in tutta la Francia."
    ],
    "fr": [
      "Avec sa programmation riche et variée, la GCA Gallery se hisse au rang des figures phares qui font rayonner le street art à Paris et dans la France entière."
    ],
    "nl": [
      "Met haar rijke en gevarieerde programma is de GCA Gallery uitgegroeid tot een van de belangrijkste figuren op het gebied van straatkunst in Parijs en in heel Frankrijk."
    ],
    "es": [
      "Con su rica y variada programación, la Galería GCA se ha convertido en una de las principales figuras del arte callejero en París y en toda Francia."
    ]
  },
  "rdfs:label": {
    "en": [
      "GCA Gallery"
    ],
    "fr": [
      "GCA Gallery"
    ]
  },
  "hasBeenCreatedBy": {
    "@id": "https://data.datatourisme.fr/13/03e0704b-5690-32de-a186-1dc3ad3316c9",
    "dc:identifier": "1019",
    "schema:email": [
      "bgeigle@visitparisregion.com",
      "hcaldo@visitparisregion.com",
      "mtanaskovic@visitparisregion.com"
    ],
    "schema:legalName": "Choose Paris Region",
    "@type": [
      "schema:Organization",
      "foaf:Agent",
      "Agent"
    ],
    "foaf:homepage": [
      "http://www.visitparisregion.com/"
    ]
  },
  "hasBeenPublishedBy": [
    {
      "@id": "https://data.datatourisme.fr/8a9feb4b-2cbd-3d2c-b507-bd6c6776b23b",
      "schema:legalName": "Apidae Tourisme Scic SA - source : Apidae Tourisme",
      "@type": [
        "schema:Organization",
        "foaf:Agent",
        "Agent"
      ],
      "foaf:homepage": [
        "https://www.apidae-tourisme.com/"
      ]
    }
  ],
  "hasContact": [
    {
      "@id": "https://data.datatourisme.fr/c3c03a1e-e1e2-3706-b36e-46766cd0b459",
      "schema:telephone": [
        "+33 6 09 07 75 99"
      ],
      "@type": [
        "foaf:Agent",
        "Agent"
      ],
      "foaf:homepage": [
        "https://www.gcagallery.fr/"
      ]
    }
  ],
  "hasDescription": [
    {
      "@id": "https://data.datatourisme.fr/b11673b7-b862-350c-bcf1-73f672abbcb1",
      "@type": [
        "Description"
      ],
      "hasTranslatedProperty": [
        {
          "@id": "https://data.datatourisme.fr/5628cbd7-7eb3-316e-8978-3b58175d4628",
          "dc:contributor": [
            "https://api.deepl.com/v2/translate"
          ],
          "rdf:language": [
            "de"
          ],
          "rdf:predicate": [
            "shortDescription"
          ]
        },
        {
          "@id": "https://data.datatourisme.fr/74a11fba-a641-39e2-9679-6d9a201d9bd4",
          "dc:contributor": [
            "https://api.deepl.com/v2/translate"
          ],
          "rdf:language": [
            "en"
          ],
          "rdf:predicate": [
            "shortDescription"
          ]
        },
        {
          "@id": "https://data.datatourisme.fr/9a96f422-9d89-32af-a3a2-50be8f7531b2",
          "dc:contributor": [
            "https://api.deepl.com/v2/translate"
          ],
          "rdf:language": [
            "it"
          ],
          "rdf:predicate": [
            "shortDescription"
          ]
        },
        {
          "@id": "https://data.datatourisme.fr/b95c624c-f361-36d8-b900-64ca0c776a13",
          "dc:contributor": [
            "https://api.deepl.com/v2/translate"
          ],
          "rdf:language": [
            "es"
          ],
          "rdf:predicate": [
            "shortDescription"
          ]
        },
        {
          "@id": "https://data.datatourisme.fr/daad50d1-180d-31fd-bfbb-c37e31ffdef4",
          "dc:contributor": [
            "https://api.deepl.com/v2/translate"
          ],
          "rdf:language": [
            "nl"
          ],
          "rdf:predicate": [
            "shortDescription"
          ]
        }
      ],
      "shortDescription": {
        "de": [
          "Mit ihrem reichhaltigen und abwechslungsreichen Programm steigt die GCA Gallery in die Reihe der Vorzeigefiguren auf, die die Street Art in Paris und ganz Frankreich zum Strahlen bringen."
        ],
        "en": [
          "With its rich and varied program, the GCA Gallery has become one of the leading figures in street art in Paris and throughout France."
        ],
        "it": [
          "Con il suo programma ricco e variegato, la GCA Gallery è diventata una delle figure di spicco della street art a Parigi e in tutta la Francia."
        ],
        "fr": [
          "Avec sa programmation riche et variée, la GCA Gallery se hisse au rang des figures phares qui font rayonner le street art à Paris et dans la France entière."
        ],
        "nl": [
          "Met haar rijke en gevarieerde programma is de GCA Gallery uitgegroeid tot een van de belangrijkste figuren op het gebied van straatkunst in Parijs en in heel Frankrijk."
        ],
        "es": [
          "Con su rica y variada programación, la Galería GCA se ha convertido en una de las principales figuras del arte callejero en París y en toda Francia."
        ]
      }
    }
  ],
  "hasTheme": [
    {
      "@id": "kb:Culture",
      "@type": [
        "CulturalTheme"
      ],
      "rdfs:label": {
        "de": [
          "Kultur"
        ],
        "pt": [
          "Cultura"
        ],
        "en": [
          "Culture"
        ],
        "it": [
          "Cultura"
        ],
        "fr": [
          "Culture"
        ],
        "nl": [
          "Cultuur"
        ],
        "es": [
          "Cultura"
        ]
      }
    }
  ],
  "hasTranslatedProperty": [
    {
      "@id": "https://data.datatourisme.fr/1cc9a437-319b-36c2-80e0-a751d6f36bb6",
      "dc:contributor": [
        "https://api.deepl.com/v2/translate"
      ],
      "rdf:language": [
        "de"
      ],
      "rdf:predicate": [
        {
          "@id": "rdfs:comment"
        }
      ]
    },
    {
      "@id": "https://data.datatourisme.fr/6af25379-bd03-329d-8584-c665e5529743",
      "dc:contributor": [
        "https://api.deepl.com/v2/translate"
      ],
      "rdf:language": [
        "nl"
      ],
      "rdf:predicate": [
        {
          "@id": "rdfs:comment"
        }
      ]
    },
    {
      "@id": "https://data.datatourisme.fr/9629cfdc-d156-3892-8c99-ea23149c4ccb",
      "dc:contributor": [
        "https://api.deepl.com/v2/translate"
      ],
      "rdf:language": [
        "it"
      ],
      "rdf:predicate": [
        {
          "@id": "rdfs:comment"
        }
      ]
    },
    {
      "@id": "https://data.datatourisme.fr/befd2b57-7ab2-36bf-be8c-e66a037f0d3c",
      "dc:contributor": [
        "https://api.deepl.com/v2/translate"
      ],
      "rdf:language": [
        "en"
      ],
      "rdf:predicate": [
        {
          "@id": "rdfs:comment"
        }
      ]
    },
    {
      "@id": "https://data.datatourisme.fr/d875f5af-9ad0-38d8-a26e-33829d7366e9",
      "dc:contributor": [
        "https://api.deepl.com/v2/translate"
      ],
      "rdf:language": [
        "es"
      ],
      "rdf:predicate": [
        {
          "@id": "rdfs:comment"
        }
      ]
    }
  ],
  "isLocatedAt": [
    {
      "@id": "https://data.datatourisme.fr/929f2822-4c9d-3b32-9685-10b9e989addd",
      "schema:address": [
        {
          "@id": "https://data.datatourisme.fr/307063f3-2128-3599-9cec-4ef8178b5f0a",
          "schema:addressLocality": "Paris",
          "schema:postalCode": "75013",
          "schema:streetAddress": [
            "2 place Farhat Hached"
          ],
          "@type": [
            "schema:PostalAddress",
            "PostalAddress"
          ],
          "hasAddressCity": {
            "@id": "kb:75056",
            "@type": [
              "City"
            ],
            "rdfs:label": {
              "de": [
                "Paris"
              ],
              "pt": [
                "Paris"
              ],
              "en": [
                "Paris"
              ],
              "it": [
                "Paris"
              ],
              "fr": [
                "Paris"
              ],
              "nl": [
                "Paris"
              ],
              "es": [
                "Paris"
              ]
            },
            "insee": "75056",
            "isPartOfDepartment": {
              "@id": "kb:France1175",
              "@type": [
                "Department"
              ],
              "rdfs:label": {
                "de": [
                  "Paris"
                ],
                "pt": [
                  "Paris"
                ],
                "en": [
                  "Paris"
                ],
                "it": [
                  "Paris"
                ],
                "fr": [
                  "Paris"
                ],
                "nl": [
                  "Paris"
                ],
                "es": [
                  "Paris"
                ]
              },
              "insee": "75",
              "isPartOfRegion": {
                "@id": "kb:France11",
                "@type": [
                  "Region"
                ],
                "rdfs:label": {
                  "de": [
                    "Île-de-France"
                  ],
                  "pt": [
                    "Île-de-France"
                  ],
                  "en": [
                    "Île-de-France"
                  ],
                  "it": [
                    "Île-de-France"
                  ],
                  "fr": [
                    "Île-de-France"
                  ],
                  "nl": [
                    "Île-de-France"
                  ],
                  "es": [
                    "Île-de-France"
                  ]
                },
                "insee": "11",
                "isPartOfCountry": {
                  "@id": "kb:France",
                  "@type": [
                    "schema:Country"
                  ],
                  "rdfs:label": {
                    "de": [
                      "France",
                      "Frankreich"
                    ],
                    "pt": [
                      "França",
                      "France"
                    ],
                    "en": [
                      "France"
                    ],
                    "it": [
                      "France",
                      "Francia"
                    ],
                    "fr": [
                      "France"
                    ],
                    "nl": [
                      "France",
                      "Frankrijk"
                    ],
                    "es": [
                      "France",
                      "Francia"
                    ]
                  }
                }
              }
            }
          }
        }
      ],
      "schema:geo": {
        "@id": "https://data.datatourisme.fr/57ac1a9d-34cd-3d5a-9895-dab5c1a369fe",
        "schema:latitude": "48.826081",
        "schema:longitude": "2.382208",
        "@type": [
          "schema:GeoCoordinates"
        ]
      },
      "schema:openingHoursSpecification": [
        {
          "@id": "https://data.datatourisme.fr/5d8c1cd6-5912-38d4-ac82-9b4701b4683d",
          "schema:closes": "19:00:00",
          "schema:opens": "11:00:00",
          "schema:validFrom": "2023-01-01T00:00:00",
          "schema:validThrough": "2023-12-31T23:59:59",
          "@type": [
            "schema:OpeningHoursSpecification"
          ],
          "additionalInformation": {
            "de": [
              "mittwochs von 14:30 bis 19:00 Uhr; Donnerstags bis Samstags von 11:00 bis 19:00 Uhr"
            ],
            "en": [
              "wednesdays from 2:30 pm to 7:00 pm; Thursday to Saturday from 11:00 am to 7:00 pm"
            ],
            "it": [
              "mercoledì dalle 14.30 alle 19.00; dal giovedì al sabato dalle 11.00 alle 19.00"
            ],
            "fr": [
              "les mercredis de 14h30 à 19h00; du jeudi au samedi de 11h00 à 19h00"
            ],
            "nl": [
              "woensdag van 14.30 tot 19.00; donderdag tot zaterdag van 11.00 tot 19.00"
            ],
            "es": [
              "miércoles de 14.30 a 19.00; de jueves a sábado de 11.00 a 19.00"
            ]
          },
          "hasTranslatedProperty": [
            {
              "@id": "https://data.datatourisme.fr/23790f70-8267-39d3-a293-14dc7b43c372",
              "dc:contributor": [
                "https://api.deepl.com/v2/translate"
              ],
              "rdf:language": [
                "es"
              ],
              "rdf:predicate": [
                "additionalInformation"
              ]
            },
            {
              "@id": "https://data.datatourisme.fr/51570f25-8e9a-3c25-8e59-7fb719142c51",
              "dc:contributor": [
                "https://api.deepl.com/v2/translate"
              ],
              "rdf:language": [
                "de"
              ],
              "rdf:predicate": [
                "additionalInformation"
              ]
            },
            {
              "@id": "https://data.datatourisme.fr/ae5e3392-8c6d-374a-924a-4bce7328b6fc",
              "dc:contributor": [
                "https://api.deepl.com/v2/translate"
              ],
              "rdf:language": [
                "it"
              ],
              "rdf:predicate": [
                "additionalInformation"
              ]
            },
            {
              "@id": "https://data.datatourisme.fr/b997bd4e-23d2-3202-a1b5-7abcd31f9a6f",
              "dc:contributor": [
                "https://api.deepl.com/v2/translate"
              ],
              "rdf:language": [
                "nl"
              ],
              "rdf:predicate": [
                "additionalInformation"
              ]
            },
            {
              "@id": "https://data.datatourisme.fr/e31c25c1-ea65-32bd-ae70-cbd460ab8b96",
              "dc:contributor": [
                "https://api.deepl.com/v2/translate"
              ],
              "rdf:language": [
                "en"
              ],
              "rdf:predicate": [
                "additionalInformation"
              ]
            }
          ]
        }
      ],
      "@type": [
        "schema:Place",
        "Place"
      ]
    }
  ],
  "isOwnedBy": [
    {
      "@id": "https://data.datatourisme.fr/26ecd6f0-563c-356a-b0f9-ad3ec17effc4",
      "schema:email": [
        "bgeigle@visitparisregion.com",
        "hcaldo@visitparisregion.com",
        "mtanaskovic@visitparisregion.com"
      ],
      "schema:legalName": "Comité Régional du Tourisme Paris Ile de France",
      "@type": [
        "schema:Organization",
        "foaf:Agent",
        "Agent"
      ],
      "foaf:homepage": [
        "http://www.visitparisregion.com/"
      ]
    }
  ],
  "lastUpdate": "2023-07-26",
  "lastUpdateDatatourisme": "2023-10-02T05:53:31.746Z"
}