{
  "@id": "https://data.datatourisme.fr/13/040eafb2-8b56-31a7-a151-0e56e396dd64",
  "dc:identifier": "765751",
  "@type": [
    "schema:Park",
    "CulturalSite",
    "ParkAndGarden",
    "PlaceOfInterest",
    "PointOfInterest"
  ],
  "rdfs:comment": {
    "de": [
      "Der Parc de la Villette ist mehr als nur eine Grünfläche. Er ist ein riesiger Komplex, der der Natur und der Kultur gewidmet ist. Ein Familiengarten, der sich für alle Aktivitäten im Freien eignet, und eine der schönsten Grünanlagen von Paris!"
    ],
    "en": [
      "More than just a green space, the Parc de la Villette is a vast complex dedicated to nature and culture. A family garden suitable for all outdoor activities, and one of the most beautiful green spaces in Paris!"
    ],
    "it": [
      "Più che un semplice spazio verde, il Parc de la Villette è un vasto complesso dedicato alla natura e alla cultura. Un giardino per famiglie adatto a tutte le attività all'aperto e uno degli spazi verdi più belli di Parigi!"
    ],
    "fr": [
      "Plus qu’un simple espace vert, le Parc de la Villette est un vaste complexe dédié à la nature et à la culture. Un jardin familial adapté à toutes les activités en plein air, et l’un des plus beaux espaces verts de Paris !"
    ],
    "es": [
      "Más que un espacio verde, el Parque de la Villette es un vasto complejo dedicado a la naturaleza y la cultura. Un jardín familiar apto para todas las actividades al aire libre, y uno de los espacios verdes más bellos de París"
    ],
    "nl": [
      "Het Parc de la Villette is meer dan een groene ruimte, het is een uitgestrekt complex gewijd aan natuur en cultuur. Een gezinstuin die geschikt is voor alle buitenactiviteiten, en een van de mooiste groene ruimtes van Parijs!"
    ]
  },
  "rdfs:label": {
    "en": [
      "Parc de La Villette"
    ],
    "fr": [
      "Parc de la Villette"
    ]
  },
  "owl:sameAs": [
    "http://www.wikidata.org/entity/Q246448"
  ],
  "hasBeenCreatedBy": {
    "@id": "https://data.datatourisme.fr/13/03e0704b-5690-32de-a186-1dc3ad3316c9",
    "dc:identifier": "1019",
    "schema:email": [
      "bgeigle@visitparisregion.com",
      "hcaldo@visitparisregion.com",
      "mtanaskovic@visitparisregion.com"
    ],
    "schema:legalName": "Choose Paris Region",
    "@type": [
      "schema:Organization",
      "foaf:Agent",
      "Agent"
    ],
    "foaf:homepage": [
      "http://www.visitparisregion.com/"
    ]
  },
  "hasBeenPublishedBy": [
    {
      "@id": "https://data.datatourisme.fr/8a9feb4b-2cbd-3d2c-b507-bd6c6776b23b",
      "schema:legalName": "Apidae Tourisme Scic SA - source : Apidae Tourisme",
      "@type": [
        "schema:Organization",
        "foaf:Agent",
        "Agent"
      ],
      "foaf:homepage": [
        "https://www.apidae-tourisme.com/"
      ]
    }
  ],
  "hasContact": [
    {
      "@id": "https://data.datatourisme.fr/0e87f6dc-e43d-38e0-88c0-99647b93a046",
      "schema:telephone": [
        "+33 1 40 03 75 75"
      ],
      "@type": [
        "foaf:Agent",
        "Agent"
      ],
      "foaf:homepage": [
        "http://lavillette.com/"
      ]
    }
  ],
  "hasDescription": [
    {
      "@id": "https://data.datatourisme.fr/7a483223-2ca9-30bc-acea-2a4047ec981f",
      "@type": [
        "Description"
      ],
      "hasTranslatedProperty": [
        {
          "@id": "https://data.datatourisme.fr/3013ca10-fa2d-3947-a68b-0fdcf513594a",
          "dc:contributor": [
            "https://api.deepl.com/v2/translate"
          ],
          "rdf:language": [
            "es"
          ],
          "rdf:predicate": [
            "shortDescription"
          ]
        },
        {
          "@id": "https://data.datatourisme.fr/48bdf4a7-54f5-36b5-b457-247adff42352",
          "dc:contributor": [
            "https://api.deepl.com/v2/translate"
          ],
          "rdf:language": [
            "de"
          ],
          "rdf:predicate": [
            "shortDescription"
          ]
        },
        {
          "@id": "https://data.datatourisme.fr/e97af047-2ca6-355a-9ce8-3c2c820cf950",
          "dc:contributor": [
            "https://api.deepl.com/v2/translate"
          ],
          "rdf:language": [
            "en"
          ],
          "rdf:predicate": [
            "shortDescription"
          ]
        },
        {
          "@id": "https://data.datatourisme.fr/f5f209fd-043a-3bf5-a3f2-14876d3f47fa",
          "dc:contributor": [
            "https://api.deepl.com/v2/translate"
          ],
          "rdf:language": [
            "it"
          ],
          "rdf:predicate": [
            "shortDescription"
          ]
        },
        {
          "@id": "https://data.datatourisme.fr/f9fc662b-f717-36db-8343-cd1f47834abd",
          "dc:contributor": [
            "https://api.deepl.com/v2/translate"
          ],
          "rdf:language": [
            "nl"
          ],
          "rdf:predicate": [
            "shortDescription"
          ]
        }
      ],
      "shortDescription": {
        "de": [
          "Der Parc de la Villette ist mehr als nur eine Grünfläche. Er ist ein riesiger Komplex, der der Natur und der Kultur gewidmet ist. Ein Familiengarten, der sich für alle Aktivitäten im Freien eignet, und eine der schönsten Grünanlagen von Paris!"
        ],
        "en": [
          "More than just a green space, the Parc de la Villette is a vast complex dedicated to nature and culture. A family garden suitable for all outdoor activities, and one of the most beautiful green spaces in Paris!"
        ],
        "it": [
          "Più che un semplice spazio verde, il Parc de la Villette è un vasto complesso dedicato alla natura e alla cultura. Un giardino per famiglie adatto a tutte le attività all'aperto e uno degli spazi verdi più belli di Parigi!"
        ],
        "fr": [
          "Plus qu’un simple espace vert, le Parc de la Villette est un vaste complexe dédié à la nature et à la culture. Un jardin familial adapté à toutes les activités en plein air, et l’un des plus beaux espaces verts de Paris !"
        ],
        "es": [
          "Más que un espacio verde, el Parque de la Villette es un vasto complejo dedicado a la naturaleza y la cultura. Un jardín familiar apto para todas las actividades al aire libre, y uno de los espacios verdes más bellos de París"
        ],
        "nl": [
          "Het Parc de la Villette is meer dan een groene ruimte, het is een uitgestrekt complex gewijd aan natuur en cultuur. Een gezinstuin die geschikt is voor alle buitenactiviteiten, en een van de mooiste groene ruimtes van Parijs!"
        ]
      }
    }
  ],
  "hasRepresentation": [
    {
      "@id": "https://data.datatourisme.fr/38d3937c-a9ad-3934-89b8-096595e30320",
      "ebucore:hasAnnotation": [
        {
          "@id": "https://data.datatourisme.fr/02511e0f-9318-3f3e-ba42-6163da90f8ad",
          "ebucore:isCoveredBy": "CC BY-SA 3.0",
          "ebucore:title": {
            "fr": [
              "Parc de la Villette, Geode"
            ]
          },
          "@type": [
            "ebucore:Annotation"
          ],
          "credits": [
            "<a href=\"https://en.wikipedia.org/wiki/el:User:DIMSFIKAS\" class=\"extiw\" title=\"w:el:User:DIMSFIKAS\">DIMSFIKAS</a> sur <a href=\"https://en.wikipedia.org/wiki/el:\" class=\"extiw\" title=\"w:el:\">Wikipédia grec</a>"
          ]
        }
      ],
      "ebucore:hasRelatedResource": [
        {
          "@id": "https://data.datatourisme.fr/5b0dc523-d519-37f1-bbd2-b7bb3dce9764",
          "ebucore:fileSize": [
            2742329
          ],
          "ebucore:hasMimeType": [
            {
              "@id": "kb:JPEG",
              "@type": [
                "ebucore:MimeType"
              ],
              "rdfs:comment": {
                "de": [
                  "JPEG-Bild"
                ],
                "pt": [
                  "Imagem JPEG"
                ],
                "en": [
                  "JPEG image file"
                ],
                "it": [
                  "Immagine JPEG"
                ],
                "fr": [
                  "Image JPEG"
                ],
                "nl": [
                  "JPEG-afbeelding"
                ],
                "es": [
                  "Imagen JPEG"
                ]
              },
              "rdfs:label": {
                "de": [
                  "image/jpeg"
                ],
                "pt": [
                  "image/jpeg"
                ],
                "en": [
                  "image/jpeg"
                ],
                "it": [
                  "image/jpeg"
                ],
                "fr": [
                  "image/jpeg"
                ],
                "nl": [
                  "image/jpeg"
                ],
                "es": [
                  "image/jpeg"
                ]
              }
            }
          ],
          "ebucore:height": 2448,
          "ebucore:locator": [
            "https://upload.wikimedia.org/wikipedia/commons/a/a5/Parc_de_la_Villette%2C_Geode.jpg"
          ],
          "ebucore:width": 3264,
          "@type": [
            "ebucore:Resource"
          ]
        }
      ],
      "@type": [
        "ebucore:EditorialObject"
      ]
    },
    {
      "@id": "https://data.datatourisme.fr/64225d3f-792a-3ec3-a951-e5442356a542",
      "ebucore:hasAnnotation": [
        {
          "@id": "https://data.datatourisme.fr/fefb757f-f9ed-3cca-af03-75cd56ab2b9a",
          "ebucore:isCoveredBy": "CC BY-SA 2.0",
          "ebucore:title": {
            "fr": [
              "Parc de la Villette, Paris 2010"
            ]
          },
          "@type": [
            "ebucore:Annotation"
          ],
          "credits": [
            "<a rel=\"nofollow\" class=\"external text\" href=\"https://www.flickr.com/people/32856635@N00\">Jean-Marie Hullot</a> from France"
          ]
        }
      ],
      "ebucore:hasRelatedResource": [
        {
          "@id": "https://data.datatourisme.fr/98f1afe0-a50f-3c55-a299-519390394009",
          "ebucore:fileSize": [
            4766305
          ],
          "ebucore:hasMimeType": [
            {
              "@id": "kb:JPEG",
              "@type": [
                "ebucore:MimeType"
              ],
              "rdfs:comment": {
                "de": [
                  "JPEG-Bild"
                ],
                "pt": [
                  "Imagem JPEG"
                ],
                "en": [
                  "JPEG image file"
                ],
                "it": [
                  "Immagine JPEG"
                ],
                "fr": [
                  "Image JPEG"
                ],
                "nl": [
                  "JPEG-afbeelding"
                ],
                "es": [
                  "Imagen JPEG"
                ]
              },
              "rdfs:label": {
                "de": [
                  "image/jpeg"
                ],
                "pt": [
                  "image/jpeg"
                ],
                "en": [
                  "image/jpeg"
                ],
                "it": [
                  "image/jpeg"
                ],
                "fr": [
                  "image/jpeg"
                ],
                "nl": [
                  "image/jpeg"
                ],
                "es": [
                  "image/jpeg"
                ]
              }
            }
          ],
          "ebucore:height": 3369,
          "ebucore:locator": [
            "https://upload.wikimedia.org/wikipedia/commons/8/85/Parc_de_la_Villette%2C_Paris_2010.jpg"
          ],
          "ebucore:width": 5054,
          "@type": [
            "ebucore:Resource"
          ]
        }
      ],
      "@type": [
        "ebucore:EditorialObject"
      ]
    },
    {
      "@id": "https://data.datatourisme.fr/9c61c08e-c156-38ae-a463-62b22d1b4346",
      "ebucore:hasAnnotation": [
        {
          "@id": "https://data.datatourisme.fr/bb27badc-e34a-3681-9cb6-00dab35485e0",
          "ebucore:isCoveredBy": "CC BY 2.0",
          "ebucore:title": {
            "fr": [
              "Carousel in the Parc de la Villette, Paris 8 September 2012"
            ]
          },
          "@type": [
            "ebucore:Annotation"
          ],
          "credits": [
            "<a rel=\"nofollow\" class=\"external text\" href=\"https://www.flickr.com/people/57449260@N00\">Marko Kudjerski</a> from Toronto, Canada"
          ]
        }
      ],
      "ebucore:hasRelatedResource": [
        {
          "@id": "https://data.datatourisme.fr/d73aa815-f367-3f39-8f3b-af29e3c4549c",
          "ebucore:fileSize": [
            6644985
          ],
          "ebucore:hasMimeType": [
            {
              "@id": "kb:JPEG",
              "@type": [
                "ebucore:MimeType"
              ],
              "rdfs:comment": {
                "de": [
                  "JPEG-Bild"
                ],
                "pt": [
                  "Imagem JPEG"
                ],
                "en": [
                  "JPEG image file"
                ],
                "it": [
                  "Immagine JPEG"
                ],
                "fr": [
                  "Image JPEG"
                ],
                "nl": [
                  "JPEG-afbeelding"
                ],
                "es": [
                  "Imagen JPEG"
                ]
              },
              "rdfs:label": {
                "de": [
                  "image/jpeg"
                ],
                "pt": [
                  "image/jpeg"
                ],
                "en": [
                  "image/jpeg"
                ],
                "it": [
                  "image/jpeg"
                ],
                "fr": [
                  "image/jpeg"
                ],
                "nl": [
                  "image/jpeg"
                ],
                "es": [
                  "image/jpeg"
                ]
              }
            }
          ],
          "ebucore:height": 3456,
          "ebucore:locator": [
            "https://upload.wikimedia.org/wikipedia/commons/c/c3/Carousel_in_the_Parc_de_la_Villette%2C_Paris_8_September_2012.jpg"
          ],
          "ebucore:width": 5184,
          "@type": [
            "ebucore:Resource"
          ]
        }
      ],
      "@type": [
        "ebucore:EditorialObject"
      ]
    },
    {
      "@id": "https://data.datatourisme.fr/b9400977-cf76-3b4d-8670-a159458a4f04",
      "ebucore:hasAnnotation": [
        {
          "@id": "https://data.datatourisme.fr/ef267f09-4bc7-31c5-960a-30241fa0e4c6",
          "ebucore:isCoveredBy": "CC BY-SA 3.0",
          "ebucore:title": {
            "fr": [
              "Parc-de-la-villette"
            ]
          },
          "@type": [
            "ebucore:Annotation"
          ],
          "credits": [
            "Pline (https://commons.wikimedia.org/wiki/User:Pline)"
          ]
        }
      ],
      "ebucore:hasRelatedResource": [
        {
          "@id": "https://data.datatourisme.fr/52470aec-bf6f-37d8-b113-5416fe6b4557",
          "ebucore:fileSize": [
            870626
          ],
          "ebucore:hasMimeType": [
            {
              "@id": "kb:JPEG",
              "@type": [
                "ebucore:MimeType"
              ],
              "rdfs:comment": {
                "de": [
                  "JPEG-Bild"
                ],
                "pt": [
                  "Imagem JPEG"
                ],
                "en": [
                  "JPEG image file"
                ],
                "it": [
                  "Immagine JPEG"
                ],
                "fr": [
                  "Image JPEG"
                ],
                "nl": [
                  "JPEG-afbeelding"
                ],
                "es": [
                  "Imagen JPEG"
                ]
              },
              "rdfs:label": {
                "de": [
                  "image/jpeg"
                ],
                "pt": [
                  "image/jpeg"
                ],
                "en": [
                  "image/jpeg"
                ],
                "it": [
                  "image/jpeg"
                ],
                "fr": [
                  "image/jpeg"
                ],
                "nl": [
                  "image/jpeg"
                ],
                "es": [
                  "image/jpeg"
                ]
              }
            }
          ],
          "ebucore:height": 2448,
          "ebucore:locator": [
            "https://upload.wikimedia.org/wikipedia/commons/c/c2/Parc-de-la-villette.jpg"
          ],
          "ebucore:width": 3264,
          "@type": [
            "ebucore:Resource"
          ]
        }
      ],
      "@type": [
        "ebucore:EditorialObject"
      ]
    }
  ],
  "hasTheme": [
    {
      "@id": "kb:Culture",
      "@type": [
        "CulturalTheme"
      ],
      "rdfs:label": {
        "de": [
          "Kultur"
        ],
        "pt": [
          "Cultura"
        ],
        "en": [
          "Culture"
        ],
        "it": [
          "Cultura"
        ],
        "fr": [
          "Culture"
        ],
        "nl": [
          "Cultuur"
        ],
        "es": [
          "Cultura"
        ]
      }
    }
  ],
  "hasTranslatedProperty": [
    {
      "@id": "https://data.datatourisme.fr/007de77e-c3f5-3697-aba0-7d83c34915c3",
      "dc:contributor": [
        "https://api.deepl.com/v2/translate"
      ],
      "rdf:language": [
        "en"
      ],
      "rdf:predicate": [
        {
          "@id": "rdfs:comment"
        }
      ]
    },
    {
      "@id": "https://data.datatourisme.fr/1e785d29-e44a-3e27-bee9-2467f02e6829",
      "dc:contributor": [
        "https://api.deepl.com/v2/translate"
      ],
      "rdf:language": [
        "it"
      ],
      "rdf:predicate": [
        {
          "@id": "rdfs:comment"
        }
      ]
    },
    {
      "@id": "https://data.datatourisme.fr/4fa46240-807e-3e49-9c57-33fbcc9b9252",
      "dc:contributor": [
        "https://api.deepl.com/v2/translate"
      ],
      "rdf:language": [
        "es"
      ],
      "rdf:predicate": [
        {
          "@id": "rdfs:comment"
        }
      ]
    },
    {
      "@id": "https://data.datatourisme.fr/c83564bd-28ed-30b8-92ec-3503ddd8f900",
      "dc:contributor": [
        "https://api.deepl.com/v2/translate"
      ],
      "rdf:language": [
        "nl"
      ],
      "rdf:predicate": [
        {
          "@id": "rdfs:comment"
        }
      ]
    },
    {
      "@id": "https://data.datatourisme.fr/d1522d0c-eee9-3e73-8fb2-194aeef45d2b",
      "dc:contributor": [
        "https://api.deepl.com/v2/translate"
      ],
      "rdf:language": [
        "de"
      ],
      "rdf:predicate": [
        {
          "@id": "rdfs:comment"
        }
      ]
    }
  ],
  "isLocatedAt": [
    {
      "@id": "https://data.datatourisme.fr/f9eed1a2-5aa2-3319-8dfe-914dda56c650",
      "schema:address": [
        {
          "@id": "https://data.datatourisme.fr/2a2131be-4708-3d81-afa8-b33e6b718f7e",
          "schema:addressLocality": "Paris",
          "schema:postalCode": "75019",
          "schema:streetAddress": [
            "211 Avenue Jean Jaurès"
          ],
          "@type": [
            "schema:PostalAddress",
            "PostalAddress"
          ],
          "hasAddressCity": {
            "@id": "kb:75056",
            "@type": [
              "City"
            ],
            "rdfs:label": {
              "de": [
                "Paris"
              ],
              "pt": [
                "Paris"
              ],
              "en": [
                "Paris"
              ],
              "it": [
                "Paris"
              ],
              "fr": [
                "Paris"
              ],
              "nl": [
                "Paris"
              ],
              "es": [
                "Paris"
              ]
            },
            "insee": "75056",
            "isPartOfDepartment": {
              "@id": "kb:France1175",
              "@type": [
                "Department"
              ],
              "rdfs:label": {
                "de": [
                  "Paris"
                ],
                "pt": [
                  "Paris"
                ],
                "en": [
                  "Paris"
                ],
                "it": [
                  "Paris"
                ],
                "fr": [
                  "Paris"
                ],
                "nl": [
                  "Paris"
                ],
                "es": [
                  "Paris"
                ]
              },
              "insee": "75",
              "isPartOfRegion": {
                "@id": "kb:France11",
                "@type": [
                  "Region"
                ],
                "rdfs:label": {
                  "de": [
                    "Île-de-France"
                  ],
                  "pt": [
                    "Île-de-France"
                  ],
                  "en": [
                    "Île-de-France"
                  ],
                  "it": [
                    "Île-de-France"
                  ],
                  "fr": [
                    "Île-de-France"
                  ],
                  "nl": [
                    "Île-de-France"
                  ],
                  "es": [
                    "Île-de-France"
                  ]
                },
                "insee": "11",
                "isPartOfCountry": {
                  "@id": "kb:France",
                  "@type": [
                    "schema:Country"
                  ],
                  "rdfs:label": {
                    "de": [
                      "France",
                      "Frankreich"
                    ],
                    "pt": [
                      "França",
                      "France"
                    ],
                    "en": [
                      "France"
                    ],
                    "it": [
                      "France",
                      "Francia"
                    ],
                    "fr": [
                      "France"
                    ],
                    "nl": [
                      "France",
                      "Frankrijk"
                    ],
                    "es": [
                      "France",
                      "Francia"
                    ]
                  }
                }
              }
            }
          }
        }
      ],
      "schema:geo": {
        "@id": "https://data.datatourisme.fr/373ef8fb-8149-3993-9509-5c3b2ef47694",
        "schema:latitude": "48.891058",
        "schema:longitude": "2.390675",
        "@type": [
          "schema:GeoCoordinates"
        ]
      },
      "schema:openingHoursSpecification": [
        {
          "@id": "https://data.datatourisme.fr/17570816-7a0b-35a8-abd8-1dca9cf08f7b",
          "schema:validFrom": "2023-01-01T00:00:00",
          "schema:validThrough": "2023-12-31T23:59:59",
          "@type": [
            "schema:OpeningHoursSpecification"
          ],
          "additionalInformation": {
            "de": [
              "7 Tage die Woche und 24 Stunden am Tag geöffnet - Zeiten für Aufführungen, Veranstaltungen und Aktivitäten laut Programm auf lavillette.com"
            ],
            "en": [
              "Open 7 days a week, 24 hours a day - show times, events and activities according to the programme on lavillette.com"
            ],
            "it": [
              "Aperto 7 giorni su 7, 24 ore su 24 - orari degli spettacoli, eventi e attività come da programma su lavillette.com"
            ],
            "fr": [
              "Ouvert 7j/7 et 24h/24h  - horaires des spectacles, événements et activités selon programme sur lavillette.com"
            ],
            "es": [
              "Abierto 7 días a la semana, 24 horas al día - horarios de espectáculos, eventos y actividades según el programa en lavillette.com"
            ],
            "nl": [
              "7 dagen per week, 24 uur per dag geopend - showtijden, evenementen en activiteiten volgens programma op lavillette.com"
            ]
          },
          "hasTranslatedProperty": [
            {
              "@id": "https://data.datatourisme.fr/217bd6de-273f-365f-b110-3435e1a73318",
              "dc:contributor": [
                "https://api.deepl.com/v2/translate"
              ],
              "rdf:language": [
                "it"
              ],
              "rdf:predicate": [
                "additionalInformation"
              ]
            },
            {
              "@id": "https://data.datatourisme.fr/7b5a6626-4137-3a1a-a7f7-09583d314c8c",
              "dc:contributor": [
                "https://api.deepl.com/v2/translate"
              ],
              "rdf:language": [
                "en"
              ],
              "rdf:predicate": [
                "additionalInformation"
              ]
            },
            {
              "@id": "https://data.datatourisme.fr/cf9cd186-336f-3f5b-a875-716889b73584",
              "dc:contributor": [
                "https://api.deepl.com/v2/translate"
              ],
              "rdf:language": [
                "es"
              ],
              "rdf:predicate": [
                "additionalInformation"
              ]
            },
            {
              "@id": "https://data.datatourisme.fr/dfd4be8f-b990-3f19-bb8d-10163a14efe5",
              "dc:contributor": [
                "https://api.deepl.com/v2/translate"
              ],
              "rdf:language": [
                "nl"
              ],
              "rdf:predicate": [
                "additionalInformation"
              ]
            },
            {
              "@id": "https://data.datatourisme.fr/f4ee990d-83e0-3ab9-b44d-0820d70a9a18",
              "dc:contributor": [
                "https://api.deepl.com/v2/translate"
              ],
              "rdf:language": [
                "de"
              ],
              "rdf:predicate": [
                "additionalInformation"
              ]
            }
          ]
        }
      ],
      "@type": [
        "schema:Place",
        "Place"
      ]
    }
  ],
  "isOwnedBy": [
    {
      "@id": "https://data.datatourisme.fr/26ecd6f0-563c-356a-b0f9-ad3ec17effc4",
      "schema:email": [
        "bgeigle@visitparisregion.com",
        "hcaldo@visitparisregion.com",
        "mtanaskovic@visitparisregion.com"
      ],
      "schema:legalName": "Comité Régional du Tourisme Paris Ile de France",
      "@type": [
        "schema:Organization",
        "foaf:Agent",
        "Agent"
      ],
      "foaf:homepage": [
        "http://www.visitparisregion.com/"
      ]
    }
  ],
  "lastUpdate": "2022-01-03",
  "lastUpdateDatatourisme": "2023-10-02T05:53:31.691Z"
}