{
  "@id": "https://data.datatourisme.fr/13/48caf6f6-9c05-3d05-8ca7-08d7965a4f31",
  "dc:identifier": "6653147",
  "@type": [
    "olo:OrderedList",
    "PlaceOfInterest",
    "PointOfInterest",
    "RoadTour",
    "SportsAndLeisurePlace",
    "Tour"
  ],
  "rdfs:comment": {
    "de": [
      "Das Haut-Vivarais ist ein authentisches Land, ein Erlebnis der besonderen Art. Zwischen dem Rhône-Tal und den Hochebenen des Zentralmassivs durchstreifen Sie die kontrastreichen Landschaften des \"Landes der Hügel und des Wassers\", das unter anderem die Brüder Montgolfier inspiriert hat."
    ],
    "en": [
      "The Haut-Vivarais is an authentic land, an experience in a class of its own. Between the Rhône valley and the high plateaus of the Massif Central, explore the contrasting landscapes of the \"land of hills and water\" that inspired the Montgolfier brothers, among others."
    ],
    "it": [
      "L'Haut-Vivarais è una terra autentica, un'esperienza senza precedenti. Tra la valle del Rodano e gli altipiani del Massiccio Centrale, esplorate i paesaggi contrastanti della \"terra delle colline e dell'acqua\" che ha ispirato, tra gli altri, i fratelli Montgolfier."
    ],
    "fr": [
      "Le Haut-Vivarais est une terre authentique, une expérience à part. Entre vallée du Rhône et hauts plateaux du Massif Central, parcourez les paysages contrastés du “ pays des collines et de l’eau ” qui ont inspiré, notamment, les frères Montgolfier."
    ],
    "es": [
      "El Haut-Vivarais es una tierra auténtica, una experiencia sin igual. Entre el valle del Ródano y las altas mesetas del Macizo Central, explore los contrastes paisajísticos de la \"tierra de colinas y agua\" que inspiró, entre otros, a los hermanos Montgolfier."
    ],
    "nl": [
      "De Haut-Vivarais is een authentiek land, een ervaring als geen ander. Tussen de Rhônevallei en de hoge plateaus van het Centraal Massief ontdek je de contrasterende landschappen van het \"land van heuvels en water\" dat onder andere de gebroeders Montgolfier inspireerde."
    ]
  },
  "rdfs:label": {
    "en": [
      "\"La belle Ardèche verte\" motorcycle tour"
    ],
    "fr": [
      "Circuit moto \"la belle Ardèche verte\""
    ]
  },
  "hasBeenCreatedBy": {
    "@id": "https://data.datatourisme.fr/13/26657d5f-f902-3d2a-befe-558796b99584",
    "dc:identifier": "96",
    "schema:email": [
      "ncharra@ardeche-guide.com"
    ],
    "schema:legalName": "Agence de Développement Touristique de l'Ardèche",
    "@type": [
      "schema:Organization",
      "foaf:Agent",
      "Agent"
    ],
    "foaf:homepage": [
      "https://www.ardeche-guide.com/"
    ]
  },
  "hasBeenPublishedBy": [
    {
      "@id": "https://data.datatourisme.fr/dbca899d-3f22-364b-b99d-40af1e917c58",
      "schema:legalName": "Agence de Développement Touristique de l'Ardèche - source : Apidae Tourisme",
      "@type": [
        "schema:Organization",
        "foaf:Agent",
        "Agent"
      ],
      "foaf:homepage": [
        "https://www.apidae-tourisme.com/"
      ]
    }
  ],
  "hasContact": [
    {
      "@id": "https://data.datatourisme.fr/0f3f1f83-cd1a-397e-aca3-087a8f2324f7",
      "schema:telephone": [
        "+33 4 75 64 04 66"
      ],
      "@type": [
        "foaf:Agent",
        "Agent"
      ],
      "foaf:homepage": [
        "https://www.ardeche-guide.com/"
      ]
    }
  ],
  "hasDescription": [
    {
      "@id": "https://data.datatourisme.fr/61645ab2-d5b5-35e6-831e-f99c03344965",
      "@type": [
        "Description"
      ],
      "hasTranslatedProperty": [
        {
          "@id": "https://data.datatourisme.fr/5f56dc10-fbe6-3928-ad54-860f364ec78e",
          "dc:contributor": [
            "https://api.deepl.com/v2/translate"
          ],
          "rdf:language": [
            "nl"
          ],
          "rdf:predicate": [
            "shortDescription"
          ]
        },
        {
          "@id": "https://data.datatourisme.fr/97b49434-bb71-38db-a754-eff29debc618",
          "dc:contributor": [
            "https://api.deepl.com/v2/translate"
          ],
          "rdf:language": [
            "it"
          ],
          "rdf:predicate": [
            "shortDescription"
          ]
        },
        {
          "@id": "https://data.datatourisme.fr/aa85531c-56eb-3f19-be88-a7b268d13fb1",
          "dc:contributor": [
            "https://api.deepl.com/v2/translate"
          ],
          "rdf:language": [
            "de"
          ],
          "rdf:predicate": [
            "shortDescription"
          ]
        },
        {
          "@id": "https://data.datatourisme.fr/d217d3c2-7308-3c99-83d3-abe7d65521ef",
          "dc:contributor": [
            "https://api.deepl.com/v2/translate"
          ],
          "rdf:language": [
            "es"
          ],
          "rdf:predicate": [
            "shortDescription"
          ]
        }
      ],
      "shortDescription": {
        "de": [
          "Das Haut-Vivarais ist ein authentisches Land, ein Erlebnis der besonderen Art. Zwischen dem Rhône-Tal und den Hochebenen des Zentralmassivs durchstreifen Sie die kontrastreichen Landschaften des \"Landes der Hügel und des Wassers\", das unter anderem die Brüder Montgolfier inspiriert hat."
        ],
        "en": [
          "The Haut-Vivarais is an authentic land, an experience in a class of its own. Between the Rhône valley and the high plateaus of the Massif Central, explore the contrasting landscapes of the \"land of hills and water\" that inspired the Montgolfier brothers, among others."
        ],
        "it": [
          "L'Haut-Vivarais è una terra autentica, un'esperienza senza precedenti. Tra la valle del Rodano e gli altipiani del Massiccio Centrale, esplorate i paesaggi contrastanti della \"terra delle colline e dell'acqua\" che ha ispirato, tra gli altri, i fratelli Montgolfier."
        ],
        "fr": [
          "Le Haut-Vivarais est une terre authentique, une expérience à part. Entre vallée du Rhône et hauts plateaux du Massif Central, parcourez les paysages contrastés du “ pays des collines et de l’eau ” qui ont inspiré, notamment, les frères Montgolfier."
        ],
        "es": [
          "El Haut-Vivarais es una tierra auténtica, una experiencia sin igual. Entre el valle del Ródano y las altas mesetas del Macizo Central, explore los contrastes paisajísticos de la \"tierra de colinas y agua\" que inspiró, entre otros, a los hermanos Montgolfier."
        ],
        "nl": [
          "De Haut-Vivarais is een authentiek land, een ervaring als geen ander. Tussen de Rhônevallei en de hoge plateaus van het Centraal Massief ontdek je de contrasterende landschappen van het \"land van heuvels en water\" dat onder andere de gebroeders Montgolfier inspireerde."
        ]
      }
    }
  ],
  "hasTranslatedProperty": [
    {
      "@id": "https://data.datatourisme.fr/226f241b-7917-3d9f-a679-e104921e7ed0",
      "dc:contributor": [
        "https://api.deepl.com/v2/translate"
      ],
      "rdf:language": [
        "de"
      ],
      "rdf:predicate": [
        {
          "@id": "rdfs:comment"
        }
      ]
    },
    {
      "@id": "https://data.datatourisme.fr/2b5cd1cf-537c-3fc1-8fc7-01b02f4552bc",
      "dc:contributor": [
        "https://api.deepl.com/v2/translate"
      ],
      "rdf:language": [
        "es"
      ],
      "rdf:predicate": [
        {
          "@id": "rdfs:comment"
        }
      ]
    },
    {
      "@id": "https://data.datatourisme.fr/2d9ad962-fe70-37d0-b5b3-f1a20552e9ea",
      "dc:contributor": [
        "https://api.deepl.com/v2/translate"
      ],
      "rdf:language": [
        "it"
      ],
      "rdf:predicate": [
        {
          "@id": "rdfs:comment"
        }
      ]
    },
    {
      "@id": "https://data.datatourisme.fr/ea45d40f-cce3-3fba-a3e5-dca85bae8fac",
      "dc:contributor": [
        "https://api.deepl.com/v2/translate"
      ],
      "rdf:language": [
        "nl"
      ],
      "rdf:predicate": [
        {
          "@id": "rdfs:comment"
        }
      ]
    }
  ],
  "isLocatedAt": [
    {
      "@id": "https://data.datatourisme.fr/daf8df75-fe3d-3c07-a657-4d1f73c5d4a6",
      "schema:address": [
        {
          "@id": "https://data.datatourisme.fr/542cf8da-5c60-3374-b0bd-e88295e4d8a6",
          "schema:addressLocality": "Lamastre",
          "schema:postalCode": "07270",
          "@type": [
            "schema:PostalAddress",
            "PostalAddress"
          ],
          "hasAddressCity": {
            "@id": "kb:07129",
            "@type": [
              "City"
            ],
            "rdfs:label": {
              "de": [
                "Lamastre"
              ],
              "pt": [
                "Lamastre"
              ],
              "en": [
                "Lamastre"
              ],
              "it": [
                "Lamastre"
              ],
              "fr": [
                "Lamastre"
              ],
              "nl": [
                "Lamastre"
              ],
              "es": [
                "Lamastre"
              ]
            },
            "insee": "07129",
            "isPartOfDepartment": {
              "@id": "kb:France8407",
              "@type": [
                "Department"
              ],
              "rdfs:label": {
                "de": [
                  "Ardèche"
                ],
                "pt": [
                  "Ardèche"
                ],
                "en": [
                  "Ardèche"
                ],
                "it": [
                  "Ardèche"
                ],
                "fr": [
                  "Ardèche"
                ],
                "nl": [
                  "Ardèche"
                ],
                "es": [
                  "Ardèche"
                ]
              },
              "insee": "07",
              "isPartOfRegion": {
                "@id": "kb:France84",
                "@type": [
                  "Region"
                ],
                "rdfs:label": {
                  "de": [
                    "Auvergne-Rhône-Alpes"
                  ],
                  "pt": [
                    "Auvergne-Rhône-Alpes"
                  ],
                  "en": [
                    "Auvergne-Rhône-Alpes"
                  ],
                  "it": [
                    "Auvergne-Rhône-Alpes"
                  ],
                  "fr": [
                    "Auvergne-Rhône-Alpes"
                  ],
                  "nl": [
                    "Auvergne-Rhône-Alpes"
                  ],
                  "es": [
                    "Auvergne-Rhône-Alpes"
                  ]
                },
                "insee": "84",
                "isPartOfCountry": {
                  "@id": "kb:France",
                  "@type": [
                    "schema:Country"
                  ],
                  "rdfs:label": {
                    "de": [
                      "France",
                      "Frankreich"
                    ],
                    "pt": [
                      "França",
                      "France"
                    ],
                    "en": [
                      "France"
                    ],
                    "it": [
                      "France",
                      "Francia"
                    ],
                    "fr": [
                      "France"
                    ],
                    "nl": [
                      "France",
                      "Frankrijk"
                    ],
                    "es": [
                      "France",
                      "Francia"
                    ]
                  }
                }
              }
            }
          }
        }
      ],
      "schema:geo": {
        "@id": "https://data.datatourisme.fr/64775b32-180e-3a0b-9bac-596f0a6b99ca",
        "schema:latitude": "44.480966",
        "schema:longitude": "4.69167",
        "@type": [
          "schema:GeoCoordinates"
        ]
      },
      "schema:openingHoursSpecification": [
        {
          "@id": "https://data.datatourisme.fr/f87e535a-636d-3343-ad63-8a03392e7511",
          "schema:validFrom": "2023-01-01T00:00:00",
          "schema:validThrough": "2023-12-31T23:59:59",
          "@type": [
            "schema:OpeningHoursSpecification"
          ]
        }
      ],
      "@type": [
        "schema:Place",
        "Place"
      ]
    }
  ],
  "isOwnedBy": [
    {
      "@id": "https://data.datatourisme.fr/6ef576cd-2c5c-33d6-b250-09b105230dfc",
      "schema:email": [
        "ncharra@ardeche-guide.com"
      ],
      "schema:legalName": "Agence de Développement Touristique de l'Ardèche",
      "@type": [
        "schema:Organization",
        "foaf:Agent",
        "Agent"
      ],
      "foaf:homepage": [
        "https://www.ardeche-guide.com/"
      ]
    }
  ],
  "lastUpdate": "2023-09-05",
  "lastUpdateDatatourisme": "2023-09-06T05:48:27.955Z"
}