{
  "@id": "https://data.datatourisme.fr/13/66f3180d-7aa9-3b41-8a5a-091d4c07d0a2",
  "dc:identifier": "5375149",
  "@type": [
    "schema:Park",
    "CulturalSite",
    "ParkAndGarden",
    "PlaceOfInterest",
    "PointOfInterest"
  ],
  "rdfs:comment": {
    "de": [
      "Am Rande des Bois de Vincennes, nur wenige Schritte von der RER-Station Joinville-le-Pont entfernt, beherbergt das Arboretum von Paris eine Sammlung außergewöhnlicher Bäume."
    ],
    "en": [
      "On the edge of the Bois de Vincennes, a few steps from the Joinville-le-Pont RER station, the Paris Arboretum houses a collection of exceptional trees."
    ],
    "it": [
      "Ai margini del Bois de Vincennes, a pochi passi dalla stazione RER di Joinville-le-Pont, l'Arboreto di Parigi ospita una collezione di alberi eccezionali."
    ],
    "fr": [
      "En bordure du bois de Vincennes, à quelques pas du RER de Joinville-le-Pont, l'arboretum de Paris abrite une collection d'arbres d'exception."
    ],
    "es": [
      "Al borde del Bosque de Vincennes, a pocos pasos de la estación de RER de Joinville-le-Pont, el Arboreto de París alberga una colección de árboles excepcionales."
    ],
    "nl": [
      "Aan de rand van het Bois de Vincennes, op een steenworp afstand van het RER-station Joinville-le-Pont, herbergt het Parijse Arboretum een verzameling uitzonderlijke bomen."
    ]
  },
  "rdfs:label": {
    "fr": [
      "Arboretum de Paris"
    ]
  },
  "owl:sameAs": [
    "http://www.wikidata.org/entity/Q2859718"
  ],
  "hasBeenCreatedBy": {
    "@id": "https://data.datatourisme.fr/13/a3545bd7-9d31-39a7-ad3a-78690adf73fc",
    "dc:identifier": "1857",
    "schema:email": [
      "alexandra.picot@pemb.fr",
      "apicot@vincennes.fr",
      "aurore.joris@pemb.fr",
      "cabarnou@vincennes.fr",
      "christine.abarnou@pemb.fr",
      "geoffroy.regnauld@pemb.fr",
      "luana.ladouceur@pemb.fr"
    ],
    "schema:legalName": "Etablissement Public territorial Paris Est Marne et Bois",
    "@type": [
      "schema:Organization",
      "foaf:Agent",
      "Agent"
    ],
    "foaf:homepage": [
      "http://www.vincennes-tourisme.fr/"
    ]
  },
  "hasBeenPublishedBy": [
    {
      "@id": "https://data.datatourisme.fr/8a9feb4b-2cbd-3d2c-b507-bd6c6776b23b",
      "schema:legalName": "Apidae Tourisme Scic SA - source : Apidae Tourisme",
      "@type": [
        "schema:Organization",
        "foaf:Agent",
        "Agent"
      ],
      "foaf:homepage": [
        "https://www.apidae-tourisme.com/"
      ]
    }
  ],
  "hasContact": [
    {
      "@id": "https://data.datatourisme.fr/6b086395-c93a-3117-bdcb-e840e09ae427",
      "@type": [
        "foaf:Agent",
        "Agent"
      ],
      "foaf:homepage": [
        "https://www.paris.fr/equipements/arboretum-de-paris-1796"
      ]
    }
  ],
  "hasDescription": [
    {
      "@id": "https://data.datatourisme.fr/ecf7190a-60fe-35b7-83aa-2330d1de1995",
      "@type": [
        "Description"
      ],
      "hasTranslatedProperty": [
        {
          "@id": "https://data.datatourisme.fr/3d8a334f-79c6-32ff-9c7a-51569771e441",
          "dc:contributor": [
            "https://api.deepl.com/v2/translate"
          ],
          "rdf:language": [
            "nl"
          ],
          "rdf:predicate": [
            "shortDescription"
          ]
        },
        {
          "@id": "https://data.datatourisme.fr/5ed37de5-1c80-3df3-a303-0dfe795af6a8",
          "dc:contributor": [
            "https://api.deepl.com/v2/translate"
          ],
          "rdf:language": [
            "de"
          ],
          "rdf:predicate": [
            "shortDescription"
          ]
        },
        {
          "@id": "https://data.datatourisme.fr/76dc71e9-5d6b-3a08-bd9c-12ce061c1dfc",
          "dc:contributor": [
            "https://api.deepl.com/v2/translate"
          ],
          "rdf:language": [
            "es"
          ],
          "rdf:predicate": [
            "shortDescription"
          ]
        },
        {
          "@id": "https://data.datatourisme.fr/958e0851-6fd9-3891-bb4c-a0175fa270e2",
          "dc:contributor": [
            "https://api.deepl.com/v2/translate"
          ],
          "rdf:language": [
            "it"
          ],
          "rdf:predicate": [
            "shortDescription"
          ]
        },
        {
          "@id": "https://data.datatourisme.fr/ff6b448d-4fd2-3c06-af0b-93154f763627",
          "dc:contributor": [
            "https://api.deepl.com/v2/translate"
          ],
          "rdf:language": [
            "en"
          ],
          "rdf:predicate": [
            "shortDescription"
          ]
        }
      ],
      "shortDescription": {
        "de": [
          "Am Rande des Bois de Vincennes, nur wenige Schritte von der RER-Station Joinville-le-Pont entfernt, beherbergt das Arboretum von Paris eine Sammlung außergewöhnlicher Bäume."
        ],
        "en": [
          "On the edge of the Bois de Vincennes, a few steps from the Joinville-le-Pont RER station, the Paris Arboretum houses a collection of exceptional trees."
        ],
        "it": [
          "Ai margini del Bois de Vincennes, a pochi passi dalla stazione RER di Joinville-le-Pont, l'Arboreto di Parigi ospita una collezione di alberi eccezionali."
        ],
        "fr": [
          "En bordure du bois de Vincennes, à quelques pas du RER de Joinville-le-Pont, l'arboretum de Paris abrite une collection d'arbres d'exception."
        ],
        "es": [
          "Al borde del Bosque de Vincennes, a pocos pasos de la estación de RER de Joinville-le-Pont, el Arboreto de París alberga una colección de árboles excepcionales."
        ],
        "nl": [
          "Aan de rand van het Bois de Vincennes, op een steenworp afstand van het RER-station Joinville-le-Pont, herbergt het Parijse Arboretum een verzameling uitzonderlijke bomen."
        ]
      }
    }
  ],
  "hasRepresentation": [
    {
      "@id": "https://data.datatourisme.fr/a0760434-e98e-355d-ae82-a59a5abe0e28",
      "ebucore:hasAnnotation": [
        {
          "@id": "https://data.datatourisme.fr/0e594aec-063d-3c19-a557-639899e6babd",
          "ebucore:isCoveredBy": "CC BY-SA 3.0",
          "ebucore:title": {
            "fr": [
              "Arboretum Breuil 2"
            ]
          },
          "@type": [
            "ebucore:Annotation"
          ],
          "credits": [
            "Aroche (https://commons.wikimedia.org/wiki/User:Aroche)"
          ]
        }
      ],
      "ebucore:hasRelatedResource": [
        {
          "@id": "https://data.datatourisme.fr/e98aa40e-547c-307b-aaf9-9a58906564fa",
          "ebucore:fileSize": [
            4094118
          ],
          "ebucore:hasMimeType": [
            {
              "@id": "kb:JPEG",
              "@type": [
                "ebucore:MimeType"
              ],
              "rdfs:comment": {
                "de": [
                  "JPEG-Bild"
                ],
                "pt": [
                  "Imagem JPEG"
                ],
                "en": [
                  "JPEG image file"
                ],
                "it": [
                  "Immagine JPEG"
                ],
                "fr": [
                  "Image JPEG"
                ],
                "nl": [
                  "JPEG-afbeelding"
                ],
                "es": [
                  "Imagen JPEG"
                ]
              },
              "rdfs:label": {
                "de": [
                  "image/jpeg"
                ],
                "pt": [
                  "image/jpeg"
                ],
                "en": [
                  "image/jpeg"
                ],
                "it": [
                  "image/jpeg"
                ],
                "fr": [
                  "image/jpeg"
                ],
                "nl": [
                  "image/jpeg"
                ],
                "es": [
                  "image/jpeg"
                ]
              }
            }
          ],
          "ebucore:height": 3000,
          "ebucore:locator": [
            "https://upload.wikimedia.org/wikipedia/commons/3/31/Arboretum_Breuil_2.jpg"
          ],
          "ebucore:width": 4000,
          "@type": [
            "ebucore:Resource"
          ]
        }
      ],
      "@type": [
        "ebucore:EditorialObject"
      ]
    }
  ],
  "hasTheme": [
    {
      "@id": "kb:Culture",
      "@type": [
        "CulturalTheme"
      ],
      "rdfs:label": {
        "de": [
          "Kultur"
        ],
        "pt": [
          "Cultura"
        ],
        "en": [
          "Culture"
        ],
        "it": [
          "Cultura"
        ],
        "fr": [
          "Culture"
        ],
        "nl": [
          "Cultuur"
        ],
        "es": [
          "Cultura"
        ]
      }
    }
  ],
  "hasTranslatedProperty": [
    {
      "@id": "https://data.datatourisme.fr/479cb5bc-cf4e-3e82-b7a9-61942c13ce78",
      "dc:contributor": [
        "https://api.deepl.com/v2/translate"
      ],
      "rdf:language": [
        "it"
      ],
      "rdf:predicate": [
        {
          "@id": "rdfs:comment"
        }
      ]
    },
    {
      "@id": "https://data.datatourisme.fr/5beaa09d-8f27-392b-9e2b-fee0a9695f22",
      "dc:contributor": [
        "https://api.deepl.com/v2/translate"
      ],
      "rdf:language": [
        "en"
      ],
      "rdf:predicate": [
        {
          "@id": "rdfs:comment"
        }
      ]
    },
    {
      "@id": "https://data.datatourisme.fr/920ac13c-32a1-312d-ac8f-6de973901150",
      "dc:contributor": [
        "https://api.deepl.com/v2/translate"
      ],
      "rdf:language": [
        "es"
      ],
      "rdf:predicate": [
        {
          "@id": "rdfs:comment"
        }
      ]
    },
    {
      "@id": "https://data.datatourisme.fr/ac9e11e7-d6ea-3294-850e-8c35e2e6cf73",
      "dc:contributor": [
        "https://api.deepl.com/v2/translate"
      ],
      "rdf:language": [
        "de"
      ],
      "rdf:predicate": [
        {
          "@id": "rdfs:comment"
        }
      ]
    },
    {
      "@id": "https://data.datatourisme.fr/f384561e-c84e-3746-800d-045cb154da41",
      "dc:contributor": [
        "https://api.deepl.com/v2/translate"
      ],
      "rdf:language": [
        "nl"
      ],
      "rdf:predicate": [
        {
          "@id": "rdfs:comment"
        }
      ]
    }
  ],
  "isLocatedAt": [
    {
      "@id": "https://data.datatourisme.fr/753cad69-ae84-3998-ad05-c3b03990904a",
      "schema:address": [
        {
          "@id": "https://data.datatourisme.fr/281c0691-8d16-39c5-a406-b6c3f6bc36ca",
          "schema:addressLocality": "Paris",
          "schema:postalCode": "75012",
          "schema:streetAddress": [
            "50 route de la Pyramide"
          ],
          "@type": [
            "schema:PostalAddress",
            "PostalAddress"
          ],
          "hasAddressCity": {
            "@id": "kb:75056",
            "@type": [
              "City"
            ],
            "rdfs:label": {
              "de": [
                "Paris"
              ],
              "pt": [
                "Paris"
              ],
              "en": [
                "Paris"
              ],
              "it": [
                "Paris"
              ],
              "fr": [
                "Paris"
              ],
              "nl": [
                "Paris"
              ],
              "es": [
                "Paris"
              ]
            },
            "insee": "75056",
            "isPartOfDepartment": {
              "@id": "kb:France1175",
              "@type": [
                "Department"
              ],
              "rdfs:label": {
                "de": [
                  "Paris"
                ],
                "pt": [
                  "Paris"
                ],
                "en": [
                  "Paris"
                ],
                "it": [
                  "Paris"
                ],
                "fr": [
                  "Paris"
                ],
                "nl": [
                  "Paris"
                ],
                "es": [
                  "Paris"
                ]
              },
              "insee": "75",
              "isPartOfRegion": {
                "@id": "kb:France11",
                "@type": [
                  "Region"
                ],
                "rdfs:label": {
                  "de": [
                    "Île-de-France"
                  ],
                  "pt": [
                    "Île-de-France"
                  ],
                  "en": [
                    "Île-de-France"
                  ],
                  "it": [
                    "Île-de-France"
                  ],
                  "fr": [
                    "Île-de-France"
                  ],
                  "nl": [
                    "Île-de-France"
                  ],
                  "es": [
                    "Île-de-France"
                  ]
                },
                "insee": "11",
                "isPartOfCountry": {
                  "@id": "kb:France",
                  "@type": [
                    "schema:Country"
                  ],
                  "rdfs:label": {
                    "de": [
                      "France",
                      "Frankreich"
                    ],
                    "pt": [
                      "França",
                      "France"
                    ],
                    "en": [
                      "France"
                    ],
                    "it": [
                      "France",
                      "Francia"
                    ],
                    "fr": [
                      "France"
                    ],
                    "nl": [
                      "France",
                      "Frankrijk"
                    ],
                    "es": [
                      "France",
                      "Francia"
                    ]
                  }
                }
              }
            }
          }
        }
      ],
      "schema:geo": {
        "@id": "https://data.datatourisme.fr/dc2d77bc-9128-3b8c-8b55-7e7fd892fc7b",
        "schema:latitude": "48.822369",
        "schema:longitude": "2.45862",
        "@type": [
          "schema:GeoCoordinates"
        ]
      },
      "schema:openingHoursSpecification": [
        {
          "@id": "https://data.datatourisme.fr/f87e535a-636d-3343-ad63-8a03392e7511",
          "schema:validFrom": "2023-01-01T00:00:00",
          "schema:validThrough": "2023-12-31T23:59:59",
          "@type": [
            "schema:OpeningHoursSpecification"
          ]
        }
      ],
      "@type": [
        "schema:Place",
        "Place"
      ]
    }
  ],
  "isOwnedBy": [
    {
      "@id": "https://data.datatourisme.fr/f5349535-0e7e-362a-94f9-a480a64315f0",
      "schema:email": [
        "alexandra.picot@pemb.fr",
        "apicot@vincennes.fr",
        "cabarnou@vincennes.fr",
        "christine.abarnou@pemb.fr",
        "luana.ladouceur@pemb.fr"
      ],
      "schema:legalName": "Etablissement Public territorial Paris Est Marne et Bois",
      "@type": [
        "schema:Organization",
        "foaf:Agent",
        "Agent"
      ],
      "foaf:homepage": [
        "http://www.vincennes-tourisme.fr/"
      ]
    }
  ],
  "lastUpdate": "2021-12-14",
  "lastUpdateDatatourisme": "2023-10-02T05:53:31.728Z"
}