{
  "@id": "https://data.datatourisme.fr/13/c40b5e88-070a-33cd-b5a8-2091f4132ea1",
  "dc:identifier": "799269",
  "@type": [
    "schema:Park",
    "CulturalSite",
    "ParkAndGarden",
    "PlaceOfInterest",
    "PointOfInterest"
  ],
  "rdfs:comment": {
    "de": [
      "Nur wenige Schritte vom Jardin du Luxembourg entfernt entdecken Sie den Garten der großen Entdecker, der Marco-Polo und Cavelier-de-la-salle ehrt."
    ],
    "en": [
      "A stone's throw from the Luxembourg Gardens, discover the garden of the great explorers which pays homage to Marco-Polo and Cavelier-de-la-salle."
    ],
    "it": [
      "A due passi dai Giardini del Lussemburgo, scoprite il giardino dei grandi esploratori che rende omaggio a Marco-Polo e Cavelier-de-la-salle."
    ],
    "fr": [
      "A deux pas du jardin du Luxembourg découvrez le jardin des grands explorateurs qui rend hommage à Marco-Polo et Cavelier-de-la-salle."
    ],
    "nl": [
      "Ontdek, op een steenworp afstand van de Luxemburgse Tuinen, de tuin van de grote ontdekkingsreizigers die hulde brengt aan Marco-Polo en Cavelier-de-la-salle."
    ],
    "es": [
      "A dos pasos de los Jardines de Luxemburgo, descubra el jardín de los grandes exploradores que rinde homenaje a Marco-Polo y Cavelier-de-la-salle."
    ]
  },
  "rdfs:label": {
    "fr": [
      "Jardin des grands explorateurs Marco Polo et Cavelier-de-la-Salle"
    ]
  },
  "owl:sameAs": [
    "http://www.wikidata.org/entity/Q3162561"
  ],
  "hasBeenCreatedBy": {
    "@id": "https://data.datatourisme.fr/13/03e0704b-5690-32de-a186-1dc3ad3316c9",
    "dc:identifier": "1019",
    "schema:email": [
      "bgeigle@visitparisregion.com",
      "hcaldo@visitparisregion.com",
      "mtanaskovic@visitparisregion.com"
    ],
    "schema:legalName": "Choose Paris Region",
    "@type": [
      "schema:Organization",
      "foaf:Agent",
      "Agent"
    ],
    "foaf:homepage": [
      "http://www.visitparisregion.com/"
    ]
  },
  "hasBeenPublishedBy": [
    {
      "@id": "https://data.datatourisme.fr/8a9feb4b-2cbd-3d2c-b507-bd6c6776b23b",
      "schema:legalName": "Apidae Tourisme Scic SA - source : Apidae Tourisme",
      "@type": [
        "schema:Organization",
        "foaf:Agent",
        "Agent"
      ],
      "foaf:homepage": [
        "https://www.apidae-tourisme.com/"
      ]
    }
  ],
  "hasContact": [
    {
      "@id": "https://data.datatourisme.fr/3a9d3ade-f070-3c43-89b1-8a2740e4daae",
      "@type": [
        "foaf:Agent",
        "Agent"
      ],
      "foaf:homepage": [
        "http://equipement.paris.fr/jardin-des-grands-explorateurs-marco-polo-et-cavelier-de-la-salle-2834"
      ]
    }
  ],
  "hasDescription": [
    {
      "@id": "https://data.datatourisme.fr/2d4ced4f-2d64-38eb-93bc-08cf06cb5d31",
      "@type": [
        "Description"
      ],
      "hasTranslatedProperty": [
        {
          "@id": "https://data.datatourisme.fr/101185c4-2804-3fee-9159-d29ecd98f829",
          "dc:contributor": [
            "https://api.deepl.com/v2/translate"
          ],
          "rdf:language": [
            "de"
          ],
          "rdf:predicate": [
            "shortDescription"
          ]
        },
        {
          "@id": "https://data.datatourisme.fr/161bcc37-5256-3d91-a35e-6ba2560331bd",
          "dc:contributor": [
            "https://api.deepl.com/v2/translate"
          ],
          "rdf:language": [
            "es"
          ],
          "rdf:predicate": [
            "shortDescription"
          ]
        },
        {
          "@id": "https://data.datatourisme.fr/70deab9d-3605-3869-931d-8efc2b46a554",
          "dc:contributor": [
            "https://api.deepl.com/v2/translate"
          ],
          "rdf:language": [
            "nl"
          ],
          "rdf:predicate": [
            "shortDescription"
          ]
        },
        {
          "@id": "https://data.datatourisme.fr/8103e567-7489-3f0f-9765-2f041a48fd44",
          "dc:contributor": [
            "https://api.deepl.com/v2/translate"
          ],
          "rdf:language": [
            "it"
          ],
          "rdf:predicate": [
            "shortDescription"
          ]
        },
        {
          "@id": "https://data.datatourisme.fr/f43b6933-7cb3-30d4-b733-68fac2694d15",
          "dc:contributor": [
            "https://api.deepl.com/v2/translate"
          ],
          "rdf:language": [
            "en"
          ],
          "rdf:predicate": [
            "shortDescription"
          ]
        }
      ],
      "shortDescription": {
        "de": [
          "Nur wenige Schritte vom Jardin du Luxembourg entfernt entdecken Sie den Garten der großen Entdecker, der Marco-Polo und Cavelier-de-la-salle ehrt."
        ],
        "en": [
          "A stone's throw from the Luxembourg Gardens, discover the garden of the great explorers which pays homage to Marco-Polo and Cavelier-de-la-salle."
        ],
        "it": [
          "A due passi dai Giardini del Lussemburgo, scoprite il giardino dei grandi esploratori che rende omaggio a Marco-Polo e Cavelier-de-la-salle."
        ],
        "fr": [
          "A deux pas du jardin du Luxembourg découvrez le jardin des grands explorateurs qui rend hommage à Marco-Polo et Cavelier-de-la-salle."
        ],
        "nl": [
          "Ontdek, op een steenworp afstand van de Luxemburgse Tuinen, de tuin van de grote ontdekkingsreizigers die hulde brengt aan Marco-Polo en Cavelier-de-la-salle."
        ],
        "es": [
          "A dos pasos de los Jardines de Luxemburgo, descubra el jardín de los grandes exploradores que rinde homenaje a Marco-Polo y Cavelier-de-la-salle."
        ]
      }
    }
  ],
  "hasRepresentation": [
    {
      "@id": "https://data.datatourisme.fr/7984b6f5-8f71-38f6-a767-d31517060432",
      "ebucore:hasAnnotation": [
        {
          "@id": "https://data.datatourisme.fr/e84749f9-d09d-3fdd-9480-c9374a983744",
          "ebucore:isCoveredBy": "CC BY 2.0",
          "ebucore:title": {
            "fr": [
              "Jardin Marco-Polo, Paris 26 June 2011"
            ]
          },
          "@type": [
            "ebucore:Annotation"
          ],
          "credits": [
            "Doods Dumaguing (https://www.flickr.com/people/24161434@N08)"
          ]
        }
      ],
      "ebucore:hasRelatedResource": [
        {
          "@id": "https://data.datatourisme.fr/1e180341-e920-3378-a006-10a5509fe335",
          "ebucore:fileSize": [
            6338244
          ],
          "ebucore:hasMimeType": [
            {
              "@id": "kb:JPEG",
              "@type": [
                "ebucore:MimeType"
              ],
              "rdfs:comment": {
                "de": [
                  "JPEG-Bild"
                ],
                "pt": [
                  "Imagem JPEG"
                ],
                "en": [
                  "JPEG image file"
                ],
                "it": [
                  "Immagine JPEG"
                ],
                "fr": [
                  "Image JPEG"
                ],
                "nl": [
                  "JPEG-afbeelding"
                ],
                "es": [
                  "Imagen JPEG"
                ]
              },
              "rdfs:label": {
                "de": [
                  "image/jpeg"
                ],
                "pt": [
                  "image/jpeg"
                ],
                "en": [
                  "image/jpeg"
                ],
                "it": [
                  "image/jpeg"
                ],
                "fr": [
                  "image/jpeg"
                ],
                "nl": [
                  "image/jpeg"
                ],
                "es": [
                  "image/jpeg"
                ]
              }
            }
          ],
          "ebucore:height": 3454,
          "ebucore:locator": [
            "https://upload.wikimedia.org/wikipedia/commons/7/75/Jardin_Marco-Polo%2C_Paris_26_June_2011.jpg"
          ],
          "ebucore:width": 3375,
          "@type": [
            "ebucore:Resource"
          ]
        }
      ],
      "@type": [
        "ebucore:EditorialObject"
      ]
    }
  ],
  "hasTheme": [
    {
      "@id": "kb:Culture",
      "@type": [
        "CulturalTheme"
      ],
      "rdfs:label": {
        "de": [
          "Kultur"
        ],
        "pt": [
          "Cultura"
        ],
        "en": [
          "Culture"
        ],
        "it": [
          "Cultura"
        ],
        "fr": [
          "Culture"
        ],
        "nl": [
          "Cultuur"
        ],
        "es": [
          "Cultura"
        ]
      }
    }
  ],
  "hasTranslatedProperty": [
    {
      "@id": "https://data.datatourisme.fr/10f245a9-5f29-3fba-8313-d0b7bff59955",
      "dc:contributor": [
        "https://api.deepl.com/v2/translate"
      ],
      "rdf:language": [
        "it"
      ],
      "rdf:predicate": [
        {
          "@id": "rdfs:comment"
        }
      ]
    },
    {
      "@id": "https://data.datatourisme.fr/1818494a-e176-3238-8719-daf101358b9c",
      "dc:contributor": [
        "https://api.deepl.com/v2/translate"
      ],
      "rdf:language": [
        "de"
      ],
      "rdf:predicate": [
        {
          "@id": "rdfs:comment"
        }
      ]
    },
    {
      "@id": "https://data.datatourisme.fr/96168d31-d82a-3b85-8d2b-8a26f74f645b",
      "dc:contributor": [
        "https://api.deepl.com/v2/translate"
      ],
      "rdf:language": [
        "en"
      ],
      "rdf:predicate": [
        {
          "@id": "rdfs:comment"
        }
      ]
    },
    {
      "@id": "https://data.datatourisme.fr/a6be1bbf-e628-3a93-bff0-5e2c9d4bf7ea",
      "dc:contributor": [
        "https://api.deepl.com/v2/translate"
      ],
      "rdf:language": [
        "nl"
      ],
      "rdf:predicate": [
        {
          "@id": "rdfs:comment"
        }
      ]
    },
    {
      "@id": "https://data.datatourisme.fr/a8693021-1eea-3e19-872d-1bdabea68ba0",
      "dc:contributor": [
        "https://api.deepl.com/v2/translate"
      ],
      "rdf:language": [
        "es"
      ],
      "rdf:predicate": [
        {
          "@id": "rdfs:comment"
        }
      ]
    }
  ],
  "isLocatedAt": [
    {
      "@id": "https://data.datatourisme.fr/da303641-c984-3e7c-b491-89728975cb4b",
      "schema:address": [
        {
          "@id": "https://data.datatourisme.fr/a8418c85-301e-3620-acf8-11bcf598c69c",
          "schema:addressLocality": "Paris 6e Arrondissement",
          "schema:postalCode": "75006",
          "schema:streetAddress": [
            "avenue de l'Observatoire"
          ],
          "@type": [
            "schema:PostalAddress",
            "PostalAddress"
          ],
          "hasAddressCity": {
            "@id": "kb:75106",
            "@type": [
              "City"
            ],
            "rdfs:label": {
              "de": [
                "Paris 6e Arrondissement"
              ],
              "pt": [
                "Paris 6e Arrondissement"
              ],
              "en": [
                "Paris 6e Arrondissement"
              ],
              "it": [
                "Paris 6e Arrondissement"
              ],
              "fr": [
                "Paris 6e Arrondissement"
              ],
              "nl": [
                "Paris 6e Arrondissement"
              ],
              "es": [
                "Paris 6e Arrondissement"
              ]
            },
            "insee": "75106",
            "isPartOfDepartment": {
              "@id": "kb:France1175",
              "@type": [
                "Department"
              ],
              "rdfs:label": {
                "de": [
                  "Paris"
                ],
                "pt": [
                  "Paris"
                ],
                "en": [
                  "Paris"
                ],
                "it": [
                  "Paris"
                ],
                "fr": [
                  "Paris"
                ],
                "nl": [
                  "Paris"
                ],
                "es": [
                  "Paris"
                ]
              },
              "insee": "75",
              "isPartOfRegion": {
                "@id": "kb:France11",
                "@type": [
                  "Region"
                ],
                "rdfs:label": {
                  "de": [
                    "Île-de-France"
                  ],
                  "pt": [
                    "Île-de-France"
                  ],
                  "en": [
                    "Île-de-France"
                  ],
                  "it": [
                    "Île-de-France"
                  ],
                  "fr": [
                    "Île-de-France"
                  ],
                  "nl": [
                    "Île-de-France"
                  ],
                  "es": [
                    "Île-de-France"
                  ]
                },
                "insee": "11",
                "isPartOfCountry": {
                  "@id": "kb:France",
                  "@type": [
                    "schema:Country"
                  ],
                  "rdfs:label": {
                    "de": [
                      "France",
                      "Frankreich"
                    ],
                    "pt": [
                      "França",
                      "France"
                    ],
                    "en": [
                      "France"
                    ],
                    "it": [
                      "France",
                      "Francia"
                    ],
                    "fr": [
                      "France"
                    ],
                    "nl": [
                      "France",
                      "Frankrijk"
                    ],
                    "es": [
                      "France",
                      "Francia"
                    ]
                  }
                }
              }
            }
          }
        }
      ],
      "schema:geo": {
        "@id": "https://data.datatourisme.fr/d5ce1257-571a-3b18-91d3-73d816c5dec5",
        "schema:latitude": "48.84293",
        "schema:longitude": "2.336355",
        "@type": [
          "schema:GeoCoordinates"
        ]
      },
      "schema:openingHoursSpecification": [
        {
          "@id": "https://data.datatourisme.fr/25888a00-2711-31b0-8a97-01aca513caa7",
          "schema:validFrom": "2023-05-01T00:00:00",
          "schema:validThrough": "2023-10-30T23:59:59",
          "@type": [
            "schema:OpeningHoursSpecification"
          ],
          "additionalInformation": {
            "de": [
              "Von 8:00 bis 20:30 Uhr unter der Woche und von 9:00 bis 20:30 Uhr am Wochenende."
            ],
            "en": [
              "From 8am to 8.30pm during the week and from 9am to 8.30pm on weekends."
            ],
            "it": [
              "Dalle 8.00 alle 20.30 nei giorni feriali e dalle 9.00 alle 20.30 nei fine settimana."
            ],
            "fr": [
              "De 8h à 20h30 en semaine et de 9h à 20h30 le week-end."
            ],
            "nl": [
              "Van 8.00 tot 20.30 uur op weekdagen en van 9.00 tot 20.30 uur in het weekend."
            ],
            "es": [
              "De 8 a 20.30 horas entre semana y de 9 a 20.30 horas los fines de semana."
            ]
          },
          "hasTranslatedProperty": [
            {
              "@id": "https://data.datatourisme.fr/0841ea8b-16e8-3801-b1eb-a9803ee7ee53",
              "dc:contributor": [
                "https://api.deepl.com/v2/translate"
              ],
              "rdf:language": [
                "en"
              ],
              "rdf:predicate": [
                "additionalInformation"
              ]
            },
            {
              "@id": "https://data.datatourisme.fr/7f1c9aeb-654f-351a-b258-62ca295c3240",
              "dc:contributor": [
                "https://api.deepl.com/v2/translate"
              ],
              "rdf:language": [
                "es"
              ],
              "rdf:predicate": [
                "additionalInformation"
              ]
            },
            {
              "@id": "https://data.datatourisme.fr/ec3cff92-1c85-3611-940e-a1fa2225ab17",
              "dc:contributor": [
                "https://api.deepl.com/v2/translate"
              ],
              "rdf:language": [
                "de"
              ],
              "rdf:predicate": [
                "additionalInformation"
              ]
            },
            {
              "@id": "https://data.datatourisme.fr/f2e73d08-a5b5-3588-9cb3-2a3f78da51a8",
              "dc:contributor": [
                "https://api.deepl.com/v2/translate"
              ],
              "rdf:language": [
                "nl"
              ],
              "rdf:predicate": [
                "additionalInformation"
              ]
            },
            {
              "@id": "https://data.datatourisme.fr/f437bed0-595d-34ab-8343-6706799866db",
              "dc:contributor": [
                "https://api.deepl.com/v2/translate"
              ],
              "rdf:language": [
                "it"
              ],
              "rdf:predicate": [
                "additionalInformation"
              ]
            }
          ]
        },
        {
          "@id": "https://data.datatourisme.fr/ae821259-b42e-34bc-af23-04fc219a924d",
          "schema:validFrom": "2023-03-27T00:00:00",
          "schema:validThrough": "2023-04-30T23:59:59",
          "@type": [
            "schema:OpeningHoursSpecification"
          ],
          "additionalInformation": {
            "de": [
              "Von 8:00 bis 20:30 Uhr unter der Woche und von 9:00 bis 20:30 Uhr am Wochenende."
            ],
            "en": [
              "From 8am to 8.30pm during the week and from 9am to 8.30pm on weekends."
            ],
            "it": [
              "Dalle 8.00 alle 20.30 nei giorni feriali e dalle 9.00 alle 20.30 nei fine settimana."
            ],
            "fr": [
              "De 8h à 20h30 en semaine et de 9h à 20h30 le week-end."
            ],
            "nl": [
              "Van 8.00 tot 20.30 uur op weekdagen en van 9.00 tot 20.30 uur in het weekend."
            ],
            "es": [
              "De 8 a 20.30 horas entre semana y de 9 a 20.30 horas los fines de semana."
            ]
          },
          "hasTranslatedProperty": [
            {
              "@id": "https://data.datatourisme.fr/6a9e8d2d-1dcd-3b5a-9592-ddd7077d30fa",
              "dc:contributor": [
                "https://api.deepl.com/v2/translate"
              ],
              "rdf:language": [
                "en"
              ],
              "rdf:predicate": [
                "additionalInformation"
              ]
            },
            {
              "@id": "https://data.datatourisme.fr/be0c64e7-94bc-3c9c-8b7a-9c725d2c506b",
              "dc:contributor": [
                "https://api.deepl.com/v2/translate"
              ],
              "rdf:language": [
                "nl"
              ],
              "rdf:predicate": [
                "additionalInformation"
              ]
            },
            {
              "@id": "https://data.datatourisme.fr/c4e66348-02f8-3ba6-8291-155a99eefe2f",
              "dc:contributor": [
                "https://api.deepl.com/v2/translate"
              ],
              "rdf:language": [
                "es"
              ],
              "rdf:predicate": [
                "additionalInformation"
              ]
            },
            {
              "@id": "https://data.datatourisme.fr/d42a98a6-4ad6-3b61-9eed-750de437bdcc",
              "dc:contributor": [
                "https://api.deepl.com/v2/translate"
              ],
              "rdf:language": [
                "de"
              ],
              "rdf:predicate": [
                "additionalInformation"
              ]
            },
            {
              "@id": "https://data.datatourisme.fr/dfb87ddf-b140-3f29-8c45-76832a7ba417",
              "dc:contributor": [
                "https://api.deepl.com/v2/translate"
              ],
              "rdf:language": [
                "it"
              ],
              "rdf:predicate": [
                "additionalInformation"
              ]
            }
          ]
        }
      ],
      "@type": [
        "schema:Place",
        "Place"
      ]
    }
  ],
  "isOwnedBy": [
    {
      "@id": "https://data.datatourisme.fr/26ecd6f0-563c-356a-b0f9-ad3ec17effc4",
      "schema:email": [
        "bgeigle@visitparisregion.com",
        "hcaldo@visitparisregion.com",
        "mtanaskovic@visitparisregion.com"
      ],
      "schema:legalName": "Comité Régional du Tourisme Paris Ile de France",
      "@type": [
        "schema:Organization",
        "foaf:Agent",
        "Agent"
      ],
      "foaf:homepage": [
        "http://www.visitparisregion.com/"
      ]
    }
  ],
  "lastUpdate": "2020-09-28",
  "lastUpdateDatatourisme": "2023-10-02T05:53:31.66Z"
}