{
  "@id": "https://data.datatourisme.fr/13/90e448e6-7c00-3201-8cf3-30f13dddeb39",
  "dc:identifier": "6382957",
  "@type": [
    "olo:OrderedList",
    "CyclingTour",
    "PlaceOfInterest",
    "PointOfInterest",
    "SportsAndLeisurePlace",
    "Tour"
  ],
  "rdfs:comment": {
    "de": [
      "Die beiden charaktervollen Dörfer Saint-Montan mit seinen warmen Steinen und Alba-La-Romaine mit seinen schwarzen Steinen bilden einen starken Kontrast. Entdecken Sie zwischen Weinbergen und Lavendelfeldern das wunderschöne, bukolische Nègue-Tal."
    ],
    "en": [
      "Striking contrast of these two villages of character of Saint-Montan and its warm stones and Alba-La-Romaine with its black stones. Between vineyards and lavender fields, discover the magnificent and bucolic valley of the Nègue."
    ],
    "it": [
      "Un contrasto sorprendente tra questi due villaggi di carattere, Saint-Montan con le sue pietre calde e Alba-La-Romaine con le sue pietre nere. Tra vigneti e campi di lavanda, scoprite la magnifica e bucolica valle della Nègue."
    ],
    "fr": [
      "Contraste saisissant de ces deux villages de caractère de Saint-Montan et ses pierres chaudes et Alba-La-Romaine avec ses pierres noires. Entre parcelles de vignes et de lavandes partez à la découverte de la magnifique et bucolique vallée de la Nègue."
    ],
    "es": [
      "Un contraste sorprendente entre estos dos pueblos de carácter, Saint-Montan con sus piedras cálidas y Alba-La-Romaine con sus piedras negras. Entre viñedos y campos de lavanda, descubra el magnífico y bucólico valle del Nègue."
    ],
    "nl": [
      "Een opvallend contrast tussen deze twee karaktervolle dorpen, Saint-Montan met zijn warme stenen en Alba-La-Romaine met zijn zwarte stenen. Ontdek tussen wijngaarden en lavendelvelden de prachtige en bucolische vallei van de Nègue."
    ]
  },
  "rdfs:label": {
    "fr": [
      "Entre Vignes et Vallons"
    ]
  },
  "hasBeenCreatedBy": {
    "@id": "https://data.datatourisme.fr/13/26657d5f-f902-3d2a-befe-558796b99584",
    "dc:identifier": "96",
    "schema:email": [
      "ncharra@ardeche-guide.com"
    ],
    "schema:legalName": "Agence de Développement Touristique de l'Ardèche",
    "@type": [
      "schema:Organization",
      "foaf:Agent",
      "Agent"
    ],
    "foaf:homepage": [
      "https://www.ardeche-guide.com/"
    ]
  },
  "hasBeenPublishedBy": [
    {
      "@id": "https://data.datatourisme.fr/dbca899d-3f22-364b-b99d-40af1e917c58",
      "schema:legalName": "Agence de Développement Touristique de l'Ardèche - source : Apidae Tourisme",
      "@type": [
        "schema:Organization",
        "foaf:Agent",
        "Agent"
      ],
      "foaf:homepage": [
        "https://www.apidae-tourisme.com/"
      ]
    }
  ],
  "hasContact": [
    {
      "@id": "https://data.datatourisme.fr/3030385e-9779-3e7c-8411-0d536647b86b",
      "@type": [
        "foaf:Agent",
        "Agent"
      ],
      "foaf:homepage": [
        "https://www.ardeche-guide.com/experiences-emerveillantes/l-ardeche-velo"
      ]
    }
  ],
  "hasDescription": [
    {
      "@id": "https://data.datatourisme.fr/e233ef88-948d-3987-bd5e-d2cea89b5b62",
      "@type": [
        "Description"
      ],
      "hasTranslatedProperty": [
        {
          "@id": "https://data.datatourisme.fr/20a6ab3d-54cb-3994-8f85-502dd6ae8454",
          "dc:contributor": [
            "https://api.deepl.com/v2/translate"
          ],
          "rdf:language": [
            "es"
          ],
          "rdf:predicate": [
            "shortDescription"
          ]
        },
        {
          "@id": "https://data.datatourisme.fr/6bd1c8ff-f9b7-313e-b3c9-1b5d147e00bf",
          "dc:contributor": [
            "https://api.deepl.com/v2/translate"
          ],
          "rdf:language": [
            "it"
          ],
          "rdf:predicate": [
            "shortDescription"
          ]
        },
        {
          "@id": "https://data.datatourisme.fr/a6e25eb2-089b-34b1-984d-029dad40af4f",
          "dc:contributor": [
            "https://api.deepl.com/v2/translate"
          ],
          "rdf:language": [
            "en"
          ],
          "rdf:predicate": [
            "shortDescription"
          ]
        },
        {
          "@id": "https://data.datatourisme.fr/deab6a68-8862-39b1-b2c8-871b9ce1c746",
          "dc:contributor": [
            "https://api.deepl.com/v2/translate"
          ],
          "rdf:language": [
            "de"
          ],
          "rdf:predicate": [
            "shortDescription"
          ]
        },
        {
          "@id": "https://data.datatourisme.fr/e156b0ec-85a9-3c2a-8287-5397f75858c6",
          "dc:contributor": [
            "https://api.deepl.com/v2/translate"
          ],
          "rdf:language": [
            "nl"
          ],
          "rdf:predicate": [
            "shortDescription"
          ]
        }
      ],
      "shortDescription": {
        "de": [
          "Die beiden charaktervollen Dörfer Saint-Montan mit seinen warmen Steinen und Alba-La-Romaine mit seinen schwarzen Steinen bilden einen starken Kontrast. Entdecken Sie zwischen Weinbergen und Lavendelfeldern das wunderschöne, bukolische Nègue-Tal."
        ],
        "en": [
          "Striking contrast of these two villages of character of Saint-Montan and its warm stones and Alba-La-Romaine with its black stones. Between vineyards and lavender fields, discover the magnificent and bucolic valley of the Nègue."
        ],
        "it": [
          "Un contrasto sorprendente tra questi due villaggi di carattere, Saint-Montan con le sue pietre calde e Alba-La-Romaine con le sue pietre nere. Tra vigneti e campi di lavanda, scoprite la magnifica e bucolica valle della Nègue."
        ],
        "fr": [
          "Contraste saisissant de ces deux villages de caractère de Saint-Montan et ses pierres chaudes et Alba-La-Romaine avec ses pierres noires. Entre parcelles de vignes et de lavandes partez à la découverte de la magnifique et bucolique vallée de la Nègue."
        ],
        "es": [
          "Un contraste sorprendente entre estos dos pueblos de carácter, Saint-Montan con sus piedras cálidas y Alba-La-Romaine con sus piedras negras. Entre viñedos y campos de lavanda, descubra el magnífico y bucólico valle del Nègue."
        ],
        "nl": [
          "Een opvallend contrast tussen deze twee karaktervolle dorpen, Saint-Montan met zijn warme stenen en Alba-La-Romaine met zijn zwarte stenen. Ontdek tussen wijngaarden en lavendelvelden de prachtige en bucolische vallei van de Nègue."
        ]
      }
    }
  ],
  "hasTheme": [
    {
      "@id": "kb:Bike",
      "@type": [
        "SportsTheme"
      ],
      "rdfs:label": {
        "de": [
          "Fahrrad"
        ],
        "pt": [
          "Bicicleta"
        ],
        "en": [
          "Bike"
        ],
        "it": [
          "Bicicletta"
        ],
        "fr": [
          "Vélo"
        ],
        "nl": [
          "Fiets"
        ],
        "es": [
          "Bicicleta"
        ]
      }
    },
    {
      "@id": "kb:ElectricallyAssistedBicycle",
      "@type": [
        "SportsTheme"
      ],
      "rdfs:label": {
        "de": [
          "Ladestation für Elektrofahrräder"
        ],
        "pt": [
          "Bicicleta elétrica"
        ],
        "en": [
          "Electrically assisted bicycle"
        ],
        "it": [
          "Bicicletta a pedalata assistita"
        ],
        "fr": [
          "Vélo à assistance électrique, VAE"
        ],
        "nl": [
          "Elektrische fiets"
        ],
        "es": [
          "Bicicleta eléctrica, VAE"
        ]
      }
    }
  ],
  "hasTranslatedProperty": [
    {
      "@id": "https://data.datatourisme.fr/0c68151c-d2aa-3b70-83dd-c20fa9f160da",
      "dc:contributor": [
        "https://api.deepl.com/v2/translate"
      ],
      "rdf:language": [
        "de"
      ],
      "rdf:predicate": [
        {
          "@id": "rdfs:comment"
        }
      ]
    },
    {
      "@id": "https://data.datatourisme.fr/40bdea7d-f6ea-3ad5-8121-1393d5ecfb54",
      "dc:contributor": [
        "https://api.deepl.com/v2/translate"
      ],
      "rdf:language": [
        "es"
      ],
      "rdf:predicate": [
        {
          "@id": "rdfs:comment"
        }
      ]
    },
    {
      "@id": "https://data.datatourisme.fr/5a532a05-4e4e-345d-a610-183f88e6be5f",
      "dc:contributor": [
        "https://api.deepl.com/v2/translate"
      ],
      "rdf:language": [
        "en"
      ],
      "rdf:predicate": [
        {
          "@id": "rdfs:comment"
        }
      ]
    },
    {
      "@id": "https://data.datatourisme.fr/625efdd0-323a-33bf-90e9-5d26dba021c6",
      "dc:contributor": [
        "https://api.deepl.com/v2/translate"
      ],
      "rdf:language": [
        "it"
      ],
      "rdf:predicate": [
        {
          "@id": "rdfs:comment"
        }
      ]
    },
    {
      "@id": "https://data.datatourisme.fr/8fdc7b05-d849-3bf3-a3bc-17fb02c6440f",
      "dc:contributor": [
        "https://api.deepl.com/v2/translate"
      ],
      "rdf:language": [
        "nl"
      ],
      "rdf:predicate": [
        {
          "@id": "rdfs:comment"
        }
      ]
    }
  ],
  "isLocatedAt": [
    {
      "@id": "https://data.datatourisme.fr/44714b7a-006d-341f-ad79-6cb374520d05",
      "schema:address": [
        {
          "@id": "https://data.datatourisme.fr/6c044bd0-17ad-3de5-91d1-fbe2b492995f",
          "schema:addressLocality": "Saint-Montan",
          "schema:postalCode": "07220",
          "schema:streetAddress": [
            "25 place Olivier de Serres"
          ],
          "@type": [
            "schema:PostalAddress",
            "PostalAddress"
          ],
          "hasAddressCity": {
            "@id": "kb:07279",
            "@type": [
              "City"
            ],
            "rdfs:label": {
              "de": [
                "Saint-Montan"
              ],
              "pt": [
                "Saint-Montan"
              ],
              "en": [
                "Saint-Montan"
              ],
              "it": [
                "Saint-Montan"
              ],
              "fr": [
                "Saint-Montan"
              ],
              "nl": [
                "Saint-Montan"
              ],
              "es": [
                "Saint-Montan"
              ]
            },
            "insee": "07279",
            "isPartOfDepartment": {
              "@id": "kb:France8407",
              "@type": [
                "Department"
              ],
              "rdfs:label": {
                "de": [
                  "Ardèche"
                ],
                "pt": [
                  "Ardèche"
                ],
                "en": [
                  "Ardèche"
                ],
                "it": [
                  "Ardèche"
                ],
                "fr": [
                  "Ardèche"
                ],
                "nl": [
                  "Ardèche"
                ],
                "es": [
                  "Ardèche"
                ]
              },
              "insee": "07",
              "isPartOfRegion": {
                "@id": "kb:France84",
                "@type": [
                  "Region"
                ],
                "rdfs:label": {
                  "de": [
                    "Auvergne-Rhône-Alpes"
                  ],
                  "pt": [
                    "Auvergne-Rhône-Alpes"
                  ],
                  "en": [
                    "Auvergne-Rhône-Alpes"
                  ],
                  "it": [
                    "Auvergne-Rhône-Alpes"
                  ],
                  "fr": [
                    "Auvergne-Rhône-Alpes"
                  ],
                  "nl": [
                    "Auvergne-Rhône-Alpes"
                  ],
                  "es": [
                    "Auvergne-Rhône-Alpes"
                  ]
                },
                "insee": "84",
                "isPartOfCountry": {
                  "@id": "kb:France",
                  "@type": [
                    "schema:Country"
                  ],
                  "rdfs:label": {
                    "de": [
                      "France",
                      "Frankreich"
                    ],
                    "pt": [
                      "França",
                      "France"
                    ],
                    "en": [
                      "France"
                    ],
                    "it": [
                      "France",
                      "Francia"
                    ],
                    "fr": [
                      "France"
                    ],
                    "nl": [
                      "France",
                      "Frankrijk"
                    ],
                    "es": [
                      "France",
                      "Francia"
                    ]
                  }
                }
              }
            }
          }
        }
      ],
      "schema:geo": {
        "@id": "https://data.datatourisme.fr/1e666d94-001b-3750-a121-6fdf0434c2f3",
        "schema:elevation": "115",
        "schema:latitude": "44.438773",
        "schema:longitude": "4.625291",
        "@type": [
          "schema:GeoCoordinates"
        ]
      },
      "schema:openingHoursSpecification": [
        {
          "@id": "https://data.datatourisme.fr/f87e535a-636d-3343-ad63-8a03392e7511",
          "schema:validFrom": "2023-01-01T00:00:00",
          "schema:validThrough": "2023-12-31T23:59:59",
          "@type": [
            "schema:OpeningHoursSpecification"
          ]
        }
      ],
      "@type": [
        "schema:Place",
        "Place"
      ]
    }
  ],
  "isOwnedBy": [
    {
      "@id": "https://data.datatourisme.fr/6ef576cd-2c5c-33d6-b250-09b105230dfc",
      "schema:email": [
        "ncharra@ardeche-guide.com"
      ],
      "schema:legalName": "Agence de Développement Touristique de l'Ardèche",
      "@type": [
        "schema:Organization",
        "foaf:Agent",
        "Agent"
      ],
      "foaf:homepage": [
        "https://www.ardeche-guide.com/"
      ]
    }
  ],
  "lastUpdate": "2023-09-15",
  "lastUpdateDatatourisme": "2023-09-16T05:52:56.005Z"
}